<?xml version="1.0" encoding="UTF-8"?>
<gpx creator="StravaGPX" version="1.1" xmlns="http://www.topografix.com/GPX/1/1" xmlns:xsi="http://www.w3.org/2001/XMLSchema-instance" xsi:schemaLocation="http://www.topografix.com/GPX/1/1 http://www.topografix.com/GPX/1/1/gpx.xsd">
 <trk>
  <name>Cycling</name>
  <type>cycling</type>
  <trkseg>
   <trkpt lat="38.9737280" lon="-121.0682220">
    <ele>521.8</ele>
   </trkpt>
   <trkpt lat="38.9736670" lon="-121.0681760">
    <ele>521.8</ele>
   </trkpt>
   <trkpt lat="38.9736140" lon="-121.0681150">
    <ele>522.0</ele>
   </trkpt>
   <trkpt lat="38.9735640" lon="-121.0680470">
    <ele>522.2</ele>
   </trkpt>
   <trkpt lat="38.9735220" lon="-121.0679850">
    <ele>522.6</ele>
   </trkpt>
   <trkpt lat="38.9734880" lon="-121.0679170">
    <ele>523.0</ele>
   </trkpt>
   <trkpt lat="38.9734730" lon="-121.0678480">
    <ele>523.4</ele>
   </trkpt>
   <trkpt lat="38.9734690" lon="-121.0677800">
    <ele>524.0</ele>
   </trkpt>
   <trkpt lat="38.9734690" lon="-121.0677180">
    <ele>524.4</ele>
   </trkpt>
   <trkpt lat="38.9734730" lon="-121.0676570">
    <ele>524.8</ele>
   </trkpt>
   <trkpt lat="38.9734760" lon="-121.0675960">
    <ele>525.2</ele>
   </trkpt>
   <trkpt lat="38.9734800" lon="-121.0675430">
    <ele>525.6</ele>
   </trkpt>
   <trkpt lat="38.9734880" lon="-121.0674820">
    <ele>526.0</ele>
   </trkpt>
   <trkpt lat="38.9734990" lon="-121.0674210">
    <ele>526.4</ele>
   </trkpt>
   <trkpt lat="38.9735150" lon="-121.0673680">
    <ele>526.8</ele>
   </trkpt>
   <trkpt lat="38.9735260" lon="-121.0673140">
    <ele>527.2</ele>
   </trkpt>
   <trkpt lat="38.9735410" lon="-121.0672610">
    <ele>527.6</ele>
   </trkpt>
   <trkpt lat="38.9735560" lon="-121.0672070">
    <ele>528.0</ele>
   </trkpt>
   <trkpt lat="38.9735720" lon="-121.0671540">
    <ele>528.2</ele>
   </trkpt>
   <trkpt lat="38.9735870" lon="-121.0671080">
    <ele>528.6</ele>
   </trkpt>
   <trkpt lat="38.9736020" lon="-121.0670550">
    <ele>529.0</ele>
   </trkpt>
   <trkpt lat="38.9736250" lon="-121.0670010">
    <ele>529.2</ele>
   </trkpt>
   <trkpt lat="38.9736480" lon="-121.0669630">
    <ele>529.4</ele>
   </trkpt>
   <trkpt lat="38.9736750" lon="-121.0669170">
    <ele>529.6</ele>
   </trkpt>
   <trkpt lat="38.9737010" lon="-121.0668720">
    <ele>529.8</ele>
   </trkpt>
   <trkpt lat="38.9737360" lon="-121.0668260">
    <ele>530.0</ele>
   </trkpt>
   <trkpt lat="38.9737740" lon="-121.0667800">
    <ele>530.0</ele>
   </trkpt>
   <trkpt lat="38.9738120" lon="-121.0667340">
    <ele>530.0</ele>
   </trkpt>
   <trkpt lat="38.9738580" lon="-121.0666890">
    <ele>530.0</ele>
   </trkpt>
   <trkpt lat="38.9739070" lon="-121.0666430">
    <ele>529.8</ele>
   </trkpt>
   <trkpt lat="38.9739570" lon="-121.0665890">
    <ele>529.6</ele>
   </trkpt>
   <trkpt lat="38.9740100" lon="-121.0665280">
    <ele>529.2</ele>
   </trkpt>
   <trkpt lat="38.9740600" lon="-121.0664600">
    <ele>528.8</ele>
   </trkpt>
   <trkpt lat="38.9741020" lon="-121.0663830">
    <ele>528.2</ele>
   </trkpt>
   <trkpt lat="38.9741440" lon="-121.0662990">
    <ele>527.8</ele>
   </trkpt>
   <trkpt lat="38.9741710" lon="-121.0662080">
    <ele>527.4</ele>
   </trkpt>
   <trkpt lat="38.9741780" lon="-121.0661010">
    <ele>527.0</ele>
   </trkpt>
   <trkpt lat="38.9741550" lon="-121.0660090">
    <ele>526.6</ele>
   </trkpt>
   <trkpt lat="38.9741210" lon="-121.0659260">
    <ele>526.4</ele>
   </trkpt>
   <trkpt lat="38.9740790" lon="-121.0658340">
    <ele>526.2</ele>
   </trkpt>
   <trkpt lat="38.9740410" lon="-121.0657420">
    <ele>526.0</ele>
   </trkpt>
   <trkpt lat="38.9739990" lon="-121.0656590">
    <ele>526.0</ele>
   </trkpt>
   <trkpt lat="38.9739570" lon="-121.0655670">
    <ele>525.8</ele>
   </trkpt>
   <trkpt lat="38.9739150" lon="-121.0654750">
    <ele>525.4</ele>
   </trkpt>
   <trkpt lat="38.9738690" lon="-121.0653840">
    <ele>525.2</ele>
   </trkpt>
   <trkpt lat="38.9738240" lon="-121.0652850">
    <ele>525.0</ele>
   </trkpt>
   <trkpt lat="38.9737780" lon="-121.0651930">
    <ele>524.6</ele>
   </trkpt>
   <trkpt lat="38.9737240" lon="-121.0650940">
    <ele>524.2</ele>
   </trkpt>
   <trkpt lat="38.9736630" lon="-121.0649870">
    <ele>523.2</ele>
   </trkpt>
   <trkpt lat="38.9735980" lon="-121.0648730">
    <ele>522.4</ele>
   </trkpt>
   <trkpt lat="38.9735300" lon="-121.0647510">
    <ele>521.2</ele>
   </trkpt>
   <trkpt lat="38.9734540" lon="-121.0646290">
    <ele>519.6</ele>
   </trkpt>
   <trkpt lat="38.9733730" lon="-121.0645060">
    <ele>517.8</ele>
   </trkpt>
   <trkpt lat="38.9732890" lon="-121.0643840">
    <ele>515.8</ele>
   </trkpt>
   <trkpt lat="38.9731980" lon="-121.0642550">
    <ele>514.0</ele>
   </trkpt>
   <trkpt lat="38.9731060" lon="-121.0641250">
    <ele>512.2</ele>
   </trkpt>
   <trkpt lat="38.9730070" lon="-121.0639880">
    <ele>510.4</ele>
   </trkpt>
   <trkpt lat="38.9729000" lon="-121.0638580">
    <ele>508.6</ele>
   </trkpt>
   <trkpt lat="38.9727970" lon="-121.0637360">
    <ele>507.2</ele>
   </trkpt>
   <trkpt lat="38.9726830" lon="-121.0636140">
    <ele>506.2</ele>
   </trkpt>
   <trkpt lat="38.9725680" lon="-121.0635150">
    <ele>505.4</ele>
   </trkpt>
   <trkpt lat="38.9724540" lon="-121.0634310">
    <ele>505.0</ele>
   </trkpt>
   <trkpt lat="38.9723430" lon="-121.0633470">
    <ele>504.8</ele>
   </trkpt>
   <trkpt lat="38.9722330" lon="-121.0632630">
    <ele>504.6</ele>
   </trkpt>
   <trkpt lat="38.9721260" lon="-121.0631790">
    <ele>504.2</ele>
   </trkpt>
   <trkpt lat="38.9720230" lon="-121.0630950">
    <ele>503.8</ele>
   </trkpt>
   <trkpt lat="38.9719200" lon="-121.0630110">
    <ele>503.6</ele>
   </trkpt>
   <trkpt lat="38.9718280" lon="-121.0629200">
    <ele>503.2</ele>
   </trkpt>
   <trkpt lat="38.9717410" lon="-121.0628360">
    <ele>502.6</ele>
   </trkpt>
   <trkpt lat="38.9716530" lon="-121.0627290">
    <ele>501.8</ele>
   </trkpt>
   <trkpt lat="38.9715690" lon="-121.0626140">
    <ele>501.0</ele>
   </trkpt>
   <trkpt lat="38.9715000" lon="-121.0624850">
    <ele>500.2</ele>
   </trkpt>
   <trkpt lat="38.9714550" lon="-121.0623320">
    <ele>499.4</ele>
   </trkpt>
   <trkpt lat="38.9714430" lon="-121.0621870">
    <ele>499.2</ele>
   </trkpt>
   <trkpt lat="38.9714510" lon="-121.0620500">
    <ele>499.0</ele>
   </trkpt>
   <trkpt lat="38.9714700" lon="-121.0619130">
    <ele>498.8</ele>
   </trkpt>
   <trkpt lat="38.9714930" lon="-121.0617900">
    <ele>498.8</ele>
   </trkpt>
   <trkpt lat="38.9715190" lon="-121.0616680">
    <ele>499.2</ele>
   </trkpt>
   <trkpt lat="38.9715420" lon="-121.0615540">
    <ele>499.4</ele>
   </trkpt>
   <trkpt lat="38.9715610" lon="-121.0614470">
    <ele>499.8</ele>
   </trkpt>
   <trkpt lat="38.9715810" lon="-121.0613400">
    <ele>500.0</ele>
   </trkpt>
   <trkpt lat="38.9716000" lon="-121.0612410">
    <ele>500.4</ele>
   </trkpt>
   <trkpt lat="38.9716150" lon="-121.0611500">
    <ele>500.8</ele>
   </trkpt>
   <trkpt lat="38.9716260" lon="-121.0610500">
    <ele>501.2</ele>
   </trkpt>
   <trkpt lat="38.9716420" lon="-121.0609590">
    <ele>501.6</ele>
   </trkpt>
   <trkpt lat="38.9716530" lon="-121.0608900">
    <ele>501.8</ele>
   </trkpt>
   <trkpt lat="38.9716640" lon="-121.0608060">
    <ele>502.2</ele>
   </trkpt>
   <trkpt lat="38.9716760" lon="-121.0607300">
    <ele>502.6</ele>
   </trkpt>
   <trkpt lat="38.9716870" lon="-121.0606610">
    <ele>503.2</ele>
   </trkpt>
   <trkpt lat="38.9716990" lon="-121.0605930">
    <ele>503.6</ele>
   </trkpt>
   <trkpt lat="38.9717060" lon="-121.0605320">
    <ele>504.0</ele>
   </trkpt>
   <trkpt lat="38.9717140" lon="-121.0604710">
    <ele>504.4</ele>
   </trkpt>
   <trkpt lat="38.9717220" lon="-121.0604020">
    <ele>504.8</ele>
   </trkpt>
   <trkpt lat="38.9717330" lon="-121.0603330">
    <ele>505.2</ele>
   </trkpt>
   <trkpt lat="38.9717450" lon="-121.0602800">
    <ele>505.4</ele>
   </trkpt>
   <trkpt lat="38.9717520" lon="-121.0602190">
    <ele>505.8</ele>
   </trkpt>
   <trkpt lat="38.9717640" lon="-121.0601500">
    <ele>506.2</ele>
   </trkpt>
   <trkpt lat="38.9717710" lon="-121.0600890">
    <ele>506.4</ele>
   </trkpt>
   <trkpt lat="38.9717790" lon="-121.0600280">
    <ele>506.6</ele>
   </trkpt>
   <trkpt lat="38.9717860" lon="-121.0599520">
    <ele>506.8</ele>
   </trkpt>
   <trkpt lat="38.9717940" lon="-121.0598910">
    <ele>507.0</ele>
   </trkpt>
   <trkpt lat="38.9718020" lon="-121.0598300">
    <ele>507.0</ele>
   </trkpt>
   <trkpt lat="38.9718130" lon="-121.0597610">
    <ele>507.2</ele>
   </trkpt>
   <trkpt lat="38.9718250" lon="-121.0596920">
    <ele>507.4</ele>
   </trkpt>
   <trkpt lat="38.9718360" lon="-121.0596240">
    <ele>507.6</ele>
   </trkpt>
   <trkpt lat="38.9718440" lon="-121.0595550">
    <ele>508.0</ele>
   </trkpt>
   <trkpt lat="38.9718510" lon="-121.0594860">
    <ele>508.2</ele>
   </trkpt>
   <trkpt lat="38.9718630" lon="-121.0594180">
    <ele>508.4</ele>
   </trkpt>
   <trkpt lat="38.9718740" lon="-121.0593490">
    <ele>508.6</ele>
   </trkpt>
   <trkpt lat="38.9718890" lon="-121.0592880">
    <ele>508.8</ele>
   </trkpt>
   <trkpt lat="38.9719050" lon="-121.0592120">
    <ele>508.8</ele>
   </trkpt>
   <trkpt lat="38.9719120" lon="-121.0591430">
    <ele>509.0</ele>
   </trkpt>
   <trkpt lat="38.9719240" lon="-121.0590740">
    <ele>509.2</ele>
   </trkpt>
   <trkpt lat="38.9719350" lon="-121.0590060">
    <ele>509.2</ele>
   </trkpt>
   <trkpt lat="38.9719500" lon="-121.0589370">
    <ele>509.4</ele>
   </trkpt>
   <trkpt lat="38.9719700" lon="-121.0588760">
    <ele>509.6</ele>
   </trkpt>
   <trkpt lat="38.9719890" lon="-121.0588070">
    <ele>509.8</ele>
   </trkpt>
   <trkpt lat="38.9720080" lon="-121.0587390">
    <ele>510.0</ele>
   </trkpt>
   <trkpt lat="38.9720270" lon="-121.0586780">
    <ele>510.2</ele>
   </trkpt>
   <trkpt lat="38.9720500" lon="-121.0586240">
    <ele>510.6</ele>
   </trkpt>
   <trkpt lat="38.9720690" lon="-121.0585630">
    <ele>510.8</ele>
   </trkpt>
   <trkpt lat="38.9720880" lon="-121.0585100">
    <ele>511.0</ele>
   </trkpt>
   <trkpt lat="38.9721110" lon="-121.0584560">
    <ele>511.4</ele>
   </trkpt>
   <trkpt lat="38.9721370" lon="-121.0584030">
    <ele>511.6</ele>
   </trkpt>
   <trkpt lat="38.9721640" lon="-121.0583570">
    <ele>511.8</ele>
   </trkpt>
   <trkpt lat="38.9721910" lon="-121.0583040">
    <ele>512.0</ele>
   </trkpt>
   <trkpt lat="38.9722180" lon="-121.0582580">
    <ele>512.2</ele>
   </trkpt>
   <trkpt lat="38.9722440" lon="-121.0582050">
    <ele>512.4</ele>
   </trkpt>
   <trkpt lat="38.9722750" lon="-121.0581590">
    <ele>512.8</ele>
   </trkpt>
   <trkpt lat="38.9723090" lon="-121.0581130">
    <ele>513.0</ele>
   </trkpt>
   <trkpt lat="38.9723400" lon="-121.0580750">
    <ele>513.2</ele>
   </trkpt>
   <trkpt lat="38.9723700" lon="-121.0580290">
    <ele>513.4</ele>
   </trkpt>
   <trkpt lat="38.9724040" lon="-121.0579830">
    <ele>513.8</ele>
   </trkpt>
   <trkpt lat="38.9724430" lon="-121.0579450">
    <ele>514.0</ele>
   </trkpt>
   <trkpt lat="38.9724810" lon="-121.0579070">
    <ele>514.2</ele>
   </trkpt>
   <trkpt lat="38.9725190" lon="-121.0578610">
    <ele>514.4</ele>
   </trkpt>
   <trkpt lat="38.9725530" lon="-121.0578230">
    <ele>514.6</ele>
   </trkpt>
   <trkpt lat="38.9725880" lon="-121.0577930">
    <ele>514.8</ele>
   </trkpt>
   <trkpt lat="38.9726260" lon="-121.0577540">
    <ele>515.0</ele>
   </trkpt>
   <trkpt lat="38.9726600" lon="-121.0577240">
    <ele>515.0</ele>
   </trkpt>
   <trkpt lat="38.9726980" lon="-121.0576860">
    <ele>515.2</ele>
   </trkpt>
   <trkpt lat="38.9727400" lon="-121.0576550">
    <ele>515.4</ele>
   </trkpt>
   <trkpt lat="38.9727820" lon="-121.0576250">
    <ele>515.6</ele>
   </trkpt>
   <trkpt lat="38.9728200" lon="-121.0575870">
    <ele>515.8</ele>
   </trkpt>
   <trkpt lat="38.9728620" lon="-121.0575560">
    <ele>516.0</ele>
   </trkpt>
   <trkpt lat="38.9729040" lon="-121.0575260">
    <ele>516.2</ele>
   </trkpt>
   <trkpt lat="38.9729460" lon="-121.0574870">
    <ele>516.2</ele>
   </trkpt>
   <trkpt lat="38.9729800" lon="-121.0574340">
    <ele>516.2</ele>
   </trkpt>
   <trkpt lat="38.9729920" lon="-121.0573810">
    <ele>516.4</ele>
   </trkpt>
   <trkpt lat="38.9729800" lon="-121.0573200">
    <ele>516.4</ele>
   </trkpt>
   <trkpt lat="38.9729540" lon="-121.0572510">
    <ele>516.4</ele>
   </trkpt>
   <trkpt lat="38.9729230" lon="-121.0571980">
    <ele>516.4</ele>
   </trkpt>
   <trkpt lat="38.9728890" lon="-121.0571440">
    <ele>516.4</ele>
   </trkpt>
   <trkpt lat="38.9728550" lon="-121.0570910">
    <ele>516.6</ele>
   </trkpt>
   <trkpt lat="38.9728160" lon="-121.0570220">
    <ele>516.6</ele>
   </trkpt>
   <trkpt lat="38.9727820" lon="-121.0569610">
    <ele>516.6</ele>
   </trkpt>
   <trkpt lat="38.9727440" lon="-121.0568920">
    <ele>516.6</ele>
   </trkpt>
   <trkpt lat="38.9727130" lon="-121.0568310">
    <ele>516.8</ele>
   </trkpt>
   <trkpt lat="38.9726790" lon="-121.0567780">
    <ele>516.8</ele>
   </trkpt>
   <trkpt lat="38.9726410" lon="-121.0567090">
    <ele>517.0</ele>
   </trkpt>
   <trkpt lat="38.9726030" lon="-121.0566410">
    <ele>517.2</ele>
   </trkpt>
   <trkpt lat="38.9725680" lon="-121.0565800">
    <ele>517.4</ele>
   </trkpt>
   <trkpt lat="38.9725300" lon="-121.0565180">
    <ele>517.6</ele>
   </trkpt>
   <trkpt lat="38.9724920" lon="-121.0564650">
    <ele>517.8</ele>
   </trkpt>
   <trkpt lat="38.9724540" lon="-121.0564270">
    <ele>518.0</ele>
   </trkpt>
   <trkpt lat="38.9724160" lon="-121.0563960">
    <ele>518.4</ele>
   </trkpt>
   <trkpt lat="38.9723820" lon="-121.0563740">
    <ele>518.6</ele>
   </trkpt>
   <trkpt lat="38.9723430" lon="-121.0563510">
    <ele>519.0</ele>
   </trkpt>
   <trkpt lat="38.9723130" lon="-121.0563430">
    <ele>519.4</ele>
   </trkpt>
   <trkpt lat="38.9722860" lon="-121.0563430">
    <ele>519.8</ele>
   </trkpt>
   <trkpt lat="38.9722600" lon="-121.0563430">
    <ele>520.2</ele>
   </trkpt>
   <trkpt lat="38.9722330" lon="-121.0563510">
    <ele>520.8</ele>
   </trkpt>
   <trkpt lat="38.9722060" lon="-121.0563580">
    <ele>521.2</ele>
   </trkpt>
   <trkpt lat="38.9721790" lon="-121.0563660">
    <ele>521.6</ele>
   </trkpt>
   <trkpt lat="38.9721530" lon="-121.0563740">
    <ele>522.0</ele>
   </trkpt>
   <trkpt lat="38.9721260" lon="-121.0563890">
    <ele>522.4</ele>
   </trkpt>
   <trkpt lat="38.9720990" lon="-121.0564040">
    <ele>522.8</ele>
   </trkpt>
   <trkpt lat="38.9720690" lon="-121.0564190">
    <ele>523.0</ele>
   </trkpt>
   <trkpt lat="38.9720420" lon="-121.0564350">
    <ele>523.4</ele>
   </trkpt>
   <trkpt lat="38.9720150" lon="-121.0564570">
    <ele>523.8</ele>
   </trkpt>
   <trkpt lat="38.9719850" lon="-121.0564730">
    <ele>524.2</ele>
   </trkpt>
   <trkpt lat="38.9719580" lon="-121.0564880">
    <ele>524.6</ele>
   </trkpt>
   <trkpt lat="38.9719310" lon="-121.0565030">
    <ele>524.8</ele>
   </trkpt>
   <trkpt lat="38.9719050" lon="-121.0565180">
    <ele>525.2</ele>
   </trkpt>
   <trkpt lat="38.9718780" lon="-121.0565340">
    <ele>525.6</ele>
   </trkpt>
   <trkpt lat="38.9718480" lon="-121.0565570">
    <ele>526.0</ele>
   </trkpt>
   <trkpt lat="38.9718210" lon="-121.0565720">
    <ele>526.2</ele>
   </trkpt>
   <trkpt lat="38.9717940" lon="-121.0565870">
    <ele>526.4</ele>
   </trkpt>
   <trkpt lat="38.9717670" lon="-121.0566020">
    <ele>526.8</ele>
   </trkpt>
   <trkpt lat="38.9717410" lon="-121.0566180">
    <ele>527.0</ele>
   </trkpt>
   <trkpt lat="38.9717140" lon="-121.0566330">
    <ele>527.2</ele>
   </trkpt>
   <trkpt lat="38.9716840" lon="-121.0566410">
    <ele>527.6</ele>
   </trkpt>
   <trkpt lat="38.9716530" lon="-121.0566480">
    <ele>527.8</ele>
   </trkpt>
   <trkpt lat="38.9716220" lon="-121.0566630">
    <ele>528.0</ele>
   </trkpt>
   <trkpt lat="38.9715920" lon="-121.0566630">
    <ele>528.2</ele>
   </trkpt>
   <trkpt lat="38.9715610" lon="-121.0566710">
    <ele>528.6</ele>
   </trkpt>
   <trkpt lat="38.9715310" lon="-121.0566860">
    <ele>528.8</ele>
   </trkpt>
   <trkpt lat="38.9715000" lon="-121.0566940">
    <ele>529.0</ele>
   </trkpt>
   <trkpt lat="38.9714700" lon="-121.0567090">
    <ele>529.2</ele>
   </trkpt>
   <trkpt lat="38.9714360" lon="-121.0567250">
    <ele>529.4</ele>
   </trkpt>
   <trkpt lat="38.9714010" lon="-121.0567400">
    <ele>529.6</ele>
   </trkpt>
   <trkpt lat="38.9713710" lon="-121.0567470">
    <ele>529.8</ele>
   </trkpt>
   <trkpt lat="38.9713360" lon="-121.0567630">
    <ele>530.2</ele>
   </trkpt>
   <trkpt lat="38.9713060" lon="-121.0567780">
    <ele>530.4</ele>
   </trkpt>
   <trkpt lat="38.9712750" lon="-121.0567930">
    <ele>530.6</ele>
   </trkpt>
   <trkpt lat="38.9712490" lon="-121.0568010">
    <ele>530.8</ele>
   </trkpt>
   <trkpt lat="38.9712180" lon="-121.0568080">
    <ele>531.0</ele>
   </trkpt>
   <trkpt lat="38.9711910" lon="-121.0568160">
    <ele>531.4</ele>
   </trkpt>
   <trkpt lat="38.9711650" lon="-121.0568240">
    <ele>531.6</ele>
   </trkpt>
   <trkpt lat="38.9711340" lon="-121.0568390">
    <ele>532.0</ele>
   </trkpt>
   <trkpt lat="38.9711040" lon="-121.0568540">
    <ele>532.2</ele>
   </trkpt>
   <trkpt lat="38.9710770" lon="-121.0568620">
    <ele>532.4</ele>
   </trkpt>
   <trkpt lat="38.9710460" lon="-121.0568690">
    <ele>532.6</ele>
   </trkpt>
   <trkpt lat="38.9710200" lon="-121.0568770">
    <ele>532.8</ele>
   </trkpt>
   <trkpt lat="38.9709890" lon="-121.0568850">
    <ele>533.0</ele>
   </trkpt>
   <trkpt lat="38.9709590" lon="-121.0568920">
    <ele>533.2</ele>
   </trkpt>
   <trkpt lat="38.9709280" lon="-121.0569000">
    <ele>533.4</ele>
   </trkpt>
   <trkpt lat="38.9708980" lon="-121.0569080">
    <ele>533.6</ele>
   </trkpt>
   <trkpt lat="38.9708670" lon="-121.0569150">
    <ele>534.0</ele>
   </trkpt>
   <trkpt lat="38.9708370" lon="-121.0569230">
    <ele>534.2</ele>
   </trkpt>
   <trkpt lat="38.9708020" lon="-121.0569300">
    <ele>534.4</ele>
   </trkpt>
   <trkpt lat="38.9707680" lon="-121.0569380">
    <ele>534.6</ele>
   </trkpt>
   <trkpt lat="38.9707340" lon="-121.0569530">
    <ele>535.0</ele>
   </trkpt>
   <trkpt lat="38.9706990" lon="-121.0569610">
    <ele>535.2</ele>
   </trkpt>
   <trkpt lat="38.9706650" lon="-121.0569610">
    <ele>535.4</ele>
   </trkpt>
   <trkpt lat="38.9706310" lon="-121.0569690">
    <ele>535.6</ele>
   </trkpt>
   <trkpt lat="38.9705960" lon="-121.0569760">
    <ele>535.8</ele>
   </trkpt>
   <trkpt lat="38.9705620" lon="-121.0569760">
    <ele>536.0</ele>
   </trkpt>
   <trkpt lat="38.9705280" lon="-121.0569760">
    <ele>536.2</ele>
   </trkpt>
   <trkpt lat="38.9704900" lon="-121.0569840">
    <ele>536.6</ele>
   </trkpt>
   <trkpt lat="38.9704510" lon="-121.0569910">
    <ele>536.8</ele>
   </trkpt>
   <trkpt lat="38.9704170" lon="-121.0570070">
    <ele>537.0</ele>
   </trkpt>
   <trkpt lat="38.9703830" lon="-121.0570140">
    <ele>537.2</ele>
   </trkpt>
   <trkpt lat="38.9703450" lon="-121.0570140">
    <ele>537.4</ele>
   </trkpt>
   <trkpt lat="38.9703100" lon="-121.0570140">
    <ele>537.8</ele>
   </trkpt>
   <trkpt lat="38.9702720" lon="-121.0570070">
    <ele>537.8</ele>
   </trkpt>
   <trkpt lat="38.9702340" lon="-121.0570070">
    <ele>538.0</ele>
   </trkpt>
   <trkpt lat="38.9701920" lon="-121.0570070">
    <ele>538.2</ele>
   </trkpt>
   <trkpt lat="38.9701540" lon="-121.0570140">
    <ele>538.2</ele>
   </trkpt>
   <trkpt lat="38.9701120" lon="-121.0570070">
    <ele>538.4</ele>
   </trkpt>
   <trkpt lat="38.9700700" lon="-121.0569990">
    <ele>538.6</ele>
   </trkpt>
   <trkpt lat="38.9700280" lon="-121.0569910">
    <ele>538.8</ele>
   </trkpt>
   <trkpt lat="38.9699820" lon="-121.0569910">
    <ele>538.8</ele>
   </trkpt>
   <trkpt lat="38.9699330" lon="-121.0569840">
    <ele>539.0</ele>
   </trkpt>
   <trkpt lat="38.9698870" lon="-121.0569760">
    <ele>539.0</ele>
   </trkpt>
   <trkpt lat="38.9698370" lon="-121.0569690">
    <ele>539.0</ele>
   </trkpt>
   <trkpt lat="38.9697880" lon="-121.0569610">
    <ele>539.2</ele>
   </trkpt>
   <trkpt lat="38.9697380" lon="-121.0569530">
    <ele>539.2</ele>
   </trkpt>
   <trkpt lat="38.9696810" lon="-121.0569460">
    <ele>539.0</ele>
   </trkpt>
   <trkpt lat="38.9696270" lon="-121.0569380">
    <ele>539.2</ele>
   </trkpt>
   <trkpt lat="38.9695740" lon="-121.0569150">
    <ele>539.2</ele>
   </trkpt>
   <trkpt lat="38.9695170" lon="-121.0568850">
    <ele>539.2</ele>
   </trkpt>
   <trkpt lat="38.9694670" lon="-121.0568540">
    <ele>539.2</ele>
   </trkpt>
   <trkpt lat="38.9694180" lon="-121.0568080">
    <ele>539.2</ele>
   </trkpt>
   <trkpt lat="38.9693720" lon="-121.0567630">
    <ele>539.4</ele>
   </trkpt>
   <trkpt lat="38.9693300" lon="-121.0567170">
    <ele>539.6</ele>
   </trkpt>
   <trkpt lat="38.9692920" lon="-121.0566630">
    <ele>539.8</ele>
   </trkpt>
   <trkpt lat="38.9692540" lon="-121.0566020">
    <ele>539.8</ele>
   </trkpt>
   <trkpt lat="38.9692150" lon="-121.0565410">
    <ele>540.0</ele>
   </trkpt>
   <trkpt lat="38.9691810" lon="-121.0564800">
    <ele>540.2</ele>
   </trkpt>
   <trkpt lat="38.9691470" lon="-121.0564190">
    <ele>540.4</ele>
   </trkpt>
   <trkpt lat="38.9691090" lon="-121.0563580">
    <ele>540.4</ele>
   </trkpt>
   <trkpt lat="38.9690740" lon="-121.0563120">
    <ele>540.6</ele>
   </trkpt>
   <trkpt lat="38.9690400" lon="-121.0562590">
    <ele>540.8</ele>
   </trkpt>
   <trkpt lat="38.9690060" lon="-121.0562060">
    <ele>541.2</ele>
   </trkpt>
   <trkpt lat="38.9689670" lon="-121.0561520">
    <ele>541.2</ele>
   </trkpt>
   <trkpt lat="38.9689290" lon="-121.0561140">
    <ele>541.4</ele>
   </trkpt>
   <trkpt lat="38.9688950" lon="-121.0560680">
    <ele>541.8</ele>
   </trkpt>
   <trkpt lat="38.9688640" lon="-121.0560300">
    <ele>542.2</ele>
   </trkpt>
   <trkpt lat="38.9688300" lon="-121.0559840">
    <ele>542.4</ele>
   </trkpt>
   <trkpt lat="38.9688000" lon="-121.0559390">
    <ele>542.6</ele>
   </trkpt>
   <trkpt lat="38.9687690" lon="-121.0559010">
    <ele>542.8</ele>
   </trkpt>
   <trkpt lat="38.9687350" lon="-121.0558550">
    <ele>543.0</ele>
   </trkpt>
   <trkpt lat="38.9687000" lon="-121.0558090">
    <ele>543.2</ele>
   </trkpt>
   <trkpt lat="38.9686700" lon="-121.0557630">
    <ele>543.2</ele>
   </trkpt>
   <trkpt lat="38.9686360" lon="-121.0557170">
    <ele>543.4</ele>
   </trkpt>
   <trkpt lat="38.9686010" lon="-121.0556640">
    <ele>543.4</ele>
   </trkpt>
   <trkpt lat="38.9685630" lon="-121.0556110">
    <ele>543.4</ele>
   </trkpt>
   <trkpt lat="38.9685290" lon="-121.0555500">
    <ele>543.4</ele>
   </trkpt>
   <trkpt lat="38.9684940" lon="-121.0554890">
    <ele>543.4</ele>
   </trkpt>
   <trkpt lat="38.9684560" lon="-121.0554280">
    <ele>543.4</ele>
   </trkpt>
   <trkpt lat="38.9684220" lon="-121.0553590">
    <ele>543.4</ele>
   </trkpt>
   <trkpt lat="38.9683910" lon="-121.0552900">
    <ele>543.4</ele>
   </trkpt>
   <trkpt lat="38.9683680" lon="-121.0552210">
    <ele>543.4</ele>
   </trkpt>
   <trkpt lat="38.9683680" lon="-121.0551530">
    <ele>543.6</ele>
   </trkpt>
   <trkpt lat="38.9683880" lon="-121.0550840">
    <ele>543.6</ele>
   </trkpt>
   <trkpt lat="38.9684180" lon="-121.0550310">
    <ele>544.0</ele>
   </trkpt>
   <trkpt lat="38.9684490" lon="-121.0549930">
    <ele>544.4</ele>
   </trkpt>
   <trkpt lat="38.9684790" lon="-121.0549770">
    <ele>544.8</ele>
   </trkpt>
   <trkpt lat="38.9685100" lon="-121.0549620">
    <ele>545.2</ele>
   </trkpt>
   <trkpt lat="38.9685360" lon="-121.0549620">
    <ele>545.6</ele>
   </trkpt>
   <trkpt lat="38.9685670" lon="-121.0549700">
    <ele>546.0</ele>
   </trkpt>
   <trkpt lat="38.9685940" lon="-121.0549620">
    <ele>546.4</ele>
   </trkpt>
   <trkpt lat="38.9686200" lon="-121.0549620">
    <ele>546.8</ele>
   </trkpt>
   <trkpt lat="38.9686470" lon="-121.0549620">
    <ele>547.2</ele>
   </trkpt>
   <trkpt lat="38.9686780" lon="-121.0549700">
    <ele>547.4</ele>
   </trkpt>
   <trkpt lat="38.9687080" lon="-121.0549770">
    <ele>547.8</ele>
   </trkpt>
   <trkpt lat="38.9687390" lon="-121.0549850">
    <ele>548.0</ele>
   </trkpt>
   <trkpt lat="38.9687730" lon="-121.0549930">
    <ele>548.4</ele>
   </trkpt>
   <trkpt lat="38.9688030" lon="-121.0550080">
    <ele>548.6</ele>
   </trkpt>
   <trkpt lat="38.9688340" lon="-121.0550160">
    <ele>549.0</ele>
   </trkpt>
   <trkpt lat="38.9688640" lon="-121.0550310">
    <ele>549.2</ele>
   </trkpt>
   <trkpt lat="38.9688950" lon="-121.0550460">
    <ele>549.4</ele>
   </trkpt>
   <trkpt lat="38.9689250" lon="-121.0550610">
    <ele>549.8</ele>
   </trkpt>
   <trkpt lat="38.9689480" lon="-121.0550770">
    <ele>550.0</ele>
   </trkpt>
   <trkpt lat="38.9689710" lon="-121.0550990">
    <ele>550.2</ele>
   </trkpt>
   <trkpt lat="38.9689940" lon="-121.0551150">
    <ele>550.6</ele>
   </trkpt>
   <trkpt lat="38.9690170" lon="-121.0551220">
    <ele>551.0</ele>
   </trkpt>
   <trkpt lat="38.9690360" lon="-121.0551380">
    <ele>551.2</ele>
   </trkpt>
   <trkpt lat="38.9690590" lon="-121.0551450">
    <ele>551.6</ele>
   </trkpt>
   <trkpt lat="38.9690780" lon="-121.0551530">
    <ele>552.0</ele>
   </trkpt>
   <trkpt lat="38.9690970" lon="-121.0551680">
    <ele>552.2</ele>
   </trkpt>
   <trkpt lat="38.9691120" lon="-121.0551830">
    <ele>552.6</ele>
   </trkpt>
   <trkpt lat="38.9691350" lon="-121.0551910">
    <ele>552.8</ele>
   </trkpt>
   <trkpt lat="38.9691580" lon="-121.0551990">
    <ele>553.2</ele>
   </trkpt>
   <trkpt lat="38.9691770" lon="-121.0552060">
    <ele>553.6</ele>
   </trkpt>
   <trkpt lat="38.9691960" lon="-121.0552140">
    <ele>554.0</ele>
   </trkpt>
   <trkpt lat="38.9692150" lon="-121.0552210">
    <ele>554.2</ele>
   </trkpt>
   <trkpt lat="38.9692380" lon="-121.0552210">
    <ele>554.6</ele>
   </trkpt>
   <trkpt lat="38.9692610" lon="-121.0552210">
    <ele>554.8</ele>
   </trkpt>
   <trkpt lat="38.9692840" lon="-121.0552210">
    <ele>555.2</ele>
   </trkpt>
   <trkpt lat="38.9693110" lon="-121.0552210">
    <ele>555.4</ele>
   </trkpt>
   <trkpt lat="38.9693340" lon="-121.0552210">
    <ele>555.8</ele>
   </trkpt>
   <trkpt lat="38.9693640" lon="-121.0552290">
    <ele>556.2</ele>
   </trkpt>
   <trkpt lat="38.9693910" lon="-121.0552290">
    <ele>556.4</ele>
   </trkpt>
   <trkpt lat="38.9694180" lon="-121.0552290">
    <ele>556.8</ele>
   </trkpt>
   <trkpt lat="38.9694480" lon="-121.0552210">
    <ele>557.0</ele>
   </trkpt>
   <trkpt lat="38.9694790" lon="-121.0552140">
    <ele>557.2</ele>
   </trkpt>
   <trkpt lat="38.9695050" lon="-121.0552060">
    <ele>557.6</ele>
   </trkpt>
   <trkpt lat="38.9695360" lon="-121.0551910">
    <ele>557.8</ele>
   </trkpt>
   <trkpt lat="38.9695660" lon="-121.0551760">
    <ele>558.2</ele>
   </trkpt>
   <trkpt lat="38.9695970" lon="-121.0551680">
    <ele>558.4</ele>
   </trkpt>
   <trkpt lat="38.9696270" lon="-121.0551600">
    <ele>558.6</ele>
   </trkpt>
   <trkpt lat="38.9696540" lon="-121.0551450">
    <ele>559.0</ele>
   </trkpt>
   <trkpt lat="38.9696770" lon="-121.0551380">
    <ele>559.2</ele>
   </trkpt>
   <trkpt lat="38.9697040" lon="-121.0551220">
    <ele>559.4</ele>
   </trkpt>
   <trkpt lat="38.9697300" lon="-121.0551070">
    <ele>559.8</ele>
   </trkpt>
   <trkpt lat="38.9697530" lon="-121.0550920">
    <ele>560.0</ele>
   </trkpt>
   <trkpt lat="38.9697760" lon="-121.0550770">
    <ele>560.2</ele>
   </trkpt>
   <trkpt lat="38.9697990" lon="-121.0550610">
    <ele>560.6</ele>
   </trkpt>
   <trkpt lat="38.9698220" lon="-121.0550380">
    <ele>560.8</ele>
   </trkpt>
   <trkpt lat="38.9698450" lon="-121.0550160">
    <ele>561.0</ele>
   </trkpt>
   <trkpt lat="38.9698680" lon="-121.0549930">
    <ele>561.4</ele>
   </trkpt>
   <trkpt lat="38.9698910" lon="-121.0549770">
    <ele>561.6</ele>
   </trkpt>
   <trkpt lat="38.9699100" lon="-121.0549540">
    <ele>561.8</ele>
   </trkpt>
   <trkpt lat="38.9699330" lon="-121.0549390">
    <ele>562.2</ele>
   </trkpt>
   <trkpt lat="38.9699520" lon="-121.0549160">
    <ele>562.4</ele>
   </trkpt>
   <trkpt lat="38.9699750" lon="-121.0548930">
    <ele>562.6</ele>
   </trkpt>
   <trkpt lat="38.9699940" lon="-121.0548710">
    <ele>562.8</ele>
   </trkpt>
   <trkpt lat="38.9700160" lon="-121.0548480">
    <ele>563.2</ele>
   </trkpt>
   <trkpt lat="38.9700390" lon="-121.0548250">
    <ele>563.4</ele>
   </trkpt>
   <trkpt lat="38.9700620" lon="-121.0548020">
    <ele>563.8</ele>
   </trkpt>
   <trkpt lat="38.9700810" lon="-121.0547710">
    <ele>564.0</ele>
   </trkpt>
   <trkpt lat="38.9701040" lon="-121.0547480">
    <ele>564.2</ele>
   </trkpt>
   <trkpt lat="38.9701230" lon="-121.0547260">
    <ele>564.6</ele>
   </trkpt>
   <trkpt lat="38.9701420" lon="-121.0547030">
    <ele>564.8</ele>
   </trkpt>
   <trkpt lat="38.9701650" lon="-121.0546800">
    <ele>565.2</ele>
   </trkpt>
   <trkpt lat="38.9701840" lon="-121.0546570">
    <ele>565.4</ele>
   </trkpt>
   <trkpt lat="38.9702070" lon="-121.0546420">
    <ele>565.6</ele>
   </trkpt>
   <trkpt lat="38.9702340" lon="-121.0546260">
    <ele>565.8</ele>
   </trkpt>
   <trkpt lat="38.9702640" lon="-121.0546110">
    <ele>566.2</ele>
   </trkpt>
   <trkpt lat="38.9702870" lon="-121.0545960">
    <ele>566.4</ele>
   </trkpt>
   <trkpt lat="38.9703140" lon="-121.0545880">
    <ele>566.6</ele>
   </trkpt>
   <trkpt lat="38.9703370" lon="-121.0545730">
    <ele>566.8</ele>
   </trkpt>
   <trkpt lat="38.9703560" lon="-121.0545650">
    <ele>567.0</ele>
   </trkpt>
   <trkpt lat="38.9703710" lon="-121.0545500">
    <ele>567.4</ele>
   </trkpt>
   <trkpt lat="38.9703940" lon="-121.0545350">
    <ele>567.6</ele>
   </trkpt>
   <trkpt lat="38.9704130" lon="-121.0545270">
    <ele>568.0</ele>
   </trkpt>
   <trkpt lat="38.9704360" lon="-121.0545200">
    <ele>568.4</ele>
   </trkpt>
   <trkpt lat="38.9704590" lon="-121.0545120">
    <ele>568.6</ele>
   </trkpt>
   <trkpt lat="38.9704860" lon="-121.0545040">
    <ele>568.8</ele>
   </trkpt>
   <trkpt lat="38.9705160" lon="-121.0544970">
    <ele>569.0</ele>
   </trkpt>
   <trkpt lat="38.9705470" lon="-121.0544970">
    <ele>569.2</ele>
   </trkpt>
   <trkpt lat="38.9705810" lon="-121.0544890">
    <ele>569.4</ele>
   </trkpt>
   <trkpt lat="38.9706150" lon="-121.0544890">
    <ele>569.4</ele>
   </trkpt>
   <trkpt lat="38.9706570" lon="-121.0544890">
    <ele>569.2</ele>
   </trkpt>
   <trkpt lat="38.9706990" lon="-121.0544810">
    <ele>569.0</ele>
   </trkpt>
   <trkpt lat="38.9707450" lon="-121.0544890">
    <ele>568.8</ele>
   </trkpt>
   <trkpt lat="38.9707910" lon="-121.0545040">
    <ele>568.6</ele>
   </trkpt>
   <trkpt lat="38.9708400" lon="-121.0544970">
    <ele>568.4</ele>
   </trkpt>
   <trkpt lat="38.9708860" lon="-121.0544890">
    <ele>568.2</ele>
   </trkpt>
   <trkpt lat="38.9709430" lon="-121.0544740">
    <ele>568.0</ele>
   </trkpt>
   <trkpt lat="38.9710050" lon="-121.0544660">
    <ele>567.8</ele>
   </trkpt>
   <trkpt lat="38.9710580" lon="-121.0544740">
    <ele>567.4</ele>
   </trkpt>
   <trkpt lat="38.9711150" lon="-121.0544890">
    <ele>566.8</ele>
   </trkpt>
   <trkpt lat="38.9711650" lon="-121.0545040">
    <ele>566.4</ele>
   </trkpt>
   <trkpt lat="38.9712140" lon="-121.0545200">
    <ele>566.2</ele>
   </trkpt>
   <trkpt lat="38.9712600" lon="-121.0545350">
    <ele>565.6</ele>
   </trkpt>
   <trkpt lat="38.9713020" lon="-121.0545500">
    <ele>565.0</ele>
   </trkpt>
   <trkpt lat="38.9713330" lon="-121.0545650">
    <ele>564.4</ele>
   </trkpt>
   <trkpt lat="38.9713590" lon="-121.0545730">
    <ele>563.8</ele>
   </trkpt>
   <trkpt lat="38.9713740" lon="-121.0545580">
    <ele>563.4</ele>
   </trkpt>
   <trkpt lat="38.9713820" lon="-121.0545270">
    <ele>563.0</ele>
   </trkpt>
   <trkpt lat="38.9713860" lon="-121.0545040">
    <ele>562.6</ele>
   </trkpt>
   <trkpt lat="38.9713820" lon="-121.0544740">
    <ele>562.6</ele>
   </trkpt>
   <trkpt lat="38.9713820" lon="-121.0544360">
    <ele>562.6</ele>
   </trkpt>
   <trkpt lat="38.9713820" lon="-121.0544050">
    <ele>562.6</ele>
   </trkpt>
   <trkpt lat="38.9713820" lon="-121.0543750">
    <ele>562.8</ele>
   </trkpt>
   <trkpt lat="38.9713820" lon="-121.0543520">
    <ele>563.0</ele>
   </trkpt>
   <trkpt lat="38.9713820" lon="-121.0543140">
    <ele>563.0</ele>
   </trkpt>
   <trkpt lat="38.9713820" lon="-121.0542830">
    <ele>563.2</ele>
   </trkpt>
   <trkpt lat="38.9713860" lon="-121.0542450">
    <ele>563.6</ele>
   </trkpt>
   <trkpt lat="38.9713860" lon="-121.0542070">
    <ele>563.8</ele>
   </trkpt>
   <trkpt lat="38.9713860" lon="-121.0541760">
    <ele>564.0</ele>
   </trkpt>
   <trkpt lat="38.9713860" lon="-121.0541380">
    <ele>564.2</ele>
   </trkpt>
   <trkpt lat="38.9713860" lon="-121.0541080">
    <ele>564.4</ele>
   </trkpt>
   <trkpt lat="38.9713860" lon="-121.0540690">
    <ele>564.4</ele>
   </trkpt>
   <trkpt lat="38.9713860" lon="-121.0540390">
    <ele>564.6</ele>
   </trkpt>
   <trkpt lat="38.9713860" lon="-121.0539930">
    <ele>565.0</ele>
   </trkpt>
   <trkpt lat="38.9713860" lon="-121.0539550">
    <ele>565.2</ele>
   </trkpt>
   <trkpt lat="38.9713860" lon="-121.0539170">
    <ele>565.4</ele>
   </trkpt>
   <trkpt lat="38.9713860" lon="-121.0538710">
    <ele>565.6</ele>
   </trkpt>
   <trkpt lat="38.9713860" lon="-121.0538250">
    <ele>565.8</ele>
   </trkpt>
   <trkpt lat="38.9713900" lon="-121.0537800">
    <ele>565.8</ele>
   </trkpt>
   <trkpt lat="38.9713860" lon="-121.0537340">
    <ele>565.8</ele>
   </trkpt>
   <trkpt lat="38.9713860" lon="-121.0536800">
    <ele>565.8</ele>
   </trkpt>
   <trkpt lat="38.9713860" lon="-121.0536190">
    <ele>565.8</ele>
   </trkpt>
   <trkpt lat="38.9713860" lon="-121.0535510">
    <ele>565.6</ele>
   </trkpt>
   <trkpt lat="38.9713860" lon="-121.0534820">
    <ele>565.4</ele>
   </trkpt>
   <trkpt lat="38.9713860" lon="-121.0533980">
    <ele>565.0</ele>
   </trkpt>
   <trkpt lat="38.9713820" lon="-121.0533140">
    <ele>564.6</ele>
   </trkpt>
   <trkpt lat="38.9713780" lon="-121.0532230">
    <ele>564.2</ele>
   </trkpt>
   <trkpt lat="38.9713740" lon="-121.0531310">
    <ele>564.0</ele>
   </trkpt>
   <trkpt lat="38.9713710" lon="-121.0530320">
    <ele>563.6</ele>
   </trkpt>
   <trkpt lat="38.9713670" lon="-121.0529250">
    <ele>562.8</ele>
   </trkpt>
   <trkpt lat="38.9713630" lon="-121.0528180">
    <ele>561.8</ele>
   </trkpt>
   <trkpt lat="38.9713550" lon="-121.0526960">
    <ele>560.8</ele>
   </trkpt>
   <trkpt lat="38.9713440" lon="-121.0525820">
    <ele>560.2</ele>
   </trkpt>
   <trkpt lat="38.9713250" lon="-121.0524670">
    <ele>559.4</ele>
   </trkpt>
   <trkpt lat="38.9712940" lon="-121.0523600">
    <ele>559.0</ele>
   </trkpt>
   <trkpt lat="38.9712680" lon="-121.0522610">
    <ele>558.6</ele>
   </trkpt>
   <trkpt lat="38.9712560" lon="-121.0521540">
    <ele>558.0</ele>
   </trkpt>
   <trkpt lat="38.9712490" lon="-121.0520480">
    <ele>557.6</ele>
   </trkpt>
   <trkpt lat="38.9712410" lon="-121.0519330">
    <ele>556.8</ele>
   </trkpt>
   <trkpt lat="38.9712330" lon="-121.0518110">
    <ele>555.8</ele>
   </trkpt>
   <trkpt lat="38.9712330" lon="-121.0516810">
    <ele>554.8</ele>
   </trkpt>
   <trkpt lat="38.9712370" lon="-121.0515440">
    <ele>553.6</ele>
   </trkpt>
   <trkpt lat="38.9712410" lon="-121.0514070">
    <ele>552.4</ele>
   </trkpt>
   <trkpt lat="38.9712450" lon="-121.0512540">
    <ele>551.0</ele>
   </trkpt>
   <trkpt lat="38.9712450" lon="-121.0511020">
    <ele>549.4</ele>
   </trkpt>
   <trkpt lat="38.9712450" lon="-121.0509340">
    <ele>547.6</ele>
   </trkpt>
   <trkpt lat="38.9712450" lon="-121.0507660">
    <ele>545.6</ele>
   </trkpt>
   <trkpt lat="38.9712450" lon="-121.0506060">
    <ele>544.0</ele>
   </trkpt>
   <trkpt lat="38.9712490" lon="-121.0504380">
    <ele>542.4</ele>
   </trkpt>
   <trkpt lat="38.9712640" lon="-121.0502850">
    <ele>541.6</ele>
   </trkpt>
   <trkpt lat="38.9712910" lon="-121.0501560">
    <ele>541.4</ele>
   </trkpt>
   <trkpt lat="38.9713170" lon="-121.0500410">
    <ele>541.6</ele>
   </trkpt>
   <trkpt lat="38.9713290" lon="-121.0499340">
    <ele>542.0</ele>
   </trkpt>
   <trkpt lat="38.9713330" lon="-121.0498430">
    <ele>542.6</ele>
   </trkpt>
   <trkpt lat="38.9713330" lon="-121.0497660">
    <ele>543.2</ele>
   </trkpt>
   <trkpt lat="38.9713330" lon="-121.0496900">
    <ele>543.6</ele>
   </trkpt>
   <trkpt lat="38.9713360" lon="-121.0496140">
    <ele>544.2</ele>
   </trkpt>
   <trkpt lat="38.9713360" lon="-121.0495380">
    <ele>544.6</ele>
   </trkpt>
   <trkpt lat="38.9713360" lon="-121.0494690">
    <ele>545.0</ele>
   </trkpt>
   <trkpt lat="38.9713360" lon="-121.0493930">
    <ele>545.4</ele>
   </trkpt>
   <trkpt lat="38.9713330" lon="-121.0493240">
    <ele>545.6</ele>
   </trkpt>
   <trkpt lat="38.9713290" lon="-121.0492480">
    <ele>546.0</ele>
   </trkpt>
   <trkpt lat="38.9713250" lon="-121.0491790">
    <ele>546.4</ele>
   </trkpt>
   <trkpt lat="38.9713100" lon="-121.0491180">
    <ele>546.6</ele>
   </trkpt>
   <trkpt lat="38.9712940" lon="-121.0490570">
    <ele>546.8</ele>
   </trkpt>
   <trkpt lat="38.9712750" lon="-121.0489960">
    <ele>546.8</ele>
   </trkpt>
   <trkpt lat="38.9712640" lon="-121.0489350">
    <ele>546.8</ele>
   </trkpt>
   <trkpt lat="38.9712560" lon="-121.0488660">
    <ele>547.0</ele>
   </trkpt>
   <trkpt lat="38.9712520" lon="-121.0487900">
    <ele>547.0</ele>
   </trkpt>
   <trkpt lat="38.9712520" lon="-121.0487210">
    <ele>547.0</ele>
   </trkpt>
   <trkpt lat="38.9712560" lon="-121.0486450">
    <ele>547.2</ele>
   </trkpt>
   <trkpt lat="38.9712520" lon="-121.0485610">
    <ele>547.0</ele>
   </trkpt>
   <trkpt lat="38.9712450" lon="-121.0484770">
    <ele>546.6</ele>
   </trkpt>
   <trkpt lat="38.9712410" lon="-121.0483860">
    <ele>546.4</ele>
   </trkpt>
   <trkpt lat="38.9712370" lon="-121.0482940">
    <ele>546.0</ele>
   </trkpt>
   <trkpt lat="38.9712370" lon="-121.0481950">
    <ele>545.2</ele>
   </trkpt>
   <trkpt lat="38.9712330" lon="-121.0480800">
    <ele>544.6</ele>
   </trkpt>
   <trkpt lat="38.9712330" lon="-121.0479660">
    <ele>544.0</ele>
   </trkpt>
   <trkpt lat="38.9712330" lon="-121.0478590">
    <ele>543.4</ele>
   </trkpt>
   <trkpt lat="38.9712330" lon="-121.0477520">
    <ele>543.4</ele>
   </trkpt>
   <trkpt lat="38.9712330" lon="-121.0476680">
    <ele>543.6</ele>
   </trkpt>
   <trkpt lat="38.9712330" lon="-121.0475920">
    <ele>544.0</ele>
   </trkpt>
   <trkpt lat="38.9712370" lon="-121.0475310">
    <ele>544.4</ele>
   </trkpt>
   <trkpt lat="38.9712410" lon="-121.0474700">
    <ele>544.8</ele>
   </trkpt>
   <trkpt lat="38.9712450" lon="-121.0474170">
    <ele>545.4</ele>
   </trkpt>
   <trkpt lat="38.9712450" lon="-121.0473710">
    <ele>545.8</ele>
   </trkpt>
   <trkpt lat="38.9712450" lon="-121.0473170">
    <ele>546.2</ele>
   </trkpt>
   <trkpt lat="38.9712450" lon="-121.0472720">
    <ele>546.6</ele>
   </trkpt>
   <trkpt lat="38.9712450" lon="-121.0472260">
    <ele>546.8</ele>
   </trkpt>
   <trkpt lat="38.9712490" lon="-121.0471800">
    <ele>547.2</ele>
   </trkpt>
   <trkpt lat="38.9712490" lon="-121.0471420">
    <ele>547.4</ele>
   </trkpt>
   <trkpt lat="38.9712490" lon="-121.0470960">
    <ele>547.8</ele>
   </trkpt>
   <trkpt lat="38.9712520" lon="-121.0470500">
    <ele>548.0</ele>
   </trkpt>
   <trkpt lat="38.9712490" lon="-121.0470050">
    <ele>548.2</ele>
   </trkpt>
   <trkpt lat="38.9712490" lon="-121.0469590">
    <ele>548.4</ele>
   </trkpt>
   <trkpt lat="38.9712490" lon="-121.0469130">
    <ele>548.8</ele>
   </trkpt>
   <trkpt lat="38.9712450" lon="-121.0468750">
    <ele>549.0</ele>
   </trkpt>
   <trkpt lat="38.9712450" lon="-121.0468290">
    <ele>549.2</ele>
   </trkpt>
   <trkpt lat="38.9712450" lon="-121.0467910">
    <ele>549.4</ele>
   </trkpt>
   <trkpt lat="38.9712450" lon="-121.0467610">
    <ele>549.8</ele>
   </trkpt>
   <trkpt lat="38.9712450" lon="-121.0467220">
    <ele>550.0</ele>
   </trkpt>
   <trkpt lat="38.9712450" lon="-121.0466840">
    <ele>550.4</ele>
   </trkpt>
   <trkpt lat="38.9712410" lon="-121.0466610">
    <ele>550.6</ele>
   </trkpt>
   <trkpt lat="38.9712370" lon="-121.0466230">
    <ele>550.8</ele>
   </trkpt>
   <trkpt lat="38.9712370" lon="-121.0465930">
    <ele>551.0</ele>
   </trkpt>
   <trkpt lat="38.9712370" lon="-121.0465620">
    <ele>551.4</ele>
   </trkpt>
   <trkpt lat="38.9712370" lon="-121.0465390">
    <ele>551.6</ele>
   </trkpt>
   <trkpt lat="38.9712370" lon="-121.0465160">
    <ele>552.0</ele>
   </trkpt>
   <trkpt lat="38.9712410" lon="-121.0464860">
    <ele>552.2</ele>
   </trkpt>
   <trkpt lat="38.9712450" lon="-121.0464630">
    <ele>552.6</ele>
   </trkpt>
   <trkpt lat="38.9712520" lon="-121.0464400">
    <ele>552.8</ele>
   </trkpt>
   <trkpt lat="38.9712560" lon="-121.0464100">
    <ele>553.2</ele>
   </trkpt>
   <trkpt lat="38.9712600" lon="-121.0463870">
    <ele>553.6</ele>
   </trkpt>
   <trkpt lat="38.9712560" lon="-121.0463480">
    <ele>553.8</ele>
   </trkpt>
   <trkpt lat="38.9712560" lon="-121.0463180">
    <ele>554.2</ele>
   </trkpt>
   <trkpt lat="38.9712560" lon="-121.0462870">
    <ele>554.6</ele>
   </trkpt>
   <trkpt lat="38.9712560" lon="-121.0462570">
    <ele>554.8</ele>
   </trkpt>
   <trkpt lat="38.9712560" lon="-121.0462260">
    <ele>555.2</ele>
   </trkpt>
   <trkpt lat="38.9712600" lon="-121.0461880">
    <ele>555.4</ele>
   </trkpt>
   <trkpt lat="38.9712640" lon="-121.0461580">
    <ele>555.6</ele>
   </trkpt>
   <trkpt lat="38.9712640" lon="-121.0461270">
    <ele>556.0</ele>
   </trkpt>
   <trkpt lat="38.9712680" lon="-121.0460890">
    <ele>556.2</ele>
   </trkpt>
   <trkpt lat="38.9712680" lon="-121.0460590">
    <ele>556.6</ele>
   </trkpt>
   <trkpt lat="38.9712710" lon="-121.0460360">
    <ele>556.8</ele>
   </trkpt>
   <trkpt lat="38.9712710" lon="-121.0460050">
    <ele>557.2</ele>
   </trkpt>
   <trkpt lat="38.9712750" lon="-121.0459670">
    <ele>557.6</ele>
   </trkpt>
   <trkpt lat="38.9712790" lon="-121.0459440">
    <ele>558.0</ele>
   </trkpt>
   <trkpt lat="38.9712830" lon="-121.0459210">
    <ele>558.4</ele>
   </trkpt>
   <trkpt lat="38.9712870" lon="-121.0458980">
    <ele>558.8</ele>
   </trkpt>
   <trkpt lat="38.9712940" lon="-121.0458680">
    <ele>559.0</ele>
   </trkpt>
   <trkpt lat="38.9712980" lon="-121.0458450">
    <ele>559.4</ele>
   </trkpt>
   <trkpt lat="38.9712980" lon="-121.0458300">
    <ele>559.8</ele>
   </trkpt>
   <trkpt lat="38.9712980" lon="-121.0458070">
    <ele>560.2</ele>
   </trkpt>
   <trkpt lat="38.9713020" lon="-121.0457840">
    <ele>560.6</ele>
   </trkpt>
   <trkpt lat="38.9713060" lon="-121.0457610">
    <ele>561.0</ele>
   </trkpt>
   <trkpt lat="38.9713060" lon="-121.0457460">
    <ele>561.4</ele>
   </trkpt>
   <trkpt lat="38.9713020" lon="-121.0457230">
    <ele>561.8</ele>
   </trkpt>
   <trkpt lat="38.9712980" lon="-121.0457080">
    <ele>562.0</ele>
   </trkpt>
   <trkpt lat="38.9712940" lon="-121.0456920">
    <ele>562.4</ele>
   </trkpt>
   <trkpt lat="38.9712870" lon="-121.0456850">
    <ele>562.6</ele>
   </trkpt>
   <trkpt lat="38.9712830" lon="-121.0456390">
    <ele>563.4</ele>
   </trkpt>
   <trkpt lat="38.9712870" lon="-121.0456240">
    <ele>563.6</ele>
   </trkpt>
   <trkpt lat="38.9712940" lon="-121.0456080">
    <ele>563.6</ele>
   </trkpt>
   <trkpt lat="38.9713060" lon="-121.0455930">
    <ele>563.8</ele>
   </trkpt>
   <trkpt lat="38.9713210" lon="-121.0455860">
    <ele>564.0</ele>
   </trkpt>
   <trkpt lat="38.9713440" lon="-121.0455700">
    <ele>564.2</ele>
   </trkpt>
   <trkpt lat="38.9713710" lon="-121.0455630">
    <ele>564.4</ele>
   </trkpt>
   <trkpt lat="38.9714010" lon="-121.0455550">
    <ele>564.4</ele>
   </trkpt>
   <trkpt lat="38.9714360" lon="-121.0455550">
    <ele>564.6</ele>
   </trkpt>
   <trkpt lat="38.9714700" lon="-121.0455470">
    <ele>564.6</ele>
   </trkpt>
   <trkpt lat="38.9715080" lon="-121.0455400">
    <ele>564.8</ele>
   </trkpt>
   <trkpt lat="38.9715460" lon="-121.0455320">
    <ele>564.6</ele>
   </trkpt>
   <trkpt lat="38.9715840" lon="-121.0455170">
    <ele>564.6</ele>
   </trkpt>
   <trkpt lat="38.9716260" lon="-121.0454940">
    <ele>564.8</ele>
   </trkpt>
   <trkpt lat="38.9716680" lon="-121.0454710">
    <ele>564.6</ele>
   </trkpt>
   <trkpt lat="38.9717100" lon="-121.0454560">
    <ele>564.6</ele>
   </trkpt>
   <trkpt lat="38.9717600" lon="-121.0454480">
    <ele>564.6</ele>
   </trkpt>
   <trkpt lat="38.9718060" lon="-121.0454330">
    <ele>564.8</ele>
   </trkpt>
   <trkpt lat="38.9718510" lon="-121.0454250">
    <ele>564.8</ele>
   </trkpt>
   <trkpt lat="38.9718970" lon="-121.0454180">
    <ele>564.8</ele>
   </trkpt>
   <trkpt lat="38.9719430" lon="-121.0454180">
    <ele>564.8</ele>
   </trkpt>
   <trkpt lat="38.9719920" lon="-121.0454100">
    <ele>564.8</ele>
   </trkpt>
   <trkpt lat="38.9720460" lon="-121.0454100">
    <ele>564.8</ele>
   </trkpt>
   <trkpt lat="38.9720920" lon="-121.0454030">
    <ele>564.8</ele>
   </trkpt>
   <trkpt lat="38.9721410" lon="-121.0454030">
    <ele>564.8</ele>
   </trkpt>
   <trkpt lat="38.9721950" lon="-121.0454030">
    <ele>564.8</ele>
   </trkpt>
   <trkpt lat="38.9722440" lon="-121.0454030">
    <ele>564.6</ele>
   </trkpt>
   <trkpt lat="38.9722980" lon="-121.0453950">
    <ele>564.6</ele>
   </trkpt>
   <trkpt lat="38.9723430" lon="-121.0453720">
    <ele>564.6</ele>
   </trkpt>
   <trkpt lat="38.9723740" lon="-121.0453410">
    <ele>564.6</ele>
   </trkpt>
   <trkpt lat="38.9723850" lon="-121.0452880">
    <ele>564.6</ele>
   </trkpt>
   <trkpt lat="38.9723850" lon="-121.0452350">
    <ele>564.8</ele>
   </trkpt>
   <trkpt lat="38.9723660" lon="-121.0451890">
    <ele>564.8</ele>
   </trkpt>
   <trkpt lat="38.9723430" lon="-121.0451510">
    <ele>565.0</ele>
   </trkpt>
   <trkpt lat="38.9723130" lon="-121.0451200">
    <ele>565.0</ele>
   </trkpt>
   <trkpt lat="38.9722750" lon="-121.0450900">
    <ele>565.0</ele>
   </trkpt>
   <trkpt lat="38.9722330" lon="-121.0450740">
    <ele>565.0</ele>
   </trkpt>
   <trkpt lat="38.9721870" lon="-121.0450670">
    <ele>565.0</ele>
   </trkpt>
   <trkpt lat="38.9721410" lon="-121.0450520">
    <ele>565.0</ele>
   </trkpt>
   <trkpt lat="38.9720950" lon="-121.0450290">
    <ele>565.2</ele>
   </trkpt>
   <trkpt lat="38.9720650" lon="-121.0449980">
    <ele>565.4</ele>
   </trkpt>
   <trkpt lat="38.9720420" lon="-121.0449520">
    <ele>565.6</ele>
   </trkpt>
   <trkpt lat="38.9720340" lon="-121.0448990">
    <ele>565.4</ele>
   </trkpt>
   <trkpt lat="38.9720190" lon="-121.0448460">
    <ele>565.4</ele>
   </trkpt>
   <trkpt lat="38.9720040" lon="-121.0447850">
    <ele>565.2</ele>
   </trkpt>
   <trkpt lat="38.9719890" lon="-121.0447230">
    <ele>565.2</ele>
   </trkpt>
   <trkpt lat="38.9719810" lon="-121.0446700">
    <ele>565.4</ele>
   </trkpt>
   <trkpt lat="38.9719730" lon="-121.0446170">
    <ele>565.4</ele>
   </trkpt>
   <trkpt lat="38.9719660" lon="-121.0445860">
    <ele>565.4</ele>
   </trkpt>
   <trkpt lat="38.9719620" lon="-121.0445780">
    <ele>565.6</ele>
   </trkpt>
   <trkpt lat="38.9719580" lon="-121.0445560">
    <ele>566.0</ele>
   </trkpt>
   <trkpt lat="38.9719580" lon="-121.0445330">
    <ele>566.0</ele>
   </trkpt>
   <trkpt lat="38.9719500" lon="-121.0445100">
    <ele>566.0</ele>
   </trkpt>
   <trkpt lat="38.9719430" lon="-121.0444870">
    <ele>566.0</ele>
   </trkpt>
   <trkpt lat="38.9719350" lon="-121.0444560">
    <ele>566.0</ele>
   </trkpt>
   <trkpt lat="38.9719240" lon="-121.0444180">
    <ele>566.0</ele>
   </trkpt>
   <trkpt lat="38.9719120" lon="-121.0443730">
    <ele>565.8</ele>
   </trkpt>
   <trkpt lat="38.9718970" lon="-121.0443270">
    <ele>565.8</ele>
   </trkpt>
   <trkpt lat="38.9718740" lon="-121.0442890">
    <ele>565.8</ele>
   </trkpt>
   <trkpt lat="38.9718510" lon="-121.0442430">
    <ele>565.8</ele>
   </trkpt>
   <trkpt lat="38.9718320" lon="-121.0441970">
    <ele>565.8</ele>
   </trkpt>
   <trkpt lat="38.9718170" lon="-121.0441510">
    <ele>566.0</ele>
   </trkpt>
   <trkpt lat="38.9718090" lon="-121.0441050">
    <ele>566.0</ele>
   </trkpt>
   <trkpt lat="38.9718130" lon="-121.0440440">
    <ele>566.0</ele>
   </trkpt>
   <trkpt lat="38.9718170" lon="-121.0439910">
    <ele>566.0</ele>
   </trkpt>
   <trkpt lat="38.9718210" lon="-121.0439300">
    <ele>565.8</ele>
   </trkpt>
   <trkpt lat="38.9718170" lon="-121.0438690">
    <ele>565.6</ele>
   </trkpt>
   <trkpt lat="38.9718060" lon="-121.0438080">
    <ele>565.4</ele>
   </trkpt>
   <trkpt lat="38.9717860" lon="-121.0437550">
    <ele>565.4</ele>
   </trkpt>
   <trkpt lat="38.9717560" lon="-121.0437090">
    <ele>565.4</ele>
   </trkpt>
   <trkpt lat="38.9717250" lon="-121.0436710">
    <ele>565.4</ele>
   </trkpt>
   <trkpt lat="38.9717030" lon="-121.0436250">
    <ele>565.6</ele>
   </trkpt>
   <trkpt lat="38.9716910" lon="-121.0435710">
    <ele>565.6</ele>
   </trkpt>
   <trkpt lat="38.9716840" lon="-121.0435180">
    <ele>565.8</ele>
   </trkpt>
   <trkpt lat="38.9716760" lon="-121.0434570">
    <ele>565.8</ele>
   </trkpt>
   <trkpt lat="38.9716640" lon="-121.0434040">
    <ele>565.8</ele>
   </trkpt>
   <trkpt lat="38.9716530" lon="-121.0433500">
    <ele>565.8</ele>
   </trkpt>
   <trkpt lat="38.9716420" lon="-121.0432890">
    <ele>565.6</ele>
   </trkpt>
   <trkpt lat="38.9716190" lon="-121.0432360">
    <ele>565.6</ele>
   </trkpt>
   <trkpt lat="38.9716000" lon="-121.0431750">
    <ele>565.6</ele>
   </trkpt>
   <trkpt lat="38.9715840" lon="-121.0431140">
    <ele>565.6</ele>
   </trkpt>
   <trkpt lat="38.9715840" lon="-121.0430530">
    <ele>565.6</ele>
   </trkpt>
   <trkpt lat="38.9716030" lon="-121.0429920">
    <ele>565.6</ele>
   </trkpt>
   <trkpt lat="38.9716260" lon="-121.0429380">
    <ele>565.6</ele>
   </trkpt>
   <trkpt lat="38.9716420" lon="-121.0428690">
    <ele>565.6</ele>
   </trkpt>
   <trkpt lat="38.9716490" lon="-121.0428010">
    <ele>565.6</ele>
   </trkpt>
   <trkpt lat="38.9716570" lon="-121.0427320">
    <ele>565.6</ele>
   </trkpt>
   <trkpt lat="38.9716570" lon="-121.0426640">
    <ele>565.6</ele>
   </trkpt>
   <trkpt lat="38.9716570" lon="-121.0425870">
    <ele>565.4</ele>
   </trkpt>
   <trkpt lat="38.9716570" lon="-121.0425110">
    <ele>565.4</ele>
   </trkpt>
   <trkpt lat="38.9716610" lon="-121.0424420">
    <ele>565.4</ele>
   </trkpt>
   <trkpt lat="38.9716720" lon="-121.0423660">
    <ele>565.2</ele>
   </trkpt>
   <trkpt lat="38.9716800" lon="-121.0422900">
    <ele>565.2</ele>
   </trkpt>
   <trkpt lat="38.9716870" lon="-121.0422130">
    <ele>565.2</ele>
   </trkpt>
   <trkpt lat="38.9716950" lon="-121.0421290">
    <ele>565.2</ele>
   </trkpt>
   <trkpt lat="38.9717030" lon="-121.0420530">
    <ele>565.0</ele>
   </trkpt>
   <trkpt lat="38.9717180" lon="-121.0419850">
    <ele>565.0</ele>
   </trkpt>
   <trkpt lat="38.9717250" lon="-121.0419080">
    <ele>565.0</ele>
   </trkpt>
   <trkpt lat="38.9717330" lon="-121.0418320">
    <ele>565.2</ele>
   </trkpt>
   <trkpt lat="38.9717290" lon="-121.0417630">
    <ele>565.2</ele>
   </trkpt>
   <trkpt lat="38.9717250" lon="-121.0417020">
    <ele>565.2</ele>
   </trkpt>
   <trkpt lat="38.9717140" lon="-121.0416410">
    <ele>565.2</ele>
   </trkpt>
   <trkpt lat="38.9716990" lon="-121.0415720">
    <ele>565.4</ele>
   </trkpt>
   <trkpt lat="38.9716870" lon="-121.0415110">
    <ele>565.8</ele>
   </trkpt>
   <trkpt lat="38.9716800" lon="-121.0414660">
    <ele>566.2</ele>
   </trkpt>
   <trkpt lat="38.9716760" lon="-121.0414200">
    <ele>566.4</ele>
   </trkpt>
   <trkpt lat="38.9716680" lon="-121.0413670">
    <ele>566.6</ele>
   </trkpt>
   <trkpt lat="38.9716530" lon="-121.0413130">
    <ele>566.8</ele>
   </trkpt>
   <trkpt lat="38.9716380" lon="-121.0412440">
    <ele>566.6</ele>
   </trkpt>
   <trkpt lat="38.9716220" lon="-121.0411760">
    <ele>566.6</ele>
   </trkpt>
   <trkpt lat="38.9716030" lon="-121.0411070">
    <ele>566.4</ele>
   </trkpt>
   <trkpt lat="38.9715770" lon="-121.0410460">
    <ele>566.4</ele>
   </trkpt>
   <trkpt lat="38.9715460" lon="-121.0409850">
    <ele>566.2</ele>
   </trkpt>
   <trkpt lat="38.9715160" lon="-121.0409240">
    <ele>566.2</ele>
   </trkpt>
   <trkpt lat="38.9714850" lon="-121.0408550">
    <ele>566.2</ele>
   </trkpt>
   <trkpt lat="38.9714660" lon="-121.0407870">
    <ele>566.2</ele>
   </trkpt>
   <trkpt lat="38.9714470" lon="-121.0407100">
    <ele>566.2</ele>
   </trkpt>
   <trkpt lat="38.9714280" lon="-121.0406260">
    <ele>566.0</ele>
   </trkpt>
   <trkpt lat="38.9714130" lon="-121.0405500">
    <ele>566.0</ele>
   </trkpt>
   <trkpt lat="38.9713940" lon="-121.0404740">
    <ele>566.0</ele>
   </trkpt>
   <trkpt lat="38.9713670" lon="-121.0404050">
    <ele>566.0</ele>
   </trkpt>
   <trkpt lat="38.9713360" lon="-121.0403370">
    <ele>565.8</ele>
   </trkpt>
   <trkpt lat="38.9713100" lon="-121.0402760">
    <ele>566.0</ele>
   </trkpt>
   <trkpt lat="38.9712870" lon="-121.0402150">
    <ele>566.2</ele>
   </trkpt>
   <trkpt lat="38.9712680" lon="-121.0401380">
    <ele>566.4</ele>
   </trkpt>
   <trkpt lat="38.9712450" lon="-121.0400700">
    <ele>566.0</ele>
   </trkpt>
   <trkpt lat="38.9712100" lon="-121.0400160">
    <ele>565.8</ele>
   </trkpt>
   <trkpt lat="38.9711720" lon="-121.0399550">
    <ele>565.6</ele>
   </trkpt>
   <trkpt lat="38.9711340" lon="-121.0398940">
    <ele>565.6</ele>
   </trkpt>
   <trkpt lat="38.9711000" lon="-121.0398330">
    <ele>565.4</ele>
   </trkpt>
   <trkpt lat="38.9710660" lon="-121.0397720">
    <ele>565.4</ele>
   </trkpt>
   <trkpt lat="38.9710350" lon="-121.0397110">
    <ele>565.6</ele>
   </trkpt>
   <trkpt lat="38.9710050" lon="-121.0396420">
    <ele>565.6</ele>
   </trkpt>
   <trkpt lat="38.9709780" lon="-121.0395660">
    <ele>565.6</ele>
   </trkpt>
   <trkpt lat="38.9709550" lon="-121.0394900">
    <ele>565.8</ele>
   </trkpt>
   <trkpt lat="38.9709360" lon="-121.0394130">
    <ele>565.8</ele>
   </trkpt>
   <trkpt lat="38.9709170" lon="-121.0393290">
    <ele>565.8</ele>
   </trkpt>
   <trkpt lat="38.9709010" lon="-121.0392530">
    <ele>565.6</ele>
   </trkpt>
   <trkpt lat="38.9708820" lon="-121.0391690">
    <ele>565.6</ele>
   </trkpt>
   <trkpt lat="38.9708670" lon="-121.0390850">
    <ele>565.6</ele>
   </trkpt>
   <trkpt lat="38.9708520" lon="-121.0390010">
    <ele>565.8</ele>
   </trkpt>
   <trkpt lat="38.9708400" lon="-121.0389180">
    <ele>565.8</ele>
   </trkpt>
   <trkpt lat="38.9708250" lon="-121.0388340">
    <ele>565.8</ele>
   </trkpt>
   <trkpt lat="38.9708100" lon="-121.0387500">
    <ele>566.0</ele>
   </trkpt>
   <trkpt lat="38.9707950" lon="-121.0386660">
    <ele>566.2</ele>
   </trkpt>
   <trkpt lat="38.9707790" lon="-121.0385740">
    <ele>566.2</ele>
   </trkpt>
   <trkpt lat="38.9707640" lon="-121.0384900">
    <ele>566.4</ele>
   </trkpt>
   <trkpt lat="38.9707450" lon="-121.0384140">
    <ele>566.6</ele>
   </trkpt>
   <trkpt lat="38.9707260" lon="-121.0383300">
    <ele>566.6</ele>
   </trkpt>
   <trkpt lat="38.9707030" lon="-121.0382460">
    <ele>566.8</ele>
   </trkpt>
   <trkpt lat="38.9706800" lon="-121.0381620">
    <ele>566.8</ele>
   </trkpt>
   <trkpt lat="38.9706540" lon="-121.0380780">
    <ele>566.8</ele>
   </trkpt>
   <trkpt lat="38.9706310" lon="-121.0379870">
    <ele>566.6</ele>
   </trkpt>
   <trkpt lat="38.9706000" lon="-121.0379100">
    <ele>566.4</ele>
   </trkpt>
   <trkpt lat="38.9705700" lon="-121.0378270">
    <ele>566.2</ele>
   </trkpt>
   <trkpt lat="38.9705390" lon="-121.0377500">
    <ele>566.0</ele>
   </trkpt>
   <trkpt lat="38.9705090" lon="-121.0376660">
    <ele>566.0</ele>
   </trkpt>
   <trkpt lat="38.9704740" lon="-121.0375820">
    <ele>565.8</ele>
   </trkpt>
   <trkpt lat="38.9704280" lon="-121.0375060">
    <ele>565.4</ele>
   </trkpt>
   <trkpt lat="38.9703870" lon="-121.0374370">
    <ele>565.2</ele>
   </trkpt>
   <trkpt lat="38.9703670" lon="-121.0373690">
    <ele>565.2</ele>
   </trkpt>
   <trkpt lat="38.9703520" lon="-121.0372850">
    <ele>565.2</ele>
   </trkpt>
   <trkpt lat="38.9703450" lon="-121.0372010">
    <ele>564.8</ele>
   </trkpt>
   <trkpt lat="38.9703520" lon="-121.0371320">
    <ele>564.6</ele>
   </trkpt>
   <trkpt lat="38.9703600" lon="-121.0370560">
    <ele>564.6</ele>
   </trkpt>
   <trkpt lat="38.9703750" lon="-121.0369870">
    <ele>564.6</ele>
   </trkpt>
   <trkpt lat="38.9703900" lon="-121.0369260">
    <ele>564.2</ele>
   </trkpt>
   <trkpt lat="38.9704060" lon="-121.0368580">
    <ele>563.8</ele>
   </trkpt>
   <trkpt lat="38.9704210" lon="-121.0367970">
    <ele>563.2</ele>
   </trkpt>
   <trkpt lat="38.9704400" lon="-121.0367430">
    <ele>562.6</ele>
   </trkpt>
   <trkpt lat="38.9704780" lon="-121.0367050">
    <ele>561.8</ele>
   </trkpt>
   <trkpt lat="38.9705310" lon="-121.0366740">
    <ele>561.0</ele>
   </trkpt>
   <trkpt lat="38.9705920" lon="-121.0366740">
    <ele>560.0</ele>
   </trkpt>
   <trkpt lat="38.9706540" lon="-121.0366820">
    <ele>559.2</ele>
   </trkpt>
   <trkpt lat="38.9707180" lon="-121.0367050">
    <ele>558.4</ele>
   </trkpt>
   <trkpt lat="38.9707870" lon="-121.0367280">
    <ele>558.0</ele>
   </trkpt>
   <trkpt lat="38.9708520" lon="-121.0367580">
    <ele>557.6</ele>
   </trkpt>
   <trkpt lat="38.9709210" lon="-121.0367810">
    <ele>557.4</ele>
   </trkpt>
   <trkpt lat="38.9709850" lon="-121.0368040">
    <ele>557.0</ele>
   </trkpt>
   <trkpt lat="38.9710500" lon="-121.0368190">
    <ele>557.0</ele>
   </trkpt>
   <trkpt lat="38.9711110" lon="-121.0368270">
    <ele>557.0</ele>
   </trkpt>
   <trkpt lat="38.9711720" lon="-121.0368270">
    <ele>557.2</ele>
   </trkpt>
   <trkpt lat="38.9712330" lon="-121.0368190">
    <ele>557.4</ele>
   </trkpt>
   <trkpt lat="38.9712910" lon="-121.0367970">
    <ele>557.6</ele>
   </trkpt>
   <trkpt lat="38.9713440" lon="-121.0367740">
    <ele>557.8</ele>
   </trkpt>
   <trkpt lat="38.9713940" lon="-121.0367430">
    <ele>558.0</ele>
   </trkpt>
   <trkpt lat="38.9714430" lon="-121.0367130">
    <ele>558.2</ele>
   </trkpt>
   <trkpt lat="38.9714930" lon="-121.0366820">
    <ele>558.4</ele>
   </trkpt>
   <trkpt lat="38.9715420" lon="-121.0366520">
    <ele>558.6</ele>
   </trkpt>
   <trkpt lat="38.9715880" lon="-121.0366290">
    <ele>558.8</ele>
   </trkpt>
   <trkpt lat="38.9716340" lon="-121.0365980">
    <ele>559.0</ele>
   </trkpt>
   <trkpt lat="38.9716800" lon="-121.0365680">
    <ele>559.2</ele>
   </trkpt>
   <trkpt lat="38.9717250" lon="-121.0365300">
    <ele>559.4</ele>
   </trkpt>
   <trkpt lat="38.9717710" lon="-121.0364910">
    <ele>559.6</ele>
   </trkpt>
   <trkpt lat="38.9718210" lon="-121.0364610">
    <ele>559.8</ele>
   </trkpt>
   <trkpt lat="38.9718670" lon="-121.0364230">
    <ele>559.8</ele>
   </trkpt>
   <trkpt lat="38.9719120" lon="-121.0363920">
    <ele>560.0</ele>
   </trkpt>
   <trkpt lat="38.9719580" lon="-121.0363540">
    <ele>560.2</ele>
   </trkpt>
   <trkpt lat="38.9720000" lon="-121.0363310">
    <ele>560.4</ele>
   </trkpt>
   <trkpt lat="38.9720420" lon="-121.0363010">
    <ele>560.4</ele>
   </trkpt>
   <trkpt lat="38.9720880" lon="-121.0362700">
    <ele>560.6</ele>
   </trkpt>
   <trkpt lat="38.9721300" lon="-121.0362470">
    <ele>560.6</ele>
   </trkpt>
   <trkpt lat="38.9721720" lon="-121.0362240">
    <ele>560.8</ele>
   </trkpt>
   <trkpt lat="38.9722140" lon="-121.0361940">
    <ele>561.0</ele>
   </trkpt>
   <trkpt lat="38.9722600" lon="-121.0361790">
    <ele>561.0</ele>
   </trkpt>
   <trkpt lat="38.9723010" lon="-121.0361630">
    <ele>561.2</ele>
   </trkpt>
   <trkpt lat="38.9723470" lon="-121.0361480">
    <ele>561.4</ele>
   </trkpt>
   <trkpt lat="38.9723930" lon="-121.0361330">
    <ele>561.6</ele>
   </trkpt>
   <trkpt lat="38.9724390" lon="-121.0361180">
    <ele>561.6</ele>
   </trkpt>
   <trkpt lat="38.9724850" lon="-121.0361180">
    <ele>561.8</ele>
   </trkpt>
   <trkpt lat="38.9725260" lon="-121.0361250">
    <ele>561.8</ele>
   </trkpt>
   <trkpt lat="38.9725680" lon="-121.0361330">
    <ele>562.0</ele>
   </trkpt>
   <trkpt lat="38.9726100" lon="-121.0361560">
    <ele>562.2</ele>
   </trkpt>
   <trkpt lat="38.9726520" lon="-121.0361710">
    <ele>562.4</ele>
   </trkpt>
   <trkpt lat="38.9726980" lon="-121.0361860">
    <ele>562.6</ele>
   </trkpt>
   <trkpt lat="38.9727400" lon="-121.0362090">
    <ele>562.8</ele>
   </trkpt>
   <trkpt lat="38.9727860" lon="-121.0362400">
    <ele>562.8</ele>
   </trkpt>
   <trkpt lat="38.9728360" lon="-121.0362700">
    <ele>562.8</ele>
   </trkpt>
   <trkpt lat="38.9728810" lon="-121.0363010">
    <ele>562.8</ele>
   </trkpt>
   <trkpt lat="38.9729270" lon="-121.0363310">
    <ele>563.0</ele>
   </trkpt>
   <trkpt lat="38.9729730" lon="-121.0363620">
    <ele>563.2</ele>
   </trkpt>
   <trkpt lat="38.9730220" lon="-121.0363920">
    <ele>563.2</ele>
   </trkpt>
   <trkpt lat="38.9730760" lon="-121.0364300">
    <ele>563.0</ele>
   </trkpt>
   <trkpt lat="38.9731330" lon="-121.0364610">
    <ele>563.0</ele>
   </trkpt>
   <trkpt lat="38.9731900" lon="-121.0364990">
    <ele>563.0</ele>
   </trkpt>
   <trkpt lat="38.9732480" lon="-121.0365220">
    <ele>562.8</ele>
   </trkpt>
   <trkpt lat="38.9733090" lon="-121.0365370">
    <ele>562.8</ele>
   </trkpt>
   <trkpt lat="38.9733730" lon="-121.0365450">
    <ele>562.8</ele>
   </trkpt>
   <trkpt lat="38.9734340" lon="-121.0365450">
    <ele>562.8</ele>
   </trkpt>
   <trkpt lat="38.9734920" lon="-121.0365450">
    <ele>562.8</ele>
   </trkpt>
   <trkpt lat="38.9735530" lon="-121.0365370">
    <ele>563.0</ele>
   </trkpt>
   <trkpt lat="38.9736060" lon="-121.0365220">
    <ele>563.2</ele>
   </trkpt>
   <trkpt lat="38.9736520" lon="-121.0365140">
    <ele>563.6</ele>
   </trkpt>
   <trkpt lat="38.9737010" lon="-121.0364990">
    <ele>563.8</ele>
   </trkpt>
   <trkpt lat="38.9737510" lon="-121.0364840">
    <ele>564.0</ele>
   </trkpt>
   <trkpt lat="38.9737930" lon="-121.0364610">
    <ele>564.4</ele>
   </trkpt>
   <trkpt lat="38.9738350" lon="-121.0364460">
    <ele>564.8</ele>
   </trkpt>
   <trkpt lat="38.9738730" lon="-121.0364300">
    <ele>565.2</ele>
   </trkpt>
   <trkpt lat="38.9739070" lon="-121.0364150">
    <ele>565.4</ele>
   </trkpt>
   <trkpt lat="38.9739420" lon="-121.0364070">
    <ele>566.0</ele>
   </trkpt>
   <trkpt lat="38.9739720" lon="-121.0363920">
    <ele>566.2</ele>
   </trkpt>
   <trkpt lat="38.9739990" lon="-121.0363770">
    <ele>566.6</ele>
   </trkpt>
   <trkpt lat="38.9740260" lon="-121.0363690">
    <ele>567.0</ele>
   </trkpt>
   <trkpt lat="38.9740520" lon="-121.0363540">
    <ele>567.4</ele>
   </trkpt>
   <trkpt lat="38.9740750" lon="-121.0363390">
    <ele>567.6</ele>
   </trkpt>
   <trkpt lat="38.9741020" lon="-121.0363310">
    <ele>568.0</ele>
   </trkpt>
   <trkpt lat="38.9741250" lon="-121.0363230">
    <ele>568.2</ele>
   </trkpt>
   <trkpt lat="38.9741480" lon="-121.0363080">
    <ele>568.6</ele>
   </trkpt>
   <trkpt lat="38.9741710" lon="-121.0363010">
    <ele>569.0</ele>
   </trkpt>
   <trkpt lat="38.9741940" lon="-121.0362850">
    <ele>569.2</ele>
   </trkpt>
   <trkpt lat="38.9742240" lon="-121.0362780">
    <ele>569.6</ele>
   </trkpt>
   <trkpt lat="38.9742510" lon="-121.0362700">
    <ele>569.8</ele>
   </trkpt>
   <trkpt lat="38.9742740" lon="-121.0362550">
    <ele>570.2</ele>
   </trkpt>
   <trkpt lat="38.9743000" lon="-121.0362400">
    <ele>570.4</ele>
   </trkpt>
   <trkpt lat="38.9743310" lon="-121.0362240">
    <ele>570.8</ele>
   </trkpt>
   <trkpt lat="38.9743610" lon="-121.0362090">
    <ele>571.0</ele>
   </trkpt>
   <trkpt lat="38.9743920" lon="-121.0361860">
    <ele>571.4</ele>
   </trkpt>
   <trkpt lat="38.9744220" lon="-121.0361710">
    <ele>571.8</ele>
   </trkpt>
   <trkpt lat="38.9744450" lon="-121.0361480">
    <ele>572.2</ele>
   </trkpt>
   <trkpt lat="38.9744720" lon="-121.0361250">
    <ele>572.6</ele>
   </trkpt>
   <trkpt lat="38.9745030" lon="-121.0361020">
    <ele>573.0</ele>
   </trkpt>
   <trkpt lat="38.9745250" lon="-121.0360790">
    <ele>573.2</ele>
   </trkpt>
   <trkpt lat="38.9745450" lon="-121.0360490">
    <ele>573.6</ele>
   </trkpt>
   <trkpt lat="38.9745640" lon="-121.0360110">
    <ele>573.8</ele>
   </trkpt>
   <trkpt lat="38.9745830" lon="-121.0359730">
    <ele>574.2</ele>
   </trkpt>
   <trkpt lat="38.9745940" lon="-121.0359420">
    <ele>574.4</ele>
   </trkpt>
   <trkpt lat="38.9746090" lon="-121.0359040">
    <ele>574.8</ele>
   </trkpt>
   <trkpt lat="38.9746250" lon="-121.0358580">
    <ele>575.0</ele>
   </trkpt>
   <trkpt lat="38.9746360" lon="-121.0358120">
    <ele>575.0</ele>
   </trkpt>
   <trkpt lat="38.9746510" lon="-121.0357670">
    <ele>575.2</ele>
   </trkpt>
   <trkpt lat="38.9746670" lon="-121.0357210">
    <ele>575.2</ele>
   </trkpt>
   <trkpt lat="38.9746820" lon="-121.0356600">
    <ele>575.4</ele>
   </trkpt>
   <trkpt lat="38.9746970" lon="-121.0356060">
    <ele>575.2</ele>
   </trkpt>
   <trkpt lat="38.9747120" lon="-121.0355380">
    <ele>575.2</ele>
   </trkpt>
   <trkpt lat="38.9747310" lon="-121.0354770">
    <ele>575.0</ele>
   </trkpt>
   <trkpt lat="38.9747470" lon="-121.0354080">
    <ele>574.8</ele>
   </trkpt>
   <trkpt lat="38.9747660" lon="-121.0353320">
    <ele>574.6</ele>
   </trkpt>
   <trkpt lat="38.9747850" lon="-121.0352480">
    <ele>574.4</ele>
   </trkpt>
   <trkpt lat="38.9748040" lon="-121.0351640">
    <ele>574.2</ele>
   </trkpt>
   <trkpt lat="38.9748190" lon="-121.0350720">
    <ele>574.0</ele>
   </trkpt>
   <trkpt lat="38.9748340" lon="-121.0349880">
    <ele>573.8</ele>
   </trkpt>
   <trkpt lat="38.9748500" lon="-121.0348970">
    <ele>573.6</ele>
   </trkpt>
   <trkpt lat="38.9748650" lon="-121.0348050">
    <ele>573.4</ele>
   </trkpt>
   <trkpt lat="38.9748840" lon="-121.0347210">
    <ele>573.2</ele>
   </trkpt>
   <trkpt lat="38.9749030" lon="-121.0346220">
    <ele>573.0</ele>
   </trkpt>
   <trkpt lat="38.9749180" lon="-121.0345310">
    <ele>573.0</ele>
   </trkpt>
   <trkpt lat="38.9749300" lon="-121.0344470">
    <ele>572.8</ele>
   </trkpt>
   <trkpt lat="38.9749530" lon="-121.0343550">
    <ele>572.8</ele>
   </trkpt>
   <trkpt lat="38.9749790" lon="-121.0342790">
    <ele>573.0</ele>
   </trkpt>
   <trkpt lat="38.9750060" lon="-121.0342030">
    <ele>573.2</ele>
   </trkpt>
   <trkpt lat="38.9750330" lon="-121.0341260">
    <ele>573.4</ele>
   </trkpt>
   <trkpt lat="38.9750560" lon="-121.0340580">
    <ele>573.8</ele>
   </trkpt>
   <trkpt lat="38.9750750" lon="-121.0340040">
    <ele>574.2</ele>
   </trkpt>
   <trkpt lat="38.9750940" lon="-121.0339510">
    <ele>574.6</ele>
   </trkpt>
   <trkpt lat="38.9751130" lon="-121.0338970">
    <ele>575.2</ele>
   </trkpt>
   <trkpt lat="38.9751280" lon="-121.0338440">
    <ele>575.6</ele>
   </trkpt>
   <trkpt lat="38.9751430" lon="-121.0337980">
    <ele>576.0</ele>
   </trkpt>
   <trkpt lat="38.9751590" lon="-121.0337520">
    <ele>576.4</ele>
   </trkpt>
   <trkpt lat="38.9751780" lon="-121.0337070">
    <ele>576.6</ele>
   </trkpt>
   <trkpt lat="38.9751930" lon="-121.0336530">
    <ele>577.0</ele>
   </trkpt>
   <trkpt lat="38.9752040" lon="-121.0336070">
    <ele>577.2</ele>
   </trkpt>
   <trkpt lat="38.9752200" lon="-121.0335540">
    <ele>577.4</ele>
   </trkpt>
   <trkpt lat="38.9752310" lon="-121.0335010">
    <ele>577.6</ele>
   </trkpt>
   <trkpt lat="38.9752430" lon="-121.0334470">
    <ele>577.8</ele>
   </trkpt>
   <trkpt lat="38.9752580" lon="-121.0333940">
    <ele>578.0</ele>
   </trkpt>
   <trkpt lat="38.9752650" lon="-121.0333330">
    <ele>578.2</ele>
   </trkpt>
   <trkpt lat="38.9752810" lon="-121.0332870">
    <ele>578.4</ele>
   </trkpt>
   <trkpt lat="38.9752880" lon="-121.0332340">
    <ele>578.4</ele>
   </trkpt>
   <trkpt lat="38.9753000" lon="-121.0331800">
    <ele>578.8</ele>
   </trkpt>
   <trkpt lat="38.9753110" lon="-121.0331340">
    <ele>579.0</ele>
   </trkpt>
   <trkpt lat="38.9753190" lon="-121.0330810">
    <ele>579.2</ele>
   </trkpt>
   <trkpt lat="38.9753230" lon="-121.0330350">
    <ele>579.4</ele>
   </trkpt>
   <trkpt lat="38.9753300" lon="-121.0329820">
    <ele>579.8</ele>
   </trkpt>
   <trkpt lat="38.9753380" lon="-121.0329280">
    <ele>580.0</ele>
   </trkpt>
   <trkpt lat="38.9753460" lon="-121.0328670">
    <ele>580.2</ele>
   </trkpt>
   <trkpt lat="38.9753530" lon="-121.0328220">
    <ele>580.4</ele>
   </trkpt>
   <trkpt lat="38.9753650" lon="-121.0327610">
    <ele>580.6</ele>
   </trkpt>
   <trkpt lat="38.9753760" lon="-121.0327000">
    <ele>580.8</ele>
   </trkpt>
   <trkpt lat="38.9753910" lon="-121.0326380">
    <ele>580.8</ele>
   </trkpt>
   <trkpt lat="38.9754100" lon="-121.0325700">
    <ele>581.0</ele>
   </trkpt>
   <trkpt lat="38.9754290" lon="-121.0325090">
    <ele>581.0</ele>
   </trkpt>
   <trkpt lat="38.9754450" lon="-121.0324400">
    <ele>581.0</ele>
   </trkpt>
   <trkpt lat="38.9754600" lon="-121.0323710">
    <ele>581.0</ele>
   </trkpt>
   <trkpt lat="38.9754750" lon="-121.0323030">
    <ele>581.2</ele>
   </trkpt>
   <trkpt lat="38.9754870" lon="-121.0322340">
    <ele>581.4</ele>
   </trkpt>
   <trkpt lat="38.9754980" lon="-121.0321730">
    <ele>581.6</ele>
   </trkpt>
   <trkpt lat="38.9755130" lon="-121.0321120">
    <ele>581.8</ele>
   </trkpt>
   <trkpt lat="38.9755250" lon="-121.0320510">
    <ele>582.0</ele>
   </trkpt>
   <trkpt lat="38.9755360" lon="-121.0319980">
    <ele>582.2</ele>
   </trkpt>
   <trkpt lat="38.9755440" lon="-121.0319370">
    <ele>582.4</ele>
   </trkpt>
   <trkpt lat="38.9755520" lon="-121.0318910">
    <ele>582.8</ele>
   </trkpt>
   <trkpt lat="38.9755630" lon="-121.0318530">
    <ele>583.2</ele>
   </trkpt>
   <trkpt lat="38.9755710" lon="-121.0318070">
    <ele>583.4</ele>
   </trkpt>
   <trkpt lat="38.9755820" lon="-121.0317690">
    <ele>583.8</ele>
   </trkpt>
   <trkpt lat="38.9755900" lon="-121.0317310">
    <ele>584.0</ele>
   </trkpt>
   <trkpt lat="38.9755970" lon="-121.0316850">
    <ele>584.4</ele>
   </trkpt>
   <trkpt lat="38.9756010" lon="-121.0316470">
    <ele>584.6</ele>
   </trkpt>
   <trkpt lat="38.9756050" lon="-121.0316080">
    <ele>584.8</ele>
   </trkpt>
   <trkpt lat="38.9756090" lon="-121.0315700">
    <ele>585.2</ele>
   </trkpt>
   <trkpt lat="38.9756160" lon="-121.0315250">
    <ele>585.6</ele>
   </trkpt>
   <trkpt lat="38.9756280" lon="-121.0314860">
    <ele>585.8</ele>
   </trkpt>
   <trkpt lat="38.9756360" lon="-121.0314480">
    <ele>586.2</ele>
   </trkpt>
   <trkpt lat="38.9756430" lon="-121.0314030">
    <ele>586.4</ele>
   </trkpt>
   <trkpt lat="38.9756510" lon="-121.0313570">
    <ele>586.6</ele>
   </trkpt>
   <trkpt lat="38.9756620" lon="-121.0313110">
    <ele>586.8</ele>
   </trkpt>
   <trkpt lat="38.9756770" lon="-121.0312730">
    <ele>587.0</ele>
   </trkpt>
   <trkpt lat="38.9756930" lon="-121.0312270">
    <ele>587.4</ele>
   </trkpt>
   <trkpt lat="38.9757080" lon="-121.0311890">
    <ele>587.6</ele>
   </trkpt>
   <trkpt lat="38.9757230" lon="-121.0311510">
    <ele>587.8</ele>
   </trkpt>
   <trkpt lat="38.9757460" lon="-121.0311130">
    <ele>588.2</ele>
   </trkpt>
   <trkpt lat="38.9757730" lon="-121.0310740">
    <ele>588.4</ele>
   </trkpt>
   <trkpt lat="38.9757960" lon="-121.0310360">
    <ele>588.6</ele>
   </trkpt>
   <trkpt lat="38.9758190" lon="-121.0309980">
    <ele>588.8</ele>
   </trkpt>
   <trkpt lat="38.9758450" lon="-121.0309600">
    <ele>589.0</ele>
   </trkpt>
   <trkpt lat="38.9758720" lon="-121.0309290">
    <ele>589.2</ele>
   </trkpt>
   <trkpt lat="38.9759030" lon="-121.0308910">
    <ele>589.4</ele>
   </trkpt>
   <trkpt lat="38.9759290" lon="-121.0308530">
    <ele>589.6</ele>
   </trkpt>
   <trkpt lat="38.9759560" lon="-121.0308150">
    <ele>589.8</ele>
   </trkpt>
   <trkpt lat="38.9759830" lon="-121.0307770">
    <ele>590.0</ele>
   </trkpt>
   <trkpt lat="38.9760130" lon="-121.0307390">
    <ele>590.2</ele>
   </trkpt>
   <trkpt lat="38.9760400" lon="-121.0307080">
    <ele>590.2</ele>
   </trkpt>
   <trkpt lat="38.9760700" lon="-121.0306700">
    <ele>590.4</ele>
   </trkpt>
   <trkpt lat="38.9761010" lon="-121.0306320">
    <ele>590.6</ele>
   </trkpt>
   <trkpt lat="38.9761350" lon="-121.0306010">
    <ele>590.8</ele>
   </trkpt>
   <trkpt lat="38.9761730" lon="-121.0305630">
    <ele>591.0</ele>
   </trkpt>
   <trkpt lat="38.9762120" lon="-121.0305330">
    <ele>591.0</ele>
   </trkpt>
   <trkpt lat="38.9762570" lon="-121.0305100">
    <ele>591.0</ele>
   </trkpt>
   <trkpt lat="38.9763070" lon="-121.0304720">
    <ele>591.0</ele>
   </trkpt>
   <trkpt lat="38.9763640" lon="-121.0304340">
    <ele>590.8</ele>
   </trkpt>
   <trkpt lat="38.9764210" lon="-121.0304030">
    <ele>590.6</ele>
   </trkpt>
   <trkpt lat="38.9764820" lon="-121.0303650">
    <ele>590.2</ele>
   </trkpt>
   <trkpt lat="38.9765470" lon="-121.0303120">
    <ele>589.8</ele>
   </trkpt>
   <trkpt lat="38.9766080" lon="-121.0302500">
    <ele>589.2</ele>
   </trkpt>
   <trkpt lat="38.9766690" lon="-121.0301740">
    <ele>588.6</ele>
   </trkpt>
   <trkpt lat="38.9767260" lon="-121.0300900">
    <ele>588.0</ele>
   </trkpt>
   <trkpt lat="38.9767800" lon="-121.0300060">
    <ele>587.4</ele>
   </trkpt>
   <trkpt lat="38.9768330" lon="-121.0299220">
    <ele>586.8</ele>
   </trkpt>
   <trkpt lat="38.9768870" lon="-121.0298310">
    <ele>586.4</ele>
   </trkpt>
   <trkpt lat="38.9769400" lon="-121.0297320">
    <ele>586.0</ele>
   </trkpt>
   <trkpt lat="38.9769900" lon="-121.0296400">
    <ele>585.6</ele>
   </trkpt>
   <trkpt lat="38.9770320" lon="-121.0295560">
    <ele>585.2</ele>
   </trkpt>
   <trkpt lat="38.9770770" lon="-121.0294880">
    <ele>584.8</ele>
   </trkpt>
   <trkpt lat="38.9771270" lon="-121.0294340">
    <ele>584.6</ele>
   </trkpt>
   <trkpt lat="38.9771800" lon="-121.0293960">
    <ele>584.8</ele>
   </trkpt>
   <trkpt lat="38.9772220" lon="-121.0293650">
    <ele>585.0</ele>
   </trkpt>
   <trkpt lat="38.9772610" lon="-121.0293270">
    <ele>585.0</ele>
   </trkpt>
   <trkpt lat="38.9772910" lon="-121.0292820">
    <ele>585.2</ele>
   </trkpt>
   <trkpt lat="38.9773140" lon="-121.0292430">
    <ele>585.2</ele>
   </trkpt>
   <trkpt lat="38.9773330" lon="-121.0292050">
    <ele>585.4</ele>
   </trkpt>
   <trkpt lat="38.9773520" lon="-121.0291750">
    <ele>585.8</ele>
   </trkpt>
   <trkpt lat="38.9773750" lon="-121.0291590">
    <ele>586.0</ele>
   </trkpt>
   <trkpt lat="38.9773900" lon="-121.0291440">
    <ele>586.4</ele>
   </trkpt>
   <trkpt lat="38.9774060" lon="-121.0291210">
    <ele>586.6</ele>
   </trkpt>
   <trkpt lat="38.9774170" lon="-121.0290980">
    <ele>587.0</ele>
   </trkpt>
   <trkpt lat="38.9774320" lon="-121.0290760">
    <ele>587.4</ele>
   </trkpt>
   <trkpt lat="38.9774440" lon="-121.0290600">
    <ele>587.8</ele>
   </trkpt>
   <trkpt lat="38.9774510" lon="-121.0290370">
    <ele>588.2</ele>
   </trkpt>
   <trkpt lat="38.9774630" lon="-121.0290150">
    <ele>588.4</ele>
   </trkpt>
   <trkpt lat="38.9774780" lon="-121.0289920">
    <ele>588.8</ele>
   </trkpt>
   <trkpt lat="38.9774890" lon="-121.0289760">
    <ele>589.0</ele>
   </trkpt>
   <trkpt lat="38.9775050" lon="-121.0289540">
    <ele>589.4</ele>
   </trkpt>
   <trkpt lat="38.9775240" lon="-121.0289230">
    <ele>589.6</ele>
   </trkpt>
   <trkpt lat="38.9775390" lon="-121.0289000">
    <ele>590.0</ele>
   </trkpt>
   <trkpt lat="38.9775510" lon="-121.0288700">
    <ele>590.2</ele>
   </trkpt>
   <trkpt lat="38.9775660" lon="-121.0288540">
    <ele>590.4</ele>
   </trkpt>
   <trkpt lat="38.9775850" lon="-121.0288390">
    <ele>590.8</ele>
   </trkpt>
   <trkpt lat="38.9776040" lon="-121.0288160">
    <ele>591.0</ele>
   </trkpt>
   <trkpt lat="38.9776120" lon="-121.0287930">
    <ele>591.2</ele>
   </trkpt>
   <trkpt lat="38.9776230" lon="-121.0287700">
    <ele>591.6</ele>
   </trkpt>
   <trkpt lat="38.9776340" lon="-121.0287470">
    <ele>591.8</ele>
   </trkpt>
   <trkpt lat="38.9776500" lon="-121.0287320">
    <ele>592.0</ele>
   </trkpt>
   <trkpt lat="38.9776650" lon="-121.0287170">
    <ele>592.4</ele>
   </trkpt>
   <trkpt lat="38.9776840" lon="-121.0286940">
    <ele>592.6</ele>
   </trkpt>
   <trkpt lat="38.9776990" lon="-121.0286710">
    <ele>592.8</ele>
   </trkpt>
   <trkpt lat="38.9777150" lon="-121.0286480">
    <ele>593.2</ele>
   </trkpt>
   <trkpt lat="38.9777260" lon="-121.0286180">
    <ele>593.4</ele>
   </trkpt>
   <trkpt lat="38.9777410" lon="-121.0285950">
    <ele>593.6</ele>
   </trkpt>
   <trkpt lat="38.9777600" lon="-121.0285720">
    <ele>593.8</ele>
   </trkpt>
   <trkpt lat="38.9777760" lon="-121.0285490">
    <ele>594.0</ele>
   </trkpt>
   <trkpt lat="38.9778020" lon="-121.0285260">
    <ele>594.4</ele>
   </trkpt>
   <trkpt lat="38.9778250" lon="-121.0285030">
    <ele>594.6</ele>
   </trkpt>
   <trkpt lat="38.9778520" lon="-121.0284800">
    <ele>594.8</ele>
   </trkpt>
   <trkpt lat="38.9778820" lon="-121.0284580">
    <ele>594.8</ele>
   </trkpt>
   <trkpt lat="38.9779170" lon="-121.0284420">
    <ele>594.8</ele>
   </trkpt>
   <trkpt lat="38.9779510" lon="-121.0284190">
    <ele>595.0</ele>
   </trkpt>
   <trkpt lat="38.9779850" lon="-121.0283970">
    <ele>595.2</ele>
   </trkpt>
   <trkpt lat="38.9780160" lon="-121.0283810">
    <ele>595.2</ele>
   </trkpt>
   <trkpt lat="38.9780460" lon="-121.0283580">
    <ele>595.2</ele>
   </trkpt>
   <trkpt lat="38.9780730" lon="-121.0283430">
    <ele>595.4</ele>
   </trkpt>
   <trkpt lat="38.9780960" lon="-121.0283280">
    <ele>595.4</ele>
   </trkpt>
   <trkpt lat="38.9781190" lon="-121.0283130">
    <ele>595.6</ele>
   </trkpt>
   <trkpt lat="38.9781460" lon="-121.0282900">
    <ele>595.8</ele>
   </trkpt>
   <trkpt lat="38.9781720" lon="-121.0282670">
    <ele>596.0</ele>
   </trkpt>
   <trkpt lat="38.9781990" lon="-121.0282520">
    <ele>596.2</ele>
   </trkpt>
   <trkpt lat="38.9782260" lon="-121.0282360">
    <ele>596.4</ele>
   </trkpt>
   <trkpt lat="38.9782520" lon="-121.0282210">
    <ele>596.8</ele>
   </trkpt>
   <trkpt lat="38.9782790" lon="-121.0282060">
    <ele>597.0</ele>
   </trkpt>
   <trkpt lat="38.9783060" lon="-121.0281830">
    <ele>597.2</ele>
   </trkpt>
   <trkpt lat="38.9783320" lon="-121.0281680">
    <ele>597.6</ele>
   </trkpt>
   <trkpt lat="38.9783590" lon="-121.0281520">
    <ele>597.8</ele>
   </trkpt>
   <trkpt lat="38.9783820" lon="-121.0281370">
    <ele>598.0</ele>
   </trkpt>
   <trkpt lat="38.9784010" lon="-121.0281220">
    <ele>598.4</ele>
   </trkpt>
   <trkpt lat="38.9784160" lon="-121.0281140">
    <ele>598.6</ele>
   </trkpt>
   <trkpt lat="38.9784350" lon="-121.0280990">
    <ele>599.0</ele>
   </trkpt>
   <trkpt lat="38.9784580" lon="-121.0280910">
    <ele>599.2</ele>
   </trkpt>
   <trkpt lat="38.9784810" lon="-121.0280840">
    <ele>599.4</ele>
   </trkpt>
   <trkpt lat="38.9785040" lon="-121.0280910">
    <ele>599.6</ele>
   </trkpt>
   <trkpt lat="38.9785230" lon="-121.0280990">
    <ele>599.8</ele>
   </trkpt>
   <trkpt lat="38.9785380" lon="-121.0281070">
    <ele>600.2</ele>
   </trkpt>
   <trkpt lat="38.9785540" lon="-121.0281140">
    <ele>600.6</ele>
   </trkpt>
   <trkpt lat="38.9785650" lon="-121.0281290">
    <ele>601.0</ele>
   </trkpt>
   <trkpt lat="38.9785770" lon="-121.0281450">
    <ele>601.4</ele>
   </trkpt>
   <trkpt lat="38.9785920" lon="-121.0281680">
    <ele>601.8</ele>
   </trkpt>
   <trkpt lat="38.9786070" lon="-121.0281830">
    <ele>602.0</ele>
   </trkpt>
   <trkpt lat="38.9786260" lon="-121.0281980">
    <ele>602.4</ele>
   </trkpt>
   <trkpt lat="38.9786420" lon="-121.0282130">
    <ele>602.8</ele>
   </trkpt>
   <trkpt lat="38.9786570" lon="-121.0282210">
    <ele>603.2</ele>
   </trkpt>
   <trkpt lat="38.9786760" lon="-121.0282290">
    <ele>603.4</ele>
   </trkpt>
   <trkpt lat="38.9786990" lon="-121.0282290">
    <ele>603.8</ele>
   </trkpt>
   <trkpt lat="38.9787220" lon="-121.0282290">
    <ele>604.0</ele>
   </trkpt>
   <trkpt lat="38.9787450" lon="-121.0282290">
    <ele>604.4</ele>
   </trkpt>
   <trkpt lat="38.9787670" lon="-121.0282210">
    <ele>604.8</ele>
   </trkpt>
   <trkpt lat="38.9787860" lon="-121.0282210">
    <ele>605.2</ele>
   </trkpt>
   <trkpt lat="38.9788060" lon="-121.0282210">
    <ele>605.4</ele>
   </trkpt>
   <trkpt lat="38.9788280" lon="-121.0282210">
    <ele>605.8</ele>
   </trkpt>
   <trkpt lat="38.9788470" lon="-121.0282210">
    <ele>606.0</ele>
   </trkpt>
   <trkpt lat="38.9788670" lon="-121.0282210">
    <ele>606.4</ele>
   </trkpt>
   <trkpt lat="38.9788860" lon="-121.0282210">
    <ele>606.8</ele>
   </trkpt>
   <trkpt lat="38.9789010" lon="-121.0282210">
    <ele>607.0</ele>
   </trkpt>
   <trkpt lat="38.9789240" lon="-121.0282130">
    <ele>607.4</ele>
   </trkpt>
   <trkpt lat="38.9789500" lon="-121.0282130">
    <ele>607.8</ele>
   </trkpt>
   <trkpt lat="38.9789730" lon="-121.0282130">
    <ele>608.2</ele>
   </trkpt>
   <trkpt lat="38.9789920" lon="-121.0282130">
    <ele>608.4</ele>
   </trkpt>
   <trkpt lat="38.9790150" lon="-121.0282130">
    <ele>608.8</ele>
   </trkpt>
   <trkpt lat="38.9790380" lon="-121.0282130">
    <ele>609.2</ele>
   </trkpt>
   <trkpt lat="38.9790610" lon="-121.0282130">
    <ele>609.4</ele>
   </trkpt>
   <trkpt lat="38.9790840" lon="-121.0282130">
    <ele>609.6</ele>
   </trkpt>
   <trkpt lat="38.9791070" lon="-121.0282130">
    <ele>610.0</ele>
   </trkpt>
   <trkpt lat="38.9791370" lon="-121.0282210">
    <ele>610.2</ele>
   </trkpt>
   <trkpt lat="38.9791640" lon="-121.0282210">
    <ele>610.4</ele>
   </trkpt>
   <trkpt lat="38.9791950" lon="-121.0282210">
    <ele>610.6</ele>
   </trkpt>
   <trkpt lat="38.9792210" lon="-121.0282210">
    <ele>610.8</ele>
   </trkpt>
   <trkpt lat="38.9792520" lon="-121.0282210">
    <ele>611.0</ele>
   </trkpt>
   <trkpt lat="38.9792790" lon="-121.0282290">
    <ele>611.2</ele>
   </trkpt>
   <trkpt lat="38.9793130" lon="-121.0282290">
    <ele>611.2</ele>
   </trkpt>
   <trkpt lat="38.9793400" lon="-121.0282210">
    <ele>611.2</ele>
   </trkpt>
   <trkpt lat="38.9793740" lon="-121.0282290">
    <ele>611.2</ele>
   </trkpt>
   <trkpt lat="38.9794080" lon="-121.0282360">
    <ele>611.2</ele>
   </trkpt>
   <trkpt lat="38.9794460" lon="-121.0282360">
    <ele>611.0</ele>
   </trkpt>
   <trkpt lat="38.9794850" lon="-121.0282440">
    <ele>611.0</ele>
   </trkpt>
   <trkpt lat="38.9795260" lon="-121.0282520">
    <ele>610.8</ele>
   </trkpt>
   <trkpt lat="38.9795720" lon="-121.0282520">
    <ele>610.6</ele>
   </trkpt>
   <trkpt lat="38.9796220" lon="-121.0282590">
    <ele>610.4</ele>
   </trkpt>
   <trkpt lat="38.9796710" lon="-121.0282590">
    <ele>610.2</ele>
   </trkpt>
   <trkpt lat="38.9797290" lon="-121.0282520">
    <ele>609.8</ele>
   </trkpt>
   <trkpt lat="38.9797860" lon="-121.0282520">
    <ele>609.4</ele>
   </trkpt>
   <trkpt lat="38.9798470" lon="-121.0282590">
    <ele>608.6</ele>
   </trkpt>
   <trkpt lat="38.9799120" lon="-121.0282520">
    <ele>607.8</ele>
   </trkpt>
   <trkpt lat="38.9799800" lon="-121.0282520">
    <ele>607.0</ele>
   </trkpt>
   <trkpt lat="38.9800570" lon="-121.0282520">
    <ele>606.0</ele>
   </trkpt>
   <trkpt lat="38.9801440" lon="-121.0282520">
    <ele>605.2</ele>
   </trkpt>
   <trkpt lat="38.9802250" lon="-121.0282590">
    <ele>604.6</ele>
   </trkpt>
   <trkpt lat="38.9803050" lon="-121.0282670">
    <ele>604.0</ele>
   </trkpt>
   <trkpt lat="38.9803850" lon="-121.0282750">
    <ele>603.6</ele>
   </trkpt>
   <trkpt lat="38.9804570" lon="-121.0282670">
    <ele>603.2</ele>
   </trkpt>
   <trkpt lat="38.9805260" lon="-121.0282670">
    <ele>603.0</ele>
   </trkpt>
   <trkpt lat="38.9805870" lon="-121.0282670">
    <ele>602.6</ele>
   </trkpt>
   <trkpt lat="38.9806400" lon="-121.0282750">
    <ele>602.2</ele>
   </trkpt>
   <trkpt lat="38.9806860" lon="-121.0282750">
    <ele>601.8</ele>
   </trkpt>
   <trkpt lat="38.9807240" lon="-121.0282820">
    <ele>601.4</ele>
   </trkpt>
   <trkpt lat="38.9807660" lon="-121.0282820">
    <ele>601.4</ele>
   </trkpt>
   <trkpt lat="38.9808080" lon="-121.0282750">
    <ele>601.4</ele>
   </trkpt>
   <trkpt lat="38.9808460" lon="-121.0282670">
    <ele>601.2</ele>
   </trkpt>
   <trkpt lat="38.9808880" lon="-121.0282750">
    <ele>600.6</ele>
   </trkpt>
   <trkpt lat="38.9809340" lon="-121.0282670">
    <ele>600.0</ele>
   </trkpt>
   <trkpt lat="38.9809880" lon="-121.0282670">
    <ele>598.8</ele>
   </trkpt>
   <trkpt lat="38.9810490" lon="-121.0282750">
    <ele>597.8</ele>
   </trkpt>
   <trkpt lat="38.9811130" lon="-121.0282750">
    <ele>596.6</ele>
   </trkpt>
   <trkpt lat="38.9811820" lon="-121.0282820">
    <ele>595.6</ele>
   </trkpt>
   <trkpt lat="38.9812510" lon="-121.0282900">
    <ele>594.6</ele>
   </trkpt>
   <trkpt lat="38.9813310" lon="-121.0282820">
    <ele>593.6</ele>
   </trkpt>
   <trkpt lat="38.9814110" lon="-121.0282750">
    <ele>592.6</ele>
   </trkpt>
   <trkpt lat="38.9814910" lon="-121.0282670">
    <ele>591.6</ele>
   </trkpt>
   <trkpt lat="38.9815710" lon="-121.0282670">
    <ele>591.0</ele>
   </trkpt>
   <trkpt lat="38.9816440" lon="-121.0282750">
    <ele>590.4</ele>
   </trkpt>
   <trkpt lat="38.9817120" lon="-121.0282900">
    <ele>590.2</ele>
   </trkpt>
   <trkpt lat="38.9817620" lon="-121.0282900">
    <ele>590.2</ele>
   </trkpt>
   <trkpt lat="38.9818080" lon="-121.0282900">
    <ele>590.4</ele>
   </trkpt>
   <trkpt lat="38.9818460" lon="-121.0282970">
    <ele>590.8</ele>
   </trkpt>
   <trkpt lat="38.9818730" lon="-121.0282970">
    <ele>591.0</ele>
   </trkpt>
   <trkpt lat="38.9818920" lon="-121.0283050">
    <ele>591.4</ele>
   </trkpt>
   <trkpt lat="38.9819110" lon="-121.0283050">
    <ele>591.8</ele>
   </trkpt>
   <trkpt lat="38.9819300" lon="-121.0283130">
    <ele>592.2</ele>
   </trkpt>
   <trkpt lat="38.9819530" lon="-121.0283130">
    <ele>592.6</ele>
   </trkpt>
   <trkpt lat="38.9819760" lon="-121.0283130">
    <ele>592.8</ele>
   </trkpt>
   <trkpt lat="38.9819950" lon="-121.0283050">
    <ele>593.2</ele>
   </trkpt>
   <trkpt lat="38.9820140" lon="-121.0283130">
    <ele>593.6</ele>
   </trkpt>
   <trkpt lat="38.9820330" lon="-121.0283130">
    <ele>594.0</ele>
   </trkpt>
   <trkpt lat="38.9820520" lon="-121.0283130">
    <ele>594.4</ele>
   </trkpt>
   <trkpt lat="38.9820710" lon="-121.0283200">
    <ele>594.8</ele>
   </trkpt>
   <trkpt lat="38.9820940" lon="-121.0283200">
    <ele>595.0</ele>
   </trkpt>
   <trkpt lat="38.9821130" lon="-121.0283130">
    <ele>595.6</ele>
   </trkpt>
   <trkpt lat="38.9821360" lon="-121.0283050">
    <ele>596.0</ele>
   </trkpt>
   <trkpt lat="38.9821590" lon="-121.0283050">
    <ele>596.2</ele>
   </trkpt>
   <trkpt lat="38.9821820" lon="-121.0283050">
    <ele>596.6</ele>
   </trkpt>
   <trkpt lat="38.9822010" lon="-121.0283050">
    <ele>596.8</ele>
   </trkpt>
   <trkpt lat="38.9822240" lon="-121.0283050">
    <ele>597.2</ele>
   </trkpt>
   <trkpt lat="38.9822430" lon="-121.0283050">
    <ele>597.4</ele>
   </trkpt>
   <trkpt lat="38.9822650" lon="-121.0282970">
    <ele>597.8</ele>
   </trkpt>
   <trkpt lat="38.9822850" lon="-121.0282970">
    <ele>598.2</ele>
   </trkpt>
   <trkpt lat="38.9823070" lon="-121.0283050">
    <ele>598.6</ele>
   </trkpt>
   <trkpt lat="38.9823300" lon="-121.0283050">
    <ele>598.8</ele>
   </trkpt>
   <trkpt lat="38.9823570" lon="-121.0283130">
    <ele>599.2</ele>
   </trkpt>
   <trkpt lat="38.9823800" lon="-121.0283130">
    <ele>599.6</ele>
   </trkpt>
   <trkpt lat="38.9824030" lon="-121.0283200">
    <ele>600.0</ele>
   </trkpt>
   <trkpt lat="38.9824220" lon="-121.0283200">
    <ele>600.4</ele>
   </trkpt>
   <trkpt lat="38.9824330" lon="-121.0283200">
    <ele>600.8</ele>
   </trkpt>
   <trkpt lat="38.9824370" lon="-121.0283200">
    <ele>601.0</ele>
   </trkpt>
   <trkpt lat="38.9824370" lon="-121.0283200">
    <ele>601.2</ele>
   </trkpt>
   <trkpt lat="38.9824370" lon="-121.0283200">
    <ele>601.4</ele>
   </trkpt>
   <trkpt lat="38.9824370" lon="-121.0283200">
    <ele>601.6</ele>
   </trkpt>
   <trkpt lat="38.9824370" lon="-121.0283200">
    <ele>601.6</ele>
   </trkpt>
   <trkpt lat="38.9824680" lon="-121.0283280">
    <ele>602.0</ele>
   </trkpt>
   <trkpt lat="38.9824790" lon="-121.0283200">
    <ele>602.0</ele>
   </trkpt>
   <trkpt lat="38.9824910" lon="-121.0283130">
    <ele>602.0</ele>
   </trkpt>
   <trkpt lat="38.9825020" lon="-121.0283130">
    <ele>602.2</ele>
   </trkpt>
   <trkpt lat="38.9825170" lon="-121.0283200">
    <ele>602.2</ele>
   </trkpt>
   <trkpt lat="38.9825320" lon="-121.0283200">
    <ele>602.2</ele>
   </trkpt>
   <trkpt lat="38.9825520" lon="-121.0283130">
    <ele>602.2</ele>
   </trkpt>
   <trkpt lat="38.9825710" lon="-121.0283130">
    <ele>602.4</ele>
   </trkpt>
   <trkpt lat="38.9825970" lon="-121.0283200">
    <ele>602.4</ele>
   </trkpt>
   <trkpt lat="38.9826240" lon="-121.0283200">
    <ele>602.4</ele>
   </trkpt>
   <trkpt lat="38.9826510" lon="-121.0283280">
    <ele>602.4</ele>
   </trkpt>
   <trkpt lat="38.9826770" lon="-121.0283280">
    <ele>602.6</ele>
   </trkpt>
   <trkpt lat="38.9827080" lon="-121.0283360">
    <ele>602.6</ele>
   </trkpt>
   <trkpt lat="38.9827380" lon="-121.0283280">
    <ele>602.6</ele>
   </trkpt>
   <trkpt lat="38.9827690" lon="-121.0283280">
    <ele>602.6</ele>
   </trkpt>
   <trkpt lat="38.9828030" lon="-121.0283280">
    <ele>602.6</ele>
   </trkpt>
   <trkpt lat="38.9828450" lon="-121.0283200">
    <ele>602.4</ele>
   </trkpt>
   <trkpt lat="38.9828910" lon="-121.0283200">
    <ele>602.0</ele>
   </trkpt>
   <trkpt lat="38.9829440" lon="-121.0283200">
    <ele>601.8</ele>
   </trkpt>
   <trkpt lat="38.9829940" lon="-121.0283130">
    <ele>601.6</ele>
   </trkpt>
   <trkpt lat="38.9830440" lon="-121.0283050">
    <ele>601.4</ele>
   </trkpt>
   <trkpt lat="38.9830860" lon="-121.0282970">
    <ele>601.0</ele>
   </trkpt>
   <trkpt lat="38.9831240" lon="-121.0282820">
    <ele>600.6</ele>
   </trkpt>
   <trkpt lat="38.9831580" lon="-121.0282750">
    <ele>600.0</ele>
   </trkpt>
   <trkpt lat="38.9831890" lon="-121.0282590">
    <ele>599.6</ele>
   </trkpt>
   <trkpt lat="38.9832080" lon="-121.0282210">
    <ele>599.2</ele>
   </trkpt>
   <trkpt lat="38.9832110" lon="-121.0281750">
    <ele>599.0</ele>
   </trkpt>
   <trkpt lat="38.9831890" lon="-121.0281220">
    <ele>598.6</ele>
   </trkpt>
   <trkpt lat="38.9831620" lon="-121.0280680">
    <ele>598.2</ele>
   </trkpt>
   <trkpt lat="38.9831310" lon="-121.0280070">
    <ele>597.6</ele>
   </trkpt>
   <trkpt lat="38.9830970" lon="-121.0279390">
    <ele>597.2</ele>
   </trkpt>
   <trkpt lat="38.9830590" lon="-121.0278630">
    <ele>596.6</ele>
   </trkpt>
   <trkpt lat="38.9830210" lon="-121.0277790">
    <ele>596.0</ele>
   </trkpt>
   <trkpt lat="38.9829750" lon="-121.0276950">
    <ele>595.2</ele>
   </trkpt>
   <trkpt lat="38.9829250" lon="-121.0276110">
    <ele>594.4</ele>
   </trkpt>
   <trkpt lat="38.9828640" lon="-121.0275190">
    <ele>593.6</ele>
   </trkpt>
   <trkpt lat="38.9827920" lon="-121.0274280">
    <ele>592.6</ele>
   </trkpt>
   <trkpt lat="38.9827080" lon="-121.0273360">
    <ele>591.4</ele>
   </trkpt>
   <trkpt lat="38.9826200" lon="-121.0272520">
    <ele>590.0</ele>
   </trkpt>
   <trkpt lat="38.9825250" lon="-121.0271680">
    <ele>588.6</ele>
   </trkpt>
   <trkpt lat="38.9824180" lon="-121.0270770">
    <ele>587.0</ele>
   </trkpt>
   <trkpt lat="38.9823110" lon="-121.0270000">
    <ele>585.6</ele>
   </trkpt>
   <trkpt lat="38.9822040" lon="-121.0269090">
    <ele>584.2</ele>
   </trkpt>
   <trkpt lat="38.9820980" lon="-121.0268170">
    <ele>582.8</ele>
   </trkpt>
   <trkpt lat="38.9819910" lon="-121.0267180">
    <ele>581.6</ele>
   </trkpt>
   <trkpt lat="38.9818920" lon="-121.0266040">
    <ele>580.4</ele>
   </trkpt>
   <trkpt lat="38.9818000" lon="-121.0264820">
    <ele>579.4</ele>
   </trkpt>
   <trkpt lat="38.9817280" lon="-121.0263520">
    <ele>578.6</ele>
   </trkpt>
   <trkpt lat="38.9816700" lon="-121.0261990">
    <ele>578.0</ele>
   </trkpt>
   <trkpt lat="38.9816250" lon="-121.0260540">
    <ele>577.6</ele>
   </trkpt>
   <trkpt lat="38.9815940" lon="-121.0259170">
    <ele>577.2</ele>
   </trkpt>
   <trkpt lat="38.9815830" lon="-121.0257720">
    <ele>577.0</ele>
   </trkpt>
   <trkpt lat="38.9815830" lon="-121.0256420">
    <ele>577.0</ele>
   </trkpt>
   <trkpt lat="38.9815860" lon="-121.0255200">
    <ele>577.0</ele>
   </trkpt>
   <trkpt lat="38.9815900" lon="-121.0254130">
    <ele>577.4</ele>
   </trkpt>
   <trkpt lat="38.9815980" lon="-121.0253300">
    <ele>577.6</ele>
   </trkpt>
   <trkpt lat="38.9816020" lon="-121.0252760">
    <ele>577.8</ele>
   </trkpt>
   <trkpt lat="38.9816020" lon="-121.0252530">
    <ele>578.0</ele>
   </trkpt>
   <trkpt lat="38.9816020" lon="-121.0252380">
    <ele>578.2</ele>
   </trkpt>
   <trkpt lat="38.9816060" lon="-121.0252150">
    <ele>578.8</ele>
   </trkpt>
   <trkpt lat="38.9816090" lon="-121.0251920">
    <ele>578.6</ele>
   </trkpt>
   <trkpt lat="38.9816210" lon="-121.0251620">
    <ele>578.6</ele>
   </trkpt>
   <trkpt lat="38.9816440" lon="-121.0251240">
    <ele>578.4</ele>
   </trkpt>
   <trkpt lat="38.9816700" lon="-121.0250930">
    <ele>578.2</ele>
   </trkpt>
   <trkpt lat="38.9817120" lon="-121.0250700">
    <ele>577.8</ele>
   </trkpt>
   <trkpt lat="38.9817620" lon="-121.0250620">
    <ele>577.6</ele>
   </trkpt>
   <trkpt lat="38.9818190" lon="-121.0250700">
    <ele>577.2</ele>
   </trkpt>
   <trkpt lat="38.9818760" lon="-121.0250780">
    <ele>577.0</ele>
   </trkpt>
   <trkpt lat="38.9819370" lon="-121.0250850">
    <ele>576.8</ele>
   </trkpt>
   <trkpt lat="38.9819980" lon="-121.0250930">
    <ele>576.6</ele>
   </trkpt>
   <trkpt lat="38.9820590" lon="-121.0250930">
    <ele>576.4</ele>
   </trkpt>
   <trkpt lat="38.9821280" lon="-121.0250930">
    <ele>576.2</ele>
   </trkpt>
   <trkpt lat="38.9821930" lon="-121.0250850">
    <ele>576.0</ele>
   </trkpt>
   <trkpt lat="38.9822650" lon="-121.0250780">
    <ele>576.0</ele>
   </trkpt>
   <trkpt lat="38.9823380" lon="-121.0250780">
    <ele>575.8</ele>
   </trkpt>
   <trkpt lat="38.9824070" lon="-121.0250700">
    <ele>575.8</ele>
   </trkpt>
   <trkpt lat="38.9824830" lon="-121.0250550">
    <ele>575.6</ele>
   </trkpt>
   <trkpt lat="38.9825590" lon="-121.0250320">
    <ele>575.6</ele>
   </trkpt>
   <trkpt lat="38.9826390" lon="-121.0250090">
    <ele>575.4</ele>
   </trkpt>
   <trkpt lat="38.9827230" lon="-121.0249710">
    <ele>575.2</ele>
   </trkpt>
   <trkpt lat="38.9828030" lon="-121.0249400">
    <ele>574.8</ele>
   </trkpt>
   <trkpt lat="38.9828830" lon="-121.0248950">
    <ele>574.4</ele>
   </trkpt>
   <trkpt lat="38.9829710" lon="-121.0248410">
    <ele>573.8</ele>
   </trkpt>
   <trkpt lat="38.9830590" lon="-121.0247800">
    <ele>573.2</ele>
   </trkpt>
   <trkpt lat="38.9831430" lon="-121.0247120">
    <ele>572.6</ele>
   </trkpt>
   <trkpt lat="38.9832270" lon="-121.0246430">
    <ele>572.0</ele>
   </trkpt>
   <trkpt lat="38.9833110" lon="-121.0245590">
    <ele>571.6</ele>
   </trkpt>
   <trkpt lat="38.9833910" lon="-121.0244830">
    <ele>571.2</ele>
   </trkpt>
   <trkpt lat="38.9834750" lon="-121.0244060">
    <ele>570.6</ele>
   </trkpt>
   <trkpt lat="38.9835660" lon="-121.0243220">
    <ele>570.0</ele>
   </trkpt>
   <trkpt lat="38.9836500" lon="-121.0242460">
    <ele>569.4</ele>
   </trkpt>
   <trkpt lat="38.9837340" lon="-121.0241700">
    <ele>568.8</ele>
   </trkpt>
   <trkpt lat="38.9838260" lon="-121.0240860">
    <ele>568.4</ele>
   </trkpt>
   <trkpt lat="38.9839170" lon="-121.0240020">
    <ele>568.0</ele>
   </trkpt>
   <trkpt lat="38.9840090" lon="-121.0239180">
    <ele>567.4</ele>
   </trkpt>
   <trkpt lat="38.9841000" lon="-121.0238420">
    <ele>567.0</ele>
   </trkpt>
   <trkpt lat="38.9841880" lon="-121.0237660">
    <ele>566.2</ele>
   </trkpt>
   <trkpt lat="38.9842800" lon="-121.0236820">
    <ele>565.6</ele>
   </trkpt>
   <trkpt lat="38.9843670" lon="-121.0235980">
    <ele>565.2</ele>
   </trkpt>
   <trkpt lat="38.9844550" lon="-121.0235290">
    <ele>564.8</ele>
   </trkpt>
   <trkpt lat="38.9845430" lon="-121.0234450">
    <ele>564.4</ele>
   </trkpt>
   <trkpt lat="38.9846310" lon="-121.0233610">
    <ele>564.0</ele>
   </trkpt>
   <trkpt lat="38.9847140" lon="-121.0232850">
    <ele>563.6</ele>
   </trkpt>
   <trkpt lat="38.9848020" lon="-121.0232090">
    <ele>563.2</ele>
   </trkpt>
   <trkpt lat="38.9848900" lon="-121.0231320">
    <ele>562.8</ele>
   </trkpt>
   <trkpt lat="38.9849740" lon="-121.0230640">
    <ele>562.4</ele>
   </trkpt>
   <trkpt lat="38.9850650" lon="-121.0229950">
    <ele>562.0</ele>
   </trkpt>
   <trkpt lat="38.9851570" lon="-121.0229340">
    <ele>561.8</ele>
   </trkpt>
   <trkpt lat="38.9852520" lon="-121.0228730">
    <ele>561.6</ele>
   </trkpt>
   <trkpt lat="38.9853480" lon="-121.0228190">
    <ele>561.2</ele>
   </trkpt>
   <trkpt lat="38.9854390" lon="-121.0227740">
    <ele>561.0</ele>
   </trkpt>
   <trkpt lat="38.9855310" lon="-121.0227280">
    <ele>560.8</ele>
   </trkpt>
   <trkpt lat="38.9856260" lon="-121.0226900">
    <ele>560.6</ele>
   </trkpt>
   <trkpt lat="38.9857220" lon="-121.0226440">
    <ele>560.4</ele>
   </trkpt>
   <trkpt lat="38.9858170" lon="-121.0226060">
    <ele>560.2</ele>
   </trkpt>
   <trkpt lat="38.9859160" lon="-121.0225750">
    <ele>560.2</ele>
   </trkpt>
   <trkpt lat="38.9860110" lon="-121.0225520">
    <ele>560.2</ele>
   </trkpt>
   <trkpt lat="38.9861110" lon="-121.0225300">
    <ele>560.0</ele>
   </trkpt>
   <trkpt lat="38.9862100" lon="-121.0225140">
    <ele>559.8</ele>
   </trkpt>
   <trkpt lat="38.9863090" lon="-121.0224990">
    <ele>559.6</ele>
   </trkpt>
   <trkpt lat="38.9864080" lon="-121.0224840">
    <ele>559.4</ele>
   </trkpt>
   <trkpt lat="38.9865110" lon="-121.0224760">
    <ele>559.2</ele>
   </trkpt>
   <trkpt lat="38.9866180" lon="-121.0224690">
    <ele>558.8</ele>
   </trkpt>
   <trkpt lat="38.9867210" lon="-121.0224760">
    <ele>558.6</ele>
   </trkpt>
   <trkpt lat="38.9868240" lon="-121.0224840">
    <ele>558.2</ele>
   </trkpt>
   <trkpt lat="38.9869310" lon="-121.0224910">
    <ele>557.8</ele>
   </trkpt>
   <trkpt lat="38.9870340" lon="-121.0224990">
    <ele>557.4</ele>
   </trkpt>
   <trkpt lat="38.9871410" lon="-121.0225140">
    <ele>557.0</ele>
   </trkpt>
   <trkpt lat="38.9872470" lon="-121.0225370">
    <ele>556.6</ele>
   </trkpt>
   <trkpt lat="38.9873500" lon="-121.0225680">
    <ele>556.2</ele>
   </trkpt>
   <trkpt lat="38.9874570" lon="-121.0225980">
    <ele>555.6</ele>
   </trkpt>
   <trkpt lat="38.9875680" lon="-121.0226290">
    <ele>555.2</ele>
   </trkpt>
   <trkpt lat="38.9876750" lon="-121.0226740">
    <ele>554.6</ele>
   </trkpt>
   <trkpt lat="38.9877850" lon="-121.0227200">
    <ele>553.8</ele>
   </trkpt>
   <trkpt lat="38.9878960" lon="-121.0227660">
    <ele>552.8</ele>
   </trkpt>
   <trkpt lat="38.9880100" lon="-121.0228120">
    <ele>551.8</ele>
   </trkpt>
   <trkpt lat="38.9881210" lon="-121.0228650">
    <ele>550.8</ele>
   </trkpt>
   <trkpt lat="38.9882320" lon="-121.0229190">
    <ele>550.0</ele>
   </trkpt>
   <trkpt lat="38.9883420" lon="-121.0229720">
    <ele>549.2</ele>
   </trkpt>
   <trkpt lat="38.9884570" lon="-121.0230250">
    <ele>548.6</ele>
   </trkpt>
   <trkpt lat="38.9885670" lon="-121.0230710">
    <ele>548.0</ele>
   </trkpt>
   <trkpt lat="38.9886780" lon="-121.0231250">
    <ele>547.4</ele>
   </trkpt>
   <trkpt lat="38.9887890" lon="-121.0231780">
    <ele>547.0</ele>
   </trkpt>
   <trkpt lat="38.9888990" lon="-121.0232240">
    <ele>546.4</ele>
   </trkpt>
   <trkpt lat="38.9890020" lon="-121.0232700">
    <ele>545.8</ele>
   </trkpt>
   <trkpt lat="38.9891090" lon="-121.0233230">
    <ele>545.4</ele>
   </trkpt>
   <trkpt lat="38.9892120" lon="-121.0233610">
    <ele>545.0</ele>
   </trkpt>
   <trkpt lat="38.9893150" lon="-121.0234150">
    <ele>544.6</ele>
   </trkpt>
   <trkpt lat="38.9894140" lon="-121.0234530">
    <ele>544.2</ele>
   </trkpt>
   <trkpt lat="38.9895170" lon="-121.0234980">
    <ele>543.8</ele>
   </trkpt>
   <trkpt lat="38.9896130" lon="-121.0235440">
    <ele>543.2</ele>
   </trkpt>
   <trkpt lat="38.9897160" lon="-121.0235900">
    <ele>542.6</ele>
   </trkpt>
   <trkpt lat="38.9898190" lon="-121.0236360">
    <ele>542.2</ele>
   </trkpt>
   <trkpt lat="38.9899180" lon="-121.0236820">
    <ele>541.6</ele>
   </trkpt>
   <trkpt lat="38.9900210" lon="-121.0237270">
    <ele>541.0</ele>
   </trkpt>
   <trkpt lat="38.9901280" lon="-121.0237730">
    <ele>540.2</ele>
   </trkpt>
   <trkpt lat="38.9902310" lon="-121.0238190">
    <ele>539.6</ele>
   </trkpt>
   <trkpt lat="38.9903370" lon="-121.0238650">
    <ele>539.0</ele>
   </trkpt>
   <trkpt lat="38.9904400" lon="-121.0239030">
    <ele>538.4</ele>
   </trkpt>
   <trkpt lat="38.9905470" lon="-121.0239410">
    <ele>538.0</ele>
   </trkpt>
   <trkpt lat="38.9906620" lon="-121.0239710">
    <ele>537.6</ele>
   </trkpt>
   <trkpt lat="38.9907760" lon="-121.0240020">
    <ele>537.0</ele>
   </trkpt>
   <trkpt lat="38.9908900" lon="-121.0240250">
    <ele>536.4</ele>
   </trkpt>
   <trkpt lat="38.9910090" lon="-121.0240480">
    <ele>535.8</ele>
   </trkpt>
   <trkpt lat="38.9911230" lon="-121.0240710">
    <ele>535.2</ele>
   </trkpt>
   <trkpt lat="38.9912450" lon="-121.0240860">
    <ele>535.0</ele>
   </trkpt>
   <trkpt lat="38.9913630" lon="-121.0240940">
    <ele>534.6</ele>
   </trkpt>
   <trkpt lat="38.9914820" lon="-121.0240860">
    <ele>534.2</ele>
   </trkpt>
   <trkpt lat="38.9916000" lon="-121.0240780">
    <ele>533.8</ele>
   </trkpt>
   <trkpt lat="38.9917110" lon="-121.0240780">
    <ele>533.4</ele>
   </trkpt>
   <trkpt lat="38.9918250" lon="-121.0240780">
    <ele>533.2</ele>
   </trkpt>
   <trkpt lat="38.9919360" lon="-121.0240630">
    <ele>533.2</ele>
   </trkpt>
   <trkpt lat="38.9920460" lon="-121.0240330">
    <ele>533.2</ele>
   </trkpt>
   <trkpt lat="38.9921610" lon="-121.0240100">
    <ele>533.2</ele>
   </trkpt>
   <trkpt lat="38.9922640" lon="-121.0239870">
    <ele>533.2</ele>
   </trkpt>
   <trkpt lat="38.9923740" lon="-121.0239640">
    <ele>533.0</ele>
   </trkpt>
   <trkpt lat="38.9924810" lon="-121.0239490">
    <ele>533.0</ele>
   </trkpt>
   <trkpt lat="38.9925920" lon="-121.0239260">
    <ele>533.0</ele>
   </trkpt>
   <trkpt lat="38.9926990" lon="-121.0239030">
    <ele>533.0</ele>
   </trkpt>
   <trkpt lat="38.9928050" lon="-121.0238800">
    <ele>533.0</ele>
   </trkpt>
   <trkpt lat="38.9929120" lon="-121.0238490">
    <ele>532.8</ele>
   </trkpt>
   <trkpt lat="38.9930190" lon="-121.0238270">
    <ele>532.8</ele>
   </trkpt>
   <trkpt lat="38.9931300" lon="-121.0238040">
    <ele>532.6</ele>
   </trkpt>
   <trkpt lat="38.9932360" lon="-121.0237730">
    <ele>532.4</ele>
   </trkpt>
   <trkpt lat="38.9933510" lon="-121.0237430">
    <ele>532.2</ele>
   </trkpt>
   <trkpt lat="38.9934620" lon="-121.0237200">
    <ele>532.0</ele>
   </trkpt>
   <trkpt lat="38.9935720" lon="-121.0236890">
    <ele>531.8</ele>
   </trkpt>
   <trkpt lat="38.9936790" lon="-121.0236590">
    <ele>531.4</ele>
   </trkpt>
   <trkpt lat="38.9937860" lon="-121.0236280">
    <ele>531.0</ele>
   </trkpt>
   <trkpt lat="38.9938930" lon="-121.0236050">
    <ele>530.6</ele>
   </trkpt>
   <trkpt lat="38.9940030" lon="-121.0235820">
    <ele>530.4</ele>
   </trkpt>
   <trkpt lat="38.9941100" lon="-121.0235670">
    <ele>530.0</ele>
   </trkpt>
   <trkpt lat="38.9942130" lon="-121.0235440">
    <ele>529.6</ele>
   </trkpt>
   <trkpt lat="38.9943160" lon="-121.0235140">
    <ele>529.4</ele>
   </trkpt>
   <trkpt lat="38.9944110" lon="-121.0234830">
    <ele>529.2</ele>
   </trkpt>
   <trkpt lat="38.9945110" lon="-121.0234600">
    <ele>529.0</ele>
   </trkpt>
   <trkpt lat="38.9946140" lon="-121.0234370">
    <ele>529.0</ele>
   </trkpt>
   <trkpt lat="38.9947130" lon="-121.0234150">
    <ele>528.8</ele>
   </trkpt>
   <trkpt lat="38.9948080" lon="-121.0233920">
    <ele>528.8</ele>
   </trkpt>
   <trkpt lat="38.9949070" lon="-121.0233690">
    <ele>528.8</ele>
   </trkpt>
   <trkpt lat="38.9950100" lon="-121.0233460">
    <ele>528.8</ele>
   </trkpt>
   <trkpt lat="38.9951060" lon="-121.0233230">
    <ele>528.8</ele>
   </trkpt>
   <trkpt lat="38.9952010" lon="-121.0232920">
    <ele>528.6</ele>
   </trkpt>
   <trkpt lat="38.9953000" lon="-121.0232770">
    <ele>528.4</ele>
   </trkpt>
   <trkpt lat="38.9953960" lon="-121.0232540">
    <ele>528.2</ele>
   </trkpt>
   <trkpt lat="38.9954910" lon="-121.0232240">
    <ele>528.0</ele>
   </trkpt>
   <trkpt lat="38.9955900" lon="-121.0232010">
    <ele>527.6</ele>
   </trkpt>
   <trkpt lat="38.9956820" lon="-121.0231700">
    <ele>527.0</ele>
   </trkpt>
   <trkpt lat="38.9957810" lon="-121.0231400">
    <ele>526.4</ele>
   </trkpt>
   <trkpt lat="38.9958760" lon="-121.0231250">
    <ele>526.4</ele>
   </trkpt>
   <trkpt lat="38.9959680" lon="-121.0231020">
    <ele>526.6</ele>
   </trkpt>
   <trkpt lat="38.9960630" lon="-121.0230790">
    <ele>526.6</ele>
   </trkpt>
   <trkpt lat="38.9961620" lon="-121.0230560">
    <ele>526.4</ele>
   </trkpt>
   <trkpt lat="38.9962540" lon="-121.0230330">
    <ele>526.2</ele>
   </trkpt>
   <trkpt lat="38.9963530" lon="-121.0230180">
    <ele>526.2</ele>
   </trkpt>
   <trkpt lat="38.9964490" lon="-121.0229950">
    <ele>526.0</ele>
   </trkpt>
   <trkpt lat="38.9965440" lon="-121.0229800">
    <ele>525.8</ele>
   </trkpt>
   <trkpt lat="38.9966390" lon="-121.0229490">
    <ele>525.6</ele>
   </trkpt>
   <trkpt lat="38.9967310" lon="-121.0229190">
    <ele>525.4</ele>
   </trkpt>
   <trkpt lat="38.9968220" lon="-121.0228960">
    <ele>525.2</ele>
   </trkpt>
   <trkpt lat="38.9969180" lon="-121.0228800">
    <ele>525.0</ele>
   </trkpt>
   <trkpt lat="38.9970090" lon="-121.0228650">
    <ele>525.0</ele>
   </trkpt>
   <trkpt lat="38.9970970" lon="-121.0228420">
    <ele>524.8</ele>
   </trkpt>
   <trkpt lat="38.9971810" lon="-121.0228190">
    <ele>524.6</ele>
   </trkpt>
   <trkpt lat="38.9972690" lon="-121.0228040">
    <ele>524.6</ele>
   </trkpt>
   <trkpt lat="38.9973530" lon="-121.0227890">
    <ele>524.6</ele>
   </trkpt>
   <trkpt lat="38.9974370" lon="-121.0227660">
    <ele>524.6</ele>
   </trkpt>
   <trkpt lat="38.9975200" lon="-121.0227510">
    <ele>524.4</ele>
   </trkpt>
   <trkpt lat="38.9976010" lon="-121.0227280">
    <ele>524.4</ele>
   </trkpt>
   <trkpt lat="38.9976810" lon="-121.0227130">
    <ele>524.4</ele>
   </trkpt>
   <trkpt lat="38.9977650" lon="-121.0226900">
    <ele>524.2</ele>
   </trkpt>
   <trkpt lat="38.9978450" lon="-121.0226740">
    <ele>524.2</ele>
   </trkpt>
   <trkpt lat="38.9979250" lon="-121.0226590">
    <ele>524.2</ele>
   </trkpt>
   <trkpt lat="38.9980050" lon="-121.0226360">
    <ele>524.2</ele>
   </trkpt>
   <trkpt lat="38.9980850" lon="-121.0226210">
    <ele>524.2</ele>
   </trkpt>
   <trkpt lat="38.9981650" lon="-121.0225980">
    <ele>524.4</ele>
   </trkpt>
   <trkpt lat="38.9982380" lon="-121.0225680">
    <ele>524.4</ele>
   </trkpt>
   <trkpt lat="38.9983140" lon="-121.0225370">
    <ele>524.6</ele>
   </trkpt>
   <trkpt lat="38.9983900" lon="-121.0225220">
    <ele>524.6</ele>
   </trkpt>
   <trkpt lat="38.9984700" lon="-121.0225070">
    <ele>524.8</ele>
   </trkpt>
   <trkpt lat="38.9985470" lon="-121.0224910">
    <ele>524.8</ele>
   </trkpt>
   <trkpt lat="38.9986230" lon="-121.0224760">
    <ele>524.8</ele>
   </trkpt>
   <trkpt lat="38.9986950" lon="-121.0224530">
    <ele>525.0</ele>
   </trkpt>
   <trkpt lat="38.9987640" lon="-121.0224380">
    <ele>525.2</ele>
   </trkpt>
   <trkpt lat="38.9988370" lon="-121.0224230">
    <ele>525.2</ele>
   </trkpt>
   <trkpt lat="38.9989090" lon="-121.0224080">
    <ele>525.4</ele>
   </trkpt>
   <trkpt lat="38.9989810" lon="-121.0223920">
    <ele>525.6</ele>
   </trkpt>
   <trkpt lat="38.9990460" lon="-121.0223850">
    <ele>525.8</ele>
   </trkpt>
   <trkpt lat="38.9991110" lon="-121.0223770">
    <ele>525.8</ele>
   </trkpt>
   <trkpt lat="38.9991760" lon="-121.0223690">
    <ele>526.0</ele>
   </trkpt>
   <trkpt lat="38.9992410" lon="-121.0223540">
    <ele>526.4</ele>
   </trkpt>
   <trkpt lat="38.9993020" lon="-121.0223460">
    <ele>526.6</ele>
   </trkpt>
   <trkpt lat="38.9993590" lon="-121.0223390">
    <ele>527.0</ele>
   </trkpt>
   <trkpt lat="38.9994240" lon="-121.0223240">
    <ele>527.2</ele>
   </trkpt>
   <trkpt lat="38.9994810" lon="-121.0223160">
    <ele>527.2</ele>
   </trkpt>
   <trkpt lat="38.9995380" lon="-121.0223010">
    <ele>527.4</ele>
   </trkpt>
   <trkpt lat="38.9995960" lon="-121.0222850">
    <ele>527.6</ele>
   </trkpt>
   <trkpt lat="38.9996530" lon="-121.0222850">
    <ele>527.8</ele>
   </trkpt>
   <trkpt lat="38.9997100" lon="-121.0222780">
    <ele>528.0</ele>
   </trkpt>
   <trkpt lat="38.9997630" lon="-121.0222700">
    <ele>528.2</ele>
   </trkpt>
   <trkpt lat="38.9998210" lon="-121.0222620">
    <ele>528.4</ele>
   </trkpt>
   <trkpt lat="38.9998740" lon="-121.0222550">
    <ele>528.6</ele>
   </trkpt>
   <trkpt lat="38.9999280" lon="-121.0222400">
    <ele>528.8</ele>
   </trkpt>
   <trkpt lat="38.9999810" lon="-121.0222320">
    <ele>529.0</ele>
   </trkpt>
   <trkpt lat="39.0000340" lon="-121.0222240">
    <ele>529.2</ele>
   </trkpt>
   <trkpt lat="39.0000880" lon="-121.0222090">
    <ele>529.4</ele>
   </trkpt>
   <trkpt lat="39.0001370" lon="-121.0222010">
    <ele>529.6</ele>
   </trkpt>
   <trkpt lat="39.0001870" lon="-121.0221940">
    <ele>529.8</ele>
   </trkpt>
   <trkpt lat="39.0002400" lon="-121.0221790">
    <ele>529.8</ele>
   </trkpt>
   <trkpt lat="39.0002940" lon="-121.0221630">
    <ele>530.0</ele>
   </trkpt>
   <trkpt lat="39.0003470" lon="-121.0221560">
    <ele>530.2</ele>
   </trkpt>
   <trkpt lat="39.0003970" lon="-121.0221400">
    <ele>530.4</ele>
   </trkpt>
   <trkpt lat="39.0004460" lon="-121.0221180">
    <ele>530.4</ele>
   </trkpt>
   <trkpt lat="39.0005000" lon="-121.0221020">
    <ele>530.4</ele>
   </trkpt>
   <trkpt lat="39.0005490" lon="-121.0220790">
    <ele>530.6</ele>
   </trkpt>
   <trkpt lat="39.0006030" lon="-121.0220570">
    <ele>530.6</ele>
   </trkpt>
   <trkpt lat="39.0006560" lon="-121.0220340">
    <ele>530.6</ele>
   </trkpt>
   <trkpt lat="39.0007130" lon="-121.0220110">
    <ele>530.6</ele>
   </trkpt>
   <trkpt lat="39.0007670" lon="-121.0219800">
    <ele>530.6</ele>
   </trkpt>
   <trkpt lat="39.0008240" lon="-121.0219500">
    <ele>530.8</ele>
   </trkpt>
   <trkpt lat="39.0008810" lon="-121.0219190">
    <ele>530.8</ele>
   </trkpt>
   <trkpt lat="39.0009350" lon="-121.0218810">
    <ele>530.8</ele>
   </trkpt>
   <trkpt lat="39.0009920" lon="-121.0218510">
    <ele>530.8</ele>
   </trkpt>
   <trkpt lat="39.0010490" lon="-121.0218120">
    <ele>530.8</ele>
   </trkpt>
   <trkpt lat="39.0011100" lon="-121.0217740">
    <ele>530.8</ele>
   </trkpt>
   <trkpt lat="39.0011670" lon="-121.0217280">
    <ele>530.8</ele>
   </trkpt>
   <trkpt lat="39.0012250" lon="-121.0216830">
    <ele>530.8</ele>
   </trkpt>
   <trkpt lat="39.0012860" lon="-121.0216370">
    <ele>530.8</ele>
   </trkpt>
   <trkpt lat="39.0013470" lon="-121.0215830">
    <ele>530.8</ele>
   </trkpt>
   <trkpt lat="39.0014080" lon="-121.0215300">
    <ele>530.6</ele>
   </trkpt>
   <trkpt lat="39.0014650" lon="-121.0214690">
    <ele>530.6</ele>
   </trkpt>
   <trkpt lat="39.0015180" lon="-121.0214230">
    <ele>530.6</ele>
   </trkpt>
   <trkpt lat="39.0015750" lon="-121.0213620">
    <ele>530.6</ele>
   </trkpt>
   <trkpt lat="39.0016330" lon="-121.0213010">
    <ele>530.6</ele>
   </trkpt>
   <trkpt lat="39.0016860" lon="-121.0212480">
    <ele>530.6</ele>
   </trkpt>
   <trkpt lat="39.0017360" lon="-121.0211940">
    <ele>530.8</ele>
   </trkpt>
   <trkpt lat="39.0017890" lon="-121.0211330">
    <ele>530.8</ele>
   </trkpt>
   <trkpt lat="39.0018420" lon="-121.0210800">
    <ele>530.8</ele>
   </trkpt>
   <trkpt lat="39.0018840" lon="-121.0210340">
    <ele>531.0</ele>
   </trkpt>
   <trkpt lat="39.0019340" lon="-121.0209730">
    <ele>531.0</ele>
   </trkpt>
   <trkpt lat="39.0019800" lon="-121.0209200">
    <ele>531.2</ele>
   </trkpt>
   <trkpt lat="39.0020260" lon="-121.0208660">
    <ele>531.4</ele>
   </trkpt>
   <trkpt lat="39.0020710" lon="-121.0208130">
    <ele>531.4</ele>
   </trkpt>
   <trkpt lat="39.0021170" lon="-121.0207600">
    <ele>531.6</ele>
   </trkpt>
   <trkpt lat="39.0021630" lon="-121.0206990">
    <ele>531.6</ele>
   </trkpt>
   <trkpt lat="39.0022090" lon="-121.0206450">
    <ele>531.8</ele>
   </trkpt>
   <trkpt lat="39.0022510" lon="-121.0205990">
    <ele>531.8</ele>
   </trkpt>
   <trkpt lat="39.0022930" lon="-121.0205460">
    <ele>532.0</ele>
   </trkpt>
   <trkpt lat="39.0023350" lon="-121.0204920">
    <ele>532.2</ele>
   </trkpt>
   <trkpt lat="39.0023770" lon="-121.0204470">
    <ele>532.4</ele>
   </trkpt>
   <trkpt lat="39.0024190" lon="-121.0204090">
    <ele>532.6</ele>
   </trkpt>
   <trkpt lat="39.0024600" lon="-121.0203630">
    <ele>533.0</ele>
   </trkpt>
   <trkpt lat="39.0024950" lon="-121.0203170">
    <ele>533.2</ele>
   </trkpt>
   <trkpt lat="39.0025330" lon="-121.0202790">
    <ele>533.4</ele>
   </trkpt>
   <trkpt lat="39.0025710" lon="-121.0202330">
    <ele>533.8</ele>
   </trkpt>
   <trkpt lat="39.0026050" lon="-121.0201950">
    <ele>534.2</ele>
   </trkpt>
   <trkpt lat="39.0026400" lon="-121.0201570">
    <ele>534.6</ele>
   </trkpt>
   <trkpt lat="39.0026700" lon="-121.0201190">
    <ele>535.0</ele>
   </trkpt>
   <trkpt lat="39.0027050" lon="-121.0200810">
    <ele>535.4</ele>
   </trkpt>
   <trkpt lat="39.0027390" lon="-121.0200420">
    <ele>535.6</ele>
   </trkpt>
   <trkpt lat="39.0027690" lon="-121.0200120">
    <ele>536.0</ele>
   </trkpt>
   <trkpt lat="39.0028000" lon="-121.0199740">
    <ele>536.2</ele>
   </trkpt>
   <trkpt lat="39.0028340" lon="-121.0199360">
    <ele>536.6</ele>
   </trkpt>
   <trkpt lat="39.0028690" lon="-121.0198970">
    <ele>536.8</ele>
   </trkpt>
   <trkpt lat="39.0029030" lon="-121.0198590">
    <ele>537.2</ele>
   </trkpt>
   <trkpt lat="39.0029410" lon="-121.0198290">
    <ele>537.4</ele>
   </trkpt>
   <trkpt lat="39.0029720" lon="-121.0197910">
    <ele>537.6</ele>
   </trkpt>
   <trkpt lat="39.0030020" lon="-121.0197450">
    <ele>537.8</ele>
   </trkpt>
   <trkpt lat="39.0030360" lon="-121.0197070">
    <ele>538.2</ele>
   </trkpt>
   <trkpt lat="39.0030670" lon="-121.0196690">
    <ele>538.4</ele>
   </trkpt>
   <trkpt lat="39.0031050" lon="-121.0196300">
    <ele>538.6</ele>
   </trkpt>
   <trkpt lat="39.0031390" lon="-121.0195920">
    <ele>538.8</ele>
   </trkpt>
   <trkpt lat="39.0031780" lon="-121.0195540">
    <ele>538.8</ele>
   </trkpt>
   <trkpt lat="39.0032160" lon="-121.0195080">
    <ele>539.0</ele>
   </trkpt>
   <trkpt lat="39.0032500" lon="-121.0194700">
    <ele>539.2</ele>
   </trkpt>
   <trkpt lat="39.0032880" lon="-121.0194240">
    <ele>539.2</ele>
   </trkpt>
   <trkpt lat="39.0033300" lon="-121.0193710">
    <ele>539.2</ele>
   </trkpt>
   <trkpt lat="39.0033680" lon="-121.0193250">
    <ele>539.2</ele>
   </trkpt>
   <trkpt lat="39.0034070" lon="-121.0192720">
    <ele>539.2</ele>
   </trkpt>
   <trkpt lat="39.0034490" lon="-121.0192180">
    <ele>539.2</ele>
   </trkpt>
   <trkpt lat="39.0034900" lon="-121.0191650">
    <ele>539.0</ele>
   </trkpt>
   <trkpt lat="39.0035320" lon="-121.0191040">
    <ele>539.0</ele>
   </trkpt>
   <trkpt lat="39.0035740" lon="-121.0190430">
    <ele>538.8</ele>
   </trkpt>
   <trkpt lat="39.0036160" lon="-121.0189740">
    <ele>538.8</ele>
   </trkpt>
   <trkpt lat="39.0036540" lon="-121.0188980">
    <ele>538.6</ele>
   </trkpt>
   <trkpt lat="39.0036930" lon="-121.0188220">
    <ele>538.4</ele>
   </trkpt>
   <trkpt lat="39.0037350" lon="-121.0187380">
    <ele>538.2</ele>
   </trkpt>
   <trkpt lat="39.0037730" lon="-121.0186460">
    <ele>537.8</ele>
   </trkpt>
   <trkpt lat="39.0038150" lon="-121.0185550">
    <ele>537.4</ele>
   </trkpt>
   <trkpt lat="39.0038530" lon="-121.0184550">
    <ele>537.0</ele>
   </trkpt>
   <trkpt lat="39.0038910" lon="-121.0183490">
    <ele>536.6</ele>
   </trkpt>
   <trkpt lat="39.0039290" lon="-121.0182420">
    <ele>536.2</ele>
   </trkpt>
   <trkpt lat="39.0039710" lon="-121.0181270">
    <ele>535.6</ele>
   </trkpt>
   <trkpt lat="39.0040090" lon="-121.0180130">
    <ele>535.2</ele>
   </trkpt>
   <trkpt lat="39.0040440" lon="-121.0179060">
    <ele>534.8</ele>
   </trkpt>
   <trkpt lat="39.0040820" lon="-121.0177920">
    <ele>534.4</ele>
   </trkpt>
   <trkpt lat="39.0041200" lon="-121.0176930">
    <ele>534.2</ele>
   </trkpt>
   <trkpt lat="39.0041580" lon="-121.0175930">
    <ele>534.0</ele>
   </trkpt>
   <trkpt lat="39.0041960" lon="-121.0174940">
    <ele>533.8</ele>
   </trkpt>
   <trkpt lat="39.0042270" lon="-121.0174030">
    <ele>533.8</ele>
   </trkpt>
   <trkpt lat="39.0042610" lon="-121.0173110">
    <ele>534.0</ele>
   </trkpt>
   <trkpt lat="39.0042920" lon="-121.0172270">
    <ele>534.0</ele>
   </trkpt>
   <trkpt lat="39.0043220" lon="-121.0171360">
    <ele>534.2</ele>
   </trkpt>
   <trkpt lat="39.0043560" lon="-121.0170440">
    <ele>534.4</ele>
   </trkpt>
   <trkpt lat="39.0043910" lon="-121.0169520">
    <ele>534.4</ele>
   </trkpt>
   <trkpt lat="39.0044250" lon="-121.0168690">
    <ele>534.6</ele>
   </trkpt>
   <trkpt lat="39.0044560" lon="-121.0167690">
    <ele>534.4</ele>
   </trkpt>
   <trkpt lat="39.0044900" lon="-121.0166780">
    <ele>534.4</ele>
   </trkpt>
   <trkpt lat="39.0045280" lon="-121.0165860">
    <ele>534.0</ele>
   </trkpt>
   <trkpt lat="39.0045740" lon="-121.0164950">
    <ele>533.8</ele>
   </trkpt>
   <trkpt lat="39.0046200" lon="-121.0164030">
    <ele>533.8</ele>
   </trkpt>
   <trkpt lat="39.0046690" lon="-121.0163190">
    <ele>533.6</ele>
   </trkpt>
   <trkpt lat="39.0047150" lon="-121.0162280">
    <ele>533.4</ele>
   </trkpt>
   <trkpt lat="39.0047570" lon="-121.0161360">
    <ele>533.2</ele>
   </trkpt>
   <trkpt lat="39.0047950" lon="-121.0160370">
    <ele>533.2</ele>
   </trkpt>
   <trkpt lat="39.0048330" lon="-121.0159450">
    <ele>533.0</ele>
   </trkpt>
   <trkpt lat="39.0048750" lon="-121.0158540">
    <ele>533.0</ele>
   </trkpt>
   <trkpt lat="39.0049090" lon="-121.0157620">
    <ele>532.8</ele>
   </trkpt>
   <trkpt lat="39.0049400" lon="-121.0156630">
    <ele>532.8</ele>
   </trkpt>
   <trkpt lat="39.0049740" lon="-121.0155560">
    <ele>532.6</ele>
   </trkpt>
   <trkpt lat="39.0050090" lon="-121.0154570">
    <ele>532.4</ele>
   </trkpt>
   <trkpt lat="39.0050470" lon="-121.0153580">
    <ele>532.0</ele>
   </trkpt>
   <trkpt lat="39.0050850" lon="-121.0152510">
    <ele>531.8</ele>
   </trkpt>
   <trkpt lat="39.0051190" lon="-121.0151440">
    <ele>531.6</ele>
   </trkpt>
   <trkpt lat="39.0051500" lon="-121.0150370">
    <ele>531.4</ele>
   </trkpt>
   <trkpt lat="39.0051880" lon="-121.0149460">
    <ele>531.2</ele>
   </trkpt>
   <trkpt lat="39.0052260" lon="-121.0148540">
    <ele>531.2</ele>
   </trkpt>
   <trkpt lat="39.0052600" lon="-121.0147700">
    <ele>531.2</ele>
   </trkpt>
   <trkpt lat="39.0052950" lon="-121.0146870">
    <ele>531.4</ele>
   </trkpt>
   <trkpt lat="39.0053250" lon="-121.0146030">
    <ele>531.6</ele>
   </trkpt>
   <trkpt lat="39.0053630" lon="-121.0145190">
    <ele>531.6</ele>
   </trkpt>
   <trkpt lat="39.0054020" lon="-121.0144420">
    <ele>531.8</ele>
   </trkpt>
   <trkpt lat="39.0054400" lon="-121.0143580">
    <ele>531.8</ele>
   </trkpt>
   <trkpt lat="39.0054780" lon="-121.0142820">
    <ele>531.8</ele>
   </trkpt>
   <trkpt lat="39.0055200" lon="-121.0142060">
    <ele>531.8</ele>
   </trkpt>
   <trkpt lat="39.0055660" lon="-121.0141370">
    <ele>531.8</ele>
   </trkpt>
   <trkpt lat="39.0056150" lon="-121.0140690">
    <ele>532.0</ele>
   </trkpt>
   <trkpt lat="39.0056650" lon="-121.0140000">
    <ele>532.0</ele>
   </trkpt>
   <trkpt lat="39.0057180" lon="-121.0139310">
    <ele>532.0</ele>
   </trkpt>
   <trkpt lat="39.0057720" lon="-121.0138700">
    <ele>532.0</ele>
   </trkpt>
   <trkpt lat="39.0058250" lon="-121.0138090">
    <ele>532.2</ele>
   </trkpt>
   <trkpt lat="39.0058820" lon="-121.0137400">
    <ele>532.2</ele>
   </trkpt>
   <trkpt lat="39.0059320" lon="-121.0136790">
    <ele>532.4</ele>
   </trkpt>
   <trkpt lat="39.0059850" lon="-121.0136110">
    <ele>532.4</ele>
   </trkpt>
   <trkpt lat="39.0060350" lon="-121.0135500">
    <ele>532.4</ele>
   </trkpt>
   <trkpt lat="39.0060810" lon="-121.0134960">
    <ele>532.6</ele>
   </trkpt>
   <trkpt lat="39.0061260" lon="-121.0134280">
    <ele>532.8</ele>
   </trkpt>
   <trkpt lat="39.0061680" lon="-121.0133670">
    <ele>533.0</ele>
   </trkpt>
   <trkpt lat="39.0062100" lon="-121.0133060">
    <ele>533.4</ele>
   </trkpt>
   <trkpt lat="39.0062560" lon="-121.0132450">
    <ele>533.6</ele>
   </trkpt>
   <trkpt lat="39.0062980" lon="-121.0131840">
    <ele>533.8</ele>
   </trkpt>
   <trkpt lat="39.0063440" lon="-121.0131300">
    <ele>534.0</ele>
   </trkpt>
   <trkpt lat="39.0063900" lon="-121.0130770">
    <ele>534.0</ele>
   </trkpt>
   <trkpt lat="39.0064320" lon="-121.0130230">
    <ele>534.2</ele>
   </trkpt>
   <trkpt lat="39.0064470" lon="-121.0129930">
    <ele>534.4</ele>
   </trkpt>
   <trkpt lat="39.0064430" lon="-121.0129780">
    <ele>534.6</ele>
   </trkpt>
   <trkpt lat="39.0064390" lon="-121.0129700">
    <ele>534.6</ele>
   </trkpt>
   <trkpt lat="39.0064430" lon="-121.0129620">
    <ele>534.8</ele>
   </trkpt>
   <trkpt lat="39.0064470" lon="-121.0129390">
    <ele>534.8</ele>
   </trkpt>
   <trkpt lat="39.0064470" lon="-121.0129240">
    <ele>534.8</ele>
   </trkpt>
   <trkpt lat="39.0064430" lon="-121.0129090">
    <ele>534.8</ele>
   </trkpt>
   <trkpt lat="39.0064390" lon="-121.0128940">
    <ele>535.0</ele>
   </trkpt>
   <trkpt lat="39.0064320" lon="-121.0128860">
    <ele>535.0</ele>
   </trkpt>
   <trkpt lat="39.0064320" lon="-121.0128630">
    <ele>535.0</ele>
   </trkpt>
   <trkpt lat="39.0064320" lon="-121.0128400">
    <ele>535.0</ele>
   </trkpt>
   <trkpt lat="39.0064390" lon="-121.0128100">
    <ele>535.0</ele>
   </trkpt>
   <trkpt lat="39.0064540" lon="-121.0127870">
    <ele>535.2</ele>
   </trkpt>
   <trkpt lat="39.0064740" lon="-121.0127640">
    <ele>535.2</ele>
   </trkpt>
   <trkpt lat="39.0064960" lon="-121.0127330">
    <ele>535.2</ele>
   </trkpt>
   <trkpt lat="39.0065150" lon="-121.0127100">
    <ele>535.2</ele>
   </trkpt>
   <trkpt lat="39.0065380" lon="-121.0126800">
    <ele>535.4</ele>
   </trkpt>
   <trkpt lat="39.0065570" lon="-121.0126570">
    <ele>535.6</ele>
   </trkpt>
   <trkpt lat="39.0065770" lon="-121.0126340">
    <ele>536.0</ele>
   </trkpt>
   <trkpt lat="39.0065920" lon="-121.0126110">
    <ele>536.2</ele>
   </trkpt>
   <trkpt lat="39.0066150" lon="-121.0125810">
    <ele>536.4</ele>
   </trkpt>
   <trkpt lat="39.0066380" lon="-121.0125500">
    <ele>536.6</ele>
   </trkpt>
   <trkpt lat="39.0066600" lon="-121.0125120">
    <ele>536.6</ele>
   </trkpt>
   <trkpt lat="39.0066870" lon="-121.0124740">
    <ele>536.8</ele>
   </trkpt>
   <trkpt lat="39.0067100" lon="-121.0124360">
    <ele>536.8</ele>
   </trkpt>
   <trkpt lat="39.0067410" lon="-121.0123900">
    <ele>536.8</ele>
   </trkpt>
   <trkpt lat="39.0067710" lon="-121.0123440">
    <ele>536.8</ele>
   </trkpt>
   <trkpt lat="39.0068020" lon="-121.0122990">
    <ele>536.8</ele>
   </trkpt>
   <trkpt lat="39.0068320" lon="-121.0122450">
    <ele>536.6</ele>
   </trkpt>
   <trkpt lat="39.0068660" lon="-121.0121840">
    <ele>536.6</ele>
   </trkpt>
   <trkpt lat="39.0069010" lon="-121.0121230">
    <ele>536.6</ele>
   </trkpt>
   <trkpt lat="39.0069350" lon="-121.0120540">
    <ele>536.6</ele>
   </trkpt>
   <trkpt lat="39.0069730" lon="-121.0119860">
    <ele>536.4</ele>
   </trkpt>
   <trkpt lat="39.0070080" lon="-121.0119250">
    <ele>536.2</ele>
   </trkpt>
   <trkpt lat="39.0070460" lon="-121.0118640">
    <ele>536.2</ele>
   </trkpt>
   <trkpt lat="39.0070880" lon="-121.0117950">
    <ele>536.0</ele>
   </trkpt>
   <trkpt lat="39.0071300" lon="-121.0117420">
    <ele>536.0</ele>
   </trkpt>
   <trkpt lat="39.0071720" lon="-121.0116810">
    <ele>536.0</ele>
   </trkpt>
   <trkpt lat="39.0072170" lon="-121.0116190">
    <ele>536.0</ele>
   </trkpt>
   <trkpt lat="39.0072590" lon="-121.0115660">
    <ele>536.0</ele>
   </trkpt>
   <trkpt lat="39.0073010" lon="-121.0115050">
    <ele>536.2</ele>
   </trkpt>
   <trkpt lat="39.0073390" lon="-121.0114670">
    <ele>536.4</ele>
   </trkpt>
   <trkpt lat="39.0073780" lon="-121.0114360">
    <ele>536.6</ele>
   </trkpt>
   <trkpt lat="39.0074160" lon="-121.0114210">
    <ele>537.0</ele>
   </trkpt>
   <trkpt lat="39.0074620" lon="-121.0114140">
    <ele>537.2</ele>
   </trkpt>
   <trkpt lat="39.0075040" lon="-121.0114140">
    <ele>537.4</ele>
   </trkpt>
   <trkpt lat="39.0075530" lon="-121.0114140">
    <ele>537.6</ele>
   </trkpt>
   <trkpt lat="39.0076030" lon="-121.0114060">
    <ele>537.6</ele>
   </trkpt>
   <trkpt lat="39.0076560" lon="-121.0113980">
    <ele>537.6</ele>
   </trkpt>
   <trkpt lat="39.0077060" lon="-121.0113910">
    <ele>537.6</ele>
   </trkpt>
   <trkpt lat="39.0077510" lon="-121.0113680">
    <ele>537.8</ele>
   </trkpt>
   <trkpt lat="39.0077930" lon="-121.0113520">
    <ele>538.0</ele>
   </trkpt>
   <trkpt lat="39.0078350" lon="-121.0113450">
    <ele>538.2</ele>
   </trkpt>
   <trkpt lat="39.0078850" lon="-121.0113520">
    <ele>538.4</ele>
   </trkpt>
   <trkpt lat="39.0079350" lon="-121.0113450">
    <ele>538.4</ele>
   </trkpt>
   <trkpt lat="39.0079840" lon="-121.0113370">
    <ele>538.6</ele>
   </trkpt>
   <trkpt lat="39.0080340" lon="-121.0113140">
    <ele>538.6</ele>
   </trkpt>
   <trkpt lat="39.0080800" lon="-121.0112840">
    <ele>538.8</ele>
   </trkpt>
   <trkpt lat="39.0081250" lon="-121.0112610">
    <ele>539.0</ele>
   </trkpt>
   <trkpt lat="39.0081750" lon="-121.0112460">
    <ele>539.0</ele>
   </trkpt>
   <trkpt lat="39.0082240" lon="-121.0112300">
    <ele>539.0</ele>
   </trkpt>
   <trkpt lat="39.0082820" lon="-121.0112230">
    <ele>539.0</ele>
   </trkpt>
   <trkpt lat="39.0083430" lon="-121.0112080">
    <ele>539.0</ele>
   </trkpt>
   <trkpt lat="39.0084000" lon="-121.0111850">
    <ele>539.2</ele>
   </trkpt>
   <trkpt lat="39.0084500" lon="-121.0111540">
    <ele>539.2</ele>
   </trkpt>
   <trkpt lat="39.0084950" lon="-121.0111310">
    <ele>539.4</ele>
   </trkpt>
   <trkpt lat="39.0085370" lon="-121.0111160">
    <ele>539.8</ele>
   </trkpt>
   <trkpt lat="39.0085750" lon="-121.0111080">
    <ele>540.2</ele>
   </trkpt>
   <trkpt lat="39.0086100" lon="-121.0111010">
    <ele>540.6</ele>
   </trkpt>
   <trkpt lat="39.0086400" lon="-121.0110850">
    <ele>541.0</ele>
   </trkpt>
   <trkpt lat="39.0086750" lon="-121.0110700">
    <ele>541.4</ele>
   </trkpt>
   <trkpt lat="39.0087090" lon="-121.0110470">
    <ele>541.6</ele>
   </trkpt>
   <trkpt lat="39.0087430" lon="-121.0110320">
    <ele>542.0</ele>
   </trkpt>
   <trkpt lat="39.0087780" lon="-121.0110240">
    <ele>542.2</ele>
   </trkpt>
   <trkpt lat="39.0088120" lon="-121.0110010">
    <ele>542.2</ele>
   </trkpt>
   <trkpt lat="39.0088500" lon="-121.0109860">
    <ele>542.4</ele>
   </trkpt>
   <trkpt lat="39.0088920" lon="-121.0109710">
    <ele>542.6</ele>
   </trkpt>
   <trkpt lat="39.0089300" lon="-121.0109560">
    <ele>542.8</ele>
   </trkpt>
   <trkpt lat="39.0089720" lon="-121.0109400">
    <ele>543.0</ele>
   </trkpt>
   <trkpt lat="39.0090180" lon="-121.0109250">
    <ele>543.0</ele>
   </trkpt>
   <trkpt lat="39.0090670" lon="-121.0109020">
    <ele>543.0</ele>
   </trkpt>
   <trkpt lat="39.0091170" lon="-121.0108720">
    <ele>542.8</ele>
   </trkpt>
   <trkpt lat="39.0091700" lon="-121.0108410">
    <ele>542.6</ele>
   </trkpt>
   <trkpt lat="39.0092200" lon="-121.0107960">
    <ele>542.4</ele>
   </trkpt>
   <trkpt lat="39.0092700" lon="-121.0107420">
    <ele>542.2</ele>
   </trkpt>
   <trkpt lat="39.0093160" lon="-121.0106890">
    <ele>542.0</ele>
   </trkpt>
   <trkpt lat="39.0093610" lon="-121.0106350">
    <ele>541.8</ele>
   </trkpt>
   <trkpt lat="39.0094070" lon="-121.0105820">
    <ele>541.8</ele>
   </trkpt>
   <trkpt lat="39.0094490" lon="-121.0105290">
    <ele>541.8</ele>
   </trkpt>
   <trkpt lat="39.0094800" lon="-121.0104600">
    <ele>541.8</ele>
   </trkpt>
   <trkpt lat="39.0095100" lon="-121.0103990">
    <ele>541.8</ele>
   </trkpt>
   <trkpt lat="39.0095370" lon="-121.0103450">
    <ele>542.0</ele>
   </trkpt>
   <trkpt lat="39.0095630" lon="-121.0102920">
    <ele>542.2</ele>
   </trkpt>
   <trkpt lat="39.0095900" lon="-121.0102390">
    <ele>542.2</ele>
   </trkpt>
   <trkpt lat="39.0096170" lon="-121.0102000">
    <ele>542.4</ele>
   </trkpt>
   <trkpt lat="39.0096470" lon="-121.0101470">
    <ele>542.6</ele>
   </trkpt>
   <trkpt lat="39.0096660" lon="-121.0101010">
    <ele>542.8</ele>
   </trkpt>
   <trkpt lat="39.0096850" lon="-121.0100480">
    <ele>542.8</ele>
   </trkpt>
   <trkpt lat="39.0097050" lon="-121.0099940">
    <ele>543.0</ele>
   </trkpt>
   <trkpt lat="39.0097160" lon="-121.0099330">
    <ele>543.0</ele>
   </trkpt>
   <trkpt lat="39.0097310" lon="-121.0098720">
    <ele>543.0</ele>
   </trkpt>
   <trkpt lat="39.0097310" lon="-121.0098040">
    <ele>543.2</ele>
   </trkpt>
   <trkpt lat="39.0097160" lon="-121.0097500">
    <ele>543.4</ele>
   </trkpt>
   <trkpt lat="39.0097010" lon="-121.0096820">
    <ele>543.4</ele>
   </trkpt>
   <trkpt lat="39.0096890" lon="-121.0096210">
    <ele>543.4</ele>
   </trkpt>
   <trkpt lat="39.0096740" lon="-121.0095600">
    <ele>543.4</ele>
   </trkpt>
   <trkpt lat="39.0096550" lon="-121.0094990">
    <ele>543.6</ele>
   </trkpt>
   <trkpt lat="39.0096400" lon="-121.0094300">
    <ele>543.6</ele>
   </trkpt>
   <trkpt lat="39.0096210" lon="-121.0093690">
    <ele>543.6</ele>
   </trkpt>
   <trkpt lat="39.0096050" lon="-121.0093080">
    <ele>543.6</ele>
   </trkpt>
   <trkpt lat="39.0095860" lon="-121.0092470">
    <ele>543.8</ele>
   </trkpt>
   <trkpt lat="39.0095670" lon="-121.0091860">
    <ele>543.8</ele>
   </trkpt>
   <trkpt lat="39.0095440" lon="-121.0091250">
    <ele>544.0</ele>
   </trkpt>
   <trkpt lat="39.0095210" lon="-121.0090640">
    <ele>544.0</ele>
   </trkpt>
   <trkpt lat="39.0094990" lon="-121.0089950">
    <ele>544.0</ele>
   </trkpt>
   <trkpt lat="39.0094760" lon="-121.0089260">
    <ele>544.0</ele>
   </trkpt>
   <trkpt lat="39.0094490" lon="-121.0088580">
    <ele>544.0</ele>
   </trkpt>
   <trkpt lat="39.0094260" lon="-121.0087890">
    <ele>544.0</ele>
   </trkpt>
   <trkpt lat="39.0093990" lon="-121.0087200">
    <ele>544.0</ele>
   </trkpt>
   <trkpt lat="39.0093730" lon="-121.0086520">
    <ele>544.0</ele>
   </trkpt>
   <trkpt lat="39.0093460" lon="-121.0085910">
    <ele>544.2</ele>
   </trkpt>
   <trkpt lat="39.0093190" lon="-121.0085220">
    <ele>544.4</ele>
   </trkpt>
   <trkpt lat="39.0092930" lon="-121.0084610">
    <ele>544.6</ele>
   </trkpt>
   <trkpt lat="39.0092660" lon="-121.0084000">
    <ele>544.8</ele>
   </trkpt>
   <trkpt lat="39.0092280" lon="-121.0083540">
    <ele>545.0</ele>
   </trkpt>
   <trkpt lat="39.0091930" lon="-121.0083080">
    <ele>545.0</ele>
   </trkpt>
   <trkpt lat="39.0091550" lon="-121.0082700">
    <ele>545.2</ele>
   </trkpt>
   <trkpt lat="39.0091130" lon="-121.0082320">
    <ele>545.4</ele>
   </trkpt>
   <trkpt lat="39.0090710" lon="-121.0081940">
    <ele>545.6</ele>
   </trkpt>
   <trkpt lat="39.0090220" lon="-121.0081560">
    <ele>545.6</ele>
   </trkpt>
   <trkpt lat="39.0089720" lon="-121.0081180">
    <ele>545.6</ele>
   </trkpt>
   <trkpt lat="39.0089230" lon="-121.0080790">
    <ele>545.6</ele>
   </trkpt>
   <trkpt lat="39.0088770" lon="-121.0080410">
    <ele>545.4</ele>
   </trkpt>
   <trkpt lat="39.0088310" lon="-121.0080110">
    <ele>545.6</ele>
   </trkpt>
   <trkpt lat="39.0087810" lon="-121.0079730">
    <ele>546.0</ele>
   </trkpt>
   <trkpt lat="39.0087320" lon="-121.0079420">
    <ele>546.0</ele>
   </trkpt>
   <trkpt lat="39.0086820" lon="-121.0079190">
    <ele>546.0</ele>
   </trkpt>
   <trkpt lat="39.0086290" lon="-121.0079040">
    <ele>546.0</ele>
   </trkpt>
   <trkpt lat="39.0085790" lon="-121.0078890">
    <ele>546.2</ele>
   </trkpt>
   <trkpt lat="39.0085260" lon="-121.0078660">
    <ele>546.4</ele>
   </trkpt>
   <trkpt lat="39.0084800" lon="-121.0078510">
    <ele>546.8</ele>
   </trkpt>
   <trkpt lat="39.0084340" lon="-121.0078280">
    <ele>547.0</ele>
   </trkpt>
   <trkpt lat="39.0083920" lon="-121.0077970">
    <ele>547.4</ele>
   </trkpt>
   <trkpt lat="39.0083500" lon="-121.0077670">
    <ele>547.4</ele>
   </trkpt>
   <trkpt lat="39.0083120" lon="-121.0077360">
    <ele>547.6</ele>
   </trkpt>
   <trkpt lat="39.0082780" lon="-121.0076980">
    <ele>548.0</ele>
   </trkpt>
   <trkpt lat="39.0082470" lon="-121.0076600">
    <ele>548.2</ele>
   </trkpt>
   <trkpt lat="39.0082280" lon="-121.0076140">
    <ele>548.4</ele>
   </trkpt>
   <trkpt lat="39.0082130" lon="-121.0075680">
    <ele>548.6</ele>
   </trkpt>
   <trkpt lat="39.0082050" lon="-121.0075300">
    <ele>548.8</ele>
   </trkpt>
   <trkpt lat="39.0081940" lon="-121.0074770">
    <ele>549.0</ele>
   </trkpt>
   <trkpt lat="39.0081790" lon="-121.0074390">
    <ele>549.2</ele>
   </trkpt>
   <trkpt lat="39.0081630" lon="-121.0073930">
    <ele>549.4</ele>
   </trkpt>
   <trkpt lat="39.0081480" lon="-121.0073470">
    <ele>549.6</ele>
   </trkpt>
   <trkpt lat="39.0081330" lon="-121.0073090">
    <ele>549.8</ele>
   </trkpt>
   <trkpt lat="39.0081180" lon="-121.0072630">
    <ele>550.0</ele>
   </trkpt>
   <trkpt lat="39.0080990" lon="-121.0072250">
    <ele>550.2</ele>
   </trkpt>
   <trkpt lat="39.0080830" lon="-121.0071870">
    <ele>550.4</ele>
   </trkpt>
   <trkpt lat="39.0080680" lon="-121.0071410">
    <ele>550.6</ele>
   </trkpt>
   <trkpt lat="39.0080570" lon="-121.0071030">
    <ele>551.0</ele>
   </trkpt>
   <trkpt lat="39.0080410" lon="-121.0070570">
    <ele>551.2</ele>
   </trkpt>
   <trkpt lat="39.0080260" lon="-121.0070190">
    <ele>551.6</ele>
   </trkpt>
   <trkpt lat="39.0080180" lon="-121.0069730">
    <ele>551.8</ele>
   </trkpt>
   <trkpt lat="39.0080110" lon="-121.0069270">
    <ele>551.8</ele>
   </trkpt>
   <trkpt lat="39.0080030" lon="-121.0068890">
    <ele>552.0</ele>
   </trkpt>
   <trkpt lat="39.0079990" lon="-121.0068430">
    <ele>552.2</ele>
   </trkpt>
   <trkpt lat="39.0079960" lon="-121.0068050">
    <ele>552.4</ele>
   </trkpt>
   <trkpt lat="39.0079920" lon="-121.0067750">
    <ele>552.6</ele>
   </trkpt>
   <trkpt lat="39.0079880" lon="-121.0067370">
    <ele>552.8</ele>
   </trkpt>
   <trkpt lat="39.0079800" lon="-121.0066990">
    <ele>553.2</ele>
   </trkpt>
   <trkpt lat="39.0079690" lon="-121.0066680">
    <ele>553.4</ele>
   </trkpt>
   <trkpt lat="39.0079570" lon="-121.0066380">
    <ele>553.6</ele>
   </trkpt>
   <trkpt lat="39.0079420" lon="-121.0066070">
    <ele>553.8</ele>
   </trkpt>
   <trkpt lat="39.0079270" lon="-121.0065840">
    <ele>554.0</ele>
   </trkpt>
   <trkpt lat="39.0079120" lon="-121.0065540">
    <ele>554.2</ele>
   </trkpt>
   <trkpt lat="39.0078930" lon="-121.0065310">
    <ele>554.6</ele>
   </trkpt>
   <trkpt lat="39.0078770" lon="-121.0065080">
    <ele>554.8</ele>
   </trkpt>
   <trkpt lat="39.0078540" lon="-121.0064930">
    <ele>555.2</ele>
   </trkpt>
   <trkpt lat="39.0078320" lon="-121.0064700">
    <ele>555.4</ele>
   </trkpt>
   <trkpt lat="39.0078090" lon="-121.0064470">
    <ele>555.6</ele>
   </trkpt>
   <trkpt lat="39.0077820" lon="-121.0064240">
    <ele>555.8</ele>
   </trkpt>
   <trkpt lat="39.0077590" lon="-121.0064010">
    <ele>556.2</ele>
   </trkpt>
   <trkpt lat="39.0077320" lon="-121.0063780">
    <ele>556.6</ele>
   </trkpt>
   <trkpt lat="39.0077060" lon="-121.0063550">
    <ele>557.0</ele>
   </trkpt>
   <trkpt lat="39.0076750" lon="-121.0063320">
    <ele>557.2</ele>
   </trkpt>
   <trkpt lat="39.0076480" lon="-121.0063170">
    <ele>557.4</ele>
   </trkpt>
   <trkpt lat="39.0076220" lon="-121.0062940">
    <ele>557.8</ele>
   </trkpt>
   <trkpt lat="39.0075910" lon="-121.0062790">
    <ele>558.0</ele>
   </trkpt>
   <trkpt lat="39.0075530" lon="-121.0062640">
    <ele>558.0</ele>
   </trkpt>
   <trkpt lat="39.0075150" lon="-121.0062710">
    <ele>558.2</ele>
   </trkpt>
   <trkpt lat="39.0074730" lon="-121.0062790">
    <ele>558.0</ele>
   </trkpt>
   <trkpt lat="39.0074310" lon="-121.0062870">
    <ele>558.2</ele>
   </trkpt>
   <trkpt lat="39.0073930" lon="-121.0062790">
    <ele>558.2</ele>
   </trkpt>
   <trkpt lat="39.0073620" lon="-121.0062640">
    <ele>558.2</ele>
   </trkpt>
   <trkpt lat="39.0073390" lon="-121.0062410">
    <ele>558.2</ele>
   </trkpt>
   <trkpt lat="39.0073200" lon="-121.0062260">
    <ele>558.4</ele>
   </trkpt>
   <trkpt lat="39.0073050" lon="-121.0062030">
    <ele>558.8</ele>
   </trkpt>
   <trkpt lat="39.0072900" lon="-121.0061800">
    <ele>559.0</ele>
   </trkpt>
   <trkpt lat="39.0072780" lon="-121.0061640">
    <ele>559.4</ele>
   </trkpt>
   <trkpt lat="39.0072710" lon="-121.0061490">
    <ele>559.8</ele>
   </trkpt>
   <trkpt lat="39.0072590" lon="-121.0061340">
    <ele>560.2</ele>
   </trkpt>
   <trkpt lat="39.0072520" lon="-121.0061110">
    <ele>560.6</ele>
   </trkpt>
   <trkpt lat="39.0072440" lon="-121.0060960">
    <ele>561.0</ele>
   </trkpt>
   <trkpt lat="39.0072360" lon="-121.0060810">
    <ele>561.4</ele>
   </trkpt>
   <trkpt lat="39.0072250" lon="-121.0060650">
    <ele>561.8</ele>
   </trkpt>
   <trkpt lat="39.0072140" lon="-121.0060420">
    <ele>562.2</ele>
   </trkpt>
   <trkpt lat="39.0072060" lon="-121.0060200">
    <ele>562.6</ele>
   </trkpt>
   <trkpt lat="39.0071980" lon="-121.0059970">
    <ele>562.8</ele>
   </trkpt>
   <trkpt lat="39.0071870" lon="-121.0059740">
    <ele>563.2</ele>
   </trkpt>
   <trkpt lat="39.0071720" lon="-121.0059590">
    <ele>563.6</ele>
   </trkpt>
   <trkpt lat="39.0071600" lon="-121.0059360">
    <ele>564.0</ele>
   </trkpt>
   <trkpt lat="39.0071490" lon="-121.0059130">
    <ele>564.4</ele>
   </trkpt>
   <trkpt lat="39.0071370" lon="-121.0058820">
    <ele>564.6</ele>
   </trkpt>
   <trkpt lat="39.0071220" lon="-121.0058590">
    <ele>565.0</ele>
   </trkpt>
   <trkpt lat="39.0071110" lon="-121.0058360">
    <ele>565.2</ele>
   </trkpt>
   <trkpt lat="39.0071030" lon="-121.0058140">
    <ele>565.4</ele>
   </trkpt>
   <trkpt lat="39.0070920" lon="-121.0057910">
    <ele>565.6</ele>
   </trkpt>
   <trkpt lat="39.0070800" lon="-121.0057680">
    <ele>565.8</ele>
   </trkpt>
   <trkpt lat="39.0070650" lon="-121.0057520">
    <ele>566.0</ele>
   </trkpt>
   <trkpt lat="39.0070570" lon="-121.0057300">
    <ele>566.4</ele>
   </trkpt>
   <trkpt lat="39.0070460" lon="-121.0057140">
    <ele>566.8</ele>
   </trkpt>
   <trkpt lat="39.0070380" lon="-121.0056840">
    <ele>567.2</ele>
   </trkpt>
   <trkpt lat="39.0070270" lon="-121.0056610">
    <ele>567.6</ele>
   </trkpt>
   <trkpt lat="39.0070110" lon="-121.0056300">
    <ele>567.8</ele>
   </trkpt>
   <trkpt lat="39.0070040" lon="-121.0056150">
    <ele>568.0</ele>
   </trkpt>
   <trkpt lat="39.0069890" lon="-121.0056000">
    <ele>568.2</ele>
   </trkpt>
   <trkpt lat="39.0069730" lon="-121.0055770">
    <ele>568.4</ele>
   </trkpt>
   <trkpt lat="39.0069580" lon="-121.0055540">
    <ele>568.6</ele>
   </trkpt>
   <trkpt lat="39.0069470" lon="-121.0055310">
    <ele>569.0</ele>
   </trkpt>
   <trkpt lat="39.0069350" lon="-121.0055080">
    <ele>569.2</ele>
   </trkpt>
   <trkpt lat="39.0069240" lon="-121.0054780">
    <ele>569.6</ele>
   </trkpt>
   <trkpt lat="39.0069120" lon="-121.0054470">
    <ele>570.0</ele>
   </trkpt>
   <trkpt lat="39.0068970" lon="-121.0054320">
    <ele>570.4</ele>
   </trkpt>
   <trkpt lat="39.0068860" lon="-121.0054090">
    <ele>570.6</ele>
   </trkpt>
   <trkpt lat="39.0068700" lon="-121.0053790">
    <ele>571.0</ele>
   </trkpt>
   <trkpt lat="39.0068550" lon="-121.0053560">
    <ele>571.2</ele>
   </trkpt>
   <trkpt lat="39.0068440" lon="-121.0053250">
    <ele>571.4</ele>
   </trkpt>
   <trkpt lat="39.0068280" lon="-121.0053020">
    <ele>571.8</ele>
   </trkpt>
   <trkpt lat="39.0068130" lon="-121.0052800">
    <ele>572.0</ele>
   </trkpt>
   <trkpt lat="39.0067980" lon="-121.0052570">
    <ele>572.4</ele>
   </trkpt>
   <trkpt lat="39.0067790" lon="-121.0052410">
    <ele>572.8</ele>
   </trkpt>
   <trkpt lat="39.0067560" lon="-121.0052110">
    <ele>573.0</ele>
   </trkpt>
   <trkpt lat="39.0067370" lon="-121.0051960">
    <ele>573.2</ele>
   </trkpt>
   <trkpt lat="39.0067210" lon="-121.0051800">
    <ele>573.6</ele>
   </trkpt>
   <trkpt lat="39.0067140" lon="-121.0051650">
    <ele>573.8</ele>
   </trkpt>
   <trkpt lat="39.0067140" lon="-121.0051650">
    <ele>574.0</ele>
   </trkpt>
   <trkpt lat="39.0067140" lon="-121.0051650">
    <ele>574.2</ele>
   </trkpt>
   <trkpt lat="39.0067140" lon="-121.0051650">
    <ele>574.4</ele>
   </trkpt>
   <trkpt lat="39.0067140" lon="-121.0051650">
    <ele>574.4</ele>
   </trkpt>
   <trkpt lat="39.0067140" lon="-121.0051650">
    <ele>574.6</ele>
   </trkpt>
   <trkpt lat="39.0067140" lon="-121.0051650">
    <ele>574.6</ele>
   </trkpt>
   <trkpt lat="39.0066910" lon="-121.0051500">
    <ele>574.8</ele>
   </trkpt>
   <trkpt lat="39.0066760" lon="-121.0051340">
    <ele>574.8</ele>
   </trkpt>
   <trkpt lat="39.0066600" lon="-121.0051120">
    <ele>574.8</ele>
   </trkpt>
   <trkpt lat="39.0066410" lon="-121.0050960">
    <ele>574.8</ele>
   </trkpt>
   <trkpt lat="39.0066220" lon="-121.0050810">
    <ele>574.8</ele>
   </trkpt>
   <trkpt lat="39.0066070" lon="-121.0050660">
    <ele>575.0</ele>
   </trkpt>
   <trkpt lat="39.0065880" lon="-121.0050430">
    <ele>575.2</ele>
   </trkpt>
   <trkpt lat="39.0065770" lon="-121.0050200">
    <ele>575.4</ele>
   </trkpt>
   <trkpt lat="39.0065650" lon="-121.0049970">
    <ele>575.8</ele>
   </trkpt>
   <trkpt lat="39.0065540" lon="-121.0049740">
    <ele>576.0</ele>
   </trkpt>
   <trkpt lat="39.0065420" lon="-121.0049590">
    <ele>576.2</ele>
   </trkpt>
   <trkpt lat="39.0065270" lon="-121.0049360">
    <ele>576.6</ele>
   </trkpt>
   <trkpt lat="39.0065120" lon="-121.0049210">
    <ele>577.0</ele>
   </trkpt>
   <trkpt lat="39.0064890" lon="-121.0049060">
    <ele>577.2</ele>
   </trkpt>
   <trkpt lat="39.0064580" lon="-121.0048980">
    <ele>577.2</ele>
   </trkpt>
   <trkpt lat="39.0064240" lon="-121.0048980">
    <ele>577.4</ele>
   </trkpt>
   <trkpt lat="39.0063900" lon="-121.0048980">
    <ele>577.6</ele>
   </trkpt>
   <trkpt lat="39.0063510" lon="-121.0048900">
    <ele>577.8</ele>
   </trkpt>
   <trkpt lat="39.0063090" lon="-121.0048830">
    <ele>578.0</ele>
   </trkpt>
   <trkpt lat="39.0062680" lon="-121.0048680">
    <ele>578.0</ele>
   </trkpt>
   <trkpt lat="39.0062220" lon="-121.0048520">
    <ele>577.8</ele>
   </trkpt>
   <trkpt lat="39.0061800" lon="-121.0048220">
    <ele>577.8</ele>
   </trkpt>
   <trkpt lat="39.0061420" lon="-121.0047910">
    <ele>577.8</ele>
   </trkpt>
   <trkpt lat="39.0061030" lon="-121.0047680">
    <ele>577.6</ele>
   </trkpt>
   <trkpt lat="39.0060620" lon="-121.0047300">
    <ele>577.6</ele>
   </trkpt>
   <trkpt lat="39.0060200" lon="-121.0046920">
    <ele>577.4</ele>
   </trkpt>
   <trkpt lat="39.0059810" lon="-121.0046540">
    <ele>577.4</ele>
   </trkpt>
   <trkpt lat="39.0059390" lon="-121.0046080">
    <ele>577.4</ele>
   </trkpt>
   <trkpt lat="39.0059010" lon="-121.0045620">
    <ele>577.6</ele>
   </trkpt>
   <trkpt lat="39.0058630" lon="-121.0045090">
    <ele>577.6</ele>
   </trkpt>
   <trkpt lat="39.0058290" lon="-121.0044550">
    <ele>577.4</ele>
   </trkpt>
   <trkpt lat="39.0057950" lon="-121.0044020">
    <ele>577.0</ele>
   </trkpt>
   <trkpt lat="39.0057600" lon="-121.0043490">
    <ele>577.0</ele>
   </trkpt>
   <trkpt lat="39.0057300" lon="-121.0042950">
    <ele>576.6</ele>
   </trkpt>
   <trkpt lat="39.0056990" lon="-121.0042340">
    <ele>576.2</ele>
   </trkpt>
   <trkpt lat="39.0056720" lon="-121.0041730">
    <ele>576.0</ele>
   </trkpt>
   <trkpt lat="39.0056530" lon="-121.0041120">
    <ele>576.2</ele>
   </trkpt>
   <trkpt lat="39.0056340" lon="-121.0040360">
    <ele>576.2</ele>
   </trkpt>
   <trkpt lat="39.0056270" lon="-121.0039670">
    <ele>576.2</ele>
   </trkpt>
   <trkpt lat="39.0056270" lon="-121.0038910">
    <ele>576.4</ele>
   </trkpt>
   <trkpt lat="39.0056300" lon="-121.0038220">
    <ele>576.6</ele>
   </trkpt>
   <trkpt lat="39.0056340" lon="-121.0037460">
    <ele>577.0</ele>
   </trkpt>
   <trkpt lat="39.0056420" lon="-121.0036620">
    <ele>577.0</ele>
   </trkpt>
   <trkpt lat="39.0056500" lon="-121.0035860">
    <ele>577.0</ele>
   </trkpt>
   <trkpt lat="39.0056530" lon="-121.0035090">
    <ele>577.0</ele>
   </trkpt>
   <trkpt lat="39.0056610" lon="-121.0034330">
    <ele>577.0</ele>
   </trkpt>
   <trkpt lat="39.0056760" lon="-121.0033570">
    <ele>577.0</ele>
   </trkpt>
   <trkpt lat="39.0057030" lon="-121.0032810">
    <ele>577.0</ele>
   </trkpt>
   <trkpt lat="39.0057330" lon="-121.0032120">
    <ele>577.0</ele>
   </trkpt>
   <trkpt lat="39.0057680" lon="-121.0031430">
    <ele>577.2</ele>
   </trkpt>
   <trkpt lat="39.0058060" lon="-121.0030750">
    <ele>577.2</ele>
   </trkpt>
   <trkpt lat="39.0058480" lon="-121.0030140">
    <ele>577.0</ele>
   </trkpt>
   <trkpt lat="39.0058980" lon="-121.0029600">
    <ele>577.0</ele>
   </trkpt>
   <trkpt lat="39.0059470" lon="-121.0029070">
    <ele>577.0</ele>
   </trkpt>
   <trkpt lat="39.0059970" lon="-121.0028610">
    <ele>577.0</ele>
   </trkpt>
   <trkpt lat="39.0060500" lon="-121.0028150">
    <ele>577.0</ele>
   </trkpt>
   <trkpt lat="39.0061000" lon="-121.0027690">
    <ele>577.0</ele>
   </trkpt>
   <trkpt lat="39.0061450" lon="-121.0027160">
    <ele>577.0</ele>
   </trkpt>
   <trkpt lat="39.0061840" lon="-121.0026550">
    <ele>577.2</ele>
   </trkpt>
   <trkpt lat="39.0062220" lon="-121.0026020">
    <ele>577.4</ele>
   </trkpt>
   <trkpt lat="39.0062520" lon="-121.0025480">
    <ele>577.4</ele>
   </trkpt>
   <trkpt lat="39.0062710" lon="-121.0024800">
    <ele>577.4</ele>
   </trkpt>
   <trkpt lat="39.0062640" lon="-121.0024180">
    <ele>577.2</ele>
   </trkpt>
   <trkpt lat="39.0062410" lon="-121.0023880">
    <ele>577.2</ele>
   </trkpt>
   <trkpt lat="39.0062030" lon="-121.0023730">
    <ele>577.2</ele>
   </trkpt>
   <trkpt lat="39.0061610" lon="-121.0023650">
    <ele>577.2</ele>
   </trkpt>
   <trkpt lat="39.0061150" lon="-121.0023500">
    <ele>577.2</ele>
   </trkpt>
   <trkpt lat="39.0060650" lon="-121.0023420">
    <ele>577.2</ele>
   </trkpt>
   <trkpt lat="39.0060120" lon="-121.0023270">
    <ele>577.2</ele>
   </trkpt>
   <trkpt lat="39.0059590" lon="-121.0023190">
    <ele>577.2</ele>
   </trkpt>
   <trkpt lat="39.0059050" lon="-121.0023120">
    <ele>577.2</ele>
   </trkpt>
   <trkpt lat="39.0058520" lon="-121.0022890">
    <ele>577.2</ele>
   </trkpt>
   <trkpt lat="39.0058020" lon="-121.0022510">
    <ele>577.0</ele>
   </trkpt>
   <trkpt lat="39.0057560" lon="-121.0022120">
    <ele>577.0</ele>
   </trkpt>
   <trkpt lat="39.0057070" lon="-121.0021670">
    <ele>577.0</ele>
   </trkpt>
   <trkpt lat="39.0056530" lon="-121.0021440">
    <ele>577.0</ele>
   </trkpt>
   <trkpt lat="39.0056000" lon="-121.0021590">
    <ele>577.0</ele>
   </trkpt>
   <trkpt lat="39.0055500" lon="-121.0021900">
    <ele>577.0</ele>
   </trkpt>
   <trkpt lat="39.0055010" lon="-121.0022280">
    <ele>577.0</ele>
   </trkpt>
   <trkpt lat="39.0054510" lon="-121.0022660">
    <ele>577.0</ele>
   </trkpt>
   <trkpt lat="39.0054020" lon="-121.0023040">
    <ele>577.0</ele>
   </trkpt>
   <trkpt lat="39.0053480" lon="-121.0023270">
    <ele>576.8</ele>
   </trkpt>
   <trkpt lat="39.0052910" lon="-121.0023270">
    <ele>576.8</ele>
   </trkpt>
   <trkpt lat="39.0052380" lon="-121.0023120">
    <ele>576.8</ele>
   </trkpt>
   <trkpt lat="39.0051920" lon="-121.0023270">
    <ele>577.0</ele>
   </trkpt>
   <trkpt lat="39.0051460" lon="-121.0023650">
    <ele>577.0</ele>
   </trkpt>
   <trkpt lat="39.0051120" lon="-121.0024110">
    <ele>577.0</ele>
   </trkpt>
   <trkpt lat="39.0050770" lon="-121.0024640">
    <ele>576.8</ele>
   </trkpt>
   <trkpt lat="39.0050350" lon="-121.0025100">
    <ele>576.8</ele>
   </trkpt>
   <trkpt lat="39.0049860" lon="-121.0025410">
    <ele>576.8</ele>
   </trkpt>
   <trkpt lat="39.0049360" lon="-121.0025630">
    <ele>576.8</ele>
   </trkpt>
   <trkpt lat="39.0048870" lon="-121.0025860">
    <ele>576.8</ele>
   </trkpt>
   <trkpt lat="39.0048370" lon="-121.0026090">
    <ele>576.8</ele>
   </trkpt>
   <trkpt lat="39.0048030" lon="-121.0026400">
    <ele>576.8</ele>
   </trkpt>
   <trkpt lat="39.0047950" lon="-121.0026780">
    <ele>577.0</ele>
   </trkpt>
   <trkpt lat="39.0048140" lon="-121.0026930">
    <ele>577.0</ele>
   </trkpt>
   <trkpt lat="39.0048480" lon="-121.0027080">
    <ele>577.2</ele>
   </trkpt>
   <trkpt lat="39.0048830" lon="-121.0027240">
    <ele>577.2</ele>
   </trkpt>
   <trkpt lat="39.0049290" lon="-121.0027390">
    <ele>577.2</ele>
   </trkpt>
   <trkpt lat="39.0049740" lon="-121.0027690">
    <ele>577.2</ele>
   </trkpt>
   <trkpt lat="39.0050120" lon="-121.0028080">
    <ele>577.2</ele>
   </trkpt>
   <trkpt lat="39.0050470" lon="-121.0028530">
    <ele>577.2</ele>
   </trkpt>
   <trkpt lat="39.0050700" lon="-121.0029140">
    <ele>577.2</ele>
   </trkpt>
   <trkpt lat="39.0050890" lon="-121.0029830">
    <ele>577.2</ele>
   </trkpt>
   <trkpt lat="39.0051040" lon="-121.0030520">
    <ele>577.0</ele>
   </trkpt>
   <trkpt lat="39.0051190" lon="-121.0031200">
    <ele>577.0</ele>
   </trkpt>
   <trkpt lat="39.0051270" lon="-121.0031970">
    <ele>577.0</ele>
   </trkpt>
   <trkpt lat="39.0051230" lon="-121.0032650">
    <ele>577.0</ele>
   </trkpt>
   <trkpt lat="39.0051190" lon="-121.0033340">
    <ele>576.8</ele>
   </trkpt>
   <trkpt lat="39.0051080" lon="-121.0034180">
    <ele>576.8</ele>
   </trkpt>
   <trkpt lat="39.0051000" lon="-121.0034870">
    <ele>576.8</ele>
   </trkpt>
   <trkpt lat="39.0050850" lon="-121.0035710">
    <ele>576.8</ele>
   </trkpt>
   <trkpt lat="39.0050740" lon="-121.0036540">
    <ele>576.8</ele>
   </trkpt>
   <trkpt lat="39.0050620" lon="-121.0037310">
    <ele>576.8</ele>
   </trkpt>
   <trkpt lat="39.0050510" lon="-121.0038150">
    <ele>576.8</ele>
   </trkpt>
   <trkpt lat="39.0050350" lon="-121.0038830">
    <ele>576.6</ele>
   </trkpt>
   <trkpt lat="39.0050160" lon="-121.0039520">
    <ele>576.6</ele>
   </trkpt>
   <trkpt lat="39.0049970" lon="-121.0040210">
    <ele>576.6</ele>
   </trkpt>
   <trkpt lat="39.0049740" lon="-121.0040890">
    <ele>576.6</ele>
   </trkpt>
   <trkpt lat="39.0049550" lon="-121.0041580">
    <ele>576.6</ele>
   </trkpt>
   <trkpt lat="39.0049440" lon="-121.0042340">
    <ele>576.6</ele>
   </trkpt>
   <trkpt lat="39.0049480" lon="-121.0043110">
    <ele>576.6</ele>
   </trkpt>
   <trkpt lat="39.0049700" lon="-121.0043790">
    <ele>576.6</ele>
   </trkpt>
   <trkpt lat="39.0049970" lon="-121.0044480">
    <ele>576.6</ele>
   </trkpt>
   <trkpt lat="39.0050200" lon="-121.0045170">
    <ele>576.6</ele>
   </trkpt>
   <trkpt lat="39.0050430" lon="-121.0045930">
    <ele>576.6</ele>
   </trkpt>
   <trkpt lat="39.0050660" lon="-121.0046690">
    <ele>576.6</ele>
   </trkpt>
   <trkpt lat="39.0050850" lon="-121.0047530">
    <ele>576.6</ele>
   </trkpt>
   <trkpt lat="39.0051040" lon="-121.0048290">
    <ele>576.6</ele>
   </trkpt>
   <trkpt lat="39.0051270" lon="-121.0049060">
    <ele>576.8</ele>
   </trkpt>
   <trkpt lat="39.0051500" lon="-121.0049820">
    <ele>576.6</ele>
   </trkpt>
   <trkpt lat="39.0051770" lon="-121.0050580">
    <ele>576.4</ele>
   </trkpt>
   <trkpt lat="39.0052070" lon="-121.0051420">
    <ele>576.4</ele>
   </trkpt>
   <trkpt lat="39.0052260" lon="-121.0052180">
    <ele>576.2</ele>
   </trkpt>
   <trkpt lat="39.0052450" lon="-121.0053100">
    <ele>576.2</ele>
   </trkpt>
   <trkpt lat="39.0052530" lon="-121.0053940">
    <ele>576.2</ele>
   </trkpt>
   <trkpt lat="39.0052450" lon="-121.0054630">
    <ele>576.2</ele>
   </trkpt>
   <trkpt lat="39.0052150" lon="-121.0055240">
    <ele>576.0</ele>
   </trkpt>
   <trkpt lat="39.0051730" lon="-121.0055690">
    <ele>575.8</ele>
   </trkpt>
   <trkpt lat="39.0051190" lon="-121.0056080">
    <ele>575.8</ele>
   </trkpt>
   <trkpt lat="39.0050580" lon="-121.0056230">
    <ele>575.8</ele>
   </trkpt>
   <trkpt lat="39.0049930" lon="-121.0056300">
    <ele>575.8</ele>
   </trkpt>
   <trkpt lat="39.0049290" lon="-121.0056300">
    <ele>575.8</ele>
   </trkpt>
   <trkpt lat="39.0048640" lon="-121.0056230">
    <ele>575.8</ele>
   </trkpt>
   <trkpt lat="39.0047990" lon="-121.0056150">
    <ele>576.0</ele>
   </trkpt>
   <trkpt lat="39.0047420" lon="-121.0056150">
    <ele>576.0</ele>
   </trkpt>
   <trkpt lat="39.0047110" lon="-121.0056460">
    <ele>576.0</ele>
   </trkpt>
   <trkpt lat="39.0046920" lon="-121.0056910">
    <ele>576.2</ele>
   </trkpt>
   <trkpt lat="39.0047000" lon="-121.0057300">
    <ele>576.2</ele>
   </trkpt>
   <trkpt lat="39.0047230" lon="-121.0057680">
    <ele>576.2</ele>
   </trkpt>
   <trkpt lat="39.0047530" lon="-121.0058060">
    <ele>576.2</ele>
   </trkpt>
   <trkpt lat="39.0047760" lon="-121.0058440">
    <ele>576.4</ele>
   </trkpt>
   <trkpt lat="39.0047950" lon="-121.0058670">
    <ele>576.4</ele>
   </trkpt>
   <trkpt lat="39.0048030" lon="-121.0058820">
    <ele>576.6</ele>
   </trkpt>
   <trkpt lat="39.0048100" lon="-121.0058750">
    <ele>577.0</ele>
   </trkpt>
   <trkpt lat="39.0048220" lon="-121.0058820">
    <ele>577.2</ele>
   </trkpt>
   <trkpt lat="39.0048330" lon="-121.0059050">
    <ele>577.2</ele>
   </trkpt>
   <trkpt lat="39.0048480" lon="-121.0059200">
    <ele>577.2</ele>
   </trkpt>
   <trkpt lat="39.0048640" lon="-121.0059510">
    <ele>577.2</ele>
   </trkpt>
   <trkpt lat="39.0048830" lon="-121.0059810">
    <ele>577.2</ele>
   </trkpt>
   <trkpt lat="39.0048980" lon="-121.0060200">
    <ele>577.2</ele>
   </trkpt>
   <trkpt lat="39.0049130" lon="-121.0060650">
    <ele>577.2</ele>
   </trkpt>
   <trkpt lat="39.0049250" lon="-121.0061110">
    <ele>577.4</ele>
   </trkpt>
   <trkpt lat="39.0049320" lon="-121.0061570">
    <ele>577.4</ele>
   </trkpt>
   <trkpt lat="39.0049320" lon="-121.0062030">
    <ele>577.4</ele>
   </trkpt>
   <trkpt lat="39.0049320" lon="-121.0062480">
    <ele>577.4</ele>
   </trkpt>
   <trkpt lat="39.0049320" lon="-121.0062870">
    <ele>577.4</ele>
   </trkpt>
   <trkpt lat="39.0049290" lon="-121.0063320">
    <ele>577.2</ele>
   </trkpt>
   <trkpt lat="39.0049210" lon="-121.0063700">
    <ele>577.2</ele>
   </trkpt>
   <trkpt lat="39.0049130" lon="-121.0064090">
    <ele>577.2</ele>
   </trkpt>
   <trkpt lat="39.0049060" lon="-121.0064390">
    <ele>577.2</ele>
   </trkpt>
   <trkpt lat="39.0048900" lon="-121.0064620">
    <ele>577.2</ele>
   </trkpt>
   <trkpt lat="39.0048830" lon="-121.0064930">
    <ele>577.2</ele>
   </trkpt>
   <trkpt lat="39.0048750" lon="-121.0065150">
    <ele>577.0</ele>
   </trkpt>
   <trkpt lat="39.0048680" lon="-121.0065380">
    <ele>577.0</ele>
   </trkpt>
   <trkpt lat="39.0048680" lon="-121.0065610">
    <ele>577.0</ele>
   </trkpt>
   <trkpt lat="39.0048830" lon="-121.0065840">
    <ele>577.0</ele>
   </trkpt>
   <trkpt lat="39.0049020" lon="-121.0066070">
    <ele>577.2</ele>
   </trkpt>
   <trkpt lat="39.0049400" lon="-121.0066220">
    <ele>577.4</ele>
   </trkpt>
   <trkpt lat="39.0049780" lon="-121.0066300">
    <ele>577.6</ele>
   </trkpt>
   <trkpt lat="39.0050160" lon="-121.0066220">
    <ele>577.6</ele>
   </trkpt>
   <trkpt lat="39.0050540" lon="-121.0066070">
    <ele>577.6</ele>
   </trkpt>
   <trkpt lat="39.0051000" lon="-121.0065840">
    <ele>577.4</ele>
   </trkpt>
   <trkpt lat="39.0051500" lon="-121.0065610">
    <ele>577.4</ele>
   </trkpt>
   <trkpt lat="39.0051990" lon="-121.0065460">
    <ele>577.4</ele>
   </trkpt>
   <trkpt lat="39.0052530" lon="-121.0065460">
    <ele>577.8</ele>
   </trkpt>
   <trkpt lat="39.0053020" lon="-121.0065540">
    <ele>577.8</ele>
   </trkpt>
   <trkpt lat="39.0053480" lon="-121.0065840">
    <ele>577.6</ele>
   </trkpt>
   <trkpt lat="39.0053900" lon="-121.0066300">
    <ele>577.6</ele>
   </trkpt>
   <trkpt lat="39.0054130" lon="-121.0066830">
    <ele>577.8</ele>
   </trkpt>
   <trkpt lat="39.0054320" lon="-121.0067440">
    <ele>577.8</ele>
   </trkpt>
   <trkpt lat="39.0054400" lon="-121.0068130">
    <ele>577.8</ele>
   </trkpt>
   <trkpt lat="39.0054470" lon="-121.0068890">
    <ele>577.8</ele>
   </trkpt>
   <trkpt lat="39.0054550" lon="-121.0069730">
    <ele>577.8</ele>
   </trkpt>
   <trkpt lat="39.0054510" lon="-121.0070500">
    <ele>577.8</ele>
   </trkpt>
   <trkpt lat="39.0054470" lon="-121.0071260">
    <ele>577.8</ele>
   </trkpt>
   <trkpt lat="39.0054320" lon="-121.0071870">
    <ele>577.8</ele>
   </trkpt>
   <trkpt lat="39.0054280" lon="-121.0072560">
    <ele>577.8</ele>
   </trkpt>
   <trkpt lat="39.0054400" lon="-121.0073170">
    <ele>577.6</ele>
   </trkpt>
   <trkpt lat="39.0054660" lon="-121.0073470">
    <ele>577.2</ele>
   </trkpt>
   <trkpt lat="39.0055050" lon="-121.0073620">
    <ele>577.2</ele>
   </trkpt>
   <trkpt lat="39.0055430" lon="-121.0073620">
    <ele>577.2</ele>
   </trkpt>
   <trkpt lat="39.0055850" lon="-121.0073700">
    <ele>577.2</ele>
   </trkpt>
   <trkpt lat="39.0056300" lon="-121.0073780">
    <ele>577.4</ele>
   </trkpt>
   <trkpt lat="39.0056840" lon="-121.0073850">
    <ele>577.6</ele>
   </trkpt>
   <trkpt lat="39.0057370" lon="-121.0073930">
    <ele>577.6</ele>
   </trkpt>
   <trkpt lat="39.0057910" lon="-121.0074230">
    <ele>577.6</ele>
   </trkpt>
   <trkpt lat="39.0058400" lon="-121.0074540">
    <ele>577.6</ele>
   </trkpt>
   <trkpt lat="39.0058940" lon="-121.0074840">
    <ele>577.8</ele>
   </trkpt>
   <trkpt lat="39.0059430" lon="-121.0075150">
    <ele>577.8</ele>
   </trkpt>
   <trkpt lat="39.0059930" lon="-121.0075530">
    <ele>577.8</ele>
   </trkpt>
   <trkpt lat="39.0060310" lon="-121.0076060">
    <ele>577.8</ele>
   </trkpt>
   <trkpt lat="39.0060620" lon="-121.0076680">
    <ele>577.8</ele>
   </trkpt>
   <trkpt lat="39.0060840" lon="-121.0077440">
    <ele>577.8</ele>
   </trkpt>
   <trkpt lat="39.0061070" lon="-121.0078120">
    <ele>577.8</ele>
   </trkpt>
   <trkpt lat="39.0061420" lon="-121.0078730">
    <ele>577.8</ele>
   </trkpt>
   <trkpt lat="39.0061840" lon="-121.0079120">
    <ele>577.6</ele>
   </trkpt>
   <trkpt lat="39.0062220" lon="-121.0079500">
    <ele>577.6</ele>
   </trkpt>
   <trkpt lat="39.0062600" lon="-121.0079960">
    <ele>577.6</ele>
   </trkpt>
   <trkpt lat="39.0062830" lon="-121.0080340">
    <ele>577.6</ele>
   </trkpt>
   <trkpt lat="39.0062870" lon="-121.0080870">
    <ele>577.4</ele>
   </trkpt>
   <trkpt lat="39.0062830" lon="-121.0081410">
    <ele>577.4</ele>
   </trkpt>
   <trkpt lat="39.0062680" lon="-121.0081860">
    <ele>577.2</ele>
   </trkpt>
   <trkpt lat="39.0062600" lon="-121.0082090">
    <ele>577.2</ele>
   </trkpt>
   <trkpt lat="39.0062520" lon="-121.0082240">
    <ele>577.2</ele>
   </trkpt>
   <trkpt lat="39.0062450" lon="-121.0082320">
    <ele>576.8</ele>
   </trkpt>
   <trkpt lat="39.0062370" lon="-121.0082470">
    <ele>576.8</ele>
   </trkpt>
   <trkpt lat="39.0062260" lon="-121.0082630">
    <ele>576.8</ele>
   </trkpt>
   <trkpt lat="39.0062180" lon="-121.0082780">
    <ele>576.8</ele>
   </trkpt>
   <trkpt lat="39.0061990" lon="-121.0083080">
    <ele>577.0</ele>
   </trkpt>
   <trkpt lat="39.0061720" lon="-121.0083540">
    <ele>577.4</ele>
   </trkpt>
   <trkpt lat="39.0061420" lon="-121.0084000">
    <ele>577.6</ele>
   </trkpt>
   <trkpt lat="39.0061070" lon="-121.0084530">
    <ele>577.6</ele>
   </trkpt>
   <trkpt lat="39.0060730" lon="-121.0084990">
    <ele>577.8</ele>
   </trkpt>
   <trkpt lat="39.0060350" lon="-121.0085450">
    <ele>577.8</ele>
   </trkpt>
   <trkpt lat="39.0059890" lon="-121.0085830">
    <ele>577.8</ele>
   </trkpt>
   <trkpt lat="39.0059430" lon="-121.0086210">
    <ele>577.8</ele>
   </trkpt>
   <trkpt lat="39.0058900" lon="-121.0086590">
    <ele>577.8</ele>
   </trkpt>
   <trkpt lat="39.0058370" lon="-121.0086900">
    <ele>578.0</ele>
   </trkpt>
   <trkpt lat="39.0057790" lon="-121.0087130">
    <ele>578.0</ele>
   </trkpt>
   <trkpt lat="39.0057180" lon="-121.0087280">
    <ele>578.0</ele>
   </trkpt>
   <trkpt lat="39.0056570" lon="-121.0087360">
    <ele>578.2</ele>
   </trkpt>
   <trkpt lat="39.0055920" lon="-121.0087360">
    <ele>578.2</ele>
   </trkpt>
   <trkpt lat="39.0055310" lon="-121.0087280">
    <ele>578.2</ele>
   </trkpt>
   <trkpt lat="39.0054700" lon="-121.0087130">
    <ele>578.2</ele>
   </trkpt>
   <trkpt lat="39.0054050" lon="-121.0086970">
    <ele>578.4</ele>
   </trkpt>
   <trkpt lat="39.0053440" lon="-121.0086670">
    <ele>578.4</ele>
   </trkpt>
   <trkpt lat="39.0052800" lon="-121.0086360">
    <ele>578.4</ele>
   </trkpt>
   <trkpt lat="39.0052220" lon="-121.0085980">
    <ele>578.4</ele>
   </trkpt>
   <trkpt lat="39.0051610" lon="-121.0085520">
    <ele>578.4</ele>
   </trkpt>
   <trkpt lat="39.0051040" lon="-121.0085070">
    <ele>578.2</ele>
   </trkpt>
   <trkpt lat="39.0050470" lon="-121.0084690">
    <ele>578.2</ele>
   </trkpt>
   <trkpt lat="39.0049860" lon="-121.0084300">
    <ele>578.4</ele>
   </trkpt>
   <trkpt lat="39.0049210" lon="-121.0084000">
    <ele>578.4</ele>
   </trkpt>
   <trkpt lat="39.0048600" lon="-121.0083770">
    <ele>578.4</ele>
   </trkpt>
   <trkpt lat="39.0047990" lon="-121.0083540">
    <ele>578.4</ele>
   </trkpt>
   <trkpt lat="39.0047450" lon="-121.0083240">
    <ele>578.4</ele>
   </trkpt>
   <trkpt lat="39.0046920" lon="-121.0082860">
    <ele>578.4</ele>
   </trkpt>
   <trkpt lat="39.0046500" lon="-121.0082470">
    <ele>578.2</ele>
   </trkpt>
   <trkpt lat="39.0046200" lon="-121.0082170">
    <ele>578.0</ele>
   </trkpt>
   <trkpt lat="39.0046010" lon="-121.0081940">
    <ele>577.6</ele>
   </trkpt>
   <trkpt lat="39.0045930" lon="-121.0081790">
    <ele>577.4</ele>
   </trkpt>
   <trkpt lat="39.0045890" lon="-121.0081710">
    <ele>577.2</ele>
   </trkpt>
   <trkpt lat="39.0045850" lon="-121.0081630">
    <ele>577.2</ele>
   </trkpt>
   <trkpt lat="39.0045780" lon="-121.0081480">
    <ele>577.2</ele>
   </trkpt>
   <trkpt lat="39.0045740" lon="-121.0081480">
    <ele>577.0</ele>
   </trkpt>
   <trkpt lat="39.0045700" lon="-121.0081410">
    <ele>577.0</ele>
   </trkpt>
   <trkpt lat="39.0045590" lon="-121.0081250">
    <ele>577.2</ele>
   </trkpt>
   <trkpt lat="39.0045550" lon="-121.0081180">
    <ele>577.2</ele>
   </trkpt>
   <trkpt lat="39.0045470" lon="-121.0081020">
    <ele>577.2</ele>
   </trkpt>
   <trkpt lat="39.0045430" lon="-121.0080870">
    <ele>577.2</ele>
   </trkpt>
   <trkpt lat="39.0045390" lon="-121.0080570">
    <ele>577.0</ele>
   </trkpt>
   <trkpt lat="39.0045360" lon="-121.0080410">
    <ele>577.0</ele>
   </trkpt>
   <trkpt lat="39.0045390" lon="-121.0080180">
    <ele>577.0</ele>
   </trkpt>
   <trkpt lat="39.0045430" lon="-121.0079960">
    <ele>577.0</ele>
   </trkpt>
   <trkpt lat="39.0045360" lon="-121.0079730">
    <ele>576.8</ele>
   </trkpt>
   <trkpt lat="39.0045200" lon="-121.0079420">
    <ele>576.8</ele>
   </trkpt>
   <trkpt lat="39.0045130" lon="-121.0079120">
    <ele>576.8</ele>
   </trkpt>
   <trkpt lat="39.0045090" lon="-121.0078730">
    <ele>576.6</ele>
   </trkpt>
   <trkpt lat="39.0045090" lon="-121.0078200">
    <ele>576.4</ele>
   </trkpt>
   <trkpt lat="39.0045090" lon="-121.0077670">
    <ele>576.4</ele>
   </trkpt>
   <trkpt lat="39.0045010" lon="-121.0077060">
    <ele>576.4</ele>
   </trkpt>
   <trkpt lat="39.0044780" lon="-121.0076450">
    <ele>576.4</ele>
   </trkpt>
   <trkpt lat="39.0044520" lon="-121.0075910">
    <ele>576.6</ele>
   </trkpt>
   <trkpt lat="39.0044140" lon="-121.0075450">
    <ele>576.6</ele>
   </trkpt>
   <trkpt lat="39.0043750" lon="-121.0075070">
    <ele>576.6</ele>
   </trkpt>
   <trkpt lat="39.0043330" lon="-121.0074690">
    <ele>577.0</ele>
   </trkpt>
   <trkpt lat="39.0042920" lon="-121.0074310">
    <ele>577.0</ele>
   </trkpt>
   <trkpt lat="39.0042530" lon="-121.0074160">
    <ele>576.8</ele>
   </trkpt>
   <trkpt lat="39.0042190" lon="-121.0074390">
    <ele>576.8</ele>
   </trkpt>
   <trkpt lat="39.0041960" lon="-121.0074920">
    <ele>577.0</ele>
   </trkpt>
   <trkpt lat="39.0041660" lon="-121.0075530">
    <ele>577.0</ele>
   </trkpt>
   <trkpt lat="39.0041350" lon="-121.0076140">
    <ele>577.0</ele>
   </trkpt>
   <trkpt lat="39.0041050" lon="-121.0076830">
    <ele>577.2</ele>
   </trkpt>
   <trkpt lat="39.0040740" lon="-121.0077590">
    <ele>577.2</ele>
   </trkpt>
   <trkpt lat="39.0040470" lon="-121.0078280">
    <ele>577.4</ele>
   </trkpt>
   <trkpt lat="39.0040130" lon="-121.0079040">
    <ele>577.6</ele>
   </trkpt>
   <trkpt lat="39.0039750" lon="-121.0079650">
    <ele>577.6</ele>
   </trkpt>
   <trkpt lat="39.0039330" lon="-121.0080340">
    <ele>577.6</ele>
   </trkpt>
   <trkpt lat="39.0038910" lon="-121.0080870">
    <ele>577.6</ele>
   </trkpt>
   <trkpt lat="39.0038450" lon="-121.0081410">
    <ele>577.6</ele>
   </trkpt>
   <trkpt lat="39.0037920" lon="-121.0081790">
    <ele>577.4</ele>
   </trkpt>
   <trkpt lat="39.0037380" lon="-121.0082020">
    <ele>577.4</ele>
   </trkpt>
   <trkpt lat="39.0036850" lon="-121.0082020">
    <ele>577.4</ele>
   </trkpt>
   <trkpt lat="39.0036350" lon="-121.0081940">
    <ele>577.4</ele>
   </trkpt>
   <trkpt lat="39.0035820" lon="-121.0081630">
    <ele>577.4</ele>
   </trkpt>
   <trkpt lat="39.0035320" lon="-121.0081180">
    <ele>577.2</ele>
   </trkpt>
   <trkpt lat="39.0034900" lon="-121.0080570">
    <ele>577.2</ele>
   </trkpt>
   <trkpt lat="39.0034520" lon="-121.0079800">
    <ele>577.2</ele>
   </trkpt>
   <trkpt lat="39.0034220" lon="-121.0079120">
    <ele>577.2</ele>
   </trkpt>
   <trkpt lat="39.0033990" lon="-121.0078430">
    <ele>577.4</ele>
   </trkpt>
   <trkpt lat="39.0033800" lon="-121.0077510">
    <ele>577.4</ele>
   </trkpt>
   <trkpt lat="39.0033610" lon="-121.0076680">
    <ele>577.6</ele>
   </trkpt>
   <trkpt lat="39.0033420" lon="-121.0075990">
    <ele>577.6</ele>
   </trkpt>
   <trkpt lat="39.0033110" lon="-121.0075300">
    <ele>577.6</ele>
   </trkpt>
   <trkpt lat="39.0032770" lon="-121.0074840">
    <ele>577.6</ele>
   </trkpt>
   <trkpt lat="39.0032310" lon="-121.0074390">
    <ele>577.6</ele>
   </trkpt>
   <trkpt lat="39.0031780" lon="-121.0074160">
    <ele>577.6</ele>
   </trkpt>
   <trkpt lat="39.0031200" lon="-121.0074160">
    <ele>577.6</ele>
   </trkpt>
   <trkpt lat="39.0030780" lon="-121.0074460">
    <ele>577.2</ele>
   </trkpt>
   <trkpt lat="39.0030360" lon="-121.0075000">
    <ele>577.0</ele>
   </trkpt>
   <trkpt lat="39.0029980" lon="-121.0075530">
    <ele>577.0</ele>
   </trkpt>
   <trkpt lat="39.0029640" lon="-121.0076060">
    <ele>577.0</ele>
   </trkpt>
   <trkpt lat="39.0029370" lon="-121.0076750">
    <ele>577.0</ele>
   </trkpt>
   <trkpt lat="39.0029220" lon="-121.0077440">
    <ele>577.2</ele>
   </trkpt>
   <trkpt lat="39.0029220" lon="-121.0078120">
    <ele>577.2</ele>
   </trkpt>
   <trkpt lat="39.0029110" lon="-121.0078890">
    <ele>577.4</ele>
   </trkpt>
   <trkpt lat="39.0028990" lon="-121.0079570">
    <ele>577.4</ele>
   </trkpt>
   <trkpt lat="39.0028760" lon="-121.0080260">
    <ele>577.6</ele>
   </trkpt>
   <trkpt lat="39.0028380" lon="-121.0080870">
    <ele>577.6</ele>
   </trkpt>
   <trkpt lat="39.0027920" lon="-121.0081410">
    <ele>577.6</ele>
   </trkpt>
   <trkpt lat="39.0027390" lon="-121.0081860">
    <ele>577.4</ele>
   </trkpt>
   <trkpt lat="39.0026860" lon="-121.0082320">
    <ele>577.4</ele>
   </trkpt>
   <trkpt lat="39.0026470" lon="-121.0082860">
    <ele>577.4</ele>
   </trkpt>
   <trkpt lat="39.0026170" lon="-121.0083620">
    <ele>577.6</ele>
   </trkpt>
   <trkpt lat="39.0025980" lon="-121.0084230">
    <ele>577.6</ele>
   </trkpt>
   <trkpt lat="39.0025670" lon="-121.0084840">
    <ele>577.6</ele>
   </trkpt>
   <trkpt lat="39.0025290" lon="-121.0085220">
    <ele>577.4</ele>
   </trkpt>
   <trkpt lat="39.0024800" lon="-121.0085520">
    <ele>577.4</ele>
   </trkpt>
   <trkpt lat="39.0024220" lon="-121.0085680">
    <ele>577.4</ele>
   </trkpt>
   <trkpt lat="39.0023610" lon="-121.0085600">
    <ele>577.6</ele>
   </trkpt>
   <trkpt lat="39.0023080" lon="-121.0085300">
    <ele>577.6</ele>
   </trkpt>
   <trkpt lat="39.0022550" lon="-121.0084910">
    <ele>577.6</ele>
   </trkpt>
   <trkpt lat="39.0022010" lon="-121.0084690">
    <ele>577.6</ele>
   </trkpt>
   <trkpt lat="39.0021440" lon="-121.0084530">
    <ele>577.6</ele>
   </trkpt>
   <trkpt lat="39.0020940" lon="-121.0084760">
    <ele>577.6</ele>
   </trkpt>
   <trkpt lat="39.0020640" lon="-121.0085220">
    <ele>577.6</ele>
   </trkpt>
   <trkpt lat="39.0020480" lon="-121.0085830">
    <ele>577.6</ele>
   </trkpt>
   <trkpt lat="39.0020370" lon="-121.0086520">
    <ele>577.4</ele>
   </trkpt>
   <trkpt lat="39.0020220" lon="-121.0087200">
    <ele>577.2</ele>
   </trkpt>
   <trkpt lat="39.0020030" lon="-121.0087890">
    <ele>577.2</ele>
   </trkpt>
   <trkpt lat="39.0019680" lon="-121.0088580">
    <ele>577.2</ele>
   </trkpt>
   <trkpt lat="39.0019300" lon="-121.0089260">
    <ele>577.2</ele>
   </trkpt>
   <trkpt lat="39.0018920" lon="-121.0089950">
    <ele>577.2</ele>
   </trkpt>
   <trkpt lat="39.0018580" lon="-121.0090640">
    <ele>577.2</ele>
   </trkpt>
   <trkpt lat="39.0018120" lon="-121.0091090">
    <ele>577.0</ele>
   </trkpt>
   <trkpt lat="39.0017620" lon="-121.0091550">
    <ele>577.0</ele>
   </trkpt>
   <trkpt lat="39.0017010" lon="-121.0091780">
    <ele>577.0</ele>
   </trkpt>
   <trkpt lat="39.0016370" lon="-121.0091930">
    <ele>577.0</ele>
   </trkpt>
   <trkpt lat="39.0015720" lon="-121.0091930">
    <ele>577.0</ele>
   </trkpt>
   <trkpt lat="39.0015110" lon="-121.0091860">
    <ele>577.0</ele>
   </trkpt>
   <trkpt lat="39.0014460" lon="-121.0091780">
    <ele>577.0</ele>
   </trkpt>
   <trkpt lat="39.0013810" lon="-121.0091630">
    <ele>577.0</ele>
   </trkpt>
   <trkpt lat="39.0013080" lon="-121.0091480">
    <ele>577.0</ele>
   </trkpt>
   <trkpt lat="39.0012440" lon="-121.0091250">
    <ele>577.0</ele>
   </trkpt>
   <trkpt lat="39.0011830" lon="-121.0090940">
    <ele>577.2</ele>
   </trkpt>
   <trkpt lat="39.0011410" lon="-121.0090560">
    <ele>577.4</ele>
   </trkpt>
   <trkpt lat="39.0011100" lon="-121.0090260">
    <ele>577.8</ele>
   </trkpt>
   <trkpt lat="39.0010910" lon="-121.0089870">
    <ele>578.4</ele>
   </trkpt>
   <trkpt lat="39.0010720" lon="-121.0089570">
    <ele>579.0</ele>
   </trkpt>
   <trkpt lat="39.0010570" lon="-121.0089190">
    <ele>579.2</ele>
   </trkpt>
   <trkpt lat="39.0010380" lon="-121.0088650">
    <ele>579.4</ele>
   </trkpt>
   <trkpt lat="39.0010190" lon="-121.0088040">
    <ele>579.8</ele>
   </trkpt>
   <trkpt lat="39.0009990" lon="-121.0087360">
    <ele>580.0</ele>
   </trkpt>
   <trkpt lat="39.0009880" lon="-121.0086590">
    <ele>580.0</ele>
   </trkpt>
   <trkpt lat="39.0009800" lon="-121.0085750">
    <ele>580.2</ele>
   </trkpt>
   <trkpt lat="39.0009650" lon="-121.0084840">
    <ele>580.2</ele>
   </trkpt>
   <trkpt lat="39.0009460" lon="-121.0083920">
    <ele>579.8</ele>
   </trkpt>
   <trkpt lat="39.0009190" lon="-121.0083010">
    <ele>579.6</ele>
   </trkpt>
   <trkpt lat="39.0008770" lon="-121.0082170">
    <ele>579.2</ele>
   </trkpt>
   <trkpt lat="39.0008350" lon="-121.0081410">
    <ele>578.8</ele>
   </trkpt>
   <trkpt lat="39.0007970" lon="-121.0080570">
    <ele>578.6</ele>
   </trkpt>
   <trkpt lat="39.0007590" lon="-121.0079730">
    <ele>578.2</ele>
   </trkpt>
   <trkpt lat="39.0007210" lon="-121.0079120">
    <ele>578.0</ele>
   </trkpt>
   <trkpt lat="39.0006790" lon="-121.0078660">
    <ele>577.8</ele>
   </trkpt>
   <trkpt lat="39.0006370" lon="-121.0078510">
    <ele>577.4</ele>
   </trkpt>
   <trkpt lat="39.0005950" lon="-121.0078730">
    <ele>577.2</ele>
   </trkpt>
   <trkpt lat="39.0005570" lon="-121.0079120">
    <ele>577.0</ele>
   </trkpt>
   <trkpt lat="39.0005230" lon="-121.0079650">
    <ele>577.0</ele>
   </trkpt>
   <trkpt lat="39.0004880" lon="-121.0080260">
    <ele>577.0</ele>
   </trkpt>
   <trkpt lat="39.0004500" lon="-121.0080870">
    <ele>577.0</ele>
   </trkpt>
   <trkpt lat="39.0004080" lon="-121.0081480">
    <ele>577.2</ele>
   </trkpt>
   <trkpt lat="39.0003700" lon="-121.0082170">
    <ele>577.0</ele>
   </trkpt>
   <trkpt lat="39.0003320" lon="-121.0082780">
    <ele>577.0</ele>
   </trkpt>
   <trkpt lat="39.0002900" lon="-121.0083310">
    <ele>576.8</ele>
   </trkpt>
   <trkpt lat="39.0002440" lon="-121.0083920">
    <ele>576.8</ele>
   </trkpt>
   <trkpt lat="39.0001950" lon="-121.0084530">
    <ele>576.8</ele>
   </trkpt>
   <trkpt lat="39.0001450" lon="-121.0084990">
    <ele>577.0</ele>
   </trkpt>
   <trkpt lat="39.0000950" lon="-121.0085520">
    <ele>577.0</ele>
   </trkpt>
   <trkpt lat="39.0000460" lon="-121.0086060">
    <ele>577.2</ele>
   </trkpt>
   <trkpt lat="38.9999960" lon="-121.0086590">
    <ele>577.4</ele>
   </trkpt>
   <trkpt lat="38.9999470" lon="-121.0087130">
    <ele>577.4</ele>
   </trkpt>
   <trkpt lat="38.9998890" lon="-121.0087660">
    <ele>577.4</ele>
   </trkpt>
   <trkpt lat="38.9998320" lon="-121.0088120">
    <ele>577.4</ele>
   </trkpt>
   <trkpt lat="38.9997710" lon="-121.0088500">
    <ele>577.4</ele>
   </trkpt>
   <trkpt lat="38.9997100" lon="-121.0088810">
    <ele>577.4</ele>
   </trkpt>
   <trkpt lat="38.9996490" lon="-121.0089110">
    <ele>577.6</ele>
   </trkpt>
   <trkpt lat="38.9995840" lon="-121.0089340">
    <ele>577.6</ele>
   </trkpt>
   <trkpt lat="38.9995190" lon="-121.0089420">
    <ele>577.6</ele>
   </trkpt>
   <trkpt lat="38.9994510" lon="-121.0089490">
    <ele>577.4</ele>
   </trkpt>
   <trkpt lat="38.9993900" lon="-121.0089340">
    <ele>577.2</ele>
   </trkpt>
   <trkpt lat="38.9993290" lon="-121.0089030">
    <ele>577.2</ele>
   </trkpt>
   <trkpt lat="38.9992710" lon="-121.0088730">
    <ele>577.0</ele>
   </trkpt>
   <trkpt lat="38.9992330" lon="-121.0088120">
    <ele>576.8</ele>
   </trkpt>
   <trkpt lat="38.9992070" lon="-121.0087580">
    <ele>576.8</ele>
   </trkpt>
   <trkpt lat="38.9991910" lon="-121.0086900">
    <ele>576.8</ele>
   </trkpt>
   <trkpt lat="38.9991910" lon="-121.0086130">
    <ele>576.8</ele>
   </trkpt>
   <trkpt lat="38.9991910" lon="-121.0085300">
    <ele>576.8</ele>
   </trkpt>
   <trkpt lat="38.9991870" lon="-121.0084530">
    <ele>576.8</ele>
   </trkpt>
   <trkpt lat="38.9991800" lon="-121.0083770">
    <ele>576.8</ele>
   </trkpt>
   <trkpt lat="38.9991490" lon="-121.0083160">
    <ele>576.8</ele>
   </trkpt>
   <trkpt lat="38.9991030" lon="-121.0082780">
    <ele>576.8</ele>
   </trkpt>
   <trkpt lat="38.9990500" lon="-121.0082400">
    <ele>576.8</ele>
   </trkpt>
   <trkpt lat="38.9989930" lon="-121.0082020">
    <ele>577.0</ele>
   </trkpt>
   <trkpt lat="38.9989430" lon="-121.0081710">
    <ele>577.0</ele>
   </trkpt>
   <trkpt lat="38.9988980" lon="-121.0081250">
    <ele>576.8</ele>
   </trkpt>
   <trkpt lat="38.9988560" lon="-121.0080720">
    <ele>576.8</ele>
   </trkpt>
   <trkpt lat="38.9988170" lon="-121.0080180">
    <ele>577.0</ele>
   </trkpt>
   <trkpt lat="38.9987830" lon="-121.0079730">
    <ele>577.0</ele>
   </trkpt>
   <trkpt lat="38.9987410" lon="-121.0079120">
    <ele>576.8</ele>
   </trkpt>
   <trkpt lat="38.9987140" lon="-121.0078580">
    <ele>576.8</ele>
   </trkpt>
   <trkpt lat="38.9986990" lon="-121.0078050">
    <ele>576.6</ele>
   </trkpt>
   <trkpt lat="38.9986880" lon="-121.0077510">
    <ele>576.4</ele>
   </trkpt>
   <trkpt lat="38.9986690" lon="-121.0076980">
    <ele>576.2</ele>
   </trkpt>
   <trkpt lat="38.9986500" lon="-121.0076600">
    <ele>576.0</ele>
   </trkpt>
   <trkpt lat="38.9986420" lon="-121.0076220">
    <ele>576.0</ele>
   </trkpt>
   <trkpt lat="38.9986270" lon="-121.0075990">
    <ele>576.2</ele>
   </trkpt>
   <trkpt lat="38.9986080" lon="-121.0075910">
    <ele>576.2</ele>
   </trkpt>
   <trkpt lat="38.9985890" lon="-121.0075990">
    <ele>576.0</ele>
   </trkpt>
   <trkpt lat="38.9985620" lon="-121.0076290">
    <ele>575.8</ele>
   </trkpt>
   <trkpt lat="38.9985350" lon="-121.0076600">
    <ele>575.8</ele>
   </trkpt>
   <trkpt lat="38.9984970" lon="-121.0076980">
    <ele>575.8</ele>
   </trkpt>
   <trkpt lat="38.9984630" lon="-121.0077440">
    <ele>576.0</ele>
   </trkpt>
   <trkpt lat="38.9984170" lon="-121.0077900">
    <ele>576.0</ele>
   </trkpt>
   <trkpt lat="38.9983750" lon="-121.0078430">
    <ele>576.2</ele>
   </trkpt>
   <trkpt lat="38.9983330" lon="-121.0079040">
    <ele>576.4</ele>
   </trkpt>
   <trkpt lat="38.9982870" lon="-121.0079500">
    <ele>576.4</ele>
   </trkpt>
   <trkpt lat="38.9982380" lon="-121.0080030">
    <ele>576.4</ele>
   </trkpt>
   <trkpt lat="38.9981880" lon="-121.0080410">
    <ele>576.6</ele>
   </trkpt>
   <trkpt lat="38.9981310" lon="-121.0080640">
    <ele>576.6</ele>
   </trkpt>
   <trkpt lat="38.9980740" lon="-121.0080790">
    <ele>576.8</ele>
   </trkpt>
   <trkpt lat="38.9980130" lon="-121.0080790">
    <ele>576.8</ele>
   </trkpt>
   <trkpt lat="38.9979550" lon="-121.0080720">
    <ele>576.8</ele>
   </trkpt>
   <trkpt lat="38.9979020" lon="-121.0080490">
    <ele>576.8</ele>
   </trkpt>
   <trkpt lat="38.9978560" lon="-121.0080340">
    <ele>576.6</ele>
   </trkpt>
   <trkpt lat="38.9978070" lon="-121.0080340">
    <ele>576.6</ele>
   </trkpt>
   <trkpt lat="38.9977530" lon="-121.0080410">
    <ele>576.4</ele>
   </trkpt>
   <trkpt lat="38.9977000" lon="-121.0080490">
    <ele>576.4</ele>
   </trkpt>
   <trkpt lat="38.9976430" lon="-121.0080570">
    <ele>576.6</ele>
   </trkpt>
   <trkpt lat="38.9975810" lon="-121.0080640">
    <ele>576.4</ele>
   </trkpt>
   <trkpt lat="38.9975240" lon="-121.0080720">
    <ele>576.4</ele>
   </trkpt>
   <trkpt lat="38.9974670" lon="-121.0080640">
    <ele>576.4</ele>
   </trkpt>
   <trkpt lat="38.9974140" lon="-121.0080490">
    <ele>576.4</ele>
   </trkpt>
   <trkpt lat="38.9973600" lon="-121.0080180">
    <ele>576.2</ele>
   </trkpt>
   <trkpt lat="38.9973110" lon="-121.0079730">
    <ele>576.4</ele>
   </trkpt>
   <trkpt lat="38.9972570" lon="-121.0079190">
    <ele>576.4</ele>
   </trkpt>
   <trkpt lat="38.9972080" lon="-121.0078730">
    <ele>576.4</ele>
   </trkpt>
   <trkpt lat="38.9971620" lon="-121.0078200">
    <ele>576.4</ele>
   </trkpt>
   <trkpt lat="38.9971160" lon="-121.0077510">
    <ele>576.4</ele>
   </trkpt>
   <trkpt lat="38.9970740" lon="-121.0076900">
    <ele>576.6</ele>
   </trkpt>
   <trkpt lat="38.9970400" lon="-121.0076140">
    <ele>576.6</ele>
   </trkpt>
   <trkpt lat="38.9970090" lon="-121.0075380">
    <ele>576.6</ele>
   </trkpt>
   <trkpt lat="38.9969900" lon="-121.0074540">
    <ele>576.8</ele>
   </trkpt>
   <trkpt lat="38.9969640" lon="-121.0073620">
    <ele>577.0</ele>
   </trkpt>
   <trkpt lat="38.9969220" lon="-121.0073090">
    <ele>576.8</ele>
   </trkpt>
   <trkpt lat="38.9968680" lon="-121.0072710">
    <ele>576.8</ele>
   </trkpt>
   <trkpt lat="38.9968150" lon="-121.0072630">
    <ele>576.6</ele>
   </trkpt>
   <trkpt lat="38.9967570" lon="-121.0072630">
    <ele>576.6</ele>
   </trkpt>
   <trkpt lat="38.9966960" lon="-121.0072560">
    <ele>576.6</ele>
   </trkpt>
   <trkpt lat="38.9966390" lon="-121.0072480">
    <ele>576.8</ele>
   </trkpt>
   <trkpt lat="38.9965740" lon="-121.0072400">
    <ele>576.6</ele>
   </trkpt>
   <trkpt lat="38.9965060" lon="-121.0072330">
    <ele>576.6</ele>
   </trkpt>
   <trkpt lat="38.9964450" lon="-121.0072250">
    <ele>576.8</ele>
   </trkpt>
   <trkpt lat="38.9963760" lon="-121.0072170">
    <ele>576.8</ele>
   </trkpt>
   <trkpt lat="38.9963070" lon="-121.0072170">
    <ele>576.8</ele>
   </trkpt>
   <trkpt lat="38.9962420" lon="-121.0072100">
    <ele>577.0</ele>
   </trkpt>
   <trkpt lat="38.9961740" lon="-121.0072020">
    <ele>577.0</ele>
   </trkpt>
   <trkpt lat="38.9961130" lon="-121.0072020">
    <ele>576.8</ele>
   </trkpt>
   <trkpt lat="38.9960560" lon="-121.0072170">
    <ele>576.8</ele>
   </trkpt>
   <trkpt lat="38.9960170" lon="-121.0072630">
    <ele>576.8</ele>
   </trkpt>
   <trkpt lat="38.9960020" lon="-121.0073320">
    <ele>577.0</ele>
   </trkpt>
   <trkpt lat="38.9960060" lon="-121.0073930">
    <ele>577.0</ele>
   </trkpt>
   <trkpt lat="38.9960210" lon="-121.0074610">
    <ele>576.8</ele>
   </trkpt>
   <trkpt lat="38.9960360" lon="-121.0075300">
    <ele>576.6</ele>
   </trkpt>
   <trkpt lat="38.9960440" lon="-121.0075990">
    <ele>576.8</ele>
   </trkpt>
   <trkpt lat="38.9960560" lon="-121.0076750">
    <ele>576.8</ele>
   </trkpt>
   <trkpt lat="38.9960670" lon="-121.0077440">
    <ele>576.6</ele>
   </trkpt>
   <trkpt lat="38.9960750" lon="-121.0078120">
    <ele>576.6</ele>
   </trkpt>
   <trkpt lat="38.9960900" lon="-121.0078890">
    <ele>576.6</ele>
   </trkpt>
   <trkpt lat="38.9961010" lon="-121.0079650">
    <ele>576.6</ele>
   </trkpt>
   <trkpt lat="38.9961090" lon="-121.0080410">
    <ele>576.8</ele>
   </trkpt>
   <trkpt lat="38.9961130" lon="-121.0081250">
    <ele>576.8</ele>
   </trkpt>
   <trkpt lat="38.9961130" lon="-121.0082020">
    <ele>577.0</ele>
   </trkpt>
   <trkpt lat="38.9961090" lon="-121.0082700">
    <ele>577.2</ele>
   </trkpt>
   <trkpt lat="38.9960860" lon="-121.0083310">
    <ele>577.0</ele>
   </trkpt>
   <trkpt lat="38.9960480" lon="-121.0083920">
    <ele>577.0</ele>
   </trkpt>
   <trkpt lat="38.9960060" lon="-121.0084460">
    <ele>577.0</ele>
   </trkpt>
   <trkpt lat="38.9959560" lon="-121.0084910">
    <ele>577.0</ele>
   </trkpt>
   <trkpt lat="38.9958990" lon="-121.0085300">
    <ele>577.0</ele>
   </trkpt>
   <trkpt lat="38.9958420" lon="-121.0085680">
    <ele>577.0</ele>
   </trkpt>
   <trkpt lat="38.9957890" lon="-121.0085980">
    <ele>576.8</ele>
   </trkpt>
   <trkpt lat="38.9957280" lon="-121.0086210">
    <ele>576.6</ele>
   </trkpt>
   <trkpt lat="38.9956630" lon="-121.0086360">
    <ele>576.6</ele>
   </trkpt>
   <trkpt lat="38.9956020" lon="-121.0086440">
    <ele>576.6</ele>
   </trkpt>
   <trkpt lat="38.9955370" lon="-121.0086440">
    <ele>576.6</ele>
   </trkpt>
   <trkpt lat="38.9954680" lon="-121.0086290">
    <ele>576.4</ele>
   </trkpt>
   <trkpt lat="38.9953990" lon="-121.0086130">
    <ele>576.2</ele>
   </trkpt>
   <trkpt lat="38.9953350" lon="-121.0085980">
    <ele>576.2</ele>
   </trkpt>
   <trkpt lat="38.9952740" lon="-121.0085680">
    <ele>576.4</ele>
   </trkpt>
   <trkpt lat="38.9952090" lon="-121.0085450">
    <ele>576.4</ele>
   </trkpt>
   <trkpt lat="38.9951440" lon="-121.0085220">
    <ele>576.4</ele>
   </trkpt>
   <trkpt lat="38.9950830" lon="-121.0084990">
    <ele>576.4</ele>
   </trkpt>
   <trkpt lat="38.9950260" lon="-121.0084760">
    <ele>576.4</ele>
   </trkpt>
   <trkpt lat="38.9949680" lon="-121.0084460">
    <ele>576.4</ele>
   </trkpt>
   <trkpt lat="38.9949150" lon="-121.0084230">
    <ele>576.4</ele>
   </trkpt>
   <trkpt lat="38.9948620" lon="-121.0084230">
    <ele>576.2</ele>
   </trkpt>
   <trkpt lat="38.9948120" lon="-121.0084460">
    <ele>576.0</ele>
   </trkpt>
   <trkpt lat="38.9947780" lon="-121.0084910">
    <ele>576.0</ele>
   </trkpt>
   <trkpt lat="38.9947590" lon="-121.0085450">
    <ele>576.2</ele>
   </trkpt>
   <trkpt lat="38.9947430" lon="-121.0086060">
    <ele>576.2</ele>
   </trkpt>
   <trkpt lat="38.9947280" lon="-121.0086750">
    <ele>576.2</ele>
   </trkpt>
   <trkpt lat="38.9947130" lon="-121.0087510">
    <ele>576.0</ele>
   </trkpt>
   <trkpt lat="38.9946860" lon="-121.0088350">
    <ele>576.0</ele>
   </trkpt>
   <trkpt lat="38.9946670" lon="-121.0089110">
    <ele>576.0</ele>
   </trkpt>
   <trkpt lat="38.9946440" lon="-121.0089870">
    <ele>576.2</ele>
   </trkpt>
   <trkpt lat="38.9946170" lon="-121.0090710">
    <ele>576.2</ele>
   </trkpt>
   <trkpt lat="38.9945830" lon="-121.0091400">
    <ele>576.4</ele>
   </trkpt>
   <trkpt lat="38.9945490" lon="-121.0092090">
    <ele>576.2</ele>
   </trkpt>
   <trkpt lat="38.9945070" lon="-121.0092700">
    <ele>576.2</ele>
   </trkpt>
   <trkpt lat="38.9944610" lon="-121.0093310">
    <ele>576.4</ele>
   </trkpt>
   <trkpt lat="38.9944080" lon="-121.0093690">
    <ele>576.4</ele>
   </trkpt>
   <trkpt lat="38.9943500" lon="-121.0093990">
    <ele>576.4</ele>
   </trkpt>
   <trkpt lat="38.9942930" lon="-121.0094220">
    <ele>576.4</ele>
   </trkpt>
   <trkpt lat="38.9942360" lon="-121.0094380">
    <ele>576.4</ele>
   </trkpt>
   <trkpt lat="38.9941830" lon="-121.0094380">
    <ele>576.0</ele>
   </trkpt>
   <trkpt lat="38.9941290" lon="-121.0094380">
    <ele>575.8</ele>
   </trkpt>
   <trkpt lat="38.9940800" lon="-121.0094300">
    <ele>575.6</ele>
   </trkpt>
   <trkpt lat="38.9940260" lon="-121.0094220">
    <ele>575.8</ele>
   </trkpt>
   <trkpt lat="38.9939730" lon="-121.0094150">
    <ele>575.8</ele>
   </trkpt>
   <trkpt lat="38.9939160" lon="-121.0093990">
    <ele>575.8</ele>
   </trkpt>
   <trkpt lat="38.9938620" lon="-121.0093760">
    <ele>575.8</ele>
   </trkpt>
   <trkpt lat="38.9938050" lon="-121.0093540">
    <ele>575.6</ele>
   </trkpt>
   <trkpt lat="38.9937480" lon="-121.0093310">
    <ele>575.6</ele>
   </trkpt>
   <trkpt lat="38.9936900" lon="-121.0093000">
    <ele>575.6</ele>
   </trkpt>
   <trkpt lat="38.9936330" lon="-121.0092700">
    <ele>575.6</ele>
   </trkpt>
   <trkpt lat="38.9935760" lon="-121.0092310">
    <ele>575.8</ele>
   </trkpt>
   <trkpt lat="38.9935230" lon="-121.0091930">
    <ele>575.6</ele>
   </trkpt>
   <trkpt lat="38.9934650" lon="-121.0091550">
    <ele>575.6</ele>
   </trkpt>
   <trkpt lat="38.9934080" lon="-121.0091090">
    <ele>575.8</ele>
   </trkpt>
   <trkpt lat="38.9933510" lon="-121.0090710">
    <ele>575.6</ele>
   </trkpt>
   <trkpt lat="38.9933010" lon="-121.0090180">
    <ele>575.6</ele>
   </trkpt>
   <trkpt lat="38.9932520" lon="-121.0089570">
    <ele>575.8</ele>
   </trkpt>
   <trkpt lat="38.9932020" lon="-121.0089030">
    <ele>575.8</ele>
   </trkpt>
   <trkpt lat="38.9931450" lon="-121.0088730">
    <ele>575.8</ele>
   </trkpt>
   <trkpt lat="38.9930920" lon="-121.0088810">
    <ele>575.8</ele>
   </trkpt>
   <trkpt lat="38.9930420" lon="-121.0089110">
    <ele>575.6</ele>
   </trkpt>
   <trkpt lat="38.9929960" lon="-121.0089570">
    <ele>575.4</ele>
   </trkpt>
   <trkpt lat="38.9929430" lon="-121.0090030">
    <ele>575.6</ele>
   </trkpt>
   <trkpt lat="38.9928890" lon="-121.0090480">
    <ele>575.8</ele>
   </trkpt>
   <trkpt lat="38.9928320" lon="-121.0090790">
    <ele>575.8</ele>
   </trkpt>
   <trkpt lat="38.9927750" lon="-121.0091170">
    <ele>575.8</ele>
   </trkpt>
   <trkpt lat="38.9927220" lon="-121.0091480">
    <ele>575.8</ele>
   </trkpt>
   <trkpt lat="38.9926720" lon="-121.0091930">
    <ele>575.8</ele>
   </trkpt>
   <trkpt lat="38.9926380" lon="-121.0092470">
    <ele>575.8</ele>
   </trkpt>
   <trkpt lat="38.9926150" lon="-121.0093150">
    <ele>575.8</ele>
   </trkpt>
   <trkpt lat="38.9926070" lon="-121.0093760">
    <ele>576.0</ele>
   </trkpt>
   <trkpt lat="38.9926070" lon="-121.0094530">
    <ele>576.0</ele>
   </trkpt>
   <trkpt lat="38.9926070" lon="-121.0095290">
    <ele>576.4</ele>
   </trkpt>
   <trkpt lat="38.9926030" lon="-121.0095980">
    <ele>576.4</ele>
   </trkpt>
   <trkpt lat="38.9925920" lon="-121.0096660">
    <ele>576.4</ele>
   </trkpt>
   <trkpt lat="38.9925730" lon="-121.0097350">
    <ele>576.4</ele>
   </trkpt>
   <trkpt lat="38.9925380" lon="-121.0098110">
    <ele>576.4</ele>
   </trkpt>
   <trkpt lat="38.9925040" lon="-121.0098800">
    <ele>576.4</ele>
   </trkpt>
   <trkpt lat="38.9924660" lon="-121.0099410">
    <ele>576.4</ele>
   </trkpt>
   <trkpt lat="38.9924240" lon="-121.0100020">
    <ele>576.4</ele>
   </trkpt>
   <trkpt lat="38.9923860" lon="-121.0100710">
    <ele>576.4</ele>
   </trkpt>
   <trkpt lat="38.9923480" lon="-121.0101320">
    <ele>576.4</ele>
   </trkpt>
   <trkpt lat="38.9923060" lon="-121.0101930">
    <ele>576.6</ele>
   </trkpt>
   <trkpt lat="38.9922640" lon="-121.0102540">
    <ele>576.6</ele>
   </trkpt>
   <trkpt lat="38.9922140" lon="-121.0103000">
    <ele>576.8</ele>
   </trkpt>
   <trkpt lat="38.9921650" lon="-121.0103300">
    <ele>576.6</ele>
   </trkpt>
   <trkpt lat="38.9921110" lon="-121.0103530">
    <ele>576.6</ele>
   </trkpt>
   <trkpt lat="38.9920620" lon="-121.0103680">
    <ele>576.6</ele>
   </trkpt>
   <trkpt lat="38.9920040" lon="-121.0103760">
    <ele>576.6</ele>
   </trkpt>
   <trkpt lat="38.9919470" lon="-121.0103680">
    <ele>576.6</ele>
   </trkpt>
   <trkpt lat="38.9918860" lon="-121.0103530">
    <ele>576.6</ele>
   </trkpt>
   <trkpt lat="38.9918250" lon="-121.0103380">
    <ele>576.4</ele>
   </trkpt>
   <trkpt lat="38.9917720" lon="-121.0103380">
    <ele>576.2</ele>
   </trkpt>
   <trkpt lat="38.9917180" lon="-121.0103610">
    <ele>576.0</ele>
   </trkpt>
   <trkpt lat="38.9916690" lon="-121.0103910">
    <ele>575.8</ele>
   </trkpt>
   <trkpt lat="38.9916150" lon="-121.0104220">
    <ele>575.6</ele>
   </trkpt>
   <trkpt lat="38.9915700" lon="-121.0104600">
    <ele>575.8</ele>
   </trkpt>
   <trkpt lat="38.9915160" lon="-121.0104900">
    <ele>575.6</ele>
   </trkpt>
   <trkpt lat="38.9914630" lon="-121.0105210">
    <ele>575.6</ele>
   </trkpt>
   <trkpt lat="38.9914050" lon="-121.0105360">
    <ele>575.6</ele>
   </trkpt>
   <trkpt lat="38.9913520" lon="-121.0105290">
    <ele>575.6</ele>
   </trkpt>
   <trkpt lat="38.9912910" lon="-121.0105210">
    <ele>575.6</ele>
   </trkpt>
   <trkpt lat="38.9912340" lon="-121.0105130">
    <ele>575.6</ele>
   </trkpt>
   <trkpt lat="38.9911730" lon="-121.0104980">
    <ele>575.8</ele>
   </trkpt>
   <trkpt lat="38.9911160" lon="-121.0104750">
    <ele>575.8</ele>
   </trkpt>
   <trkpt lat="38.9910550" lon="-121.0104450">
    <ele>576.0</ele>
   </trkpt>
   <trkpt lat="38.9910010" lon="-121.0104220">
    <ele>575.8</ele>
   </trkpt>
   <trkpt lat="38.9909480" lon="-121.0103990">
    <ele>575.8</ele>
   </trkpt>
   <trkpt lat="38.9909020" lon="-121.0103990">
    <ele>575.6</ele>
   </trkpt>
   <trkpt lat="38.9908560" lon="-121.0104220">
    <ele>575.6</ele>
   </trkpt>
   <trkpt lat="38.9908100" lon="-121.0104520">
    <ele>575.6</ele>
   </trkpt>
   <trkpt lat="38.9907680" lon="-121.0104980">
    <ele>575.6</ele>
   </trkpt>
   <trkpt lat="38.9907260" lon="-121.0105510">
    <ele>575.6</ele>
   </trkpt>
   <trkpt lat="38.9906730" lon="-121.0105900">
    <ele>575.6</ele>
   </trkpt>
   <trkpt lat="38.9906230" lon="-121.0106350">
    <ele>575.6</ele>
   </trkpt>
   <trkpt lat="38.9905740" lon="-121.0106810">
    <ele>575.8</ele>
   </trkpt>
   <trkpt lat="38.9905240" lon="-121.0107190">
    <ele>575.8</ele>
   </trkpt>
   <trkpt lat="38.9904710" lon="-121.0107420">
    <ele>575.8</ele>
   </trkpt>
   <trkpt lat="38.9904100" lon="-121.0107570">
    <ele>575.8</ele>
   </trkpt>
   <trkpt lat="38.9903490" lon="-121.0107730">
    <ele>575.8</ele>
   </trkpt>
   <trkpt lat="38.9902840" lon="-121.0107800">
    <ele>575.6</ele>
   </trkpt>
   <trkpt lat="38.9902270" lon="-121.0107880">
    <ele>575.6</ele>
   </trkpt>
   <trkpt lat="38.9901620" lon="-121.0107880">
    <ele>575.8</ele>
   </trkpt>
   <trkpt lat="38.9901010" lon="-121.0107960">
    <ele>576.0</ele>
   </trkpt>
   <trkpt lat="38.9900360" lon="-121.0107960">
    <ele>576.0</ele>
   </trkpt>
   <trkpt lat="38.9899790" lon="-121.0107880">
    <ele>576.0</ele>
   </trkpt>
   <trkpt lat="38.9899220" lon="-121.0107650">
    <ele>576.0</ele>
   </trkpt>
   <trkpt lat="38.9898640" lon="-121.0107350">
    <ele>575.8</ele>
   </trkpt>
   <trkpt lat="38.9898110" lon="-121.0107040">
    <ele>575.8</ele>
   </trkpt>
   <trkpt lat="38.9897650" lon="-121.0106660">
    <ele>575.6</ele>
   </trkpt>
   <trkpt lat="38.9897160" lon="-121.0106730">
    <ele>575.6</ele>
   </trkpt>
   <trkpt lat="38.9896770" lon="-121.0107120">
    <ele>575.4</ele>
   </trkpt>
   <trkpt lat="38.9896540" lon="-121.0107570">
    <ele>575.2</ele>
   </trkpt>
   <trkpt lat="38.9896510" lon="-121.0108030">
    <ele>575.4</ele>
   </trkpt>
   <trkpt lat="38.9896580" lon="-121.0108570">
    <ele>575.4</ele>
   </trkpt>
   <trkpt lat="38.9896700" lon="-121.0109100">
    <ele>575.4</ele>
   </trkpt>
   <trkpt lat="38.9896810" lon="-121.0109790">
    <ele>575.6</ele>
   </trkpt>
   <trkpt lat="38.9896960" lon="-121.0110550">
    <ele>575.8</ele>
   </trkpt>
   <trkpt lat="38.9897080" lon="-121.0111240">
    <ele>576.0</ele>
   </trkpt>
   <trkpt lat="38.9897190" lon="-121.0112000">
    <ele>576.2</ele>
   </trkpt>
   <trkpt lat="38.9897270" lon="-121.0112760">
    <ele>576.2</ele>
   </trkpt>
   <trkpt lat="38.9897310" lon="-121.0113450">
    <ele>576.2</ele>
   </trkpt>
   <trkpt lat="38.9897230" lon="-121.0114060">
    <ele>576.2</ele>
   </trkpt>
   <trkpt lat="38.9897040" lon="-121.0114590">
    <ele>576.2</ele>
   </trkpt>
   <trkpt lat="38.9896620" lon="-121.0115050">
    <ele>576.0</ele>
   </trkpt>
   <trkpt lat="38.9896130" lon="-121.0115200">
    <ele>575.6</ele>
   </trkpt>
   <trkpt lat="38.9895550" lon="-121.0115360">
    <ele>575.6</ele>
   </trkpt>
   <trkpt lat="38.9895020" lon="-121.0115510">
    <ele>575.6</ele>
   </trkpt>
   <trkpt lat="38.9894520" lon="-121.0115510">
    <ele>575.6</ele>
   </trkpt>
   <trkpt lat="38.9894030" lon="-121.0115430">
    <ele>575.8</ele>
   </trkpt>
   <trkpt lat="38.9893490" lon="-121.0115200">
    <ele>575.8</ele>
   </trkpt>
   <trkpt lat="38.9893040" lon="-121.0114820">
    <ele>576.0</ele>
   </trkpt>
   <trkpt lat="38.9892580" lon="-121.0114360">
    <ele>576.0</ele>
   </trkpt>
   <trkpt lat="38.9892080" lon="-121.0113980">
    <ele>576.0</ele>
   </trkpt>
   <trkpt lat="38.9891620" lon="-121.0113520">
    <ele>576.0</ele>
   </trkpt>
   <trkpt lat="38.9891090" lon="-121.0112910">
    <ele>576.0</ele>
   </trkpt>
   <trkpt lat="38.9890590" lon="-121.0112380">
    <ele>576.0</ele>
   </trkpt>
   <trkpt lat="38.9890170" lon="-121.0112000">
    <ele>575.8</ele>
   </trkpt>
   <trkpt lat="38.9889830" lon="-121.0111690">
    <ele>575.8</ele>
   </trkpt>
   <trkpt lat="38.9889600" lon="-121.0111620">
    <ele>575.6</ele>
   </trkpt>
   <trkpt lat="38.9889410" lon="-121.0111620">
    <ele>575.6</ele>
   </trkpt>
   <trkpt lat="38.9889370" lon="-121.0111620">
    <ele>575.4</ele>
   </trkpt>
   <trkpt lat="38.9889340" lon="-121.0111620">
    <ele>575.4</ele>
   </trkpt>
   <trkpt lat="38.9889340" lon="-121.0111620">
    <ele>575.4</ele>
   </trkpt>
   <trkpt lat="38.9889300" lon="-121.0111620">
    <ele>575.4</ele>
   </trkpt>
   <trkpt lat="38.9889180" lon="-121.0111690">
    <ele>575.4</ele>
   </trkpt>
   <trkpt lat="38.9889070" lon="-121.0111690">
    <ele>575.4</ele>
   </trkpt>
   <trkpt lat="38.9888880" lon="-121.0111770">
    <ele>575.4</ele>
   </trkpt>
   <trkpt lat="38.9888690" lon="-121.0112080">
    <ele>575.4</ele>
   </trkpt>
   <trkpt lat="38.9888500" lon="-121.0112380">
    <ele>575.4</ele>
   </trkpt>
   <trkpt lat="38.9888310" lon="-121.0112760">
    <ele>575.4</ele>
   </trkpt>
   <trkpt lat="38.9888040" lon="-121.0113220">
    <ele>575.4</ele>
   </trkpt>
   <trkpt lat="38.9887810" lon="-121.0113680">
    <ele>575.4</ele>
   </trkpt>
   <trkpt lat="38.9887500" lon="-121.0114140">
    <ele>575.6</ele>
   </trkpt>
   <trkpt lat="38.9887160" lon="-121.0114520">
    <ele>575.8</ele>
   </trkpt>
   <trkpt lat="38.9886820" lon="-121.0114970">
    <ele>575.8</ele>
   </trkpt>
   <trkpt lat="38.9886510" lon="-121.0115580">
    <ele>575.8</ele>
   </trkpt>
   <trkpt lat="38.9886360" lon="-121.0116270">
    <ele>575.8</ele>
   </trkpt>
   <trkpt lat="38.9886320" lon="-121.0116880">
    <ele>575.6</ele>
   </trkpt>
   <trkpt lat="38.9886360" lon="-121.0117570">
    <ele>575.4</ele>
   </trkpt>
   <trkpt lat="38.9886440" lon="-121.0118260">
    <ele>575.6</ele>
   </trkpt>
   <trkpt lat="38.9886510" lon="-121.0118940">
    <ele>575.8</ele>
   </trkpt>
   <trkpt lat="38.9886590" lon="-121.0119700">
    <ele>575.8</ele>
   </trkpt>
   <trkpt lat="38.9886630" lon="-121.0120390">
    <ele>576.0</ele>
   </trkpt>
   <trkpt lat="38.9886700" lon="-121.0121230">
    <ele>576.0</ele>
   </trkpt>
   <trkpt lat="38.9886860" lon="-121.0121920">
    <ele>576.0</ele>
   </trkpt>
   <trkpt lat="38.9886930" lon="-121.0122600">
    <ele>576.2</ele>
   </trkpt>
   <trkpt lat="38.9887010" lon="-121.0123370">
    <ele>576.2</ele>
   </trkpt>
   <trkpt lat="38.9887010" lon="-121.0124050">
    <ele>576.2</ele>
   </trkpt>
   <trkpt lat="38.9886930" lon="-121.0124740">
    <ele>576.2</ele>
   </trkpt>
   <trkpt lat="38.9886780" lon="-121.0125580">
    <ele>576.2</ele>
   </trkpt>
   <trkpt lat="38.9886590" lon="-121.0126340">
    <ele>576.2</ele>
   </trkpt>
   <trkpt lat="38.9886400" lon="-121.0127100">
    <ele>576.2</ele>
   </trkpt>
   <trkpt lat="38.9886210" lon="-121.0127790">
    <ele>576.4</ele>
   </trkpt>
   <trkpt lat="38.9886020" lon="-121.0128630">
    <ele>576.4</ele>
   </trkpt>
   <trkpt lat="38.9885710" lon="-121.0129390">
    <ele>576.4</ele>
   </trkpt>
   <trkpt lat="38.9885330" lon="-121.0130080">
    <ele>576.6</ele>
   </trkpt>
   <trkpt lat="38.9884990" lon="-121.0130770">
    <ele>576.6</ele>
   </trkpt>
   <trkpt lat="38.9884640" lon="-121.0131530">
    <ele>576.8</ele>
   </trkpt>
   <trkpt lat="38.9884260" lon="-121.0132140">
    <ele>576.6</ele>
   </trkpt>
   <trkpt lat="38.9883880" lon="-121.0132670">
    <ele>576.6</ele>
   </trkpt>
   <trkpt lat="38.9883420" lon="-121.0133280">
    <ele>576.8</ele>
   </trkpt>
   <trkpt lat="38.9883000" lon="-121.0133820">
    <ele>576.8</ele>
   </trkpt>
   <trkpt lat="38.9882550" lon="-121.0134280">
    <ele>576.6</ele>
   </trkpt>
   <trkpt lat="38.9882010" lon="-121.0134510">
    <ele>576.6</ele>
   </trkpt>
   <trkpt lat="38.9881480" lon="-121.0134580">
    <ele>576.6</ele>
   </trkpt>
   <trkpt lat="38.9880980" lon="-121.0134580">
    <ele>576.4</ele>
   </trkpt>
   <trkpt lat="38.9880600" lon="-121.0134350">
    <ele>576.2</ele>
   </trkpt>
   <trkpt lat="38.9880180" lon="-121.0133970">
    <ele>575.8</ele>
   </trkpt>
   <trkpt lat="38.9879650" lon="-121.0133740">
    <ele>575.8</ele>
   </trkpt>
   <trkpt lat="38.9879230" lon="-121.0133740">
    <ele>575.8</ele>
   </trkpt>
   <trkpt lat="38.9878960" lon="-121.0133970">
    <ele>576.0</ele>
   </trkpt>
   <trkpt lat="38.9878650" lon="-121.0134200">
    <ele>576.0</ele>
   </trkpt>
   <trkpt lat="38.9878270" lon="-121.0134510">
    <ele>575.8</ele>
   </trkpt>
   <trkpt lat="38.9877850" lon="-121.0134810">
    <ele>575.8</ele>
   </trkpt>
   <trkpt lat="38.9877430" lon="-121.0135120">
    <ele>575.8</ele>
   </trkpt>
   <trkpt lat="38.9876940" lon="-121.0135420">
    <ele>575.8</ele>
   </trkpt>
   <trkpt lat="38.9876440" lon="-121.0135650">
    <ele>576.0</ele>
   </trkpt>
   <trkpt lat="38.9875870" lon="-121.0135880">
    <ele>576.0</ele>
   </trkpt>
   <trkpt lat="38.9875300" lon="-121.0136030">
    <ele>576.0</ele>
   </trkpt>
   <trkpt lat="38.9874690" lon="-121.0136110">
    <ele>576.0</ele>
   </trkpt>
   <trkpt lat="38.9874080" lon="-121.0136180">
    <ele>576.0</ele>
   </trkpt>
   <trkpt lat="38.9873430" lon="-121.0136180">
    <ele>576.2</ele>
   </trkpt>
   <trkpt lat="38.9872820" lon="-121.0136110">
    <ele>576.4</ele>
   </trkpt>
   <trkpt lat="38.9872210" lon="-121.0136030">
    <ele>576.2</ele>
   </trkpt>
   <trkpt lat="38.9871640" lon="-121.0135880">
    <ele>576.2</ele>
   </trkpt>
   <trkpt lat="38.9871060" lon="-121.0135500">
    <ele>576.2</ele>
   </trkpt>
   <trkpt lat="38.9870610" lon="-121.0135040">
    <ele>576.2</ele>
   </trkpt>
   <trkpt lat="38.9870190" lon="-121.0134430">
    <ele>576.0</ele>
   </trkpt>
   <trkpt lat="38.9869840" lon="-121.0133820">
    <ele>575.8</ele>
   </trkpt>
   <trkpt lat="38.9869420" lon="-121.0133280">
    <ele>575.6</ele>
   </trkpt>
   <trkpt lat="38.9868890" lon="-121.0132980">
    <ele>575.4</ele>
   </trkpt>
   <trkpt lat="38.9868390" lon="-121.0132750">
    <ele>575.4</ele>
   </trkpt>
   <trkpt lat="38.9867930" lon="-121.0132750">
    <ele>575.4</ele>
   </trkpt>
   <trkpt lat="38.9867670" lon="-121.0133130">
    <ele>575.4</ele>
   </trkpt>
   <trkpt lat="38.9867520" lon="-121.0133670">
    <ele>575.6</ele>
   </trkpt>
   <trkpt lat="38.9867400" lon="-121.0134350">
    <ele>575.4</ele>
   </trkpt>
   <trkpt lat="38.9867250" lon="-121.0134960">
    <ele>575.4</ele>
   </trkpt>
   <trkpt lat="38.9867060" lon="-121.0135730">
    <ele>575.6</ele>
   </trkpt>
   <trkpt lat="38.9866790" lon="-121.0136340">
    <ele>575.6</ele>
   </trkpt>
   <trkpt lat="38.9866490" lon="-121.0136870">
    <ele>575.6</ele>
   </trkpt>
   <trkpt lat="38.9866070" lon="-121.0137330">
    <ele>575.6</ele>
   </trkpt>
   <trkpt lat="38.9865650" lon="-121.0137710">
    <ele>575.6</ele>
   </trkpt>
   <trkpt lat="38.9865150" lon="-121.0137940">
    <ele>575.6</ele>
   </trkpt>
   <trkpt lat="38.9864620" lon="-121.0137860">
    <ele>575.6</ele>
   </trkpt>
   <trkpt lat="38.9864040" lon="-121.0137860">
    <ele>575.6</ele>
   </trkpt>
   <trkpt lat="38.9863620" lon="-121.0138090">
    <ele>575.6</ele>
   </trkpt>
   <trkpt lat="38.9863400" lon="-121.0138400">
    <ele>575.4</ele>
   </trkpt>
   <trkpt lat="38.9863280" lon="-121.0138780">
    <ele>575.2</ele>
   </trkpt>
   <trkpt lat="38.9863400" lon="-121.0139080">
    <ele>575.4</ele>
   </trkpt>
   <trkpt lat="38.9863620" lon="-121.0139390">
    <ele>575.4</ele>
   </trkpt>
   <trkpt lat="38.9863850" lon="-121.0139620">
    <ele>575.6</ele>
   </trkpt>
   <trkpt lat="38.9864160" lon="-121.0140000">
    <ele>575.6</ele>
   </trkpt>
   <trkpt lat="38.9864460" lon="-121.0140230">
    <ele>575.4</ele>
   </trkpt>
   <trkpt lat="38.9864850" lon="-121.0140610">
    <ele>575.4</ele>
   </trkpt>
   <trkpt lat="38.9865190" lon="-121.0141070">
    <ele>575.6</ele>
   </trkpt>
   <trkpt lat="38.9865530" lon="-121.0141600">
    <ele>575.8</ele>
   </trkpt>
   <trkpt lat="38.9865870" lon="-121.0142060">
    <ele>575.8</ele>
   </trkpt>
   <trkpt lat="38.9866220" lon="-121.0142520">
    <ele>575.8</ele>
   </trkpt>
   <trkpt lat="38.9866490" lon="-121.0143050">
    <ele>575.6</ele>
   </trkpt>
   <trkpt lat="38.9866640" lon="-121.0143430">
    <ele>575.4</ele>
   </trkpt>
   <trkpt lat="38.9866600" lon="-121.0143740">
    <ele>575.2</ele>
   </trkpt>
   <trkpt lat="38.9866410" lon="-121.0144040">
    <ele>575.0</ele>
   </trkpt>
   <trkpt lat="38.9866180" lon="-121.0144270">
    <ele>575.0</ele>
   </trkpt>
   <trkpt lat="38.9865840" lon="-121.0144500">
    <ele>575.0</ele>
   </trkpt>
   <trkpt lat="38.9865570" lon="-121.0144730">
    <ele>575.0</ele>
   </trkpt>
   <trkpt lat="38.9865340" lon="-121.0145190">
    <ele>574.8</ele>
   </trkpt>
   <trkpt lat="38.9865230" lon="-121.0145640">
    <ele>574.6</ele>
   </trkpt>
   <trkpt lat="38.9865380" lon="-121.0145950">
    <ele>574.4</ele>
   </trkpt>
   <trkpt lat="38.9865680" lon="-121.0146100">
    <ele>574.4</ele>
   </trkpt>
   <trkpt lat="38.9865950" lon="-121.0146330">
    <ele>574.2</ele>
   </trkpt>
   <trkpt lat="38.9866140" lon="-121.0146710">
    <ele>574.2</ele>
   </trkpt>
   <trkpt lat="38.9866370" lon="-121.0147170">
    <ele>574.4</ele>
   </trkpt>
   <trkpt lat="38.9866490" lon="-121.0147780">
    <ele>574.6</ele>
   </trkpt>
   <trkpt lat="38.9866450" lon="-121.0148320">
    <ele>574.6</ele>
   </trkpt>
   <trkpt lat="38.9866330" lon="-121.0148850">
    <ele>574.6</ele>
   </trkpt>
   <trkpt lat="38.9866180" lon="-121.0149380">
    <ele>574.8</ele>
   </trkpt>
   <trkpt lat="38.9865950" lon="-121.0149990">
    <ele>574.8</ele>
   </trkpt>
   <trkpt lat="38.9865650" lon="-121.0150530">
    <ele>574.8</ele>
   </trkpt>
   <trkpt lat="38.9865230" lon="-121.0151060">
    <ele>575.0</ele>
   </trkpt>
   <trkpt lat="38.9864770" lon="-121.0151520">
    <ele>575.2</ele>
   </trkpt>
   <trkpt lat="38.9864310" lon="-121.0151900">
    <ele>575.2</ele>
   </trkpt>
   <trkpt lat="38.9863820" lon="-121.0152280">
    <ele>575.2</ele>
   </trkpt>
   <trkpt lat="38.9863280" lon="-121.0152590">
    <ele>575.2</ele>
   </trkpt>
   <trkpt lat="38.9862670" lon="-121.0152740">
    <ele>575.2</ele>
   </trkpt>
   <trkpt lat="38.9862060" lon="-121.0152890">
    <ele>575.4</ele>
   </trkpt>
   <trkpt lat="38.9861450" lon="-121.0152970">
    <ele>575.4</ele>
   </trkpt>
   <trkpt lat="38.9860840" lon="-121.0153050">
    <ele>575.4</ele>
   </trkpt>
   <trkpt lat="38.9860230" lon="-121.0153200">
    <ele>575.4</ele>
   </trkpt>
   <trkpt lat="38.9859730" lon="-121.0153660">
    <ele>575.4</ele>
   </trkpt>
   <trkpt lat="38.9859500" lon="-121.0154270">
    <ele>575.4</ele>
   </trkpt>
   <trkpt lat="38.9859500" lon="-121.0154800">
    <ele>575.4</ele>
   </trkpt>
   <trkpt lat="38.9859620" lon="-121.0155260">
    <ele>575.4</ele>
   </trkpt>
   <trkpt lat="38.9859810" lon="-121.0155720">
    <ele>575.6</ele>
   </trkpt>
   <trkpt lat="38.9860000" lon="-121.0156170">
    <ele>575.6</ele>
   </trkpt>
   <trkpt lat="38.9860110" lon="-121.0156630">
    <ele>575.6</ele>
   </trkpt>
   <trkpt lat="38.9860230" lon="-121.0157160">
    <ele>575.6</ele>
   </trkpt>
   <trkpt lat="38.9860230" lon="-121.0157620">
    <ele>575.6</ele>
   </trkpt>
   <trkpt lat="38.9860150" lon="-121.0158160">
    <ele>575.4</ele>
   </trkpt>
   <trkpt lat="38.9860040" lon="-121.0158610">
    <ele>575.4</ele>
   </trkpt>
   <trkpt lat="38.9859960" lon="-121.0159150">
    <ele>575.2</ele>
   </trkpt>
   <trkpt lat="38.9860000" lon="-121.0159450">
    <ele>575.2</ele>
   </trkpt>
   <trkpt lat="38.9860190" lon="-121.0159760">
    <ele>575.2</ele>
   </trkpt>
   <trkpt lat="38.9860420" lon="-121.0159910">
    <ele>575.2</ele>
   </trkpt>
   <trkpt lat="38.9860690" lon="-121.0160140">
    <ele>575.2</ele>
   </trkpt>
   <trkpt lat="38.9861030" lon="-121.0160370">
    <ele>575.0</ele>
   </trkpt>
   <trkpt lat="38.9861410" lon="-121.0160600">
    <ele>574.8</ele>
   </trkpt>
   <trkpt lat="38.9861790" lon="-121.0160900">
    <ele>575.0</ele>
   </trkpt>
   <trkpt lat="38.9862100" lon="-121.0161280">
    <ele>575.2</ele>
   </trkpt>
   <trkpt lat="38.9862290" lon="-121.0161670">
    <ele>575.2</ele>
   </trkpt>
   <trkpt lat="38.9862370" lon="-121.0162280">
    <ele>575.2</ele>
   </trkpt>
   <trkpt lat="38.9862330" lon="-121.0162960">
    <ele>575.2</ele>
   </trkpt>
   <trkpt lat="38.9862330" lon="-121.0163730">
    <ele>575.4</ele>
   </trkpt>
   <trkpt lat="38.9862370" lon="-121.0164410">
    <ele>575.6</ele>
   </trkpt>
   <trkpt lat="38.9862440" lon="-121.0165100">
    <ele>575.6</ele>
   </trkpt>
   <trkpt lat="38.9862560" lon="-121.0165790">
    <ele>575.6</ele>
   </trkpt>
   <trkpt lat="38.9862630" lon="-121.0166470">
    <ele>575.6</ele>
   </trkpt>
   <trkpt lat="38.9862670" lon="-121.0167160">
    <ele>575.6</ele>
   </trkpt>
   <trkpt lat="38.9862710" lon="-121.0167920">
    <ele>575.6</ele>
   </trkpt>
   <trkpt lat="38.9862710" lon="-121.0168610">
    <ele>575.6</ele>
   </trkpt>
   <trkpt lat="38.9862670" lon="-121.0169300">
    <ele>575.6</ele>
   </trkpt>
   <trkpt lat="38.9862670" lon="-121.0170060">
    <ele>575.6</ele>
   </trkpt>
   <trkpt lat="38.9862630" lon="-121.0170750">
    <ele>575.4</ele>
   </trkpt>
   <trkpt lat="38.9862670" lon="-121.0171510">
    <ele>575.6</ele>
   </trkpt>
   <trkpt lat="38.9862590" lon="-121.0172200">
    <ele>575.8</ele>
   </trkpt>
   <trkpt lat="38.9862480" lon="-121.0172730">
    <ele>575.8</ele>
   </trkpt>
   <trkpt lat="38.9862170" lon="-121.0173260">
    <ele>575.6</ele>
   </trkpt>
   <trkpt lat="38.9861830" lon="-121.0173720">
    <ele>575.6</ele>
   </trkpt>
   <trkpt lat="38.9861370" lon="-121.0174100">
    <ele>575.8</ele>
   </trkpt>
   <trkpt lat="38.9860920" lon="-121.0174410">
    <ele>575.6</ele>
   </trkpt>
   <trkpt lat="38.9860500" lon="-121.0174560">
    <ele>575.6</ele>
   </trkpt>
   <trkpt lat="38.9860110" lon="-121.0174710">
    <ele>575.4</ele>
   </trkpt>
   <trkpt lat="38.9859810" lon="-121.0174860">
    <ele>575.2</ele>
   </trkpt>
   <trkpt lat="38.9859620" lon="-121.0175020">
    <ele>575.0</ele>
   </trkpt>
   <trkpt lat="38.9859470" lon="-121.0175020">
    <ele>574.8</ele>
   </trkpt>
   <trkpt lat="38.9859350" lon="-121.0175020">
    <ele>574.8</ele>
   </trkpt>
   <trkpt lat="38.9859350" lon="-121.0175090">
    <ele>574.6</ele>
   </trkpt>
   <trkpt lat="38.9859350" lon="-121.0175090">
    <ele>574.4</ele>
   </trkpt>
   <trkpt lat="38.9859350" lon="-121.0175090">
    <ele>574.4</ele>
   </trkpt>
   <trkpt lat="38.9859350" lon="-121.0175090">
    <ele>574.2</ele>
   </trkpt>
   <trkpt lat="38.9859350" lon="-121.0175090">
    <ele>574.2</ele>
   </trkpt>
   <trkpt lat="38.9859580" lon="-121.0175020">
    <ele>574.4</ele>
   </trkpt>
   <trkpt lat="38.9859770" lon="-121.0174940">
    <ele>574.4</ele>
   </trkpt>
   <trkpt lat="38.9859960" lon="-121.0174940">
    <ele>574.4</ele>
   </trkpt>
   <trkpt lat="38.9860150" lon="-121.0174860">
    <ele>574.4</ele>
   </trkpt>
   <trkpt lat="38.9860380" lon="-121.0174790">
    <ele>574.2</ele>
   </trkpt>
   <trkpt lat="38.9860650" lon="-121.0174710">
    <ele>574.2</ele>
   </trkpt>
   <trkpt lat="38.9860920" lon="-121.0174640">
    <ele>574.2</ele>
   </trkpt>
   <trkpt lat="38.9861260" lon="-121.0174560">
    <ele>574.2</ele>
   </trkpt>
   <trkpt lat="38.9861600" lon="-121.0174330">
    <ele>574.2</ele>
   </trkpt>
   <trkpt lat="38.9861980" lon="-121.0174030">
    <ele>574.4</ele>
   </trkpt>
   <trkpt lat="38.9862290" lon="-121.0173640">
    <ele>574.4</ele>
   </trkpt>
   <trkpt lat="38.9862630" lon="-121.0173260">
    <ele>574.4</ele>
   </trkpt>
   <trkpt lat="38.9862820" lon="-121.0172810">
    <ele>574.4</ele>
   </trkpt>
   <trkpt lat="38.9862980" lon="-121.0172270">
    <ele>574.6</ele>
   </trkpt>
   <trkpt lat="38.9863130" lon="-121.0171810">
    <ele>574.6</ele>
   </trkpt>
   <trkpt lat="38.9863210" lon="-121.0171280">
    <ele>574.6</ele>
   </trkpt>
   <trkpt lat="38.9863240" lon="-121.0170750">
    <ele>574.6</ele>
   </trkpt>
   <trkpt lat="38.9863240" lon="-121.0170290">
    <ele>574.6</ele>
   </trkpt>
   <trkpt lat="38.9863280" lon="-121.0169830">
    <ele>574.6</ele>
   </trkpt>
   <trkpt lat="38.9863320" lon="-121.0169370">
    <ele>574.4</ele>
   </trkpt>
   <trkpt lat="38.9863400" lon="-121.0168910">
    <ele>574.4</ele>
   </trkpt>
   <trkpt lat="38.9863430" lon="-121.0168460">
    <ele>574.6</ele>
   </trkpt>
   <trkpt lat="38.9863400" lon="-121.0167920">
    <ele>574.6</ele>
   </trkpt>
   <trkpt lat="38.9863320" lon="-121.0167690">
    <ele>574.6</ele>
   </trkpt>
   <trkpt lat="38.9863320" lon="-121.0167460">
    <ele>574.6</ele>
   </trkpt>
   <trkpt lat="38.9863320" lon="-121.0167310">
    <ele>574.4</ele>
   </trkpt>
   <trkpt lat="38.9863320" lon="-121.0167240">
    <ele>574.4</ele>
   </trkpt>
   <trkpt lat="38.9863280" lon="-121.0167240">
    <ele>574.4</ele>
   </trkpt>
   <trkpt lat="38.9863280" lon="-121.0167240">
    <ele>574.2</ele>
   </trkpt>
   <trkpt lat="38.9863280" lon="-121.0167240">
    <ele>574.2</ele>
   </trkpt>
   <trkpt lat="38.9863170" lon="-121.0167010">
    <ele>574.2</ele>
   </trkpt>
   <trkpt lat="38.9863130" lon="-121.0166850">
    <ele>574.2</ele>
   </trkpt>
   <trkpt lat="38.9863050" lon="-121.0166630">
    <ele>574.2</ele>
   </trkpt>
   <trkpt lat="38.9862980" lon="-121.0166470">
    <ele>574.2</ele>
   </trkpt>
   <trkpt lat="38.9862980" lon="-121.0166320">
    <ele>574.2</ele>
   </trkpt>
   <trkpt lat="38.9862940" lon="-121.0166090">
    <ele>574.2</ele>
   </trkpt>
   <trkpt lat="38.9862900" lon="-121.0165860">
    <ele>574.2</ele>
   </trkpt>
   <trkpt lat="38.9862900" lon="-121.0165410">
    <ele>574.4</ele>
   </trkpt>
   <trkpt lat="38.9862900" lon="-121.0164950">
    <ele>574.6</ele>
   </trkpt>
   <trkpt lat="38.9862940" lon="-121.0164570">
    <ele>574.4</ele>
   </trkpt>
   <trkpt lat="38.9862900" lon="-121.0163960">
    <ele>574.4</ele>
   </trkpt>
   <trkpt lat="38.9862790" lon="-121.0163340">
    <ele>574.4</ele>
   </trkpt>
   <trkpt lat="38.9862630" lon="-121.0162810">
    <ele>574.6</ele>
   </trkpt>
   <trkpt lat="38.9862400" lon="-121.0162280">
    <ele>574.8</ele>
   </trkpt>
   <trkpt lat="38.9862060" lon="-121.0161740">
    <ele>574.8</ele>
   </trkpt>
   <trkpt lat="38.9861640" lon="-121.0161360">
    <ele>574.6</ele>
   </trkpt>
   <trkpt lat="38.9861220" lon="-121.0161130">
    <ele>574.8</ele>
   </trkpt>
   <trkpt lat="38.9860990" lon="-121.0160900">
    <ele>575.0</ele>
   </trkpt>
   <trkpt lat="38.9860840" lon="-121.0160670">
    <ele>575.0</ele>
   </trkpt>
   <trkpt lat="38.9860760" lon="-121.0160370">
    <ele>575.0</ele>
   </trkpt>
   <trkpt lat="38.9860760" lon="-121.0160140">
    <ele>575.0</ele>
   </trkpt>
   <trkpt lat="38.9860800" lon="-121.0159840">
    <ele>575.0</ele>
   </trkpt>
   <trkpt lat="38.9860840" lon="-121.0159380">
    <ele>574.8</ele>
   </trkpt>
   <trkpt lat="38.9860880" lon="-121.0158840">
    <ele>574.8</ele>
   </trkpt>
   <trkpt lat="38.9860840" lon="-121.0158310">
    <ele>574.8</ele>
   </trkpt>
   <trkpt lat="38.9860720" lon="-121.0157780">
    <ele>575.0</ele>
   </trkpt>
   <trkpt lat="38.9860610" lon="-121.0157240">
    <ele>575.0</ele>
   </trkpt>
   <trkpt lat="38.9860460" lon="-121.0156780">
    <ele>575.0</ele>
   </trkpt>
   <trkpt lat="38.9860310" lon="-121.0156250">
    <ele>575.0</ele>
   </trkpt>
   <trkpt lat="38.9860190" lon="-121.0155560">
    <ele>575.0</ele>
   </trkpt>
   <trkpt lat="38.9860150" lon="-121.0154950">
    <ele>574.8</ele>
   </trkpt>
   <trkpt lat="38.9860270" lon="-121.0154340">
    <ele>574.6</ele>
   </trkpt>
   <trkpt lat="38.9860500" lon="-121.0153880">
    <ele>574.6</ele>
   </trkpt>
   <trkpt lat="38.9860800" lon="-121.0153500">
    <ele>575.0</ele>
   </trkpt>
   <trkpt lat="38.9861180" lon="-121.0153270">
    <ele>575.2</ele>
   </trkpt>
   <trkpt lat="38.9861600" lon="-121.0153120">
    <ele>575.4</ele>
   </trkpt>
   <trkpt lat="38.9862020" lon="-121.0153050">
    <ele>575.4</ele>
   </trkpt>
   <trkpt lat="38.9862400" lon="-121.0152970">
    <ele>575.4</ele>
   </trkpt>
   <trkpt lat="38.9862790" lon="-121.0152820">
    <ele>575.6</ele>
   </trkpt>
   <trkpt lat="38.9863170" lon="-121.0152820">
    <ele>575.6</ele>
   </trkpt>
   <trkpt lat="38.9863550" lon="-121.0152740">
    <ele>575.4</ele>
   </trkpt>
   <trkpt lat="38.9863970" lon="-121.0152590">
    <ele>575.6</ele>
   </trkpt>
   <trkpt lat="38.9864430" lon="-121.0152280">
    <ele>575.6</ele>
   </trkpt>
   <trkpt lat="38.9864880" lon="-121.0151820">
    <ele>575.6</ele>
   </trkpt>
   <trkpt lat="38.9865260" lon="-121.0151370">
    <ele>575.8</ele>
   </trkpt>
   <trkpt lat="38.9865610" lon="-121.0150910">
    <ele>575.8</ele>
   </trkpt>
   <trkpt lat="38.9865950" lon="-121.0150370">
    <ele>575.6</ele>
   </trkpt>
   <trkpt lat="38.9866220" lon="-121.0149760">
    <ele>575.6</ele>
   </trkpt>
   <trkpt lat="38.9866410" lon="-121.0149230">
    <ele>575.8</ele>
   </trkpt>
   <trkpt lat="38.9866490" lon="-121.0148700">
    <ele>575.6</ele>
   </trkpt>
   <trkpt lat="38.9866490" lon="-121.0148090">
    <ele>575.4</ele>
   </trkpt>
   <trkpt lat="38.9866290" lon="-121.0147550">
    <ele>575.2</ele>
   </trkpt>
   <trkpt lat="38.9865990" lon="-121.0147090">
    <ele>575.2</ele>
   </trkpt>
   <trkpt lat="38.9865720" lon="-121.0146790">
    <ele>575.2</ele>
   </trkpt>
   <trkpt lat="38.9865460" lon="-121.0146330">
    <ele>575.2</ele>
   </trkpt>
   <trkpt lat="38.9865260" lon="-121.0145800">
    <ele>575.2</ele>
   </trkpt>
   <trkpt lat="38.9865260" lon="-121.0145190">
    <ele>575.0</ele>
   </trkpt>
   <trkpt lat="38.9865420" lon="-121.0144730">
    <ele>575.0</ele>
   </trkpt>
   <trkpt lat="38.9865680" lon="-121.0144420">
    <ele>574.8</ele>
   </trkpt>
   <trkpt lat="38.9865950" lon="-121.0144190">
    <ele>574.8</ele>
   </trkpt>
   <trkpt lat="38.9866220" lon="-121.0143890">
    <ele>574.8</ele>
   </trkpt>
   <trkpt lat="38.9866370" lon="-121.0143510">
    <ele>574.8</ele>
   </trkpt>
   <trkpt lat="38.9866370" lon="-121.0143130">
    <ele>574.6</ele>
   </trkpt>
   <trkpt lat="38.9866370" lon="-121.0142900">
    <ele>574.6</ele>
   </trkpt>
   <trkpt lat="38.9866330" lon="-121.0142590">
    <ele>574.6</ele>
   </trkpt>
   <trkpt lat="38.9866180" lon="-121.0142210">
    <ele>574.6</ele>
   </trkpt>
   <trkpt lat="38.9865990" lon="-121.0141830">
    <ele>574.6</ele>
   </trkpt>
   <trkpt lat="38.9865760" lon="-121.0141370">
    <ele>574.6</ele>
   </trkpt>
   <trkpt lat="38.9865490" lon="-121.0140990">
    <ele>574.8</ele>
   </trkpt>
   <trkpt lat="38.9865190" lon="-121.0140610">
    <ele>575.2</ele>
   </trkpt>
   <trkpt lat="38.9864810" lon="-121.0140300">
    <ele>575.2</ele>
   </trkpt>
   <trkpt lat="38.9864350" lon="-121.0139920">
    <ele>575.4</ele>
   </trkpt>
   <trkpt lat="38.9864040" lon="-121.0139620">
    <ele>575.8</ele>
   </trkpt>
   <trkpt lat="38.9863780" lon="-121.0139310">
    <ele>576.0</ele>
   </trkpt>
   <trkpt lat="38.9863660" lon="-121.0139010">
    <ele>576.0</ele>
   </trkpt>
   <trkpt lat="38.9863660" lon="-121.0138630">
    <ele>575.8</ele>
   </trkpt>
   <trkpt lat="38.9863820" lon="-121.0138470">
    <ele>575.6</ele>
   </trkpt>
   <trkpt lat="38.9864010" lon="-121.0138240">
    <ele>575.4</ele>
   </trkpt>
   <trkpt lat="38.9864310" lon="-121.0138090">
    <ele>575.6</ele>
   </trkpt>
   <trkpt lat="38.9864730" lon="-121.0137940">
    <ele>575.8</ele>
   </trkpt>
   <trkpt lat="38.9865190" lon="-121.0137860">
    <ele>575.8</ele>
   </trkpt>
   <trkpt lat="38.9865530" lon="-121.0137630">
    <ele>575.8</ele>
   </trkpt>
   <trkpt lat="38.9865720" lon="-121.0137480">
    <ele>575.8</ele>
   </trkpt>
   <trkpt lat="38.9865840" lon="-121.0137330">
    <ele>575.6</ele>
   </trkpt>
   <trkpt lat="38.9865840" lon="-121.0137330">
    <ele>575.4</ele>
   </trkpt>
   <trkpt lat="38.9865840" lon="-121.0137330">
    <ele>575.4</ele>
   </trkpt>
   <trkpt lat="38.9865840" lon="-121.0137330">
    <ele>575.2</ele>
   </trkpt>
   <trkpt lat="38.9865840" lon="-121.0137330">
    <ele>575.2</ele>
   </trkpt>
   <trkpt lat="38.9865840" lon="-121.0137330">
    <ele>575.2</ele>
   </trkpt>
   <trkpt lat="38.9865840" lon="-121.0137330">
    <ele>575.2</ele>
   </trkpt>
   <trkpt lat="38.9865840" lon="-121.0137330">
    <ele>575.0</ele>
   </trkpt>
   <trkpt lat="38.9865840" lon="-121.0137330">
    <ele>575.0</ele>
   </trkpt>
   <trkpt lat="38.9865840" lon="-121.0137330">
    <ele>575.0</ele>
   </trkpt>
   <trkpt lat="38.9865840" lon="-121.0137330">
    <ele>575.0</ele>
   </trkpt>
   <trkpt lat="38.9865910" lon="-121.0137180">
    <ele>575.0</ele>
   </trkpt>
   <trkpt lat="38.9866030" lon="-121.0137020">
    <ele>575.0</ele>
   </trkpt>
   <trkpt lat="38.9866100" lon="-121.0136790">
    <ele>575.2</ele>
   </trkpt>
   <trkpt lat="38.9866290" lon="-121.0136410">
    <ele>575.4</ele>
   </trkpt>
   <trkpt lat="38.9866520" lon="-121.0135960">
    <ele>575.4</ele>
   </trkpt>
   <trkpt lat="38.9866710" lon="-121.0135570">
    <ele>575.4</ele>
   </trkpt>
   <trkpt lat="38.9866870" lon="-121.0135350">
    <ele>575.4</ele>
   </trkpt>
   <trkpt lat="38.9866940" lon="-121.0135190">
    <ele>575.2</ele>
   </trkpt>
   <trkpt lat="38.9866980" lon="-121.0135190">
    <ele>575.0</ele>
   </trkpt>
   <trkpt lat="38.9866980" lon="-121.0135190">
    <ele>575.0</ele>
   </trkpt>
   <trkpt lat="38.9866980" lon="-121.0135190">
    <ele>574.8</ele>
   </trkpt>
   <trkpt lat="38.9866980" lon="-121.0135190">
    <ele>574.8</ele>
   </trkpt>
   <trkpt lat="38.9866900" lon="-121.0134810">
    <ele>574.6</ele>
   </trkpt>
   <trkpt lat="38.9866940" lon="-121.0134730">
    <ele>574.8</ele>
   </trkpt>
   <trkpt lat="38.9866980" lon="-121.0134730">
    <ele>574.6</ele>
   </trkpt>
   <trkpt lat="38.9866980" lon="-121.0134730">
    <ele>574.6</ele>
   </trkpt>
   <trkpt lat="38.9866980" lon="-121.0134730">
    <ele>574.6</ele>
   </trkpt>
   <trkpt lat="38.9866980" lon="-121.0134660">
    <ele>574.6</ele>
   </trkpt>
   <trkpt lat="38.9866980" lon="-121.0133740">
    <ele>574.6</ele>
   </trkpt>
   <trkpt lat="38.9867060" lon="-121.0133590">
    <ele>574.8</ele>
   </trkpt>
   <trkpt lat="38.9867130" lon="-121.0133360">
    <ele>574.8</ele>
   </trkpt>
   <trkpt lat="38.9867250" lon="-121.0133210">
    <ele>574.8</ele>
   </trkpt>
   <trkpt lat="38.9867590" lon="-121.0133060">
    <ele>575.0</ele>
   </trkpt>
   <trkpt lat="38.9868130" lon="-121.0133060">
    <ele>575.0</ele>
   </trkpt>
   <trkpt lat="38.9868620" lon="-121.0133130">
    <ele>575.0</ele>
   </trkpt>
   <trkpt lat="38.9869040" lon="-121.0133210">
    <ele>575.0</ele>
   </trkpt>
   <trkpt lat="38.9869500" lon="-121.0133440">
    <ele>575.0</ele>
   </trkpt>
   <trkpt lat="38.9869880" lon="-121.0133740">
    <ele>575.4</ele>
   </trkpt>
   <trkpt lat="38.9870260" lon="-121.0134120">
    <ele>575.6</ele>
   </trkpt>
   <trkpt lat="38.9870610" lon="-121.0134580">
    <ele>575.6</ele>
   </trkpt>
   <trkpt lat="38.9870950" lon="-121.0135120">
    <ele>575.8</ele>
   </trkpt>
   <trkpt lat="38.9871290" lon="-121.0135570">
    <ele>575.8</ele>
   </trkpt>
   <trkpt lat="38.9871710" lon="-121.0135880">
    <ele>576.0</ele>
   </trkpt>
   <trkpt lat="38.9872210" lon="-121.0136110">
    <ele>576.0</ele>
   </trkpt>
   <trkpt lat="38.9872820" lon="-121.0136260">
    <ele>576.0</ele>
   </trkpt>
   <trkpt lat="38.9873430" lon="-121.0136340">
    <ele>576.2</ele>
   </trkpt>
   <trkpt lat="38.9874040" lon="-121.0136410">
    <ele>576.2</ele>
   </trkpt>
   <trkpt lat="38.9874570" lon="-121.0136410">
    <ele>576.2</ele>
   </trkpt>
   <trkpt lat="38.9875220" lon="-121.0136410">
    <ele>576.4</ele>
   </trkpt>
   <trkpt lat="38.9875830" lon="-121.0136410">
    <ele>576.4</ele>
   </trkpt>
   <trkpt lat="38.9876440" lon="-121.0136260">
    <ele>576.4</ele>
   </trkpt>
   <trkpt lat="38.9876980" lon="-121.0135960">
    <ele>576.6</ele>
   </trkpt>
   <trkpt lat="38.9877510" lon="-121.0135570">
    <ele>576.8</ele>
   </trkpt>
   <trkpt lat="38.9878080" lon="-121.0135120">
    <ele>577.0</ele>
   </trkpt>
   <trkpt lat="38.9878690" lon="-121.0134660">
    <ele>577.0</ele>
   </trkpt>
   <trkpt lat="38.9879230" lon="-121.0134120">
    <ele>577.0</ele>
   </trkpt>
   <trkpt lat="38.9879650" lon="-121.0133740">
    <ele>576.8</ele>
   </trkpt>
   <trkpt lat="38.9880100" lon="-121.0133510">
    <ele>576.8</ele>
   </trkpt>
   <trkpt lat="38.9880490" lon="-121.0133510">
    <ele>576.8</ele>
   </trkpt>
   <trkpt lat="38.9880910" lon="-121.0133670">
    <ele>576.6</ele>
   </trkpt>
   <trkpt lat="38.9881320" lon="-121.0133970">
    <ele>576.4</ele>
   </trkpt>
   <trkpt lat="38.9881780" lon="-121.0134350">
    <ele>576.2</ele>
   </trkpt>
   <trkpt lat="38.9882160" lon="-121.0134510">
    <ele>576.2</ele>
   </trkpt>
   <trkpt lat="38.9882620" lon="-121.0134510">
    <ele>576.2</ele>
   </trkpt>
   <trkpt lat="38.9883160" lon="-121.0134280">
    <ele>576.2</ele>
   </trkpt>
   <trkpt lat="38.9883610" lon="-121.0133890">
    <ele>576.4</ele>
   </trkpt>
   <trkpt lat="38.9883990" lon="-121.0133440">
    <ele>576.4</ele>
   </trkpt>
   <trkpt lat="38.9884380" lon="-121.0132900">
    <ele>576.2</ele>
   </trkpt>
   <trkpt lat="38.9884760" lon="-121.0132290">
    <ele>576.2</ele>
   </trkpt>
   <trkpt lat="38.9885100" lon="-121.0131680">
    <ele>576.2</ele>
   </trkpt>
   <trkpt lat="38.9885440" lon="-121.0131000">
    <ele>576.2</ele>
   </trkpt>
   <trkpt lat="38.9885790" lon="-121.0130310">
    <ele>576.4</ele>
   </trkpt>
   <trkpt lat="38.9886050" lon="-121.0129620">
    <ele>576.6</ele>
   </trkpt>
   <trkpt lat="38.9886360" lon="-121.0128940">
    <ele>576.6</ele>
   </trkpt>
   <trkpt lat="38.9886630" lon="-121.0128250">
    <ele>576.6</ele>
   </trkpt>
   <trkpt lat="38.9886890" lon="-121.0127490">
    <ele>576.6</ele>
   </trkpt>
   <trkpt lat="38.9887120" lon="-121.0126650">
    <ele>576.8</ele>
   </trkpt>
   <trkpt lat="38.9887310" lon="-121.0125810">
    <ele>576.8</ele>
   </trkpt>
   <trkpt lat="38.9887500" lon="-121.0125050">
    <ele>577.0</ele>
   </trkpt>
   <trkpt lat="38.9887580" lon="-121.0124280">
    <ele>577.0</ele>
   </trkpt>
   <trkpt lat="38.9887620" lon="-121.0123520">
    <ele>577.0</ele>
   </trkpt>
   <trkpt lat="38.9887500" lon="-121.0122680">
    <ele>576.8</ele>
   </trkpt>
   <trkpt lat="38.9887430" lon="-121.0121840">
    <ele>576.8</ele>
   </trkpt>
   <trkpt lat="38.9887350" lon="-121.0121000">
    <ele>576.6</ele>
   </trkpt>
   <trkpt lat="38.9887310" lon="-121.0120160">
    <ele>576.8</ele>
   </trkpt>
   <trkpt lat="38.9887240" lon="-121.0119320">
    <ele>576.8</ele>
   </trkpt>
   <trkpt lat="38.9887120" lon="-121.0118560">
    <ele>576.8</ele>
   </trkpt>
   <trkpt lat="38.9887050" lon="-121.0117720">
    <ele>577.0</ele>
   </trkpt>
   <trkpt lat="38.9887090" lon="-121.0116880">
    <ele>577.0</ele>
   </trkpt>
   <trkpt lat="38.9887160" lon="-121.0116190">
    <ele>577.0</ele>
   </trkpt>
   <trkpt lat="38.9887350" lon="-121.0115510">
    <ele>577.2</ele>
   </trkpt>
   <trkpt lat="38.9887620" lon="-121.0114970">
    <ele>577.2</ele>
   </trkpt>
   <trkpt lat="38.9887960" lon="-121.0114440">
    <ele>577.0</ele>
   </trkpt>
   <trkpt lat="38.9888230" lon="-121.0113910">
    <ele>576.8</ele>
   </trkpt>
   <trkpt lat="38.9888530" lon="-121.0113300">
    <ele>576.8</ele>
   </trkpt>
   <trkpt lat="38.9888760" lon="-121.0112760">
    <ele>577.0</ele>
   </trkpt>
   <trkpt lat="38.9888950" lon="-121.0112380">
    <ele>577.2</ele>
   </trkpt>
   <trkpt lat="38.9889070" lon="-121.0112150">
    <ele>577.0</ele>
   </trkpt>
   <trkpt lat="38.9889110" lon="-121.0112150">
    <ele>576.8</ele>
   </trkpt>
   <trkpt lat="38.9889260" lon="-121.0112230">
    <ele>576.2</ele>
   </trkpt>
   <trkpt lat="38.9889340" lon="-121.0112150">
    <ele>576.2</ele>
   </trkpt>
   <trkpt lat="38.9889410" lon="-121.0112150">
    <ele>576.2</ele>
   </trkpt>
   <trkpt lat="38.9889490" lon="-121.0112080">
    <ele>576.2</ele>
   </trkpt>
   <trkpt lat="38.9889600" lon="-121.0112080">
    <ele>576.4</ele>
   </trkpt>
   <trkpt lat="38.9889680" lon="-121.0112150">
    <ele>576.4</ele>
   </trkpt>
   <trkpt lat="38.9889750" lon="-121.0112150">
    <ele>576.4</ele>
   </trkpt>
   <trkpt lat="38.9889910" lon="-121.0112230">
    <ele>576.4</ele>
   </trkpt>
   <trkpt lat="38.9890140" lon="-121.0112300">
    <ele>576.4</ele>
   </trkpt>
   <trkpt lat="38.9890400" lon="-121.0112380">
    <ele>576.4</ele>
   </trkpt>
   <trkpt lat="38.9890710" lon="-121.0112610">
    <ele>576.6</ele>
   </trkpt>
   <trkpt lat="38.9891010" lon="-121.0112840">
    <ele>576.6</ele>
   </trkpt>
   <trkpt lat="38.9891360" lon="-121.0113140">
    <ele>576.4</ele>
   </trkpt>
   <trkpt lat="38.9891700" lon="-121.0113600">
    <ele>576.6</ele>
   </trkpt>
   <trkpt lat="38.9892120" lon="-121.0113980">
    <ele>576.6</ele>
   </trkpt>
   <trkpt lat="38.9892540" lon="-121.0114360">
    <ele>576.8</ele>
   </trkpt>
   <trkpt lat="38.9892960" lon="-121.0114750">
    <ele>577.0</ele>
   </trkpt>
   <trkpt lat="38.9893380" lon="-121.0115130">
    <ele>577.0</ele>
   </trkpt>
   <trkpt lat="38.9893800" lon="-121.0115510">
    <ele>577.0</ele>
   </trkpt>
   <trkpt lat="38.9894260" lon="-121.0115740">
    <ele>577.0</ele>
   </trkpt>
   <trkpt lat="38.9894790" lon="-121.0115890">
    <ele>577.0</ele>
   </trkpt>
   <trkpt lat="38.9895320" lon="-121.0115810">
    <ele>577.0</ele>
   </trkpt>
   <trkpt lat="38.9895900" lon="-121.0115740">
    <ele>577.2</ele>
   </trkpt>
   <trkpt lat="38.9896390" lon="-121.0115580">
    <ele>577.2</ele>
   </trkpt>
   <trkpt lat="38.9896890" lon="-121.0115280">
    <ele>577.2</ele>
   </trkpt>
   <trkpt lat="38.9897230" lon="-121.0114820">
    <ele>577.2</ele>
   </trkpt>
   <trkpt lat="38.9897460" lon="-121.0114210">
    <ele>577.2</ele>
   </trkpt>
   <trkpt lat="38.9897500" lon="-121.0113600">
    <ele>577.4</ele>
   </trkpt>
   <trkpt lat="38.9897540" lon="-121.0112910">
    <ele>577.4</ele>
   </trkpt>
   <trkpt lat="38.9897540" lon="-121.0112300">
    <ele>577.4</ele>
   </trkpt>
   <trkpt lat="38.9897580" lon="-121.0111540">
    <ele>577.4</ele>
   </trkpt>
   <trkpt lat="38.9897580" lon="-121.0110780">
    <ele>577.4</ele>
   </trkpt>
   <trkpt lat="38.9897580" lon="-121.0109940">
    <ele>577.4</ele>
   </trkpt>
   <trkpt lat="38.9897540" lon="-121.0109180">
    <ele>577.6</ele>
   </trkpt>
   <trkpt lat="38.9897460" lon="-121.0108340">
    <ele>577.6</ele>
   </trkpt>
   <trkpt lat="38.9897310" lon="-121.0107570">
    <ele>577.6</ele>
   </trkpt>
   <trkpt lat="38.9897350" lon="-121.0106960">
    <ele>577.4</ele>
   </trkpt>
   <trkpt lat="38.9897610" lon="-121.0106510">
    <ele>577.4</ele>
   </trkpt>
   <trkpt lat="38.9897960" lon="-121.0106430">
    <ele>577.2</ele>
   </trkpt>
   <trkpt lat="38.9898300" lon="-121.0106510">
    <ele>577.4</ele>
   </trkpt>
   <trkpt lat="38.9898680" lon="-121.0106730">
    <ele>577.4</ele>
   </trkpt>
   <trkpt lat="38.9899060" lon="-121.0107040">
    <ele>577.4</ele>
   </trkpt>
   <trkpt lat="38.9899520" lon="-121.0107350">
    <ele>577.4</ele>
   </trkpt>
   <trkpt lat="38.9899980" lon="-121.0107650">
    <ele>577.4</ele>
   </trkpt>
   <trkpt lat="38.9900510" lon="-121.0107800">
    <ele>577.4</ele>
   </trkpt>
   <trkpt lat="38.9901050" lon="-121.0107960">
    <ele>577.6</ele>
   </trkpt>
   <trkpt lat="38.9901580" lon="-121.0108030">
    <ele>577.8</ele>
   </trkpt>
   <trkpt lat="38.9902080" lon="-121.0108110">
    <ele>577.8</ele>
   </trkpt>
   <trkpt lat="38.9902610" lon="-121.0108110">
    <ele>577.8</ele>
   </trkpt>
   <trkpt lat="38.9903140" lon="-121.0108180">
    <ele>578.0</ele>
   </trkpt>
   <trkpt lat="38.9903720" lon="-121.0108180">
    <ele>578.0</ele>
   </trkpt>
   <trkpt lat="38.9904290" lon="-121.0108180">
    <ele>578.0</ele>
   </trkpt>
   <trkpt lat="38.9904900" lon="-121.0108110">
    <ele>578.0</ele>
   </trkpt>
   <trkpt lat="38.9905430" lon="-121.0107880">
    <ele>578.0</ele>
   </trkpt>
   <trkpt lat="38.9906010" lon="-121.0107420">
    <ele>578.0</ele>
   </trkpt>
   <trkpt lat="38.9906580" lon="-121.0106960">
    <ele>578.0</ele>
   </trkpt>
   <trkpt lat="38.9907150" lon="-121.0106510">
    <ele>577.8</ele>
   </trkpt>
   <trkpt lat="38.9907680" lon="-121.0105970">
    <ele>578.0</ele>
   </trkpt>
   <trkpt lat="38.9908220" lon="-121.0105440">
    <ele>578.0</ele>
   </trkpt>
   <trkpt lat="38.9908710" lon="-121.0104980">
    <ele>578.0</ele>
   </trkpt>
   <trkpt lat="38.9909210" lon="-121.0104600">
    <ele>578.0</ele>
   </trkpt>
   <trkpt lat="38.9909740" lon="-121.0104370">
    <ele>578.0</ele>
   </trkpt>
   <trkpt lat="38.9910200" lon="-121.0104450">
    <ele>577.8</ele>
   </trkpt>
   <trkpt lat="38.9910660" lon="-121.0104670">
    <ele>577.8</ele>
   </trkpt>
   <trkpt lat="38.9911190" lon="-121.0104980">
    <ele>578.0</ele>
   </trkpt>
   <trkpt lat="38.9911690" lon="-121.0105130">
    <ele>578.0</ele>
   </trkpt>
   <trkpt lat="38.9912260" lon="-121.0105290">
    <ele>578.0</ele>
   </trkpt>
   <trkpt lat="38.9912800" lon="-121.0105510">
    <ele>578.2</ele>
   </trkpt>
   <trkpt lat="38.9913330" lon="-121.0105670">
    <ele>578.0</ele>
   </trkpt>
   <trkpt lat="38.9913900" lon="-121.0105670">
    <ele>578.0</ele>
   </trkpt>
   <trkpt lat="38.9914550" lon="-121.0105590">
    <ele>578.2</ele>
   </trkpt>
   <trkpt lat="38.9915120" lon="-121.0105440">
    <ele>578.2</ele>
   </trkpt>
   <trkpt lat="38.9915700" lon="-121.0105210">
    <ele>578.2</ele>
   </trkpt>
   <trkpt lat="38.9916270" lon="-121.0104830">
    <ele>578.2</ele>
   </trkpt>
   <trkpt lat="38.9916840" lon="-121.0104520">
    <ele>578.2</ele>
   </trkpt>
   <trkpt lat="38.9917370" lon="-121.0104140">
    <ele>578.4</ele>
   </trkpt>
   <trkpt lat="38.9917980" lon="-121.0103840">
    <ele>578.4</ele>
   </trkpt>
   <trkpt lat="38.9918590" lon="-121.0103680">
    <ele>578.2</ele>
   </trkpt>
   <trkpt lat="38.9919170" lon="-121.0103760">
    <ele>578.2</ele>
   </trkpt>
   <trkpt lat="38.9919780" lon="-121.0103840">
    <ele>578.2</ele>
   </trkpt>
   <trkpt lat="38.9920350" lon="-121.0103910">
    <ele>578.4</ele>
   </trkpt>
   <trkpt lat="38.9920920" lon="-121.0103840">
    <ele>578.6</ele>
   </trkpt>
   <trkpt lat="38.9921460" lon="-121.0103760">
    <ele>578.6</ele>
   </trkpt>
   <trkpt lat="38.9921950" lon="-121.0103680">
    <ele>578.6</ele>
   </trkpt>
   <trkpt lat="38.9922370" lon="-121.0103450">
    <ele>578.6</ele>
   </trkpt>
   <trkpt lat="38.9922750" lon="-121.0103220">
    <ele>578.4</ele>
   </trkpt>
   <trkpt lat="38.9923210" lon="-121.0102840">
    <ele>578.4</ele>
   </trkpt>
   <trkpt lat="38.9923550" lon="-121.0102390">
    <ele>578.6</ele>
   </trkpt>
   <trkpt lat="38.9923900" lon="-121.0101850">
    <ele>578.6</ele>
   </trkpt>
   <trkpt lat="38.9924320" lon="-121.0101240">
    <ele>578.6</ele>
   </trkpt>
   <trkpt lat="38.9924740" lon="-121.0100710">
    <ele>578.6</ele>
   </trkpt>
   <trkpt lat="38.9925120" lon="-121.0100020">
    <ele>578.6</ele>
   </trkpt>
   <trkpt lat="38.9925460" lon="-121.0099330">
    <ele>578.6</ele>
   </trkpt>
   <trkpt lat="38.9925800" lon="-121.0098650">
    <ele>578.8</ele>
   </trkpt>
   <trkpt lat="38.9926190" lon="-121.0097880">
    <ele>578.8</ele>
   </trkpt>
   <trkpt lat="38.9926530" lon="-121.0097120">
    <ele>579.0</ele>
   </trkpt>
   <trkpt lat="38.9926760" lon="-121.0096360">
    <ele>579.0</ele>
   </trkpt>
   <trkpt lat="38.9926910" lon="-121.0095440">
    <ele>579.0</ele>
   </trkpt>
   <trkpt lat="38.9926990" lon="-121.0094530">
    <ele>579.0</ele>
   </trkpt>
   <trkpt lat="38.9927020" lon="-121.0093760">
    <ele>579.0</ele>
   </trkpt>
   <trkpt lat="38.9927180" lon="-121.0093080">
    <ele>579.0</ele>
   </trkpt>
   <trkpt lat="38.9927370" lon="-121.0092470">
    <ele>578.8</ele>
   </trkpt>
   <trkpt lat="38.9927750" lon="-121.0092090">
    <ele>578.6</ele>
   </trkpt>
   <trkpt lat="38.9928210" lon="-121.0091700">
    <ele>578.6</ele>
   </trkpt>
   <trkpt lat="38.9928670" lon="-121.0091400">
    <ele>578.6</ele>
   </trkpt>
   <trkpt lat="38.9929160" lon="-121.0091090">
    <ele>578.6</ele>
   </trkpt>
   <trkpt lat="38.9929660" lon="-121.0090640">
    <ele>578.8</ele>
   </trkpt>
   <trkpt lat="38.9930150" lon="-121.0090180">
    <ele>578.8</ele>
   </trkpt>
   <trkpt lat="38.9930690" lon="-121.0089720">
    <ele>578.8</ele>
   </trkpt>
   <trkpt lat="38.9931260" lon="-121.0089420">
    <ele>579.0</ele>
   </trkpt>
   <trkpt lat="38.9931790" lon="-121.0089190">
    <ele>579.0</ele>
   </trkpt>
   <trkpt lat="38.9932290" lon="-121.0089260">
    <ele>579.0</ele>
   </trkpt>
   <trkpt lat="38.9932750" lon="-121.0089490">
    <ele>579.0</ele>
   </trkpt>
   <trkpt lat="38.9933130" lon="-121.0089800">
    <ele>578.8</ele>
   </trkpt>
   <trkpt lat="38.9933590" lon="-121.0090260">
    <ele>578.6</ele>
   </trkpt>
   <trkpt lat="38.9934040" lon="-121.0090640">
    <ele>578.6</ele>
   </trkpt>
   <trkpt lat="38.9934500" lon="-121.0091090">
    <ele>578.6</ele>
   </trkpt>
   <trkpt lat="38.9935000" lon="-121.0091550">
    <ele>578.6</ele>
   </trkpt>
   <trkpt lat="38.9935420" lon="-121.0091930">
    <ele>578.6</ele>
   </trkpt>
   <trkpt lat="38.9935950" lon="-121.0092310">
    <ele>578.6</ele>
   </trkpt>
   <trkpt lat="38.9936450" lon="-121.0092700">
    <ele>578.8</ele>
   </trkpt>
   <trkpt lat="38.9936980" lon="-121.0093080">
    <ele>578.8</ele>
   </trkpt>
   <trkpt lat="38.9937510" lon="-121.0093380">
    <ele>579.0</ele>
   </trkpt>
   <trkpt lat="38.9938130" lon="-121.0093610">
    <ele>578.8</ele>
   </trkpt>
   <trkpt lat="38.9938700" lon="-121.0093840">
    <ele>578.8</ele>
   </trkpt>
   <trkpt lat="38.9939270" lon="-121.0094070">
    <ele>578.6</ele>
   </trkpt>
   <trkpt lat="38.9939880" lon="-121.0094220">
    <ele>578.6</ele>
   </trkpt>
   <trkpt lat="38.9940490" lon="-121.0094380">
    <ele>578.8</ele>
   </trkpt>
   <trkpt lat="38.9941100" lon="-121.0094530">
    <ele>578.6</ele>
   </trkpt>
   <trkpt lat="38.9941670" lon="-121.0094600">
    <ele>578.6</ele>
   </trkpt>
   <trkpt lat="38.9942250" lon="-121.0094600">
    <ele>578.4</ele>
   </trkpt>
   <trkpt lat="38.9942780" lon="-121.0094600">
    <ele>578.4</ele>
   </trkpt>
   <trkpt lat="38.9943310" lon="-121.0094530">
    <ele>578.2</ele>
   </trkpt>
   <trkpt lat="38.9943850" lon="-121.0094380">
    <ele>578.2</ele>
   </trkpt>
   <trkpt lat="38.9944340" lon="-121.0094070">
    <ele>578.4</ele>
   </trkpt>
   <trkpt lat="38.9944800" lon="-121.0093690">
    <ele>578.8</ele>
   </trkpt>
   <trkpt lat="38.9945260" lon="-121.0093310">
    <ele>578.6</ele>
   </trkpt>
   <trkpt lat="38.9945720" lon="-121.0092770">
    <ele>578.6</ele>
   </trkpt>
   <trkpt lat="38.9946100" lon="-121.0092160">
    <ele>578.6</ele>
   </trkpt>
   <trkpt lat="38.9946480" lon="-121.0091480">
    <ele>578.6</ele>
   </trkpt>
   <trkpt lat="38.9946820" lon="-121.0090710">
    <ele>578.8</ele>
   </trkpt>
   <trkpt lat="38.9947090" lon="-121.0089950">
    <ele>578.6</ele>
   </trkpt>
   <trkpt lat="38.9947360" lon="-121.0089110">
    <ele>578.6</ele>
   </trkpt>
   <trkpt lat="38.9947620" lon="-121.0088350">
    <ele>578.6</ele>
   </trkpt>
   <trkpt lat="38.9947890" lon="-121.0087430">
    <ele>578.8</ele>
   </trkpt>
   <trkpt lat="38.9948160" lon="-121.0086590">
    <ele>579.0</ele>
   </trkpt>
   <trkpt lat="38.9948420" lon="-121.0085910">
    <ele>579.0</ele>
   </trkpt>
   <trkpt lat="38.9948690" lon="-121.0085300">
    <ele>578.8</ele>
   </trkpt>
   <trkpt lat="38.9949000" lon="-121.0084840">
    <ele>578.6</ele>
   </trkpt>
   <trkpt lat="38.9949420" lon="-121.0084610">
    <ele>578.8</ele>
   </trkpt>
   <trkpt lat="38.9949870" lon="-121.0084690">
    <ele>578.6</ele>
   </trkpt>
   <trkpt lat="38.9950370" lon="-121.0084910">
    <ele>578.6</ele>
   </trkpt>
   <trkpt lat="38.9950870" lon="-121.0085140">
    <ele>578.8</ele>
   </trkpt>
   <trkpt lat="38.9951400" lon="-121.0085300">
    <ele>578.8</ele>
   </trkpt>
   <trkpt lat="38.9951940" lon="-121.0085520">
    <ele>578.8</ele>
   </trkpt>
   <trkpt lat="38.9952470" lon="-121.0085750">
    <ele>578.8</ele>
   </trkpt>
   <trkpt lat="38.9953040" lon="-121.0085980">
    <ele>578.8</ele>
   </trkpt>
   <trkpt lat="38.9953570" lon="-121.0086290">
    <ele>579.0</ele>
   </trkpt>
   <trkpt lat="38.9954150" lon="-121.0086440">
    <ele>579.0</ele>
   </trkpt>
   <trkpt lat="38.9954720" lon="-121.0086670">
    <ele>579.2</ele>
   </trkpt>
   <trkpt lat="38.9955330" lon="-121.0086750">
    <ele>579.0</ele>
   </trkpt>
   <trkpt lat="38.9955900" lon="-121.0086820">
    <ele>579.0</ele>
   </trkpt>
   <trkpt lat="38.9956510" lon="-121.0086750">
    <ele>579.2</ele>
   </trkpt>
   <trkpt lat="38.9957120" lon="-121.0086670">
    <ele>579.0</ele>
   </trkpt>
   <trkpt lat="38.9957660" lon="-121.0086520">
    <ele>579.0</ele>
   </trkpt>
   <trkpt lat="38.9958190" lon="-121.0086210">
    <ele>579.0</ele>
   </trkpt>
   <trkpt lat="38.9958720" lon="-121.0085980">
    <ele>579.2</ele>
   </trkpt>
   <trkpt lat="38.9959260" lon="-121.0085600">
    <ele>579.2</ele>
   </trkpt>
   <trkpt lat="38.9959720" lon="-121.0085220">
    <ele>579.2</ele>
   </trkpt>
   <trkpt lat="38.9960210" lon="-121.0084760">
    <ele>579.2</ele>
   </trkpt>
   <trkpt lat="38.9960630" lon="-121.0084300">
    <ele>579.2</ele>
   </trkpt>
   <trkpt lat="38.9961050" lon="-121.0083690">
    <ele>579.2</ele>
   </trkpt>
   <trkpt lat="38.9961360" lon="-121.0082930">
    <ele>579.0</ele>
   </trkpt>
   <trkpt lat="38.9961590" lon="-121.0082240">
    <ele>579.0</ele>
   </trkpt>
   <trkpt lat="38.9961780" lon="-121.0081480">
    <ele>579.2</ele>
   </trkpt>
   <trkpt lat="38.9961930" lon="-121.0080720">
    <ele>579.2</ele>
   </trkpt>
   <trkpt lat="38.9962010" lon="-121.0079880">
    <ele>579.2</ele>
   </trkpt>
   <trkpt lat="38.9962040" lon="-121.0079120">
    <ele>579.4</ele>
   </trkpt>
   <trkpt lat="38.9962010" lon="-121.0078350">
    <ele>579.4</ele>
   </trkpt>
   <trkpt lat="38.9962010" lon="-121.0077590">
    <ele>579.4</ele>
   </trkpt>
   <trkpt lat="38.9961890" lon="-121.0076830">
    <ele>579.4</ele>
   </trkpt>
   <trkpt lat="38.9961740" lon="-121.0075990">
    <ele>579.2</ele>
   </trkpt>
   <trkpt lat="38.9961590" lon="-121.0075230">
    <ele>579.4</ele>
   </trkpt>
   <trkpt lat="38.9961470" lon="-121.0074460">
    <ele>579.4</ele>
   </trkpt>
   <trkpt lat="38.9961390" lon="-121.0073700">
    <ele>579.2</ele>
   </trkpt>
   <trkpt lat="38.9961470" lon="-121.0073010">
    <ele>579.2</ele>
   </trkpt>
   <trkpt lat="38.9961660" lon="-121.0072560">
    <ele>579.2</ele>
   </trkpt>
   <trkpt lat="38.9961890" lon="-121.0072250">
    <ele>579.4</ele>
   </trkpt>
   <trkpt lat="38.9962230" lon="-121.0072100">
    <ele>579.4</ele>
   </trkpt>
   <trkpt lat="38.9962690" lon="-121.0072020">
    <ele>579.2</ele>
   </trkpt>
   <trkpt lat="38.9963190" lon="-121.0072100">
    <ele>579.2</ele>
   </trkpt>
   <trkpt lat="38.9963720" lon="-121.0072100">
    <ele>579.2</ele>
   </trkpt>
   <trkpt lat="38.9964220" lon="-121.0072170">
    <ele>579.0</ele>
   </trkpt>
   <trkpt lat="38.9964710" lon="-121.0072250">
    <ele>578.8</ele>
   </trkpt>
   <trkpt lat="38.9965210" lon="-121.0072400">
    <ele>578.8</ele>
   </trkpt>
   <trkpt lat="38.9965740" lon="-121.0072480">
    <ele>579.0</ele>
   </trkpt>
   <trkpt lat="38.9966280" lon="-121.0072630">
    <ele>578.8</ele>
   </trkpt>
   <trkpt lat="38.9966850" lon="-121.0072780">
    <ele>578.8</ele>
   </trkpt>
   <trkpt lat="38.9967380" lon="-121.0072940">
    <ele>579.0</ele>
   </trkpt>
   <trkpt lat="38.9967920" lon="-121.0073010">
    <ele>579.0</ele>
   </trkpt>
   <trkpt lat="38.9968450" lon="-121.0073240">
    <ele>579.0</ele>
   </trkpt>
   <trkpt lat="38.9968950" lon="-121.0073390">
    <ele>578.8</ele>
   </trkpt>
   <trkpt lat="38.9969440" lon="-121.0073700">
    <ele>578.8</ele>
   </trkpt>
   <trkpt lat="38.9969790" lon="-121.0074000">
    <ele>578.8</ele>
   </trkpt>
   <trkpt lat="38.9970020" lon="-121.0074390">
    <ele>578.8</ele>
   </trkpt>
   <trkpt lat="38.9970250" lon="-121.0074840">
    <ele>578.8</ele>
   </trkpt>
   <trkpt lat="38.9970510" lon="-121.0075380">
    <ele>579.0</ele>
   </trkpt>
   <trkpt lat="38.9970820" lon="-121.0075910">
    <ele>579.0</ele>
   </trkpt>
   <trkpt lat="38.9971160" lon="-121.0076450">
    <ele>579.2</ele>
   </trkpt>
   <trkpt lat="38.9971580" lon="-121.0076980">
    <ele>579.2</ele>
   </trkpt>
   <trkpt lat="38.9972040" lon="-121.0077590">
    <ele>579.2</ele>
   </trkpt>
   <trkpt lat="38.9972500" lon="-121.0078200">
    <ele>579.0</ele>
   </trkpt>
   <trkpt lat="38.9972950" lon="-121.0078660">
    <ele>579.2</ele>
   </trkpt>
   <trkpt lat="38.9973450" lon="-121.0079190">
    <ele>579.2</ele>
   </trkpt>
   <trkpt lat="38.9973980" lon="-121.0079570">
    <ele>579.2</ele>
   </trkpt>
   <trkpt lat="38.9974560" lon="-121.0079880">
    <ele>579.2</ele>
   </trkpt>
   <trkpt lat="38.9975170" lon="-121.0080110">
    <ele>579.2</ele>
   </trkpt>
   <trkpt lat="38.9975780" lon="-121.0080260">
    <ele>579.4</ele>
   </trkpt>
   <trkpt lat="38.9976430" lon="-121.0080340">
    <ele>579.6</ele>
   </trkpt>
   <trkpt lat="38.9977070" lon="-121.0080260">
    <ele>579.8</ele>
   </trkpt>
   <trkpt lat="38.9977680" lon="-121.0080180">
    <ele>579.6</ele>
   </trkpt>
   <trkpt lat="38.9978290" lon="-121.0080110">
    <ele>579.6</ele>
   </trkpt>
   <trkpt lat="38.9978830" lon="-121.0080110">
    <ele>579.6</ele>
   </trkpt>
   <trkpt lat="38.9979320" lon="-121.0080340">
    <ele>579.4</ele>
   </trkpt>
   <trkpt lat="38.9979820" lon="-121.0080570">
    <ele>579.2</ele>
   </trkpt>
   <trkpt lat="38.9980320" lon="-121.0080870">
    <ele>579.4</ele>
   </trkpt>
   <trkpt lat="38.9980810" lon="-121.0080950">
    <ele>579.2</ele>
   </trkpt>
   <trkpt lat="38.9981310" lon="-121.0080950">
    <ele>579.2</ele>
   </trkpt>
   <trkpt lat="38.9981840" lon="-121.0080790">
    <ele>579.2</ele>
   </trkpt>
   <trkpt lat="38.9982300" lon="-121.0080640">
    <ele>579.0</ele>
   </trkpt>
   <trkpt lat="38.9982720" lon="-121.0080260">
    <ele>579.0</ele>
   </trkpt>
   <trkpt lat="38.9983140" lon="-121.0079800">
    <ele>579.0</ele>
   </trkpt>
   <trkpt lat="38.9983560" lon="-121.0079270">
    <ele>579.0</ele>
   </trkpt>
   <trkpt lat="38.9984020" lon="-121.0078810">
    <ele>579.2</ele>
   </trkpt>
   <trkpt lat="38.9984400" lon="-121.0078280">
    <ele>579.4</ele>
   </trkpt>
   <trkpt lat="38.9984780" lon="-121.0077740">
    <ele>579.4</ele>
   </trkpt>
   <trkpt lat="38.9985200" lon="-121.0077290">
    <ele>579.4</ele>
   </trkpt>
   <trkpt lat="38.9985620" lon="-121.0076830">
    <ele>579.2</ele>
   </trkpt>
   <trkpt lat="38.9985890" lon="-121.0076600">
    <ele>579.0</ele>
   </trkpt>
   <trkpt lat="38.9986040" lon="-121.0076520">
    <ele>578.8</ele>
   </trkpt>
   <trkpt lat="38.9986150" lon="-121.0076370">
    <ele>578.6</ele>
   </trkpt>
   <trkpt lat="38.9986270" lon="-121.0076290">
    <ele>578.6</ele>
   </trkpt>
   <trkpt lat="38.9986420" lon="-121.0076370">
    <ele>578.6</ele>
   </trkpt>
   <trkpt lat="38.9986570" lon="-121.0076450">
    <ele>578.6</ele>
   </trkpt>
   <trkpt lat="38.9986690" lon="-121.0076830">
    <ele>578.8</ele>
   </trkpt>
   <trkpt lat="38.9986840" lon="-121.0077360">
    <ele>579.0</ele>
   </trkpt>
   <trkpt lat="38.9986990" lon="-121.0077970">
    <ele>579.2</ele>
   </trkpt>
   <trkpt lat="38.9987180" lon="-121.0078730">
    <ele>579.2</ele>
   </trkpt>
   <trkpt lat="38.9987370" lon="-121.0079270">
    <ele>579.2</ele>
   </trkpt>
   <trkpt lat="38.9987640" lon="-121.0079800">
    <ele>579.2</ele>
   </trkpt>
   <trkpt lat="38.9987910" lon="-121.0080260">
    <ele>579.0</ele>
   </trkpt>
   <trkpt lat="38.9988170" lon="-121.0080790">
    <ele>579.0</ele>
   </trkpt>
   <trkpt lat="38.9988520" lon="-121.0081410">
    <ele>579.0</ele>
   </trkpt>
   <trkpt lat="38.9988940" lon="-121.0081940">
    <ele>579.0</ele>
   </trkpt>
   <trkpt lat="38.9989360" lon="-121.0082320">
    <ele>579.2</ele>
   </trkpt>
   <trkpt lat="38.9989810" lon="-121.0082700">
    <ele>579.0</ele>
   </trkpt>
   <trkpt lat="38.9990310" lon="-121.0083080">
    <ele>579.0</ele>
   </trkpt>
   <trkpt lat="38.9990840" lon="-121.0083390">
    <ele>579.2</ele>
   </trkpt>
   <trkpt lat="38.9991300" lon="-121.0083770">
    <ele>579.2</ele>
   </trkpt>
   <trkpt lat="38.9991720" lon="-121.0084230">
    <ele>579.2</ele>
   </trkpt>
   <trkpt lat="38.9991950" lon="-121.0084760">
    <ele>579.2</ele>
   </trkpt>
   <trkpt lat="38.9992070" lon="-121.0085370">
    <ele>579.2</ele>
   </trkpt>
   <trkpt lat="38.9992140" lon="-121.0086060">
    <ele>579.2</ele>
   </trkpt>
   <trkpt lat="38.9992260" lon="-121.0086820">
    <ele>579.4</ele>
   </trkpt>
   <trkpt lat="38.9992330" lon="-121.0087580">
    <ele>579.4</ele>
   </trkpt>
   <trkpt lat="38.9992520" lon="-121.0088270">
    <ele>579.4</ele>
   </trkpt>
   <trkpt lat="38.9992900" lon="-121.0088730">
    <ele>579.4</ele>
   </trkpt>
   <trkpt lat="38.9993290" lon="-121.0089190">
    <ele>579.2</ele>
   </trkpt>
   <trkpt lat="38.9993710" lon="-121.0089570">
    <ele>579.2</ele>
   </trkpt>
   <trkpt lat="38.9994160" lon="-121.0089720">
    <ele>579.2</ele>
   </trkpt>
   <trkpt lat="38.9994660" lon="-121.0089870">
    <ele>579.2</ele>
   </trkpt>
   <trkpt lat="38.9995230" lon="-121.0089800">
    <ele>579.2</ele>
   </trkpt>
   <trkpt lat="38.9995770" lon="-121.0089800">
    <ele>579.2</ele>
   </trkpt>
   <trkpt lat="38.9996300" lon="-121.0089720">
    <ele>579.4</ele>
   </trkpt>
   <trkpt lat="38.9996870" lon="-121.0089640">
    <ele>579.4</ele>
   </trkpt>
   <trkpt lat="38.9997440" lon="-121.0089420">
    <ele>579.2</ele>
   </trkpt>
   <trkpt lat="38.9997940" lon="-121.0089110">
    <ele>579.2</ele>
   </trkpt>
   <trkpt lat="38.9998510" lon="-121.0088730">
    <ele>579.2</ele>
   </trkpt>
   <trkpt lat="38.9999080" lon="-121.0088270">
    <ele>579.2</ele>
   </trkpt>
   <trkpt lat="38.9999660" lon="-121.0087740">
    <ele>579.4</ele>
   </trkpt>
   <trkpt lat="39.0000190" lon="-121.0087280">
    <ele>579.2</ele>
   </trkpt>
   <trkpt lat="39.0000720" lon="-121.0086670">
    <ele>579.2</ele>
   </trkpt>
   <trkpt lat="39.0001330" lon="-121.0086060">
    <ele>579.2</ele>
   </trkpt>
   <trkpt lat="39.0001950" lon="-121.0085450">
    <ele>579.0</ele>
   </trkpt>
   <trkpt lat="39.0002480" lon="-121.0084910">
    <ele>579.2</ele>
   </trkpt>
   <trkpt lat="39.0003010" lon="-121.0084300">
    <ele>579.2</ele>
   </trkpt>
   <trkpt lat="39.0003510" lon="-121.0083690">
    <ele>579.4</ele>
   </trkpt>
   <trkpt lat="39.0003930" lon="-121.0083160">
    <ele>579.4</ele>
   </trkpt>
   <trkpt lat="39.0004350" lon="-121.0082470">
    <ele>579.6</ele>
   </trkpt>
   <trkpt lat="39.0004770" lon="-121.0081790">
    <ele>579.6</ele>
   </trkpt>
   <trkpt lat="39.0005150" lon="-121.0081180">
    <ele>579.6</ele>
   </trkpt>
   <trkpt lat="39.0005570" lon="-121.0080570">
    <ele>579.6</ele>
   </trkpt>
   <trkpt lat="39.0005950" lon="-121.0079960">
    <ele>579.4</ele>
   </trkpt>
   <trkpt lat="39.0006330" lon="-121.0079500">
    <ele>579.4</ele>
   </trkpt>
   <trkpt lat="39.0006710" lon="-121.0079270">
    <ele>579.4</ele>
   </trkpt>
   <trkpt lat="39.0007170" lon="-121.0079190">
    <ele>579.2</ele>
   </trkpt>
   <trkpt lat="39.0007590" lon="-121.0079270">
    <ele>579.0</ele>
   </trkpt>
   <trkpt lat="39.0007900" lon="-121.0079570">
    <ele>579.0</ele>
   </trkpt>
   <trkpt lat="39.0008090" lon="-121.0080110">
    <ele>579.2</ele>
   </trkpt>
   <trkpt lat="39.0008280" lon="-121.0080640">
    <ele>579.4</ele>
   </trkpt>
   <trkpt lat="39.0008540" lon="-121.0081250">
    <ele>579.6</ele>
   </trkpt>
   <trkpt lat="39.0008850" lon="-121.0081860">
    <ele>579.6</ele>
   </trkpt>
   <trkpt lat="39.0009150" lon="-121.0082470">
    <ele>579.8</ele>
   </trkpt>
   <trkpt lat="39.0009420" lon="-121.0083010">
    <ele>579.8</ele>
   </trkpt>
   <trkpt lat="39.0009650" lon="-121.0083620">
    <ele>579.8</ele>
   </trkpt>
   <trkpt lat="39.0009800" lon="-121.0084230">
    <ele>580.0</ele>
   </trkpt>
   <trkpt lat="39.0009920" lon="-121.0084760">
    <ele>580.2</ele>
   </trkpt>
   <trkpt lat="39.0009990" lon="-121.0085300">
    <ele>580.2</ele>
   </trkpt>
   <trkpt lat="39.0010070" lon="-121.0085680">
    <ele>580.4</ele>
   </trkpt>
   <trkpt lat="39.0010150" lon="-121.0086060">
    <ele>580.8</ele>
   </trkpt>
   <trkpt lat="39.0010260" lon="-121.0086520">
    <ele>581.2</ele>
   </trkpt>
   <trkpt lat="39.0010380" lon="-121.0086900">
    <ele>581.4</ele>
   </trkpt>
   <trkpt lat="39.0010530" lon="-121.0087360">
    <ele>581.8</ele>
   </trkpt>
   <trkpt lat="39.0010640" lon="-121.0087970">
    <ele>582.2</ele>
   </trkpt>
   <trkpt lat="39.0010800" lon="-121.0088500">
    <ele>582.6</ele>
   </trkpt>
   <trkpt lat="39.0010990" lon="-121.0088880">
    <ele>582.6</ele>
   </trkpt>
   <trkpt lat="39.0011180" lon="-121.0089260">
    <ele>582.6</ele>
   </trkpt>
   <trkpt lat="39.0011520" lon="-121.0089800">
    <ele>582.6</ele>
   </trkpt>
   <trkpt lat="39.0011900" lon="-121.0090410">
    <ele>582.2</ele>
   </trkpt>
   <trkpt lat="39.0012360" lon="-121.0090870">
    <ele>581.8</ele>
   </trkpt>
   <trkpt lat="39.0012860" lon="-121.0091250">
    <ele>581.4</ele>
   </trkpt>
   <trkpt lat="39.0013470" lon="-121.0091630">
    <ele>581.0</ele>
   </trkpt>
   <trkpt lat="39.0014110" lon="-121.0091860">
    <ele>581.0</ele>
   </trkpt>
   <trkpt lat="39.0014840" lon="-121.0092010">
    <ele>580.8</ele>
   </trkpt>
   <trkpt lat="39.0015560" lon="-121.0092090">
    <ele>580.6</ele>
   </trkpt>
   <trkpt lat="39.0016290" lon="-121.0092010">
    <ele>580.6</ele>
   </trkpt>
   <trkpt lat="39.0016900" lon="-121.0091930">
    <ele>580.2</ele>
   </trkpt>
   <trkpt lat="39.0017510" lon="-121.0091780">
    <ele>580.0</ele>
   </trkpt>
   <trkpt lat="39.0018010" lon="-121.0091400">
    <ele>580.0</ele>
   </trkpt>
   <trkpt lat="39.0018500" lon="-121.0090940">
    <ele>580.0</ele>
   </trkpt>
   <trkpt lat="39.0019040" lon="-121.0090410">
    <ele>579.8</ele>
   </trkpt>
   <trkpt lat="39.0019530" lon="-121.0089720">
    <ele>579.8</ele>
   </trkpt>
   <trkpt lat="39.0019950" lon="-121.0089030">
    <ele>579.8</ele>
   </trkpt>
   <trkpt lat="39.0020330" lon="-121.0088270">
    <ele>580.0</ele>
   </trkpt>
   <trkpt lat="39.0020680" lon="-121.0087510">
    <ele>580.0</ele>
   </trkpt>
   <trkpt lat="39.0021020" lon="-121.0086670">
    <ele>580.0</ele>
   </trkpt>
   <trkpt lat="39.0021360" lon="-121.0085910">
    <ele>580.0</ele>
   </trkpt>
   <trkpt lat="39.0021740" lon="-121.0085220">
    <ele>580.2</ele>
   </trkpt>
   <trkpt lat="39.0022240" lon="-121.0084760">
    <ele>580.0</ele>
   </trkpt>
   <trkpt lat="39.0022740" lon="-121.0084760">
    <ele>580.0</ele>
   </trkpt>
   <trkpt lat="39.0023190" lon="-121.0084910">
    <ele>580.0</ele>
   </trkpt>
   <trkpt lat="39.0023690" lon="-121.0085140">
    <ele>580.2</ele>
   </trkpt>
   <trkpt lat="39.0024190" lon="-121.0085370">
    <ele>580.0</ele>
   </trkpt>
   <trkpt lat="39.0024600" lon="-121.0085520">
    <ele>580.0</ele>
   </trkpt>
   <trkpt lat="39.0025060" lon="-121.0085520">
    <ele>580.0</ele>
   </trkpt>
   <trkpt lat="39.0025480" lon="-121.0085370">
    <ele>580.0</ele>
   </trkpt>
   <trkpt lat="39.0025860" lon="-121.0085140">
    <ele>580.0</ele>
   </trkpt>
   <trkpt lat="39.0026320" lon="-121.0084690">
    <ele>580.0</ele>
   </trkpt>
   <trkpt lat="39.0026700" lon="-121.0084150">
    <ele>580.0</ele>
   </trkpt>
   <trkpt lat="39.0027010" lon="-121.0083620">
    <ele>580.0</ele>
   </trkpt>
   <trkpt lat="39.0027390" lon="-121.0083240">
    <ele>580.2</ele>
   </trkpt>
   <trkpt lat="39.0027890" lon="-121.0082860">
    <ele>580.0</ele>
   </trkpt>
   <trkpt lat="39.0028310" lon="-121.0082550">
    <ele>579.8</ele>
   </trkpt>
   <trkpt lat="39.0028690" lon="-121.0082170">
    <ele>580.0</ele>
   </trkpt>
   <trkpt lat="39.0029070" lon="-121.0081630">
    <ele>580.0</ele>
   </trkpt>
   <trkpt lat="39.0029410" lon="-121.0080950">
    <ele>580.0</ele>
   </trkpt>
   <trkpt lat="39.0029680" lon="-121.0080180">
    <ele>580.0</ele>
   </trkpt>
   <trkpt lat="39.0029910" lon="-121.0079270">
    <ele>580.0</ele>
   </trkpt>
   <trkpt lat="39.0029980" lon="-121.0078510">
    <ele>580.0</ele>
   </trkpt>
   <trkpt lat="39.0030140" lon="-121.0077820">
    <ele>580.2</ele>
   </trkpt>
   <trkpt lat="39.0030330" lon="-121.0077290">
    <ele>580.0</ele>
   </trkpt>
   <trkpt lat="39.0030560" lon="-121.0076680">
    <ele>580.0</ele>
   </trkpt>
   <trkpt lat="39.0030860" lon="-121.0076060">
    <ele>580.0</ele>
   </trkpt>
   <trkpt lat="39.0031200" lon="-121.0075530">
    <ele>580.0</ele>
   </trkpt>
   <trkpt lat="39.0031510" lon="-121.0075150">
    <ele>580.2</ele>
   </trkpt>
   <trkpt lat="39.0031890" lon="-121.0075070">
    <ele>580.4</ele>
   </trkpt>
   <trkpt lat="39.0032350" lon="-121.0075300">
    <ele>580.4</ele>
   </trkpt>
   <trkpt lat="39.0032770" lon="-121.0075450">
    <ele>580.4</ele>
   </trkpt>
   <trkpt lat="39.0033230" lon="-121.0075760">
    <ele>580.4</ele>
   </trkpt>
   <trkpt lat="39.0033570" lon="-121.0076060">
    <ele>580.4</ele>
   </trkpt>
   <trkpt lat="39.0033800" lon="-121.0076450">
    <ele>580.6</ele>
   </trkpt>
   <trkpt lat="39.0033950" lon="-121.0077060">
    <ele>580.4</ele>
   </trkpt>
   <trkpt lat="39.0034100" lon="-121.0077590">
    <ele>580.2</ele>
   </trkpt>
   <trkpt lat="39.0034330" lon="-121.0078200">
    <ele>580.2</ele>
   </trkpt>
   <trkpt lat="39.0034560" lon="-121.0078810">
    <ele>580.4</ele>
   </trkpt>
   <trkpt lat="39.0034790" lon="-121.0079420">
    <ele>580.4</ele>
   </trkpt>
   <trkpt lat="39.0035020" lon="-121.0080030">
    <ele>580.6</ele>
   </trkpt>
   <trkpt lat="39.0035320" lon="-121.0080640">
    <ele>580.6</ele>
   </trkpt>
   <trkpt lat="39.0035780" lon="-121.0081180">
    <ele>580.6</ele>
   </trkpt>
   <trkpt lat="39.0036240" lon="-121.0081630">
    <ele>580.8</ele>
   </trkpt>
   <trkpt lat="39.0036770" lon="-121.0082020">
    <ele>580.6</ele>
   </trkpt>
   <trkpt lat="39.0037270" lon="-121.0082170">
    <ele>580.4</ele>
   </trkpt>
   <trkpt lat="39.0037730" lon="-121.0082170">
    <ele>580.2</ele>
   </trkpt>
   <trkpt lat="39.0038220" lon="-121.0082090">
    <ele>580.2</ele>
   </trkpt>
   <trkpt lat="39.0038760" lon="-121.0081790">
    <ele>580.2</ele>
   </trkpt>
   <trkpt lat="39.0039250" lon="-121.0081250">
    <ele>580.2</ele>
   </trkpt>
   <trkpt lat="39.0039630" lon="-121.0080640">
    <ele>580.2</ele>
   </trkpt>
   <trkpt lat="39.0040020" lon="-121.0079880">
    <ele>580.0</ele>
   </trkpt>
   <trkpt lat="39.0040400" lon="-121.0079190">
    <ele>580.0</ele>
   </trkpt>
   <trkpt lat="39.0040700" lon="-121.0078430">
    <ele>580.0</ele>
   </trkpt>
   <trkpt lat="39.0041050" lon="-121.0077670">
    <ele>579.8</ele>
   </trkpt>
   <trkpt lat="39.0041430" lon="-121.0076900">
    <ele>580.2</ele>
   </trkpt>
   <trkpt lat="39.0041770" lon="-121.0076220">
    <ele>580.2</ele>
   </trkpt>
   <trkpt lat="39.0042190" lon="-121.0075680">
    <ele>580.4</ele>
   </trkpt>
   <trkpt lat="39.0042650" lon="-121.0075230">
    <ele>580.4</ele>
   </trkpt>
   <trkpt lat="39.0043180" lon="-121.0075000">
    <ele>580.4</ele>
   </trkpt>
   <trkpt lat="39.0043640" lon="-121.0075000">
    <ele>580.6</ele>
   </trkpt>
   <trkpt lat="39.0044060" lon="-121.0075300">
    <ele>580.8</ele>
   </trkpt>
   <trkpt lat="39.0044400" lon="-121.0075610">
    <ele>580.6</ele>
   </trkpt>
   <trkpt lat="39.0044780" lon="-121.0075910">
    <ele>580.6</ele>
   </trkpt>
   <trkpt lat="39.0045170" lon="-121.0076290">
    <ele>580.8</ele>
   </trkpt>
   <trkpt lat="39.0045390" lon="-121.0076830">
    <ele>580.8</ele>
   </trkpt>
   <trkpt lat="39.0045470" lon="-121.0077440">
    <ele>580.8</ele>
   </trkpt>
   <trkpt lat="39.0045470" lon="-121.0077970">
    <ele>580.8</ele>
   </trkpt>
   <trkpt lat="39.0045510" lon="-121.0078350">
    <ele>580.6</ele>
   </trkpt>
   <trkpt lat="39.0045590" lon="-121.0078510">
    <ele>580.4</ele>
   </trkpt>
   <trkpt lat="39.0045660" lon="-121.0078580">
    <ele>580.4</ele>
   </trkpt>
   <trkpt lat="39.0045700" lon="-121.0078580">
    <ele>580.2</ele>
   </trkpt>
   <trkpt lat="39.0045740" lon="-121.0078660">
    <ele>580.2</ele>
   </trkpt>
   <trkpt lat="39.0045740" lon="-121.0078730">
    <ele>580.2</ele>
   </trkpt>
   <trkpt lat="39.0045780" lon="-121.0078810">
    <ele>580.2</ele>
   </trkpt>
   <trkpt lat="39.0045810" lon="-121.0078890">
    <ele>580.2</ele>
   </trkpt>
   <trkpt lat="39.0045890" lon="-121.0079120">
    <ele>580.4</ele>
   </trkpt>
   <trkpt lat="39.0045890" lon="-121.0079500">
    <ele>580.4</ele>
   </trkpt>
   <trkpt lat="39.0045930" lon="-121.0079880">
    <ele>580.6</ele>
   </trkpt>
   <trkpt lat="39.0045890" lon="-121.0080180">
    <ele>580.4</ele>
   </trkpt>
   <trkpt lat="39.0045890" lon="-121.0080410">
    <ele>580.2</ele>
   </trkpt>
   <trkpt lat="39.0045850" lon="-121.0080570">
    <ele>580.2</ele>
   </trkpt>
   <trkpt lat="39.0045850" lon="-121.0080870">
    <ele>580.4</ele>
   </trkpt>
   <trkpt lat="39.0045930" lon="-121.0081180">
    <ele>580.4</ele>
   </trkpt>
   <trkpt lat="39.0046040" lon="-121.0081410">
    <ele>580.4</ele>
   </trkpt>
   <trkpt lat="39.0046200" lon="-121.0081630">
    <ele>580.6</ele>
   </trkpt>
   <trkpt lat="39.0046390" lon="-121.0081940">
    <ele>580.6</ele>
   </trkpt>
   <trkpt lat="39.0046690" lon="-121.0082320">
    <ele>580.6</ele>
   </trkpt>
   <trkpt lat="39.0047040" lon="-121.0082550">
    <ele>580.6</ele>
   </trkpt>
   <trkpt lat="39.0047380" lon="-121.0082860">
    <ele>580.6</ele>
   </trkpt>
   <trkpt lat="39.0047800" lon="-121.0083080">
    <ele>580.6</ele>
   </trkpt>
   <trkpt lat="39.0048260" lon="-121.0083240">
    <ele>580.4</ele>
   </trkpt>
   <trkpt lat="39.0048710" lon="-121.0083540">
    <ele>580.6</ele>
   </trkpt>
   <trkpt lat="39.0049170" lon="-121.0083770">
    <ele>580.4</ele>
   </trkpt>
   <trkpt lat="39.0049630" lon="-121.0084080">
    <ele>580.6</ele>
   </trkpt>
   <trkpt lat="39.0050120" lon="-121.0084300">
    <ele>580.6</ele>
   </trkpt>
   <trkpt lat="39.0050620" lon="-121.0084610">
    <ele>580.6</ele>
   </trkpt>
   <trkpt lat="39.0051120" lon="-121.0084910">
    <ele>580.8</ele>
   </trkpt>
   <trkpt lat="39.0051570" lon="-121.0085300">
    <ele>580.8</ele>
   </trkpt>
   <trkpt lat="39.0052110" lon="-121.0085750">
    <ele>580.8</ele>
   </trkpt>
   <trkpt lat="39.0052600" lon="-121.0086130">
    <ele>580.8</ele>
   </trkpt>
   <trkpt lat="39.0053100" lon="-121.0086520">
    <ele>581.0</ele>
   </trkpt>
   <trkpt lat="39.0053600" lon="-121.0086900">
    <ele>581.0</ele>
   </trkpt>
   <trkpt lat="39.0054090" lon="-121.0087280">
    <ele>581.0</ele>
   </trkpt>
   <trkpt lat="39.0054630" lon="-121.0087580">
    <ele>581.2</ele>
   </trkpt>
   <trkpt lat="39.0055160" lon="-121.0087970">
    <ele>581.0</ele>
   </trkpt>
   <trkpt lat="39.0055730" lon="-121.0088200">
    <ele>581.0</ele>
   </trkpt>
   <trkpt lat="39.0056340" lon="-121.0088350">
    <ele>581.2</ele>
   </trkpt>
   <trkpt lat="39.0056950" lon="-121.0088350">
    <ele>581.2</ele>
   </trkpt>
   <trkpt lat="39.0057490" lon="-121.0088270">
    <ele>581.2</ele>
   </trkpt>
   <trkpt lat="39.0058020" lon="-121.0088200">
    <ele>581.0</ele>
   </trkpt>
   <trkpt lat="39.0058560" lon="-121.0087970">
    <ele>581.2</ele>
   </trkpt>
   <trkpt lat="39.0059130" lon="-121.0087660">
    <ele>581.2</ele>
   </trkpt>
   <trkpt lat="39.0059700" lon="-121.0087280">
    <ele>581.2</ele>
   </trkpt>
   <trkpt lat="39.0060230" lon="-121.0086750">
    <ele>581.0</ele>
   </trkpt>
   <trkpt lat="39.0060770" lon="-121.0086210">
    <ele>581.0</ele>
   </trkpt>
   <trkpt lat="39.0061230" lon="-121.0085680">
    <ele>581.2</ele>
   </trkpt>
   <trkpt lat="39.0061680" lon="-121.0085070">
    <ele>581.4</ele>
   </trkpt>
   <trkpt lat="39.0062100" lon="-121.0084380">
    <ele>581.4</ele>
   </trkpt>
   <trkpt lat="39.0062480" lon="-121.0083770">
    <ele>581.4</ele>
   </trkpt>
   <trkpt lat="39.0062830" lon="-121.0083080">
    <ele>581.4</ele>
   </trkpt>
   <trkpt lat="39.0063130" lon="-121.0082400">
    <ele>581.2</ele>
   </trkpt>
   <trkpt lat="39.0063320" lon="-121.0081710">
    <ele>581.0</ele>
   </trkpt>
   <trkpt lat="39.0063440" lon="-121.0081100">
    <ele>580.8</ele>
   </trkpt>
   <trkpt lat="39.0063400" lon="-121.0080640">
    <ele>580.6</ele>
   </trkpt>
   <trkpt lat="39.0063210" lon="-121.0080260">
    <ele>580.6</ele>
   </trkpt>
   <trkpt lat="39.0062940" lon="-121.0079960">
    <ele>580.6</ele>
   </trkpt>
   <trkpt lat="39.0062680" lon="-121.0079650">
    <ele>580.6</ele>
   </trkpt>
   <trkpt lat="39.0062370" lon="-121.0079270">
    <ele>580.6</ele>
   </trkpt>
   <trkpt lat="39.0062060" lon="-121.0078580">
    <ele>580.6</ele>
   </trkpt>
   <trkpt lat="39.0061870" lon="-121.0077900">
    <ele>580.6</ele>
   </trkpt>
   <trkpt lat="39.0061640" lon="-121.0077210">
    <ele>580.8</ele>
   </trkpt>
   <trkpt lat="39.0061340" lon="-121.0076520">
    <ele>581.0</ele>
   </trkpt>
   <trkpt lat="39.0060920" lon="-121.0075990">
    <ele>581.0</ele>
   </trkpt>
   <trkpt lat="39.0060420" lon="-121.0075530">
    <ele>581.2</ele>
   </trkpt>
   <trkpt lat="39.0059850" lon="-121.0075150">
    <ele>581.2</ele>
   </trkpt>
   <trkpt lat="39.0059240" lon="-121.0074690">
    <ele>581.2</ele>
   </trkpt>
   <trkpt lat="39.0058630" lon="-121.0074310">
    <ele>581.4</ele>
   </trkpt>
   <trkpt lat="39.0057950" lon="-121.0074080">
    <ele>581.2</ele>
   </trkpt>
   <trkpt lat="39.0057330" lon="-121.0073850">
    <ele>581.2</ele>
   </trkpt>
   <trkpt lat="39.0056720" lon="-121.0073700">
    <ele>581.2</ele>
   </trkpt>
   <trkpt lat="39.0056040" lon="-121.0073620">
    <ele>581.2</ele>
   </trkpt>
   <trkpt lat="39.0055430" lon="-121.0073470">
    <ele>581.2</ele>
   </trkpt>
   <trkpt lat="39.0054890" lon="-121.0073320">
    <ele>581.2</ele>
   </trkpt>
   <trkpt lat="39.0054470" lon="-121.0072940">
    <ele>581.2</ele>
   </trkpt>
   <trkpt lat="39.0054240" lon="-121.0072560">
    <ele>581.2</ele>
   </trkpt>
   <trkpt lat="39.0054170" lon="-121.0071940">
    <ele>581.0</ele>
   </trkpt>
   <trkpt lat="39.0054210" lon="-121.0071330">
    <ele>580.8</ele>
   </trkpt>
   <trkpt lat="39.0054280" lon="-121.0070650">
    <ele>581.0</ele>
   </trkpt>
   <trkpt lat="39.0054400" lon="-121.0069880">
    <ele>581.0</ele>
   </trkpt>
   <trkpt lat="39.0054440" lon="-121.0069050">
    <ele>580.8</ele>
   </trkpt>
   <trkpt lat="39.0054400" lon="-121.0068280">
    <ele>581.0</ele>
   </trkpt>
   <trkpt lat="39.0054280" lon="-121.0067520">
    <ele>581.0</ele>
   </trkpt>
   <trkpt lat="39.0054170" lon="-121.0066760">
    <ele>581.0</ele>
   </trkpt>
   <trkpt lat="39.0053940" lon="-121.0066070">
    <ele>581.0</ele>
   </trkpt>
   <trkpt lat="39.0053670" lon="-121.0065540">
    <ele>581.2</ele>
   </trkpt>
   <trkpt lat="39.0053290" lon="-121.0065230">
    <ele>581.2</ele>
   </trkpt>
   <trkpt lat="39.0052830" lon="-121.0065000">
    <ele>581.2</ele>
   </trkpt>
   <trkpt lat="39.0052300" lon="-121.0065080">
    <ele>581.2</ele>
   </trkpt>
   <trkpt lat="39.0051800" lon="-121.0065230">
    <ele>581.2</ele>
   </trkpt>
   <trkpt lat="39.0051270" lon="-121.0065540">
    <ele>581.2</ele>
   </trkpt>
   <trkpt lat="39.0050700" lon="-121.0065690">
    <ele>581.2</ele>
   </trkpt>
   <trkpt lat="39.0050160" lon="-121.0065840">
    <ele>581.2</ele>
   </trkpt>
   <trkpt lat="39.0049700" lon="-121.0065770">
    <ele>581.2</ele>
   </trkpt>
   <trkpt lat="39.0049440" lon="-121.0065460">
    <ele>581.2</ele>
   </trkpt>
   <trkpt lat="39.0049290" lon="-121.0065000">
    <ele>581.2</ele>
   </trkpt>
   <trkpt lat="39.0049290" lon="-121.0064540">
    <ele>581.2</ele>
   </trkpt>
   <trkpt lat="39.0049320" lon="-121.0063930">
    <ele>581.0</ele>
   </trkpt>
   <trkpt lat="39.0049400" lon="-121.0063400">
    <ele>581.0</ele>
   </trkpt>
   <trkpt lat="39.0049440" lon="-121.0062870">
    <ele>581.0</ele>
   </trkpt>
   <trkpt lat="39.0049510" lon="-121.0062330">
    <ele>581.0</ele>
   </trkpt>
   <trkpt lat="39.0049440" lon="-121.0061720">
    <ele>581.0</ele>
   </trkpt>
   <trkpt lat="39.0049290" lon="-121.0061030">
    <ele>581.0</ele>
   </trkpt>
   <trkpt lat="39.0049130" lon="-121.0060350">
    <ele>581.0</ele>
   </trkpt>
   <trkpt lat="39.0048980" lon="-121.0059740">
    <ele>581.0</ele>
   </trkpt>
   <trkpt lat="39.0048640" lon="-121.0059200">
    <ele>581.2</ele>
   </trkpt>
   <trkpt lat="39.0048260" lon="-121.0058750">
    <ele>581.4</ele>
   </trkpt>
   <trkpt lat="39.0047870" lon="-121.0058210">
    <ele>581.4</ele>
   </trkpt>
   <trkpt lat="39.0047530" lon="-121.0057680">
    <ele>581.4</ele>
   </trkpt>
   <trkpt lat="39.0047450" lon="-121.0056990">
    <ele>581.4</ele>
   </trkpt>
   <trkpt lat="39.0047650" lon="-121.0056460">
    <ele>581.2</ele>
   </trkpt>
   <trkpt lat="39.0047950" lon="-121.0056150">
    <ele>581.2</ele>
   </trkpt>
   <trkpt lat="39.0048330" lon="-121.0056000">
    <ele>581.2</ele>
   </trkpt>
   <trkpt lat="39.0048680" lon="-121.0055850">
    <ele>581.4</ele>
   </trkpt>
   <trkpt lat="39.0049060" lon="-121.0055850">
    <ele>581.4</ele>
   </trkpt>
   <trkpt lat="39.0049480" lon="-121.0055920">
    <ele>581.4</ele>
   </trkpt>
   <trkpt lat="39.0049970" lon="-121.0056080">
    <ele>581.6</ele>
   </trkpt>
   <trkpt lat="39.0050510" lon="-121.0056000">
    <ele>581.6</ele>
   </trkpt>
   <trkpt lat="39.0051000" lon="-121.0055920">
    <ele>581.6</ele>
   </trkpt>
   <trkpt lat="39.0051500" lon="-121.0055850">
    <ele>581.6</ele>
   </trkpt>
   <trkpt lat="39.0051920" lon="-121.0055540">
    <ele>581.8</ele>
   </trkpt>
   <trkpt lat="39.0052260" lon="-121.0055160">
    <ele>581.8</ele>
   </trkpt>
   <trkpt lat="39.0052530" lon="-121.0054630">
    <ele>581.8</ele>
   </trkpt>
   <trkpt lat="39.0052680" lon="-121.0054020">
    <ele>581.6</ele>
   </trkpt>
   <trkpt lat="39.0052720" lon="-121.0053330">
    <ele>581.8</ele>
   </trkpt>
   <trkpt lat="39.0052760" lon="-121.0052490">
    <ele>581.8</ele>
   </trkpt>
   <trkpt lat="39.0052640" lon="-121.0051800">
    <ele>581.8</ele>
   </trkpt>
   <trkpt lat="39.0052410" lon="-121.0050960">
    <ele>581.8</ele>
   </trkpt>
   <trkpt lat="39.0052190" lon="-121.0050120">
    <ele>581.8</ele>
   </trkpt>
   <trkpt lat="39.0051990" lon="-121.0049440">
    <ele>581.8</ele>
   </trkpt>
   <trkpt lat="39.0051770" lon="-121.0048750">
    <ele>581.8</ele>
   </trkpt>
   <trkpt lat="39.0051540" lon="-121.0047990">
    <ele>582.0</ele>
   </trkpt>
   <trkpt lat="39.0051310" lon="-121.0047300">
    <ele>582.0</ele>
   </trkpt>
   <trkpt lat="39.0051080" lon="-121.0046460">
    <ele>581.8</ele>
   </trkpt>
   <trkpt lat="39.0050810" lon="-121.0045700">
    <ele>581.8</ele>
   </trkpt>
   <trkpt lat="39.0050580" lon="-121.0044940">
    <ele>582.0</ele>
   </trkpt>
   <trkpt lat="39.0050280" lon="-121.0044170">
    <ele>582.0</ele>
   </trkpt>
   <trkpt lat="39.0050050" lon="-121.0043330">
    <ele>582.0</ele>
   </trkpt>
   <trkpt lat="39.0049930" lon="-121.0042500">
    <ele>581.8</ele>
   </trkpt>
   <trkpt lat="39.0049900" lon="-121.0041660">
    <ele>581.8</ele>
   </trkpt>
   <trkpt lat="39.0050010" lon="-121.0040890">
    <ele>581.8</ele>
   </trkpt>
   <trkpt lat="39.0050240" lon="-121.0040210">
    <ele>581.8</ele>
   </trkpt>
   <trkpt lat="39.0050430" lon="-121.0039440">
    <ele>581.8</ele>
   </trkpt>
   <trkpt lat="39.0050620" lon="-121.0038760">
    <ele>581.8</ele>
   </trkpt>
   <trkpt lat="39.0050810" lon="-121.0037920">
    <ele>581.8</ele>
   </trkpt>
   <trkpt lat="39.0050930" lon="-121.0037080">
    <ele>581.6</ele>
   </trkpt>
   <trkpt lat="39.0051080" lon="-121.0036320">
    <ele>581.8</ele>
   </trkpt>
   <trkpt lat="39.0051230" lon="-121.0035400">
    <ele>581.8</ele>
   </trkpt>
   <trkpt lat="39.0051350" lon="-121.0034560">
    <ele>581.8</ele>
   </trkpt>
   <trkpt lat="39.0051500" lon="-121.0033720">
    <ele>581.6</ele>
   </trkpt>
   <trkpt lat="39.0051610" lon="-121.0032810">
    <ele>581.4</ele>
   </trkpt>
   <trkpt lat="39.0051730" lon="-121.0031970">
    <ele>581.4</ele>
   </trkpt>
   <trkpt lat="39.0051770" lon="-121.0031200">
    <ele>581.4</ele>
   </trkpt>
   <trkpt lat="39.0051730" lon="-121.0030440">
    <ele>581.4</ele>
   </trkpt>
   <trkpt lat="39.0051610" lon="-121.0029680">
    <ele>581.4</ele>
   </trkpt>
   <trkpt lat="39.0051540" lon="-121.0028840">
    <ele>581.4</ele>
   </trkpt>
   <trkpt lat="39.0051350" lon="-121.0028080">
    <ele>581.2</ele>
   </trkpt>
   <trkpt lat="39.0051000" lon="-121.0027460">
    <ele>581.2</ele>
   </trkpt>
   <trkpt lat="39.0050580" lon="-121.0026850">
    <ele>581.2</ele>
   </trkpt>
   <trkpt lat="39.0050120" lon="-121.0026470">
    <ele>581.2</ele>
   </trkpt>
   <trkpt lat="39.0049630" lon="-121.0026320">
    <ele>581.0</ele>
   </trkpt>
   <trkpt lat="39.0049170" lon="-121.0026170">
    <ele>581.0</ele>
   </trkpt>
   <trkpt lat="39.0049020" lon="-121.0025790">
    <ele>580.8</ele>
   </trkpt>
   <trkpt lat="39.0049090" lon="-121.0025410">
    <ele>580.8</ele>
   </trkpt>
   <trkpt lat="39.0049290" lon="-121.0025100">
    <ele>580.8</ele>
   </trkpt>
   <trkpt lat="39.0049550" lon="-121.0024870">
    <ele>580.8</ele>
   </trkpt>
   <trkpt lat="39.0049860" lon="-121.0024720">
    <ele>580.8</ele>
   </trkpt>
   <trkpt lat="39.0050200" lon="-121.0024640">
    <ele>581.0</ele>
   </trkpt>
   <trkpt lat="39.0050510" lon="-121.0024570">
    <ele>581.2</ele>
   </trkpt>
   <trkpt lat="39.0050810" lon="-121.0024410">
    <ele>581.2</ele>
   </trkpt>
   <trkpt lat="39.0051120" lon="-121.0024110">
    <ele>581.0</ele>
   </trkpt>
   <trkpt lat="39.0051500" lon="-121.0023650">
    <ele>581.2</ele>
   </trkpt>
   <trkpt lat="39.0051840" lon="-121.0023270">
    <ele>581.2</ele>
   </trkpt>
   <trkpt lat="39.0052190" lon="-121.0023040">
    <ele>581.2</ele>
   </trkpt>
   <trkpt lat="39.0052640" lon="-121.0023040">
    <ele>581.2</ele>
   </trkpt>
   <trkpt lat="39.0053060" lon="-121.0023190">
    <ele>581.4</ele>
   </trkpt>
   <trkpt lat="39.0053600" lon="-121.0023190">
    <ele>581.4</ele>
   </trkpt>
   <trkpt lat="39.0054130" lon="-121.0023120">
    <ele>581.4</ele>
   </trkpt>
   <trkpt lat="39.0054630" lon="-121.0023040">
    <ele>581.4</ele>
   </trkpt>
   <trkpt lat="39.0055120" lon="-121.0022740">
    <ele>581.4</ele>
   </trkpt>
   <trkpt lat="39.0055620" lon="-121.0022350">
    <ele>581.4</ele>
   </trkpt>
   <trkpt lat="39.0056110" lon="-121.0021970">
    <ele>581.4</ele>
   </trkpt>
   <trkpt lat="39.0056650" lon="-121.0021820">
    <ele>581.4</ele>
   </trkpt>
   <trkpt lat="39.0057140" lon="-121.0021900">
    <ele>581.4</ele>
   </trkpt>
   <trkpt lat="39.0057560" lon="-121.0022200">
    <ele>581.4</ele>
   </trkpt>
   <trkpt lat="39.0057980" lon="-121.0022510">
    <ele>581.4</ele>
   </trkpt>
   <trkpt lat="39.0058370" lon="-121.0022890">
    <ele>581.6</ele>
   </trkpt>
   <trkpt lat="39.0058820" lon="-121.0023040">
    <ele>581.6</ele>
   </trkpt>
   <trkpt lat="39.0059280" lon="-121.0023190">
    <ele>581.6</ele>
   </trkpt>
   <trkpt lat="39.0059810" lon="-121.0023420">
    <ele>581.8</ele>
   </trkpt>
   <trkpt lat="39.0060350" lon="-121.0023570">
    <ele>581.8</ele>
   </trkpt>
   <trkpt lat="39.0060840" lon="-121.0023730">
    <ele>581.6</ele>
   </trkpt>
   <trkpt lat="39.0061420" lon="-121.0023960">
    <ele>581.8</ele>
   </trkpt>
   <trkpt lat="39.0062030" lon="-121.0024180">
    <ele>581.8</ele>
   </trkpt>
   <trkpt lat="39.0062520" lon="-121.0024490">
    <ele>581.8</ele>
   </trkpt>
   <trkpt lat="39.0062830" lon="-121.0024870">
    <ele>581.8</ele>
   </trkpt>
   <trkpt lat="39.0062830" lon="-121.0025330">
    <ele>582.0</ele>
   </trkpt>
   <trkpt lat="39.0062710" lon="-121.0025790">
    <ele>582.0</ele>
   </trkpt>
   <trkpt lat="39.0062480" lon="-121.0026240">
    <ele>582.0</ele>
   </trkpt>
   <trkpt lat="39.0062180" lon="-121.0026700">
    <ele>582.2</ele>
   </trkpt>
   <trkpt lat="39.0061760" lon="-121.0027160">
    <ele>582.0</ele>
   </trkpt>
   <trkpt lat="39.0061340" lon="-121.0027620">
    <ele>582.0</ele>
   </trkpt>
   <trkpt lat="39.0060920" lon="-121.0028080">
    <ele>581.8</ele>
   </trkpt>
   <trkpt lat="39.0060460" lon="-121.0028530">
    <ele>582.0</ele>
   </trkpt>
   <trkpt lat="39.0060000" lon="-121.0028920">
    <ele>582.0</ele>
   </trkpt>
   <trkpt lat="39.0059470" lon="-121.0029220">
    <ele>582.0</ele>
   </trkpt>
   <trkpt lat="39.0058980" lon="-121.0029680">
    <ele>581.8</ele>
   </trkpt>
   <trkpt lat="39.0058480" lon="-121.0030290">
    <ele>581.8</ele>
   </trkpt>
   <trkpt lat="39.0057980" lon="-121.0030820">
    <ele>581.8</ele>
   </trkpt>
   <trkpt lat="39.0057560" lon="-121.0031430">
    <ele>581.8</ele>
   </trkpt>
   <trkpt lat="39.0057180" lon="-121.0032120">
    <ele>582.0</ele>
   </trkpt>
   <trkpt lat="39.0056920" lon="-121.0032810">
    <ele>582.0</ele>
   </trkpt>
   <trkpt lat="39.0056720" lon="-121.0033570">
    <ele>582.0</ele>
   </trkpt>
   <trkpt lat="39.0056570" lon="-121.0034480">
    <ele>581.8</ele>
   </trkpt>
   <trkpt lat="39.0056460" lon="-121.0035400">
    <ele>581.8</ele>
   </trkpt>
   <trkpt lat="39.0056340" lon="-121.0036240">
    <ele>582.0</ele>
   </trkpt>
   <trkpt lat="39.0056270" lon="-121.0037080">
    <ele>582.0</ele>
   </trkpt>
   <trkpt lat="39.0056190" lon="-121.0037920">
    <ele>582.0</ele>
   </trkpt>
   <trkpt lat="39.0056110" lon="-121.0038600">
    <ele>582.2</ele>
   </trkpt>
   <trkpt lat="39.0056150" lon="-121.0039440">
    <ele>582.4</ele>
   </trkpt>
   <trkpt lat="39.0056230" lon="-121.0040210">
    <ele>582.4</ele>
   </trkpt>
   <trkpt lat="39.0056380" lon="-121.0040890">
    <ele>582.4</ele>
   </trkpt>
   <trkpt lat="39.0056610" lon="-121.0041500">
    <ele>582.4</ele>
   </trkpt>
   <trkpt lat="39.0056880" lon="-121.0042190">
    <ele>582.4</ele>
   </trkpt>
   <trkpt lat="39.0057220" lon="-121.0042800">
    <ele>582.6</ele>
   </trkpt>
   <trkpt lat="39.0057640" lon="-121.0043410">
    <ele>582.6</ele>
   </trkpt>
   <trkpt lat="39.0058100" lon="-121.0044020">
    <ele>582.4</ele>
   </trkpt>
   <trkpt lat="39.0058480" lon="-121.0044630">
    <ele>582.2</ele>
   </trkpt>
   <trkpt lat="39.0058940" lon="-121.0045240">
    <ele>582.2</ele>
   </trkpt>
   <trkpt lat="39.0059390" lon="-121.0045700">
    <ele>582.0</ele>
   </trkpt>
   <trkpt lat="39.0059890" lon="-121.0046230">
    <ele>582.0</ele>
   </trkpt>
   <trkpt lat="39.0060420" lon="-121.0046690">
    <ele>582.0</ele>
   </trkpt>
   <trkpt lat="39.0060920" lon="-121.0047150">
    <ele>582.0</ele>
   </trkpt>
   <trkpt lat="39.0061420" lon="-121.0047450">
    <ele>582.0</ele>
   </trkpt>
   <trkpt lat="39.0061990" lon="-121.0047840">
    <ele>581.8</ele>
   </trkpt>
   <trkpt lat="39.0062560" lon="-121.0048220">
    <ele>581.8</ele>
   </trkpt>
   <trkpt lat="39.0063060" lon="-121.0048450">
    <ele>581.8</ele>
   </trkpt>
   <trkpt lat="39.0063590" lon="-121.0048600">
    <ele>581.8</ele>
   </trkpt>
   <trkpt lat="39.0064090" lon="-121.0048680">
    <ele>581.8</ele>
   </trkpt>
   <trkpt lat="39.0064580" lon="-121.0048680">
    <ele>581.8</ele>
   </trkpt>
   <trkpt lat="39.0064960" lon="-121.0048830">
    <ele>581.6</ele>
   </trkpt>
   <trkpt lat="39.0065350" lon="-121.0049210">
    <ele>581.6</ele>
   </trkpt>
   <trkpt lat="39.0065730" lon="-121.0049670">
    <ele>581.4</ele>
   </trkpt>
   <trkpt lat="39.0066150" lon="-121.0050280">
    <ele>581.0</ele>
   </trkpt>
   <trkpt lat="39.0066640" lon="-121.0050810">
    <ele>580.6</ele>
   </trkpt>
   <trkpt lat="39.0067140" lon="-121.0051340">
    <ele>580.2</ele>
   </trkpt>
   <trkpt lat="39.0067630" lon="-121.0051960">
    <ele>579.8</ele>
   </trkpt>
   <trkpt lat="39.0068130" lon="-121.0052640">
    <ele>579.2</ele>
   </trkpt>
   <trkpt lat="39.0068590" lon="-121.0053480">
    <ele>578.6</ele>
   </trkpt>
   <trkpt lat="39.0069010" lon="-121.0054400">
    <ele>577.8</ele>
   </trkpt>
   <trkpt lat="39.0069470" lon="-121.0055240">
    <ele>577.0</ele>
   </trkpt>
   <trkpt lat="39.0069890" lon="-121.0056150">
    <ele>576.0</ele>
   </trkpt>
   <trkpt lat="39.0070270" lon="-121.0057070">
    <ele>575.2</ele>
   </trkpt>
   <trkpt lat="39.0070690" lon="-121.0057910">
    <ele>574.4</ele>
   </trkpt>
   <trkpt lat="39.0071030" lon="-121.0058670">
    <ele>573.4</ele>
   </trkpt>
   <trkpt lat="39.0071410" lon="-121.0059360">
    <ele>572.2</ele>
   </trkpt>
   <trkpt lat="39.0071750" lon="-121.0059970">
    <ele>571.0</ele>
   </trkpt>
   <trkpt lat="39.0072020" lon="-121.0060500">
    <ele>570.0</ele>
   </trkpt>
   <trkpt lat="39.0072330" lon="-121.0061030">
    <ele>569.0</ele>
   </trkpt>
   <trkpt lat="39.0072670" lon="-121.0061570">
    <ele>568.0</ele>
   </trkpt>
   <trkpt lat="39.0073010" lon="-121.0062030">
    <ele>567.0</ele>
   </trkpt>
   <trkpt lat="39.0073430" lon="-121.0062410">
    <ele>566.0</ele>
   </trkpt>
   <trkpt lat="39.0073930" lon="-121.0062640">
    <ele>565.2</ele>
   </trkpt>
   <trkpt lat="39.0074460" lon="-121.0062640">
    <ele>564.4</ele>
   </trkpt>
   <trkpt lat="39.0074920" lon="-121.0062640">
    <ele>563.8</ele>
   </trkpt>
   <trkpt lat="39.0075340" lon="-121.0062640">
    <ele>563.2</ele>
   </trkpt>
   <trkpt lat="39.0075760" lon="-121.0062710">
    <ele>563.0</ele>
   </trkpt>
   <trkpt lat="39.0076180" lon="-121.0063020">
    <ele>562.8</ele>
   </trkpt>
   <trkpt lat="39.0076640" lon="-121.0063320">
    <ele>562.6</ele>
   </trkpt>
   <trkpt lat="39.0077130" lon="-121.0063700">
    <ele>562.4</ele>
   </trkpt>
   <trkpt lat="39.0077630" lon="-121.0064160">
    <ele>562.4</ele>
   </trkpt>
   <trkpt lat="39.0078160" lon="-121.0064620">
    <ele>562.2</ele>
   </trkpt>
   <trkpt lat="39.0078770" lon="-121.0065310">
    <ele>562.0</ele>
   </trkpt>
   <trkpt lat="39.0079230" lon="-121.0065990">
    <ele>561.4</ele>
   </trkpt>
   <trkpt lat="39.0079570" lon="-121.0066830">
    <ele>560.6</ele>
   </trkpt>
   <trkpt lat="39.0079840" lon="-121.0067820">
    <ele>559.8</ele>
   </trkpt>
   <trkpt lat="39.0080030" lon="-121.0068820">
    <ele>559.4</ele>
   </trkpt>
   <trkpt lat="39.0080220" lon="-121.0069810">
    <ele>558.8</ele>
   </trkpt>
   <trkpt lat="39.0080570" lon="-121.0070800">
    <ele>558.2</ele>
   </trkpt>
   <trkpt lat="39.0080910" lon="-121.0071790">
    <ele>557.6</ele>
   </trkpt>
   <trkpt lat="39.0081250" lon="-121.0072780">
    <ele>557.0</ele>
   </trkpt>
   <trkpt lat="39.0081600" lon="-121.0073780">
    <ele>556.4</ele>
   </trkpt>
   <trkpt lat="39.0081900" lon="-121.0074770">
    <ele>556.0</ele>
   </trkpt>
   <trkpt lat="39.0082130" lon="-121.0075760">
    <ele>555.4</ele>
   </trkpt>
   <trkpt lat="39.0082510" lon="-121.0076600">
    <ele>554.8</ele>
   </trkpt>
   <trkpt lat="39.0082930" lon="-121.0077360">
    <ele>554.4</ele>
   </trkpt>
   <trkpt lat="39.0083350" lon="-121.0078050">
    <ele>554.0</ele>
   </trkpt>
   <trkpt lat="39.0083920" lon="-121.0078510">
    <ele>553.6</ele>
   </trkpt>
   <trkpt lat="39.0084500" lon="-121.0078810">
    <ele>553.2</ele>
   </trkpt>
   <trkpt lat="39.0085070" lon="-121.0079120">
    <ele>553.0</ele>
   </trkpt>
   <trkpt lat="39.0085680" lon="-121.0079500">
    <ele>552.6</ele>
   </trkpt>
   <trkpt lat="39.0086250" lon="-121.0079800">
    <ele>552.4</ele>
   </trkpt>
   <trkpt lat="39.0086780" lon="-121.0080180">
    <ele>552.2</ele>
   </trkpt>
   <trkpt lat="39.0087390" lon="-121.0080570">
    <ele>551.8</ele>
   </trkpt>
   <trkpt lat="39.0088010" lon="-121.0080950">
    <ele>551.6</ele>
   </trkpt>
   <trkpt lat="39.0088580" lon="-121.0081410">
    <ele>551.0</ele>
   </trkpt>
   <trkpt lat="39.0089190" lon="-121.0081790">
    <ele>550.8</ele>
   </trkpt>
   <trkpt lat="39.0089760" lon="-121.0082090">
    <ele>550.6</ele>
   </trkpt>
   <trkpt lat="39.0090370" lon="-121.0082470">
    <ele>550.4</ele>
   </trkpt>
   <trkpt lat="39.0091060" lon="-121.0082930">
    <ele>550.4</ele>
   </trkpt>
   <trkpt lat="39.0091630" lon="-121.0083540">
    <ele>550.2</ele>
   </trkpt>
   <trkpt lat="39.0092160" lon="-121.0084150">
    <ele>550.2</ele>
   </trkpt>
   <trkpt lat="39.0092700" lon="-121.0084840">
    <ele>550.2</ele>
   </trkpt>
   <trkpt lat="39.0093080" lon="-121.0085520">
    <ele>550.0</ele>
   </trkpt>
   <trkpt lat="39.0093500" lon="-121.0086360">
    <ele>549.8</ele>
   </trkpt>
   <trkpt lat="39.0093880" lon="-121.0087200">
    <ele>549.8</ele>
   </trkpt>
   <trkpt lat="39.0094180" lon="-121.0087890">
    <ele>549.6</ele>
   </trkpt>
   <trkpt lat="39.0094450" lon="-121.0088650">
    <ele>549.4</ele>
   </trkpt>
   <trkpt lat="39.0094800" lon="-121.0089570">
    <ele>549.4</ele>
   </trkpt>
   <trkpt lat="39.0095100" lon="-121.0090410">
    <ele>549.2</ele>
   </trkpt>
   <trkpt lat="39.0095410" lon="-121.0091250">
    <ele>549.2</ele>
   </trkpt>
   <trkpt lat="39.0095710" lon="-121.0092010">
    <ele>549.0</ele>
   </trkpt>
   <trkpt lat="39.0096020" lon="-121.0092770">
    <ele>548.8</ele>
   </trkpt>
   <trkpt lat="39.0096240" lon="-121.0093690">
    <ele>548.8</ele>
   </trkpt>
   <trkpt lat="39.0096470" lon="-121.0094600">
    <ele>548.6</ele>
   </trkpt>
   <trkpt lat="39.0096740" lon="-121.0095440">
    <ele>548.4</ele>
   </trkpt>
   <trkpt lat="39.0097010" lon="-121.0096360">
    <ele>548.2</ele>
   </trkpt>
   <trkpt lat="39.0097200" lon="-121.0097200">
    <ele>548.2</ele>
   </trkpt>
   <trkpt lat="39.0097270" lon="-121.0097960">
    <ele>548.0</ele>
   </trkpt>
   <trkpt lat="39.0097270" lon="-121.0098650">
    <ele>548.0</ele>
   </trkpt>
   <trkpt lat="39.0097240" lon="-121.0099410">
    <ele>548.0</ele>
   </trkpt>
   <trkpt lat="39.0097080" lon="-121.0100020">
    <ele>548.0</ele>
   </trkpt>
   <trkpt lat="39.0096890" lon="-121.0100630">
    <ele>547.8</ele>
   </trkpt>
   <trkpt lat="39.0096590" lon="-121.0101170">
    <ele>547.8</ele>
   </trkpt>
   <trkpt lat="39.0096240" lon="-121.0101780">
    <ele>547.6</ele>
   </trkpt>
   <trkpt lat="39.0095900" lon="-121.0102460">
    <ele>547.6</ele>
   </trkpt>
   <trkpt lat="39.0095520" lon="-121.0103070">
    <ele>547.4</ele>
   </trkpt>
   <trkpt lat="39.0095140" lon="-121.0103760">
    <ele>547.2</ele>
   </trkpt>
   <trkpt lat="39.0094830" lon="-121.0104520">
    <ele>547.0</ele>
   </trkpt>
   <trkpt lat="39.0094570" lon="-121.0105130">
    <ele>546.6</ele>
   </trkpt>
   <trkpt lat="39.0094300" lon="-121.0105820">
    <ele>546.4</ele>
   </trkpt>
   <trkpt lat="39.0093920" lon="-121.0106430">
    <ele>546.2</ele>
   </trkpt>
   <trkpt lat="39.0093460" lon="-121.0107040">
    <ele>546.2</ele>
   </trkpt>
   <trkpt lat="39.0092960" lon="-121.0107650">
    <ele>546.0</ele>
   </trkpt>
   <trkpt lat="39.0092430" lon="-121.0108180">
    <ele>546.0</ele>
   </trkpt>
   <trkpt lat="39.0091930" lon="-121.0108720">
    <ele>546.2</ele>
   </trkpt>
   <trkpt lat="39.0091360" lon="-121.0109100">
    <ele>546.2</ele>
   </trkpt>
   <trkpt lat="39.0090830" lon="-121.0109400">
    <ele>546.2</ele>
   </trkpt>
   <trkpt lat="39.0090290" lon="-121.0109710">
    <ele>546.2</ele>
   </trkpt>
   <trkpt lat="39.0089680" lon="-121.0109940">
    <ele>546.4</ele>
   </trkpt>
   <trkpt lat="39.0089110" lon="-121.0110090">
    <ele>546.4</ele>
   </trkpt>
   <trkpt lat="39.0088540" lon="-121.0110320">
    <ele>546.4</ele>
   </trkpt>
   <trkpt lat="39.0087970" lon="-121.0110550">
    <ele>546.6</ele>
   </trkpt>
   <trkpt lat="39.0087390" lon="-121.0110780">
    <ele>546.6</ele>
   </trkpt>
   <trkpt lat="39.0086820" lon="-121.0111080">
    <ele>546.6</ele>
   </trkpt>
   <trkpt lat="39.0086210" lon="-121.0111310">
    <ele>546.4</ele>
   </trkpt>
   <trkpt lat="39.0085600" lon="-121.0111470">
    <ele>546.2</ele>
   </trkpt>
   <trkpt lat="39.0085030" lon="-121.0111540">
    <ele>545.8</ele>
   </trkpt>
   <trkpt lat="39.0084460" lon="-121.0111770">
    <ele>545.4</ele>
   </trkpt>
   <trkpt lat="39.0083850" lon="-121.0112000">
    <ele>545.0</ele>
   </trkpt>
   <trkpt lat="39.0083160" lon="-121.0112150">
    <ele>544.6</ele>
   </trkpt>
   <trkpt lat="39.0082470" lon="-121.0112300">
    <ele>544.4</ele>
   </trkpt>
   <trkpt lat="39.0081900" lon="-121.0112380">
    <ele>544.2</ele>
   </trkpt>
   <trkpt lat="39.0081330" lon="-121.0112610">
    <ele>544.0</ele>
   </trkpt>
   <trkpt lat="39.0080870" lon="-121.0112840">
    <ele>543.8</ele>
   </trkpt>
   <trkpt lat="39.0080410" lon="-121.0113140">
    <ele>543.8</ele>
   </trkpt>
   <trkpt lat="39.0079920" lon="-121.0113300">
    <ele>543.6</ele>
   </trkpt>
   <trkpt lat="39.0079380" lon="-121.0113450">
    <ele>543.4</ele>
   </trkpt>
   <trkpt lat="39.0078890" lon="-121.0113520">
    <ele>543.4</ele>
   </trkpt>
   <trkpt lat="39.0078470" lon="-121.0113600">
    <ele>543.2</ele>
   </trkpt>
   <trkpt lat="39.0078010" lon="-121.0113600">
    <ele>542.8</ele>
   </trkpt>
   <trkpt lat="39.0077550" lon="-121.0113680">
    <ele>542.6</ele>
   </trkpt>
   <trkpt lat="39.0077060" lon="-121.0113750">
    <ele>542.6</ele>
   </trkpt>
   <trkpt lat="39.0076560" lon="-121.0113830">
    <ele>542.6</ele>
   </trkpt>
   <trkpt lat="39.0075990" lon="-121.0113830">
    <ele>542.4</ele>
   </trkpt>
   <trkpt lat="39.0075420" lon="-121.0113910">
    <ele>542.4</ele>
   </trkpt>
   <trkpt lat="39.0074810" lon="-121.0114210">
    <ele>542.4</ele>
   </trkpt>
   <trkpt lat="39.0074160" lon="-121.0114590">
    <ele>542.4</ele>
   </trkpt>
   <trkpt lat="39.0073510" lon="-121.0115130">
    <ele>542.4</ele>
   </trkpt>
   <trkpt lat="39.0072940" lon="-121.0115740">
    <ele>542.2</ele>
   </trkpt>
   <trkpt lat="39.0072330" lon="-121.0116420">
    <ele>542.2</ele>
   </trkpt>
   <trkpt lat="39.0071790" lon="-121.0117190">
    <ele>542.0</ele>
   </trkpt>
   <trkpt lat="39.0071300" lon="-121.0117950">
    <ele>542.0</ele>
   </trkpt>
   <trkpt lat="39.0070800" lon="-121.0118710">
    <ele>541.6</ele>
   </trkpt>
   <trkpt lat="39.0070340" lon="-121.0119400">
    <ele>541.4</ele>
   </trkpt>
   <trkpt lat="39.0069920" lon="-121.0120160">
    <ele>541.2</ele>
   </trkpt>
   <trkpt lat="39.0069470" lon="-121.0120930">
    <ele>541.0</ele>
   </trkpt>
   <trkpt lat="39.0069050" lon="-121.0121690">
    <ele>541.0</ele>
   </trkpt>
   <trkpt lat="39.0068630" lon="-121.0122300">
    <ele>541.2</ele>
   </trkpt>
   <trkpt lat="39.0068280" lon="-121.0122910">
    <ele>541.2</ele>
   </trkpt>
   <trkpt lat="39.0067900" lon="-121.0123520">
    <ele>541.2</ele>
   </trkpt>
   <trkpt lat="39.0067560" lon="-121.0124130">
    <ele>541.2</ele>
   </trkpt>
   <trkpt lat="39.0067100" lon="-121.0124660">
    <ele>541.2</ele>
   </trkpt>
   <trkpt lat="39.0066720" lon="-121.0125200">
    <ele>541.0</ele>
   </trkpt>
   <trkpt lat="39.0066380" lon="-121.0125730">
    <ele>541.0</ele>
   </trkpt>
   <trkpt lat="39.0065920" lon="-121.0126190">
    <ele>541.0</ele>
   </trkpt>
   <trkpt lat="39.0065460" lon="-121.0126800">
    <ele>541.0</ele>
   </trkpt>
   <trkpt lat="39.0065040" lon="-121.0127410">
    <ele>540.6</ele>
   </trkpt>
   <trkpt lat="39.0064700" lon="-121.0127870">
    <ele>540.0</ele>
   </trkpt>
   <trkpt lat="39.0064510" lon="-121.0128400">
    <ele>539.6</ele>
   </trkpt>
   <trkpt lat="39.0064510" lon="-121.0128860">
    <ele>539.2</ele>
   </trkpt>
   <trkpt lat="39.0064580" lon="-121.0129320">
    <ele>538.8</ele>
   </trkpt>
   <trkpt lat="39.0064470" lon="-121.0129700">
    <ele>538.6</ele>
   </trkpt>
   <trkpt lat="39.0064200" lon="-121.0130160">
    <ele>538.4</ele>
   </trkpt>
   <trkpt lat="39.0063820" lon="-121.0130540">
    <ele>538.4</ele>
   </trkpt>
   <trkpt lat="39.0063480" lon="-121.0130920">
    <ele>538.4</ele>
   </trkpt>
   <trkpt lat="39.0063090" lon="-121.0131300">
    <ele>538.4</ele>
   </trkpt>
   <trkpt lat="39.0062680" lon="-121.0131760">
    <ele>538.2</ele>
   </trkpt>
   <trkpt lat="39.0062220" lon="-121.0132140">
    <ele>538.2</ele>
   </trkpt>
   <trkpt lat="39.0061870" lon="-121.0132370">
    <ele>538.2</ele>
   </trkpt>
   <trkpt lat="39.0061610" lon="-121.0132520">
    <ele>538.4</ele>
   </trkpt>
   <trkpt lat="39.0061380" lon="-121.0132670">
    <ele>538.8</ele>
   </trkpt>
   <trkpt lat="39.0061190" lon="-121.0132750">
    <ele>539.0</ele>
   </trkpt>
   <trkpt lat="39.0061000" lon="-121.0132900">
    <ele>539.2</ele>
   </trkpt>
   <trkpt lat="39.0060810" lon="-121.0133060">
    <ele>539.4</ele>
   </trkpt>
   <trkpt lat="39.0060620" lon="-121.0133280">
    <ele>539.8</ele>
   </trkpt>
   <trkpt lat="39.0060420" lon="-121.0133590">
    <ele>540.0</ele>
   </trkpt>
   <trkpt lat="39.0060200" lon="-121.0133890">
    <ele>540.2</ele>
   </trkpt>
   <trkpt lat="39.0059890" lon="-121.0134350">
    <ele>540.2</ele>
   </trkpt>
   <trkpt lat="39.0059550" lon="-121.0134810">
    <ele>540.4</ele>
   </trkpt>
   <trkpt lat="39.0059320" lon="-121.0135190">
    <ele>540.2</ele>
   </trkpt>
   <trkpt lat="39.0059170" lon="-121.0135500">
    <ele>539.8</ele>
   </trkpt>
   <trkpt lat="39.0058860" lon="-121.0135880">
    <ele>539.8</ele>
   </trkpt>
   <trkpt lat="39.0058520" lon="-121.0136260">
    <ele>539.6</ele>
   </trkpt>
   <trkpt lat="39.0058140" lon="-121.0136570">
    <ele>539.6</ele>
   </trkpt>
   <trkpt lat="39.0057790" lon="-121.0136870">
    <ele>539.4</ele>
   </trkpt>
   <trkpt lat="39.0057560" lon="-121.0137180">
    <ele>539.4</ele>
   </trkpt>
   <trkpt lat="39.0057370" lon="-121.0137560">
    <ele>539.2</ele>
   </trkpt>
   <trkpt lat="39.0057140" lon="-121.0137940">
    <ele>538.8</ele>
   </trkpt>
   <trkpt lat="39.0056880" lon="-121.0138320">
    <ele>538.4</ele>
   </trkpt>
   <trkpt lat="39.0056500" lon="-121.0138780">
    <ele>538.2</ele>
   </trkpt>
   <trkpt lat="39.0056110" lon="-121.0139310">
    <ele>537.8</ele>
   </trkpt>
   <trkpt lat="39.0055690" lon="-121.0139850">
    <ele>537.8</ele>
   </trkpt>
   <trkpt lat="39.0055310" lon="-121.0140380">
    <ele>537.8</ele>
   </trkpt>
   <trkpt lat="39.0054890" lon="-121.0140760">
    <ele>538.0</ele>
   </trkpt>
   <trkpt lat="39.0054590" lon="-121.0140910">
    <ele>538.2</ele>
   </trkpt>
   <trkpt lat="39.0054360" lon="-121.0141140">
    <ele>538.6</ele>
   </trkpt>
   <trkpt lat="39.0054210" lon="-121.0141370">
    <ele>539.0</ele>
   </trkpt>
   <trkpt lat="39.0054090" lon="-121.0141680">
    <ele>539.2</ele>
   </trkpt>
   <trkpt lat="39.0053940" lon="-121.0142210">
    <ele>539.4</ele>
   </trkpt>
   <trkpt lat="39.0053710" lon="-121.0142820">
    <ele>539.6</ele>
   </trkpt>
   <trkpt lat="39.0053440" lon="-121.0143430">
    <ele>539.6</ele>
   </trkpt>
   <trkpt lat="39.0053140" lon="-121.0143970">
    <ele>539.6</ele>
   </trkpt>
   <trkpt lat="39.0052910" lon="-121.0144420">
    <ele>539.6</ele>
   </trkpt>
   <trkpt lat="39.0052600" lon="-121.0145030">
    <ele>539.6</ele>
   </trkpt>
   <trkpt lat="39.0052340" lon="-121.0145640">
    <ele>539.6</ele>
   </trkpt>
   <trkpt lat="39.0052150" lon="-121.0146330">
    <ele>539.2</ele>
   </trkpt>
   <trkpt lat="39.0051880" lon="-121.0147020">
    <ele>538.8</ele>
   </trkpt>
   <trkpt lat="39.0051730" lon="-121.0147630">
    <ele>538.4</ele>
   </trkpt>
   <trkpt lat="39.0051690" lon="-121.0148240">
    <ele>538.0</ele>
   </trkpt>
   <trkpt lat="39.0051690" lon="-121.0148770">
    <ele>537.4</ele>
   </trkpt>
   <trkpt lat="39.0051610" lon="-121.0149380">
    <ele>537.0</ele>
   </trkpt>
   <trkpt lat="39.0051500" lon="-121.0149990">
    <ele>536.6</ele>
   </trkpt>
   <trkpt lat="39.0051420" lon="-121.0150680">
    <ele>536.2</ele>
   </trkpt>
   <trkpt lat="39.0051380" lon="-121.0151370">
    <ele>536.2</ele>
   </trkpt>
   <trkpt lat="39.0051310" lon="-121.0152050">
    <ele>535.8</ele>
   </trkpt>
   <trkpt lat="39.0051190" lon="-121.0152740">
    <ele>535.8</ele>
   </trkpt>
   <trkpt lat="39.0051040" lon="-121.0153350">
    <ele>535.8</ele>
   </trkpt>
   <trkpt lat="39.0050810" lon="-121.0154040">
    <ele>535.8</ele>
   </trkpt>
   <trkpt lat="39.0050620" lon="-121.0154650">
    <ele>536.0</ele>
   </trkpt>
   <trkpt lat="39.0050430" lon="-121.0155260">
    <ele>536.0</ele>
   </trkpt>
   <trkpt lat="39.0050240" lon="-121.0155870">
    <ele>536.2</ele>
   </trkpt>
   <trkpt lat="39.0050050" lon="-121.0156550">
    <ele>536.4</ele>
   </trkpt>
   <trkpt lat="39.0049860" lon="-121.0157160">
    <ele>536.4</ele>
   </trkpt>
   <trkpt lat="39.0049700" lon="-121.0157780">
    <ele>536.4</ele>
   </trkpt>
   <trkpt lat="39.0049480" lon="-121.0158310">
    <ele>536.6</ele>
   </trkpt>
   <trkpt lat="39.0049210" lon="-121.0158920">
    <ele>536.8</ele>
   </trkpt>
   <trkpt lat="39.0048940" lon="-121.0159530">
    <ele>537.0</ele>
   </trkpt>
   <trkpt lat="39.0048680" lon="-121.0160060">
    <ele>537.2</ele>
   </trkpt>
   <trkpt lat="39.0048410" lon="-121.0160670">
    <ele>537.4</ele>
   </trkpt>
   <trkpt lat="39.0048100" lon="-121.0161360">
    <ele>537.4</ele>
   </trkpt>
   <trkpt lat="39.0047800" lon="-121.0161970">
    <ele>537.4</ele>
   </trkpt>
   <trkpt lat="39.0047490" lon="-121.0162580">
    <ele>537.4</ele>
   </trkpt>
   <trkpt lat="39.0047190" lon="-121.0163120">
    <ele>537.4</ele>
   </trkpt>
   <trkpt lat="39.0046880" lon="-121.0163800">
    <ele>537.6</ele>
   </trkpt>
   <trkpt lat="39.0046620" lon="-121.0164410">
    <ele>537.6</ele>
   </trkpt>
   <trkpt lat="39.0046270" lon="-121.0165020">
    <ele>537.6</ele>
   </trkpt>
   <trkpt lat="39.0045970" lon="-121.0165630">
    <ele>537.6</ele>
   </trkpt>
   <trkpt lat="39.0045660" lon="-121.0166170">
    <ele>537.8</ele>
   </trkpt>
   <trkpt lat="39.0045390" lon="-121.0166780">
    <ele>538.0</ele>
   </trkpt>
   <trkpt lat="39.0045130" lon="-121.0167390">
    <ele>538.0</ele>
   </trkpt>
   <trkpt lat="39.0044860" lon="-121.0168000">
    <ele>538.0</ele>
   </trkpt>
   <trkpt lat="39.0044630" lon="-121.0168690">
    <ele>538.4</ele>
   </trkpt>
   <trkpt lat="39.0044400" lon="-121.0169370">
    <ele>538.4</ele>
   </trkpt>
   <trkpt lat="39.0044170" lon="-121.0170060">
    <ele>538.6</ele>
   </trkpt>
   <trkpt lat="39.0043940" lon="-121.0170670">
    <ele>538.8</ele>
   </trkpt>
   <trkpt lat="39.0043680" lon="-121.0171360">
    <ele>538.8</ele>
   </trkpt>
   <trkpt lat="39.0043410" lon="-121.0172040">
    <ele>538.8</ele>
   </trkpt>
   <trkpt lat="39.0043070" lon="-121.0172730">
    <ele>538.8</ele>
   </trkpt>
   <trkpt lat="39.0042760" lon="-121.0173490">
    <ele>539.0</ele>
   </trkpt>
   <trkpt lat="39.0042420" lon="-121.0174250">
    <ele>539.0</ele>
   </trkpt>
   <trkpt lat="39.0042110" lon="-121.0174940">
    <ele>539.0</ele>
   </trkpt>
   <trkpt lat="39.0041810" lon="-121.0175780">
    <ele>539.0</ele>
   </trkpt>
   <trkpt lat="39.0041500" lon="-121.0176620">
    <ele>538.8</ele>
   </trkpt>
   <trkpt lat="39.0041200" lon="-121.0177460">
    <ele>538.6</ele>
   </trkpt>
   <trkpt lat="39.0040890" lon="-121.0178300">
    <ele>538.6</ele>
   </trkpt>
   <trkpt lat="39.0040590" lon="-121.0179210">
    <ele>538.6</ele>
   </trkpt>
   <trkpt lat="39.0040280" lon="-121.0180130">
    <ele>538.6</ele>
   </trkpt>
   <trkpt lat="39.0039980" lon="-121.0180970">
    <ele>538.8</ele>
   </trkpt>
   <trkpt lat="39.0039670" lon="-121.0181810">
    <ele>538.8</ele>
   </trkpt>
   <trkpt lat="39.0039440" lon="-121.0182650">
    <ele>539.0</ele>
   </trkpt>
   <trkpt lat="39.0039180" lon="-121.0183410">
    <ele>539.2</ele>
   </trkpt>
   <trkpt lat="39.0038910" lon="-121.0184250">
    <ele>539.2</ele>
   </trkpt>
   <trkpt lat="39.0038680" lon="-121.0184940">
    <ele>539.4</ele>
   </trkpt>
   <trkpt lat="39.0038450" lon="-121.0185620">
    <ele>539.6</ele>
   </trkpt>
   <trkpt lat="39.0038260" lon="-121.0186230">
    <ele>539.6</ele>
   </trkpt>
   <trkpt lat="39.0038030" lon="-121.0186770">
    <ele>540.0</ele>
   </trkpt>
   <trkpt lat="39.0037770" lon="-121.0187380">
    <ele>540.0</ele>
   </trkpt>
   <trkpt lat="39.0037540" lon="-121.0187990">
    <ele>540.2</ele>
   </trkpt>
   <trkpt lat="39.0037310" lon="-121.0188450">
    <ele>540.6</ele>
   </trkpt>
   <trkpt lat="39.0037080" lon="-121.0188980">
    <ele>541.0</ele>
   </trkpt>
   <trkpt lat="39.0036850" lon="-121.0189440">
    <ele>541.2</ele>
   </trkpt>
   <trkpt lat="39.0036580" lon="-121.0189970">
    <ele>541.2</ele>
   </trkpt>
   <trkpt lat="39.0036350" lon="-121.0190430">
    <ele>541.6</ele>
   </trkpt>
   <trkpt lat="39.0036090" lon="-121.0190890">
    <ele>542.0</ele>
   </trkpt>
   <trkpt lat="39.0035860" lon="-121.0191340">
    <ele>542.4</ele>
   </trkpt>
   <trkpt lat="39.0035510" lon="-121.0191730">
    <ele>542.6</ele>
   </trkpt>
   <trkpt lat="39.0035170" lon="-121.0192180">
    <ele>542.8</ele>
   </trkpt>
   <trkpt lat="39.0034830" lon="-121.0192640">
    <ele>542.8</ele>
   </trkpt>
   <trkpt lat="39.0034490" lon="-121.0193180">
    <ele>543.0</ele>
   </trkpt>
   <trkpt lat="39.0034100" lon="-121.0193630">
    <ele>543.2</ele>
   </trkpt>
   <trkpt lat="39.0033680" lon="-121.0194090">
    <ele>543.2</ele>
   </trkpt>
   <trkpt lat="39.0033230" lon="-121.0194630">
    <ele>543.2</ele>
   </trkpt>
   <trkpt lat="39.0032810" lon="-121.0195080">
    <ele>543.4</ele>
   </trkpt>
   <trkpt lat="39.0032350" lon="-121.0195540">
    <ele>543.6</ele>
   </trkpt>
   <trkpt lat="39.0031850" lon="-121.0196070">
    <ele>543.8</ele>
   </trkpt>
   <trkpt lat="39.0031360" lon="-121.0196610">
    <ele>543.8</ele>
   </trkpt>
   <trkpt lat="39.0030820" lon="-121.0197070">
    <ele>544.0</ele>
   </trkpt>
   <trkpt lat="39.0030290" lon="-121.0197680">
    <ele>544.0</ele>
   </trkpt>
   <trkpt lat="39.0029720" lon="-121.0198290">
    <ele>543.6</ele>
   </trkpt>
   <trkpt lat="39.0029140" lon="-121.0198900">
    <ele>543.4</ele>
   </trkpt>
   <trkpt lat="39.0028500" lon="-121.0199580">
    <ele>543.4</ele>
   </trkpt>
   <trkpt lat="39.0027850" lon="-121.0200270">
    <ele>543.4</ele>
   </trkpt>
   <trkpt lat="39.0027240" lon="-121.0200960">
    <ele>543.0</ele>
   </trkpt>
   <trkpt lat="39.0026550" lon="-121.0201720">
    <ele>542.8</ele>
   </trkpt>
   <trkpt lat="39.0025900" lon="-121.0202560">
    <ele>542.4</ele>
   </trkpt>
   <trkpt lat="39.0025180" lon="-121.0203320">
    <ele>541.8</ele>
   </trkpt>
   <trkpt lat="39.0024450" lon="-121.0204240">
    <ele>541.2</ele>
   </trkpt>
   <trkpt lat="39.0023690" lon="-121.0205080">
    <ele>540.6</ele>
   </trkpt>
   <trkpt lat="39.0022930" lon="-121.0205990">
    <ele>540.0</ele>
   </trkpt>
   <trkpt lat="39.0022130" lon="-121.0206830">
    <ele>539.6</ele>
   </trkpt>
   <trkpt lat="39.0021320" lon="-121.0207670">
    <ele>539.0</ele>
   </trkpt>
   <trkpt lat="39.0020520" lon="-121.0208510">
    <ele>538.8</ele>
   </trkpt>
   <trkpt lat="39.0019800" lon="-121.0209350">
    <ele>538.4</ele>
   </trkpt>
   <trkpt lat="39.0019040" lon="-121.0210190">
    <ele>538.2</ele>
   </trkpt>
   <trkpt lat="39.0018270" lon="-121.0211030">
    <ele>538.2</ele>
   </trkpt>
   <trkpt lat="39.0017510" lon="-121.0211870">
    <ele>538.2</ele>
   </trkpt>
   <trkpt lat="39.0016780" lon="-121.0212710">
    <ele>537.8</ele>
   </trkpt>
   <trkpt lat="39.0016100" lon="-121.0213470">
    <ele>537.6</ele>
   </trkpt>
   <trkpt lat="39.0015410" lon="-121.0214160">
    <ele>537.4</ele>
   </trkpt>
   <trkpt lat="39.0014760" lon="-121.0214920">
    <ele>537.0</ele>
   </trkpt>
   <trkpt lat="39.0014080" lon="-121.0215610">
    <ele>536.8</ele>
   </trkpt>
   <trkpt lat="39.0013430" lon="-121.0216290">
    <ele>536.6</ele>
   </trkpt>
   <trkpt lat="39.0012780" lon="-121.0216900">
    <ele>536.4</ele>
   </trkpt>
   <trkpt lat="39.0012170" lon="-121.0217440">
    <ele>536.4</ele>
   </trkpt>
   <trkpt lat="39.0011560" lon="-121.0218050">
    <ele>536.6</ele>
   </trkpt>
   <trkpt lat="39.0010990" lon="-121.0218660">
    <ele>537.0</ele>
   </trkpt>
   <trkpt lat="39.0010450" lon="-121.0219190">
    <ele>536.8</ele>
   </trkpt>
   <trkpt lat="39.0009840" lon="-121.0219570">
    <ele>536.8</ele>
   </trkpt>
   <trkpt lat="39.0009230" lon="-121.0219950">
    <ele>536.6</ele>
   </trkpt>
   <trkpt lat="39.0008660" lon="-121.0220340">
    <ele>536.4</ele>
   </trkpt>
   <trkpt lat="39.0008050" lon="-121.0220720">
    <ele>536.4</ele>
   </trkpt>
   <trkpt lat="39.0007480" lon="-121.0221020">
    <ele>536.2</ele>
   </trkpt>
   <trkpt lat="39.0006870" lon="-121.0221330">
    <ele>536.0</ele>
   </trkpt>
   <trkpt lat="39.0006220" lon="-121.0221560">
    <ele>536.0</ele>
   </trkpt>
   <trkpt lat="39.0005570" lon="-121.0221790">
    <ele>536.0</ele>
   </trkpt>
   <trkpt lat="39.0004880" lon="-121.0221940">
    <ele>535.8</ele>
   </trkpt>
   <trkpt lat="39.0004160" lon="-121.0222090">
    <ele>535.6</ele>
   </trkpt>
   <trkpt lat="39.0003390" lon="-121.0222240">
    <ele>535.6</ele>
   </trkpt>
   <trkpt lat="39.0002630" lon="-121.0222400">
    <ele>535.6</ele>
   </trkpt>
   <trkpt lat="39.0001910" lon="-121.0222550">
    <ele>535.4</ele>
   </trkpt>
   <trkpt lat="39.0001110" lon="-121.0222780">
    <ele>535.4</ele>
   </trkpt>
   <trkpt lat="39.0000340" lon="-121.0222930">
    <ele>535.2</ele>
   </trkpt>
   <trkpt lat="38.9999500" lon="-121.0223080">
    <ele>534.8</ele>
   </trkpt>
   <trkpt lat="38.9998590" lon="-121.0223160">
    <ele>534.8</ele>
   </trkpt>
   <trkpt lat="38.9997750" lon="-121.0223240">
    <ele>534.8</ele>
   </trkpt>
   <trkpt lat="38.9996910" lon="-121.0223460">
    <ele>534.8</ele>
   </trkpt>
   <trkpt lat="38.9996070" lon="-121.0223690">
    <ele>534.8</ele>
   </trkpt>
   <trkpt lat="38.9995230" lon="-121.0223850">
    <ele>534.8</ele>
   </trkpt>
   <trkpt lat="38.9994470" lon="-121.0224080">
    <ele>534.6</ele>
   </trkpt>
   <trkpt lat="38.9993740" lon="-121.0224230">
    <ele>534.2</ele>
   </trkpt>
   <trkpt lat="38.9993020" lon="-121.0224300">
    <ele>534.0</ele>
   </trkpt>
   <trkpt lat="38.9992330" lon="-121.0224380">
    <ele>533.8</ele>
   </trkpt>
   <trkpt lat="38.9991680" lon="-121.0224460">
    <ele>533.4</ele>
   </trkpt>
   <trkpt lat="38.9991030" lon="-121.0224460">
    <ele>532.8</ele>
   </trkpt>
   <trkpt lat="38.9990310" lon="-121.0224530">
    <ele>532.4</ele>
   </trkpt>
   <trkpt lat="38.9989620" lon="-121.0224760">
    <ele>532.2</ele>
   </trkpt>
   <trkpt lat="38.9988940" lon="-121.0224990">
    <ele>532.0</ele>
   </trkpt>
   <trkpt lat="38.9988250" lon="-121.0225300">
    <ele>532.0</ele>
   </trkpt>
   <trkpt lat="38.9987560" lon="-121.0225600">
    <ele>532.0</ele>
   </trkpt>
   <trkpt lat="38.9986880" lon="-121.0225750">
    <ele>532.0</ele>
   </trkpt>
   <trkpt lat="38.9986190" lon="-121.0225910">
    <ele>531.8</ele>
   </trkpt>
   <trkpt lat="38.9985470" lon="-121.0226130">
    <ele>531.4</ele>
   </trkpt>
   <trkpt lat="38.9984740" lon="-121.0226290">
    <ele>531.2</ele>
   </trkpt>
   <trkpt lat="38.9983980" lon="-121.0226520">
    <ele>530.8</ele>
   </trkpt>
   <trkpt lat="38.9983220" lon="-121.0226740">
    <ele>530.8</ele>
   </trkpt>
   <trkpt lat="38.9982490" lon="-121.0226900">
    <ele>530.6</ele>
   </trkpt>
   <trkpt lat="38.9981730" lon="-121.0226970">
    <ele>530.4</ele>
   </trkpt>
   <trkpt lat="38.9981000" lon="-121.0226970">
    <ele>530.2</ele>
   </trkpt>
   <trkpt lat="38.9980320" lon="-121.0226970">
    <ele>529.8</ele>
   </trkpt>
   <trkpt lat="38.9979550" lon="-121.0226970">
    <ele>529.8</ele>
   </trkpt>
   <trkpt lat="38.9978870" lon="-121.0227050">
    <ele>529.6</ele>
   </trkpt>
   <trkpt lat="38.9978140" lon="-121.0227130">
    <ele>529.4</ele>
   </trkpt>
   <trkpt lat="38.9977420" lon="-121.0227200">
    <ele>529.4</ele>
   </trkpt>
   <trkpt lat="38.9976730" lon="-121.0227430">
    <ele>529.2</ele>
   </trkpt>
   <trkpt lat="38.9976040" lon="-121.0227580">
    <ele>529.2</ele>
   </trkpt>
   <trkpt lat="38.9975360" lon="-121.0227740">
    <ele>529.0</ele>
   </trkpt>
   <trkpt lat="38.9974710" lon="-121.0227970">
    <ele>528.8</ele>
   </trkpt>
   <trkpt lat="38.9974020" lon="-121.0228120">
    <ele>529.0</ele>
   </trkpt>
   <trkpt lat="38.9973370" lon="-121.0228270">
    <ele>529.0</ele>
   </trkpt>
   <trkpt lat="38.9972720" lon="-121.0228420">
    <ele>529.0</ele>
   </trkpt>
   <trkpt lat="38.9972080" lon="-121.0228500">
    <ele>529.0</ele>
   </trkpt>
   <trkpt lat="38.9971390" lon="-121.0228730">
    <ele>528.8</ele>
   </trkpt>
   <trkpt lat="38.9970740" lon="-121.0228880">
    <ele>528.4</ele>
   </trkpt>
   <trkpt lat="38.9970090" lon="-121.0229110">
    <ele>528.0</ele>
   </trkpt>
   <trkpt lat="38.9969440" lon="-121.0229260">
    <ele>527.4</ele>
   </trkpt>
   <trkpt lat="38.9968800" lon="-121.0229420">
    <ele>526.6</ele>
   </trkpt>
   <trkpt lat="38.9968190" lon="-121.0229640">
    <ele>526.4</ele>
   </trkpt>
   <trkpt lat="38.9967540" lon="-121.0229800">
    <ele>526.4</ele>
   </trkpt>
   <trkpt lat="38.9966960" lon="-121.0229870">
    <ele>526.4</ele>
   </trkpt>
   <trkpt lat="38.9966350" lon="-121.0230030">
    <ele>526.6</ele>
   </trkpt>
   <trkpt lat="38.9965780" lon="-121.0230180">
    <ele>526.4</ele>
   </trkpt>
   <trkpt lat="38.9965210" lon="-121.0230330">
    <ele>526.6</ele>
   </trkpt>
   <trkpt lat="38.9964640" lon="-121.0230480">
    <ele>526.6</ele>
   </trkpt>
   <trkpt lat="38.9964070" lon="-121.0230640">
    <ele>526.8</ele>
   </trkpt>
   <trkpt lat="38.9963490" lon="-121.0230790">
    <ele>526.8</ele>
   </trkpt>
   <trkpt lat="38.9962920" lon="-121.0230870">
    <ele>526.8</ele>
   </trkpt>
   <trkpt lat="38.9962350" lon="-121.0231020">
    <ele>526.8</ele>
   </trkpt>
   <trkpt lat="38.9961780" lon="-121.0231170">
    <ele>527.0</ele>
   </trkpt>
   <trkpt lat="38.9961240" lon="-121.0231320">
    <ele>527.2</ele>
   </trkpt>
   <trkpt lat="38.9960670" lon="-121.0231480">
    <ele>527.4</ele>
   </trkpt>
   <trkpt lat="38.9960140" lon="-121.0231630">
    <ele>527.6</ele>
   </trkpt>
   <trkpt lat="38.9959600" lon="-121.0231780">
    <ele>527.8</ele>
   </trkpt>
   <trkpt lat="38.9959030" lon="-121.0231930">
    <ele>528.0</ele>
   </trkpt>
   <trkpt lat="38.9958460" lon="-121.0232010">
    <ele>528.2</ele>
   </trkpt>
   <trkpt lat="38.9957920" lon="-121.0232160">
    <ele>528.4</ele>
   </trkpt>
   <trkpt lat="38.9957390" lon="-121.0232310">
    <ele>528.6</ele>
   </trkpt>
   <trkpt lat="38.9956820" lon="-121.0232470">
    <ele>528.6</ele>
   </trkpt>
   <trkpt lat="38.9956250" lon="-121.0232620">
    <ele>528.6</ele>
   </trkpt>
   <trkpt lat="38.9955670" lon="-121.0232770">
    <ele>528.6</ele>
   </trkpt>
   <trkpt lat="38.9955140" lon="-121.0232920">
    <ele>528.8</ele>
   </trkpt>
   <trkpt lat="38.9954640" lon="-121.0233080">
    <ele>529.0</ele>
   </trkpt>
   <trkpt lat="38.9954110" lon="-121.0233230">
    <ele>529.2</ele>
   </trkpt>
   <trkpt lat="38.9953540" lon="-121.0233310">
    <ele>529.2</ele>
   </trkpt>
   <trkpt lat="38.9953000" lon="-121.0233460">
    <ele>529.4</ele>
   </trkpt>
   <trkpt lat="38.9952510" lon="-121.0233610">
    <ele>529.4</ele>
   </trkpt>
   <trkpt lat="38.9951970" lon="-121.0233760">
    <ele>529.6</ele>
   </trkpt>
   <trkpt lat="38.9951440" lon="-121.0233920">
    <ele>529.6</ele>
   </trkpt>
   <trkpt lat="38.9950900" lon="-121.0234070">
    <ele>529.8</ele>
   </trkpt>
   <trkpt lat="38.9950370" lon="-121.0234300">
    <ele>530.0</ele>
   </trkpt>
   <trkpt lat="38.9949840" lon="-121.0234450">
    <ele>530.2</ele>
   </trkpt>
   <trkpt lat="38.9949300" lon="-121.0234600">
    <ele>530.2</ele>
   </trkpt>
   <trkpt lat="38.9948730" lon="-121.0234760">
    <ele>530.2</ele>
   </trkpt>
   <trkpt lat="38.9948200" lon="-121.0234830">
    <ele>530.4</ele>
   </trkpt>
   <trkpt lat="38.9947590" lon="-121.0234910">
    <ele>530.6</ele>
   </trkpt>
   <trkpt lat="38.9947010" lon="-121.0235060">
    <ele>530.8</ele>
   </trkpt>
   <trkpt lat="38.9946440" lon="-121.0235290">
    <ele>531.0</ele>
   </trkpt>
   <trkpt lat="38.9945870" lon="-121.0235520">
    <ele>531.0</ele>
   </trkpt>
   <trkpt lat="38.9945260" lon="-121.0235670">
    <ele>530.8</ele>
   </trkpt>
   <trkpt lat="38.9944720" lon="-121.0235820">
    <ele>530.8</ele>
   </trkpt>
   <trkpt lat="38.9944110" lon="-121.0235980">
    <ele>530.8</ele>
   </trkpt>
   <trkpt lat="38.9943540" lon="-121.0236130">
    <ele>530.8</ele>
   </trkpt>
   <trkpt lat="38.9942970" lon="-121.0236280">
    <ele>530.8</ele>
   </trkpt>
   <trkpt lat="38.9942360" lon="-121.0236360">
    <ele>531.0</ele>
   </trkpt>
   <trkpt lat="38.9941750" lon="-121.0236510">
    <ele>531.0</ele>
   </trkpt>
   <trkpt lat="38.9941140" lon="-121.0236660">
    <ele>531.2</ele>
   </trkpt>
   <trkpt lat="38.9940530" lon="-121.0236820">
    <ele>531.2</ele>
   </trkpt>
   <trkpt lat="38.9939920" lon="-121.0236970">
    <ele>531.2</ele>
   </trkpt>
   <trkpt lat="38.9939310" lon="-121.0237040">
    <ele>531.2</ele>
   </trkpt>
   <trkpt lat="38.9938700" lon="-121.0237200">
    <ele>531.2</ele>
   </trkpt>
   <trkpt lat="38.9938130" lon="-121.0237270">
    <ele>531.4</ele>
   </trkpt>
   <trkpt lat="38.9937590" lon="-121.0237430">
    <ele>531.4</ele>
   </trkpt>
   <trkpt lat="38.9937020" lon="-121.0237500">
    <ele>531.6</ele>
   </trkpt>
   <trkpt lat="38.9936450" lon="-121.0237660">
    <ele>531.8</ele>
   </trkpt>
   <trkpt lat="38.9935870" lon="-121.0237810">
    <ele>531.8</ele>
   </trkpt>
   <trkpt lat="38.9935340" lon="-121.0237880">
    <ele>531.8</ele>
   </trkpt>
   <trkpt lat="38.9934770" lon="-121.0237960">
    <ele>532.0</ele>
   </trkpt>
   <trkpt lat="38.9934230" lon="-121.0238040">
    <ele>532.2</ele>
   </trkpt>
   <trkpt lat="38.9933700" lon="-121.0238110">
    <ele>532.2</ele>
   </trkpt>
   <trkpt lat="38.9933170" lon="-121.0238190">
    <ele>532.4</ele>
   </trkpt>
   <trkpt lat="38.9932630" lon="-121.0238340">
    <ele>532.4</ele>
   </trkpt>
   <trkpt lat="38.9932100" lon="-121.0238490">
    <ele>532.6</ele>
   </trkpt>
   <trkpt lat="38.9931560" lon="-121.0238650">
    <ele>532.8</ele>
   </trkpt>
   <trkpt lat="38.9931070" lon="-121.0238720">
    <ele>532.8</ele>
   </trkpt>
   <trkpt lat="38.9930570" lon="-121.0238880">
    <ele>533.0</ele>
   </trkpt>
   <trkpt lat="38.9930040" lon="-121.0239030">
    <ele>533.0</ele>
   </trkpt>
   <trkpt lat="38.9929580" lon="-121.0239100">
    <ele>533.2</ele>
   </trkpt>
   <trkpt lat="38.9929080" lon="-121.0239260">
    <ele>533.4</ele>
   </trkpt>
   <trkpt lat="38.9928550" lon="-121.0239410">
    <ele>533.6</ele>
   </trkpt>
   <trkpt lat="38.9928090" lon="-121.0239490">
    <ele>533.6</ele>
   </trkpt>
   <trkpt lat="38.9927600" lon="-121.0239560">
    <ele>533.8</ele>
   </trkpt>
   <trkpt lat="38.9927100" lon="-121.0239710">
    <ele>534.0</ele>
   </trkpt>
   <trkpt lat="38.9926600" lon="-121.0239870">
    <ele>534.4</ele>
   </trkpt>
   <trkpt lat="38.9926110" lon="-121.0239940">
    <ele>534.6</ele>
   </trkpt>
   <trkpt lat="38.9925610" lon="-121.0240100">
    <ele>534.6</ele>
   </trkpt>
   <trkpt lat="38.9925120" lon="-121.0240250">
    <ele>534.8</ele>
   </trkpt>
   <trkpt lat="38.9924620" lon="-121.0240400">
    <ele>535.0</ele>
   </trkpt>
   <trkpt lat="38.9924090" lon="-121.0240630">
    <ele>535.2</ele>
   </trkpt>
   <trkpt lat="38.9923550" lon="-121.0240780">
    <ele>535.2</ele>
   </trkpt>
   <trkpt lat="38.9923020" lon="-121.0240940">
    <ele>535.4</ele>
   </trkpt>
   <trkpt lat="38.9922490" lon="-121.0241160">
    <ele>535.4</ele>
   </trkpt>
   <trkpt lat="38.9921950" lon="-121.0241320">
    <ele>535.6</ele>
   </trkpt>
   <trkpt lat="38.9921420" lon="-121.0241470">
    <ele>535.6</ele>
   </trkpt>
   <trkpt lat="38.9920880" lon="-121.0241620">
    <ele>535.8</ele>
   </trkpt>
   <trkpt lat="38.9920310" lon="-121.0241780">
    <ele>535.8</ele>
   </trkpt>
   <trkpt lat="38.9919780" lon="-121.0241930">
    <ele>535.8</ele>
   </trkpt>
   <trkpt lat="38.9919200" lon="-121.0242000">
    <ele>535.8</ele>
   </trkpt>
   <trkpt lat="38.9918670" lon="-121.0242080">
    <ele>536.0</ele>
   </trkpt>
   <trkpt lat="38.9918100" lon="-121.0242160">
    <ele>536.0</ele>
   </trkpt>
   <trkpt lat="38.9917530" lon="-121.0242230">
    <ele>536.0</ele>
   </trkpt>
   <trkpt lat="38.9916950" lon="-121.0242230">
    <ele>536.2</ele>
   </trkpt>
   <trkpt lat="38.9916340" lon="-121.0242230">
    <ele>536.2</ele>
   </trkpt>
   <trkpt lat="38.9915730" lon="-121.0242230">
    <ele>536.2</ele>
   </trkpt>
   <trkpt lat="38.9915160" lon="-121.0242230">
    <ele>536.2</ele>
   </trkpt>
   <trkpt lat="38.9914550" lon="-121.0242230">
    <ele>536.2</ele>
   </trkpt>
   <trkpt lat="38.9913940" lon="-121.0242160">
    <ele>536.2</ele>
   </trkpt>
   <trkpt lat="38.9913330" lon="-121.0242080">
    <ele>536.2</ele>
   </trkpt>
   <trkpt lat="38.9912760" lon="-121.0242000">
    <ele>536.4</ele>
   </trkpt>
   <trkpt lat="38.9912150" lon="-121.0241930">
    <ele>536.4</ele>
   </trkpt>
   <trkpt lat="38.9911540" lon="-121.0241850">
    <ele>536.4</ele>
   </trkpt>
   <trkpt lat="38.9910930" lon="-121.0241780">
    <ele>536.6</ele>
   </trkpt>
   <trkpt lat="38.9910350" lon="-121.0241700">
    <ele>536.6</ele>
   </trkpt>
   <trkpt lat="38.9909780" lon="-121.0241550">
    <ele>536.8</ele>
   </trkpt>
   <trkpt lat="38.9909250" lon="-121.0241390">
    <ele>537.0</ele>
   </trkpt>
   <trkpt lat="38.9908680" lon="-121.0241240">
    <ele>537.2</ele>
   </trkpt>
   <trkpt lat="38.9908180" lon="-121.0241090">
    <ele>537.2</ele>
   </trkpt>
   <trkpt lat="38.9907650" lon="-121.0241010">
    <ele>537.6</ele>
   </trkpt>
   <trkpt lat="38.9907110" lon="-121.0240860">
    <ele>537.8</ele>
   </trkpt>
   <trkpt lat="38.9906650" lon="-121.0240710">
    <ele>538.0</ele>
   </trkpt>
   <trkpt lat="38.9906160" lon="-121.0240550">
    <ele>538.2</ele>
   </trkpt>
   <trkpt lat="38.9905740" lon="-121.0240480">
    <ele>538.4</ele>
   </trkpt>
   <trkpt lat="38.9905280" lon="-121.0240330">
    <ele>538.6</ele>
   </trkpt>
   <trkpt lat="38.9904820" lon="-121.0240170">
    <ele>538.8</ele>
   </trkpt>
   <trkpt lat="38.9904400" lon="-121.0240020">
    <ele>539.0</ele>
   </trkpt>
   <trkpt lat="38.9903980" lon="-121.0239870">
    <ele>539.2</ele>
   </trkpt>
   <trkpt lat="38.9903600" lon="-121.0239710">
    <ele>539.4</ele>
   </trkpt>
   <trkpt lat="38.9903220" lon="-121.0239560">
    <ele>539.8</ele>
   </trkpt>
   <trkpt lat="38.9902840" lon="-121.0239490">
    <ele>540.0</ele>
   </trkpt>
   <trkpt lat="38.9902420" lon="-121.0239330">
    <ele>540.2</ele>
   </trkpt>
   <trkpt lat="38.9902080" lon="-121.0239180">
    <ele>540.6</ele>
   </trkpt>
   <trkpt lat="38.9901690" lon="-121.0239100">
    <ele>540.8</ele>
   </trkpt>
   <trkpt lat="38.9901280" lon="-121.0238950">
    <ele>541.0</ele>
   </trkpt>
   <trkpt lat="38.9900930" lon="-121.0238800">
    <ele>541.2</ele>
   </trkpt>
   <trkpt lat="38.9900550" lon="-121.0238650">
    <ele>541.4</ele>
   </trkpt>
   <trkpt lat="38.9900130" lon="-121.0238420">
    <ele>541.6</ele>
   </trkpt>
   <trkpt lat="38.9899750" lon="-121.0238270">
    <ele>542.0</ele>
   </trkpt>
   <trkpt lat="38.9899410" lon="-121.0238110">
    <ele>542.2</ele>
   </trkpt>
   <trkpt lat="38.9898990" lon="-121.0237960">
    <ele>542.4</ele>
   </trkpt>
   <trkpt lat="38.9898610" lon="-121.0237730">
    <ele>542.6</ele>
   </trkpt>
   <trkpt lat="38.9898260" lon="-121.0237580">
    <ele>542.8</ele>
   </trkpt>
   <trkpt lat="38.9897840" lon="-121.0237350">
    <ele>543.2</ele>
   </trkpt>
   <trkpt lat="38.9897460" lon="-121.0237200">
    <ele>543.4</ele>
   </trkpt>
   <trkpt lat="38.9897120" lon="-121.0236970">
    <ele>543.6</ele>
   </trkpt>
   <trkpt lat="38.9896740" lon="-121.0236820">
    <ele>543.8</ele>
   </trkpt>
   <trkpt lat="38.9896320" lon="-121.0236590">
    <ele>544.0</ele>
   </trkpt>
   <trkpt lat="38.9895900" lon="-121.0236430">
    <ele>544.2</ele>
   </trkpt>
   <trkpt lat="38.9895480" lon="-121.0236280">
    <ele>544.4</ele>
   </trkpt>
   <trkpt lat="38.9895060" lon="-121.0236050">
    <ele>544.6</ele>
   </trkpt>
   <trkpt lat="38.9894640" lon="-121.0235900">
    <ele>544.8</ele>
   </trkpt>
   <trkpt lat="38.9894260" lon="-121.0235670">
    <ele>545.0</ele>
   </trkpt>
   <trkpt lat="38.9893840" lon="-121.0235520">
    <ele>545.2</ele>
   </trkpt>
   <trkpt lat="38.9893420" lon="-121.0235370">
    <ele>545.4</ele>
   </trkpt>
   <trkpt lat="38.9893040" lon="-121.0235140">
    <ele>545.6</ele>
   </trkpt>
   <trkpt lat="38.9892650" lon="-121.0234980">
    <ele>545.8</ele>
   </trkpt>
   <trkpt lat="38.9892230" lon="-121.0234760">
    <ele>546.0</ele>
   </trkpt>
   <trkpt lat="38.9891810" lon="-121.0234600">
    <ele>546.2</ele>
   </trkpt>
   <trkpt lat="38.9891360" lon="-121.0234370">
    <ele>546.4</ele>
   </trkpt>
   <trkpt lat="38.9890940" lon="-121.0234150">
    <ele>546.4</ele>
   </trkpt>
   <trkpt lat="38.9890520" lon="-121.0233990">
    <ele>546.6</ele>
   </trkpt>
   <trkpt lat="38.9890100" lon="-121.0233760">
    <ele>546.8</ele>
   </trkpt>
   <trkpt lat="38.9889680" lon="-121.0233460">
    <ele>547.0</ele>
   </trkpt>
   <trkpt lat="38.9889260" lon="-121.0233310">
    <ele>547.0</ele>
   </trkpt>
   <trkpt lat="38.9888840" lon="-121.0233080">
    <ele>547.2</ele>
   </trkpt>
   <trkpt lat="38.9888420" lon="-121.0232920">
    <ele>547.4</ele>
   </trkpt>
   <trkpt lat="38.9887960" lon="-121.0232700">
    <ele>547.4</ele>
   </trkpt>
   <trkpt lat="38.9887500" lon="-121.0232470">
    <ele>547.6</ele>
   </trkpt>
   <trkpt lat="38.9887090" lon="-121.0232310">
    <ele>547.8</ele>
   </trkpt>
   <trkpt lat="38.9886630" lon="-121.0232090">
    <ele>548.0</ele>
   </trkpt>
   <trkpt lat="38.9886170" lon="-121.0231860">
    <ele>548.0</ele>
   </trkpt>
   <trkpt lat="38.9885750" lon="-121.0231700">
    <ele>548.2</ele>
   </trkpt>
   <trkpt lat="38.9885250" lon="-121.0231480">
    <ele>548.4</ele>
   </trkpt>
   <trkpt lat="38.9884800" lon="-121.0231250">
    <ele>548.6</ele>
   </trkpt>
   <trkpt lat="38.9884340" lon="-121.0231090">
    <ele>548.8</ele>
   </trkpt>
   <trkpt lat="38.9883840" lon="-121.0230870">
    <ele>549.0</ele>
   </trkpt>
   <trkpt lat="38.9883380" lon="-121.0230710">
    <ele>549.2</ele>
   </trkpt>
   <trkpt lat="38.9882960" lon="-121.0230480">
    <ele>549.4</ele>
   </trkpt>
   <trkpt lat="38.9882580" lon="-121.0230330">
    <ele>549.6</ele>
   </trkpt>
   <trkpt lat="38.9882160" lon="-121.0230180">
    <ele>549.8</ele>
   </trkpt>
   <trkpt lat="38.9881740" lon="-121.0229950">
    <ele>550.0</ele>
   </trkpt>
   <trkpt lat="38.9881360" lon="-121.0229800">
    <ele>550.2</ele>
   </trkpt>
   <trkpt lat="38.9880940" lon="-121.0229640">
    <ele>550.4</ele>
   </trkpt>
   <trkpt lat="38.9880560" lon="-121.0229420">
    <ele>550.6</ele>
   </trkpt>
   <trkpt lat="38.9880180" lon="-121.0229260">
    <ele>550.8</ele>
   </trkpt>
   <trkpt lat="38.9879800" lon="-121.0229030">
    <ele>551.0</ele>
   </trkpt>
   <trkpt lat="38.9879380" lon="-121.0228800">
    <ele>551.2</ele>
   </trkpt>
   <trkpt lat="38.9878960" lon="-121.0228650">
    <ele>551.4</ele>
   </trkpt>
   <trkpt lat="38.9878580" lon="-121.0228500">
    <ele>551.8</ele>
   </trkpt>
   <trkpt lat="38.9878200" lon="-121.0228350">
    <ele>552.0</ele>
   </trkpt>
   <trkpt lat="38.9877810" lon="-121.0228190">
    <ele>552.2</ele>
   </trkpt>
   <trkpt lat="38.9877430" lon="-121.0228040">
    <ele>552.4</ele>
   </trkpt>
   <trkpt lat="38.9877050" lon="-121.0227890">
    <ele>552.6</ele>
   </trkpt>
   <trkpt lat="38.9876630" lon="-121.0227740">
    <ele>552.8</ele>
   </trkpt>
   <trkpt lat="38.9876290" lon="-121.0227580">
    <ele>553.2</ele>
   </trkpt>
   <trkpt lat="38.9875910" lon="-121.0227430">
    <ele>553.4</ele>
   </trkpt>
   <trkpt lat="38.9875530" lon="-121.0227280">
    <ele>553.6</ele>
   </trkpt>
   <trkpt lat="38.9875150" lon="-121.0227200">
    <ele>553.8</ele>
   </trkpt>
   <trkpt lat="38.9874800" lon="-121.0227050">
    <ele>554.0</ele>
   </trkpt>
   <trkpt lat="38.9874380" lon="-121.0226900">
    <ele>554.2</ele>
   </trkpt>
   <trkpt lat="38.9874040" lon="-121.0226820">
    <ele>554.4</ele>
   </trkpt>
   <trkpt lat="38.9873660" lon="-121.0226670">
    <ele>554.8</ele>
   </trkpt>
   <trkpt lat="38.9873310" lon="-121.0226590">
    <ele>555.0</ele>
   </trkpt>
   <trkpt lat="38.9872970" lon="-121.0226520">
    <ele>555.2</ele>
   </trkpt>
   <trkpt lat="38.9872550" lon="-121.0226360">
    <ele>555.4</ele>
   </trkpt>
   <trkpt lat="38.9872170" lon="-121.0226290">
    <ele>555.6</ele>
   </trkpt>
   <trkpt lat="38.9871790" lon="-121.0226210">
    <ele>555.8</ele>
   </trkpt>
   <trkpt lat="38.9871370" lon="-121.0226060">
    <ele>556.0</ele>
   </trkpt>
   <trkpt lat="38.9870990" lon="-121.0226060">
    <ele>556.2</ele>
   </trkpt>
   <trkpt lat="38.9870570" lon="-121.0225980">
    <ele>556.4</ele>
   </trkpt>
   <trkpt lat="38.9870150" lon="-121.0225910">
    <ele>556.6</ele>
   </trkpt>
   <trkpt lat="38.9869730" lon="-121.0225910">
    <ele>556.8</ele>
   </trkpt>
   <trkpt lat="38.9869310" lon="-121.0225830">
    <ele>557.0</ele>
   </trkpt>
   <trkpt lat="38.9868850" lon="-121.0225750">
    <ele>557.2</ele>
   </trkpt>
   <trkpt lat="38.9868470" lon="-121.0225750">
    <ele>557.4</ele>
   </trkpt>
   <trkpt lat="38.9868050" lon="-121.0225750">
    <ele>557.4</ele>
   </trkpt>
   <trkpt lat="38.9867630" lon="-121.0225680">
    <ele>557.6</ele>
   </trkpt>
   <trkpt lat="38.9867210" lon="-121.0225680">
    <ele>557.8</ele>
   </trkpt>
   <trkpt lat="38.9866750" lon="-121.0225680">
    <ele>558.0</ele>
   </trkpt>
   <trkpt lat="38.9866330" lon="-121.0225680">
    <ele>558.0</ele>
   </trkpt>
   <trkpt lat="38.9865910" lon="-121.0225750">
    <ele>558.2</ele>
   </trkpt>
   <trkpt lat="38.9865460" lon="-121.0225750">
    <ele>558.2</ele>
   </trkpt>
   <trkpt lat="38.9865040" lon="-121.0225750">
    <ele>558.4</ele>
   </trkpt>
   <trkpt lat="38.9864580" lon="-121.0225830">
    <ele>558.6</ele>
   </trkpt>
   <trkpt lat="38.9864120" lon="-121.0225830">
    <ele>558.6</ele>
   </trkpt>
   <trkpt lat="38.9863700" lon="-121.0225830">
    <ele>558.8</ele>
   </trkpt>
   <trkpt lat="38.9863240" lon="-121.0225910">
    <ele>558.8</ele>
   </trkpt>
   <trkpt lat="38.9862790" lon="-121.0225980">
    <ele>558.8</ele>
   </trkpt>
   <trkpt lat="38.9862330" lon="-121.0226060">
    <ele>559.0</ele>
   </trkpt>
   <trkpt lat="38.9861870" lon="-121.0226130">
    <ele>559.0</ele>
   </trkpt>
   <trkpt lat="38.9861370" lon="-121.0226210">
    <ele>559.0</ele>
   </trkpt>
   <trkpt lat="38.9860880" lon="-121.0226290">
    <ele>559.0</ele>
   </trkpt>
   <trkpt lat="38.9860420" lon="-121.0226360">
    <ele>559.2</ele>
   </trkpt>
   <trkpt lat="38.9859960" lon="-121.0226440">
    <ele>559.4</ele>
   </trkpt>
   <trkpt lat="38.9859470" lon="-121.0226520">
    <ele>559.6</ele>
   </trkpt>
   <trkpt lat="38.9858970" lon="-121.0226670">
    <ele>559.6</ele>
   </trkpt>
   <trkpt lat="38.9858440" lon="-121.0226900">
    <ele>559.8</ele>
   </trkpt>
   <trkpt lat="38.9857900" lon="-121.0227050">
    <ele>560.0</ele>
   </trkpt>
   <trkpt lat="38.9857410" lon="-121.0227200">
    <ele>560.0</ele>
   </trkpt>
   <trkpt lat="38.9856870" lon="-121.0227360">
    <ele>560.2</ele>
   </trkpt>
   <trkpt lat="38.9856340" lon="-121.0227660">
    <ele>560.4</ele>
   </trkpt>
   <trkpt lat="38.9855840" lon="-121.0227890">
    <ele>560.4</ele>
   </trkpt>
   <trkpt lat="38.9855350" lon="-121.0228120">
    <ele>560.6</ele>
   </trkpt>
   <trkpt lat="38.9854890" lon="-121.0228420">
    <ele>560.8</ele>
   </trkpt>
   <trkpt lat="38.9854390" lon="-121.0228650">
    <ele>561.0</ele>
   </trkpt>
   <trkpt lat="38.9853860" lon="-121.0228960">
    <ele>561.0</ele>
   </trkpt>
   <trkpt lat="38.9853360" lon="-121.0229190">
    <ele>561.2</ele>
   </trkpt>
   <trkpt lat="38.9852830" lon="-121.0229490">
    <ele>561.4</ele>
   </trkpt>
   <trkpt lat="38.9852370" lon="-121.0229800">
    <ele>561.4</ele>
   </trkpt>
   <trkpt lat="38.9851840" lon="-121.0230180">
    <ele>561.4</ele>
   </trkpt>
   <trkpt lat="38.9851340" lon="-121.0230480">
    <ele>561.4</ele>
   </trkpt>
   <trkpt lat="38.9850880" lon="-121.0230790">
    <ele>561.6</ele>
   </trkpt>
   <trkpt lat="38.9850430" lon="-121.0231170">
    <ele>561.8</ele>
   </trkpt>
   <trkpt lat="38.9849970" lon="-121.0231480">
    <ele>561.8</ele>
   </trkpt>
   <trkpt lat="38.9849550" lon="-121.0231780">
    <ele>562.0</ele>
   </trkpt>
   <trkpt lat="38.9849130" lon="-121.0232160">
    <ele>562.2</ele>
   </trkpt>
   <trkpt lat="38.9848710" lon="-121.0232470">
    <ele>562.4</ele>
   </trkpt>
   <trkpt lat="38.9848290" lon="-121.0232770">
    <ele>562.6</ele>
   </trkpt>
   <trkpt lat="38.9847830" lon="-121.0233080">
    <ele>562.8</ele>
   </trkpt>
   <trkpt lat="38.9847450" lon="-121.0233460">
    <ele>563.2</ele>
   </trkpt>
   <trkpt lat="38.9847070" lon="-121.0233920">
    <ele>563.4</ele>
   </trkpt>
   <trkpt lat="38.9846730" lon="-121.0234220">
    <ele>563.6</ele>
   </trkpt>
   <trkpt lat="38.9846380" lon="-121.0234600">
    <ele>564.0</ele>
   </trkpt>
   <trkpt lat="38.9846000" lon="-121.0234980">
    <ele>564.2</ele>
   </trkpt>
   <trkpt lat="38.9845620" lon="-121.0235370">
    <ele>564.4</ele>
   </trkpt>
   <trkpt lat="38.9845280" lon="-121.0235670">
    <ele>564.6</ele>
   </trkpt>
   <trkpt lat="38.9844930" lon="-121.0236050">
    <ele>565.0</ele>
   </trkpt>
   <trkpt lat="38.9844550" lon="-121.0236510">
    <ele>565.2</ele>
   </trkpt>
   <trkpt lat="38.9844210" lon="-121.0236820">
    <ele>565.4</ele>
   </trkpt>
   <trkpt lat="38.9843860" lon="-121.0237200">
    <ele>565.8</ele>
   </trkpt>
   <trkpt lat="38.9843480" lon="-121.0237580">
    <ele>565.8</ele>
   </trkpt>
   <trkpt lat="38.9843140" lon="-121.0237880">
    <ele>566.0</ele>
   </trkpt>
   <trkpt lat="38.9842800" lon="-121.0238270">
    <ele>566.0</ele>
   </trkpt>
   <trkpt lat="38.9842450" lon="-121.0238650">
    <ele>566.2</ele>
   </trkpt>
   <trkpt lat="38.9842110" lon="-121.0238950">
    <ele>566.4</ele>
   </trkpt>
   <trkpt lat="38.9841730" lon="-121.0239260">
    <ele>566.4</ele>
   </trkpt>
   <trkpt lat="38.9841380" lon="-121.0239640">
    <ele>566.6</ele>
   </trkpt>
   <trkpt lat="38.9841080" lon="-121.0239940">
    <ele>566.6</ele>
   </trkpt>
   <trkpt lat="38.9840770" lon="-121.0240330">
    <ele>566.6</ele>
   </trkpt>
   <trkpt lat="38.9840430" lon="-121.0240710">
    <ele>566.8</ele>
   </trkpt>
   <trkpt lat="38.9840090" lon="-121.0241010">
    <ele>567.0</ele>
   </trkpt>
   <trkpt lat="38.9839740" lon="-121.0241390">
    <ele>567.2</ele>
   </trkpt>
   <trkpt lat="38.9839400" lon="-121.0241620">
    <ele>567.4</ele>
   </trkpt>
   <trkpt lat="38.9839020" lon="-121.0241930">
    <ele>567.4</ele>
   </trkpt>
   <trkpt lat="38.9838680" lon="-121.0242230">
    <ele>567.6</ele>
   </trkpt>
   <trkpt lat="38.9838330" lon="-121.0242460">
    <ele>567.8</ele>
   </trkpt>
   <trkpt lat="38.9837990" lon="-121.0242840">
    <ele>568.0</ele>
   </trkpt>
   <trkpt lat="38.9837650" lon="-121.0243150">
    <ele>568.0</ele>
   </trkpt>
   <trkpt lat="38.9837300" lon="-121.0243450">
    <ele>568.2</ele>
   </trkpt>
   <trkpt lat="38.9836960" lon="-121.0243760">
    <ele>568.4</ele>
   </trkpt>
   <trkpt lat="38.9836650" lon="-121.0244060">
    <ele>568.6</ele>
   </trkpt>
   <trkpt lat="38.9836310" lon="-121.0244450">
    <ele>568.8</ele>
   </trkpt>
   <trkpt lat="38.9835970" lon="-121.0244750">
    <ele>569.0</ele>
   </trkpt>
   <trkpt lat="38.9835660" lon="-121.0245060">
    <ele>569.2</ele>
   </trkpt>
   <trkpt lat="38.9835320" lon="-121.0245360">
    <ele>569.4</ele>
   </trkpt>
   <trkpt lat="38.9835010" lon="-121.0245590">
    <ele>569.6</ele>
   </trkpt>
   <trkpt lat="38.9834670" lon="-121.0245820">
    <ele>569.8</ele>
   </trkpt>
   <trkpt lat="38.9834290" lon="-121.0246050">
    <ele>570.2</ele>
   </trkpt>
   <trkpt lat="38.9833950" lon="-121.0246350">
    <ele>570.4</ele>
   </trkpt>
   <trkpt lat="38.9833640" lon="-121.0246660">
    <ele>570.6</ele>
   </trkpt>
   <trkpt lat="38.9833340" lon="-121.0247040">
    <ele>570.6</ele>
   </trkpt>
   <trkpt lat="38.9833030" lon="-121.0247340">
    <ele>570.8</ele>
   </trkpt>
   <trkpt lat="38.9832730" lon="-121.0247570">
    <ele>571.0</ele>
   </trkpt>
   <trkpt lat="38.9832380" lon="-121.0247880">
    <ele>571.4</ele>
   </trkpt>
   <trkpt lat="38.9832040" lon="-121.0248260">
    <ele>571.6</ele>
   </trkpt>
   <trkpt lat="38.9831730" lon="-121.0248570">
    <ele>571.8</ele>
   </trkpt>
   <trkpt lat="38.9831390" lon="-121.0248870">
    <ele>572.2</ele>
   </trkpt>
   <trkpt lat="38.9831050" lon="-121.0249100">
    <ele>572.4</ele>
   </trkpt>
   <trkpt lat="38.9830700" lon="-121.0249400">
    <ele>572.6</ele>
   </trkpt>
   <trkpt lat="38.9830360" lon="-121.0249630">
    <ele>572.8</ele>
   </trkpt>
   <trkpt lat="38.9829980" lon="-121.0249860">
    <ele>573.0</ele>
   </trkpt>
   <trkpt lat="38.9829670" lon="-121.0250090">
    <ele>573.4</ele>
   </trkpt>
   <trkpt lat="38.9829370" lon="-121.0250240">
    <ele>573.6</ele>
   </trkpt>
   <trkpt lat="38.9829030" lon="-121.0250400">
    <ele>573.8</ele>
   </trkpt>
   <trkpt lat="38.9828680" lon="-121.0250550">
    <ele>574.0</ele>
   </trkpt>
   <trkpt lat="38.9828340" lon="-121.0250780">
    <ele>574.4</ele>
   </trkpt>
   <trkpt lat="38.9828000" lon="-121.0250930">
    <ele>574.6</ele>
   </trkpt>
   <trkpt lat="38.9827610" lon="-121.0251080">
    <ele>574.6</ele>
   </trkpt>
   <trkpt lat="38.9827230" lon="-121.0251240">
    <ele>574.8</ele>
   </trkpt>
   <trkpt lat="38.9826810" lon="-121.0251460">
    <ele>574.8</ele>
   </trkpt>
   <trkpt lat="38.9826390" lon="-121.0251620">
    <ele>575.0</ele>
   </trkpt>
   <trkpt lat="38.9825970" lon="-121.0251770">
    <ele>575.2</ele>
   </trkpt>
   <trkpt lat="38.9825550" lon="-121.0251920">
    <ele>575.4</ele>
   </trkpt>
   <trkpt lat="38.9825100" lon="-121.0252070">
    <ele>575.6</ele>
   </trkpt>
   <trkpt lat="38.9824640" lon="-121.0252230">
    <ele>575.8</ele>
   </trkpt>
   <trkpt lat="38.9824180" lon="-121.0252300">
    <ele>576.0</ele>
   </trkpt>
   <trkpt lat="38.9823760" lon="-121.0252380">
    <ele>576.2</ele>
   </trkpt>
   <trkpt lat="38.9823270" lon="-121.0252530">
    <ele>576.2</ele>
   </trkpt>
   <trkpt lat="38.9822850" lon="-121.0252610">
    <ele>576.4</ele>
   </trkpt>
   <trkpt lat="38.9822350" lon="-121.0252760">
    <ele>576.6</ele>
   </trkpt>
   <trkpt lat="38.9821850" lon="-121.0252840">
    <ele>576.6</ele>
   </trkpt>
   <trkpt lat="38.9821360" lon="-121.0252910">
    <ele>576.8</ele>
   </trkpt>
   <trkpt lat="38.9820860" lon="-121.0252990">
    <ele>577.0</ele>
   </trkpt>
   <trkpt lat="38.9820370" lon="-121.0253070">
    <ele>577.2</ele>
   </trkpt>
   <trkpt lat="38.9819870" lon="-121.0252990">
    <ele>577.4</ele>
   </trkpt>
   <trkpt lat="38.9819340" lon="-121.0252990">
    <ele>577.4</ele>
   </trkpt>
   <trkpt lat="38.9818800" lon="-121.0252910">
    <ele>577.6</ele>
   </trkpt>
   <trkpt lat="38.9818270" lon="-121.0252910">
    <ele>577.6</ele>
   </trkpt>
   <trkpt lat="38.9817730" lon="-121.0252840">
    <ele>577.8</ele>
   </trkpt>
   <trkpt lat="38.9817200" lon="-121.0252910">
    <ele>577.8</ele>
   </trkpt>
   <trkpt lat="38.9816700" lon="-121.0253300">
    <ele>577.8</ele>
   </trkpt>
   <trkpt lat="38.9816400" lon="-121.0253830">
    <ele>577.8</ele>
   </trkpt>
   <trkpt lat="38.9816280" lon="-121.0254360">
    <ele>577.8</ele>
   </trkpt>
   <trkpt lat="38.9816280" lon="-121.0255050">
    <ele>577.8</ele>
   </trkpt>
   <trkpt lat="38.9816320" lon="-121.0255810">
    <ele>577.8</ele>
   </trkpt>
   <trkpt lat="38.9816360" lon="-121.0256500">
    <ele>578.0</ele>
   </trkpt>
   <trkpt lat="38.9816440" lon="-121.0257260">
    <ele>578.0</ele>
   </trkpt>
   <trkpt lat="38.9816550" lon="-121.0258030">
    <ele>578.2</ele>
   </trkpt>
   <trkpt lat="38.9816670" lon="-121.0258790">
    <ele>578.2</ele>
   </trkpt>
   <trkpt lat="38.9816860" lon="-121.0259550">
    <ele>578.4</ele>
   </trkpt>
   <trkpt lat="38.9817050" lon="-121.0260240">
    <ele>578.4</ele>
   </trkpt>
   <trkpt lat="38.9817200" lon="-121.0260920">
    <ele>578.4</ele>
   </trkpt>
   <trkpt lat="38.9817470" lon="-121.0261690">
    <ele>578.4</ele>
   </trkpt>
   <trkpt lat="38.9817700" lon="-121.0262370">
    <ele>578.4</ele>
   </trkpt>
   <trkpt lat="38.9818000" lon="-121.0262980">
    <ele>578.4</ele>
   </trkpt>
   <trkpt lat="38.9818310" lon="-121.0263670">
    <ele>578.6</ele>
   </trkpt>
   <trkpt lat="38.9818610" lon="-121.0264210">
    <ele>578.6</ele>
   </trkpt>
   <trkpt lat="38.9818920" lon="-121.0264820">
    <ele>578.8</ele>
   </trkpt>
   <trkpt lat="38.9819220" lon="-121.0265350">
    <ele>578.8</ele>
   </trkpt>
   <trkpt lat="38.9819560" lon="-121.0265730">
    <ele>579.2</ele>
   </trkpt>
   <trkpt lat="38.9819950" lon="-121.0266190">
    <ele>579.4</ele>
   </trkpt>
   <trkpt lat="38.9820290" lon="-121.0266570">
    <ele>579.6</ele>
   </trkpt>
   <trkpt lat="38.9820670" lon="-121.0266880">
    <ele>580.0</ele>
   </trkpt>
   <trkpt lat="38.9821010" lon="-121.0267180">
    <ele>580.2</ele>
   </trkpt>
   <trkpt lat="38.9821360" lon="-121.0267490">
    <ele>580.6</ele>
   </trkpt>
   <trkpt lat="38.9821660" lon="-121.0267710">
    <ele>581.0</ele>
   </trkpt>
   <trkpt lat="38.9821970" lon="-121.0268020">
    <ele>581.2</ele>
   </trkpt>
   <trkpt lat="38.9822310" lon="-121.0268330">
    <ele>581.6</ele>
   </trkpt>
   <trkpt lat="38.9822580" lon="-121.0268550">
    <ele>582.0</ele>
   </trkpt>
   <trkpt lat="38.9822850" lon="-121.0268860">
    <ele>582.4</ele>
   </trkpt>
   <trkpt lat="38.9823190" lon="-121.0269090">
    <ele>582.6</ele>
   </trkpt>
   <trkpt lat="38.9823490" lon="-121.0269390">
    <ele>583.0</ele>
   </trkpt>
   <trkpt lat="38.9823800" lon="-121.0269620">
    <ele>583.4</ele>
   </trkpt>
   <trkpt lat="38.9824100" lon="-121.0269850">
    <ele>583.6</ele>
   </trkpt>
   <trkpt lat="38.9824370" lon="-121.0270080">
    <ele>584.0</ele>
   </trkpt>
   <trkpt lat="38.9824560" lon="-121.0270390">
    <ele>584.4</ele>
   </trkpt>
   <trkpt lat="38.9824710" lon="-121.0270770">
    <ele>584.6</ele>
   </trkpt>
   <trkpt lat="38.9824830" lon="-121.0271150">
    <ele>585.0</ele>
   </trkpt>
   <trkpt lat="38.9824910" lon="-121.0271530">
    <ele>585.2</ele>
   </trkpt>
   <trkpt lat="38.9824940" lon="-121.0271990">
    <ele>585.2</ele>
   </trkpt>
   <trkpt lat="38.9825020" lon="-121.0272220">
    <ele>585.6</ele>
   </trkpt>
   <trkpt lat="38.9825210" lon="-121.0272370">
    <ele>585.8</ele>
   </trkpt>
   <trkpt lat="38.9825360" lon="-121.0272520">
    <ele>586.2</ele>
   </trkpt>
   <trkpt lat="38.9825550" lon="-121.0272670">
    <ele>586.6</ele>
   </trkpt>
   <trkpt lat="38.9825710" lon="-121.0272830">
    <ele>587.2</ele>
   </trkpt>
   <trkpt lat="38.9825860" lon="-121.0273060">
    <ele>587.6</ele>
   </trkpt>
   <trkpt lat="38.9826050" lon="-121.0273210">
    <ele>587.8</ele>
   </trkpt>
   <trkpt lat="38.9826200" lon="-121.0273440">
    <ele>588.2</ele>
   </trkpt>
   <trkpt lat="38.9826390" lon="-121.0273590">
    <ele>588.4</ele>
   </trkpt>
   <trkpt lat="38.9826580" lon="-121.0273820">
    <ele>588.8</ele>
   </trkpt>
   <trkpt lat="38.9826770" lon="-121.0274050">
    <ele>589.2</ele>
   </trkpt>
   <trkpt lat="38.9826930" lon="-121.0274280">
    <ele>589.6</ele>
   </trkpt>
   <trkpt lat="38.9827120" lon="-121.0274430">
    <ele>590.0</ele>
   </trkpt>
   <trkpt lat="38.9827310" lon="-121.0274660">
    <ele>590.4</ele>
   </trkpt>
   <trkpt lat="38.9827460" lon="-121.0274890">
    <ele>590.8</ele>
   </trkpt>
   <trkpt lat="38.9827610" lon="-121.0275120">
    <ele>591.0</ele>
   </trkpt>
   <trkpt lat="38.9827730" lon="-121.0275340">
    <ele>591.4</ele>
   </trkpt>
   <trkpt lat="38.9827880" lon="-121.0275570">
    <ele>591.8</ele>
   </trkpt>
   <trkpt lat="38.9828000" lon="-121.0275800">
    <ele>592.0</ele>
   </trkpt>
   <trkpt lat="38.9828150" lon="-121.0276030">
    <ele>592.4</ele>
   </trkpt>
   <trkpt lat="38.9828300" lon="-121.0276180">
    <ele>592.6</ele>
   </trkpt>
   <trkpt lat="38.9828450" lon="-121.0276410">
    <ele>593.0</ele>
   </trkpt>
   <trkpt lat="38.9828610" lon="-121.0276640">
    <ele>593.2</ele>
   </trkpt>
   <trkpt lat="38.9828760" lon="-121.0276870">
    <ele>593.6</ele>
   </trkpt>
   <trkpt lat="38.9828910" lon="-121.0277100">
    <ele>593.8</ele>
   </trkpt>
   <trkpt lat="38.9829060" lon="-121.0277330">
    <ele>594.0</ele>
   </trkpt>
   <trkpt lat="38.9829250" lon="-121.0277630">
    <ele>594.4</ele>
   </trkpt>
   <trkpt lat="38.9829410" lon="-121.0277860">
    <ele>594.6</ele>
   </trkpt>
   <trkpt lat="38.9829560" lon="-121.0278090">
    <ele>595.0</ele>
   </trkpt>
   <trkpt lat="38.9829710" lon="-121.0278320">
    <ele>595.2</ele>
   </trkpt>
   <trkpt lat="38.9829860" lon="-121.0278630">
    <ele>595.4</ele>
   </trkpt>
   <trkpt lat="38.9829980" lon="-121.0278850">
    <ele>595.4</ele>
   </trkpt>
   <trkpt lat="38.9830130" lon="-121.0279160">
    <ele>595.6</ele>
   </trkpt>
   <trkpt lat="38.9830250" lon="-121.0279390">
    <ele>596.0</ele>
   </trkpt>
   <trkpt lat="38.9830360" lon="-121.0279690">
    <ele>596.2</ele>
   </trkpt>
   <trkpt lat="38.9830440" lon="-121.0280000">
    <ele>596.6</ele>
   </trkpt>
   <trkpt lat="38.9830470" lon="-121.0280300">
    <ele>596.8</ele>
   </trkpt>
   <trkpt lat="38.9830590" lon="-121.0280610">
    <ele>597.0</ele>
   </trkpt>
   <trkpt lat="38.9830740" lon="-121.0280910">
    <ele>597.2</ele>
   </trkpt>
   <trkpt lat="38.9830890" lon="-121.0281290">
    <ele>597.4</ele>
   </trkpt>
   <trkpt lat="38.9831080" lon="-121.0281600">
    <ele>597.6</ele>
   </trkpt>
   <trkpt lat="38.9831280" lon="-121.0281980">
    <ele>597.8</ele>
   </trkpt>
   <trkpt lat="38.9831350" lon="-121.0282290">
    <ele>598.0</ele>
   </trkpt>
   <trkpt lat="38.9831310" lon="-121.0282670">
    <ele>598.2</ele>
   </trkpt>
   <trkpt lat="38.9831240" lon="-121.0282970">
    <ele>598.6</ele>
   </trkpt>
   <trkpt lat="38.9831050" lon="-121.0283130">
    <ele>598.8</ele>
   </trkpt>
   <trkpt lat="38.9830860" lon="-121.0283200">
    <ele>599.0</ele>
   </trkpt>
   <trkpt lat="38.9830630" lon="-121.0283200">
    <ele>599.2</ele>
   </trkpt>
   <trkpt lat="38.9830400" lon="-121.0283200">
    <ele>599.4</ele>
   </trkpt>
   <trkpt lat="38.9830130" lon="-121.0283200">
    <ele>599.6</ele>
   </trkpt>
   <trkpt lat="38.9829830" lon="-121.0283280">
    <ele>600.0</ele>
   </trkpt>
   <trkpt lat="38.9829560" lon="-121.0283200">
    <ele>600.2</ele>
   </trkpt>
   <trkpt lat="38.9829250" lon="-121.0283200">
    <ele>600.6</ele>
   </trkpt>
   <trkpt lat="38.9828950" lon="-121.0283280">
    <ele>601.0</ele>
   </trkpt>
   <trkpt lat="38.9828680" lon="-121.0283280">
    <ele>601.0</ele>
   </trkpt>
   <trkpt lat="38.9828380" lon="-121.0283280">
    <ele>601.2</ele>
   </trkpt>
   <trkpt lat="38.9828070" lon="-121.0283360">
    <ele>601.4</ele>
   </trkpt>
   <trkpt lat="38.9827800" lon="-121.0283360">
    <ele>601.6</ele>
   </trkpt>
   <trkpt lat="38.9827540" lon="-121.0283360">
    <ele>602.0</ele>
   </trkpt>
   <trkpt lat="38.9827230" lon="-121.0283360">
    <ele>602.2</ele>
   </trkpt>
   <trkpt lat="38.9826890" lon="-121.0283280">
    <ele>602.2</ele>
   </trkpt>
   <trkpt lat="38.9826620" lon="-121.0283280">
    <ele>602.4</ele>
   </trkpt>
   <trkpt lat="38.9826280" lon="-121.0283200">
    <ele>602.4</ele>
   </trkpt>
   <trkpt lat="38.9825930" lon="-121.0283130">
    <ele>602.4</ele>
   </trkpt>
   <trkpt lat="38.9825590" lon="-121.0283200">
    <ele>602.4</ele>
   </trkpt>
   <trkpt lat="38.9825210" lon="-121.0283200">
    <ele>602.2</ele>
   </trkpt>
   <trkpt lat="38.9824830" lon="-121.0283200">
    <ele>602.2</ele>
   </trkpt>
   <trkpt lat="38.9824370" lon="-121.0283200">
    <ele>602.2</ele>
   </trkpt>
   <trkpt lat="38.9823880" lon="-121.0283130">
    <ele>601.8</ele>
   </trkpt>
   <trkpt lat="38.9823300" lon="-121.0283050">
    <ele>601.4</ele>
   </trkpt>
   <trkpt lat="38.9822650" lon="-121.0282970">
    <ele>600.8</ele>
   </trkpt>
   <trkpt lat="38.9821930" lon="-121.0283050">
    <ele>600.2</ele>
   </trkpt>
   <trkpt lat="38.9821210" lon="-121.0283130">
    <ele>599.4</ele>
   </trkpt>
   <trkpt lat="38.9820520" lon="-121.0283130">
    <ele>598.4</ele>
   </trkpt>
   <trkpt lat="38.9819790" lon="-121.0283050">
    <ele>597.4</ele>
   </trkpt>
   <trkpt lat="38.9819030" lon="-121.0282970">
    <ele>596.6</ele>
   </trkpt>
   <trkpt lat="38.9818230" lon="-121.0282900">
    <ele>595.4</ele>
   </trkpt>
   <trkpt lat="38.9817390" lon="-121.0282820">
    <ele>594.0</ele>
   </trkpt>
   <trkpt lat="38.9816550" lon="-121.0282750">
    <ele>592.8</ele>
   </trkpt>
   <trkpt lat="38.9815710" lon="-121.0282590">
    <ele>591.6</ele>
   </trkpt>
   <trkpt lat="38.9814990" lon="-121.0282670">
    <ele>591.0</ele>
   </trkpt>
   <trkpt lat="38.9814340" lon="-121.0282750">
    <ele>590.8</ele>
   </trkpt>
   <trkpt lat="38.9813730" lon="-121.0282750">
    <ele>590.6</ele>
   </trkpt>
   <trkpt lat="38.9813190" lon="-121.0282820">
    <ele>590.4</ele>
   </trkpt>
   <trkpt lat="38.9812740" lon="-121.0282820">
    <ele>590.6</ele>
   </trkpt>
   <trkpt lat="38.9812390" lon="-121.0282750">
    <ele>590.8</ele>
   </trkpt>
   <trkpt lat="38.9812130" lon="-121.0282750">
    <ele>591.2</ele>
   </trkpt>
   <trkpt lat="38.9811900" lon="-121.0282670">
    <ele>591.4</ele>
   </trkpt>
   <trkpt lat="38.9811630" lon="-121.0282670">
    <ele>591.8</ele>
   </trkpt>
   <trkpt lat="38.9811400" lon="-121.0282590">
    <ele>592.2</ele>
   </trkpt>
   <trkpt lat="38.9811170" lon="-121.0282590">
    <ele>592.6</ele>
   </trkpt>
   <trkpt lat="38.9810940" lon="-121.0282590">
    <ele>593.2</ele>
   </trkpt>
   <trkpt lat="38.9810710" lon="-121.0282590">
    <ele>593.4</ele>
   </trkpt>
   <trkpt lat="38.9810520" lon="-121.0282590">
    <ele>593.8</ele>
   </trkpt>
   <trkpt lat="38.9810300" lon="-121.0282520">
    <ele>594.2</ele>
   </trkpt>
   <trkpt lat="38.9810140" lon="-121.0282520">
    <ele>594.6</ele>
   </trkpt>
   <trkpt lat="38.9809990" lon="-121.0282520">
    <ele>595.0</ele>
   </trkpt>
   <trkpt lat="38.9809840" lon="-121.0282520">
    <ele>595.4</ele>
   </trkpt>
   <trkpt lat="38.9809650" lon="-121.0282520">
    <ele>595.8</ele>
   </trkpt>
   <trkpt lat="38.9809460" lon="-121.0282590">
    <ele>596.2</ele>
   </trkpt>
   <trkpt lat="38.9809300" lon="-121.0282590">
    <ele>596.6</ele>
   </trkpt>
   <trkpt lat="38.9809150" lon="-121.0282520">
    <ele>597.0</ele>
   </trkpt>
   <trkpt lat="38.9808960" lon="-121.0282520">
    <ele>597.4</ele>
   </trkpt>
   <trkpt lat="38.9808770" lon="-121.0282440">
    <ele>597.6</ele>
   </trkpt>
   <trkpt lat="38.9808580" lon="-121.0282440">
    <ele>597.8</ele>
   </trkpt>
   <trkpt lat="38.9808350" lon="-121.0282440">
    <ele>598.2</ele>
   </trkpt>
   <trkpt lat="38.9808200" lon="-121.0282440">
    <ele>598.6</ele>
   </trkpt>
   <trkpt lat="38.9808040" lon="-121.0282520">
    <ele>599.0</ele>
   </trkpt>
   <trkpt lat="38.9807930" lon="-121.0282590">
    <ele>599.6</ele>
   </trkpt>
   <trkpt lat="38.9807740" lon="-121.0282670">
    <ele>600.0</ele>
   </trkpt>
   <trkpt lat="38.9807660" lon="-121.0282750">
    <ele>600.2</ele>
   </trkpt>
   <trkpt lat="38.9807470" lon="-121.0282820">
    <ele>600.6</ele>
   </trkpt>
   <trkpt lat="38.9807240" lon="-121.0282750">
    <ele>601.0</ele>
   </trkpt>
   <trkpt lat="38.9807010" lon="-121.0282670">
    <ele>601.2</ele>
   </trkpt>
   <trkpt lat="38.9806710" lon="-121.0282590">
    <ele>601.6</ele>
   </trkpt>
   <trkpt lat="38.9806400" lon="-121.0282670">
    <ele>601.8</ele>
   </trkpt>
   <trkpt lat="38.9806100" lon="-121.0282670">
    <ele>602.2</ele>
   </trkpt>
   <trkpt lat="38.9805790" lon="-121.0282750">
    <ele>602.4</ele>
   </trkpt>
   <trkpt lat="38.9805490" lon="-121.0282750">
    <ele>602.4</ele>
   </trkpt>
   <trkpt lat="38.9805150" lon="-121.0282820">
    <ele>602.6</ele>
   </trkpt>
   <trkpt lat="38.9804760" lon="-121.0282820">
    <ele>602.6</ele>
   </trkpt>
   <trkpt lat="38.9804310" lon="-121.0282820">
    <ele>602.8</ele>
   </trkpt>
   <trkpt lat="38.9803890" lon="-121.0282750">
    <ele>603.0</ele>
   </trkpt>
   <trkpt lat="38.9803430" lon="-121.0282750">
    <ele>603.2</ele>
   </trkpt>
   <trkpt lat="38.9802970" lon="-121.0282670">
    <ele>603.4</ele>
   </trkpt>
   <trkpt lat="38.9802510" lon="-121.0282590">
    <ele>603.4</ele>
   </trkpt>
   <trkpt lat="38.9802020" lon="-121.0282590">
    <ele>603.4</ele>
   </trkpt>
   <trkpt lat="38.9801560" lon="-121.0282590">
    <ele>603.4</ele>
   </trkpt>
   <trkpt lat="38.9801140" lon="-121.0282590">
    <ele>603.6</ele>
   </trkpt>
   <trkpt lat="38.9800800" lon="-121.0282590">
    <ele>603.8</ele>
   </trkpt>
   <trkpt lat="38.9800530" lon="-121.0282590">
    <ele>604.0</ele>
   </trkpt>
   <trkpt lat="38.9800300" lon="-121.0282590">
    <ele>604.2</ele>
   </trkpt>
   <trkpt lat="38.9800070" lon="-121.0282590">
    <ele>604.6</ele>
   </trkpt>
   <trkpt lat="38.9799880" lon="-121.0282590">
    <ele>605.0</ele>
   </trkpt>
   <trkpt lat="38.9799650" lon="-121.0282590">
    <ele>605.6</ele>
   </trkpt>
   <trkpt lat="38.9799390" lon="-121.0282590">
    <ele>606.0</ele>
   </trkpt>
   <trkpt lat="38.9799160" lon="-121.0282590">
    <ele>606.2</ele>
   </trkpt>
   <trkpt lat="38.9798890" lon="-121.0282670">
    <ele>606.6</ele>
   </trkpt>
   <trkpt lat="38.9798660" lon="-121.0282670">
    <ele>606.8</ele>
   </trkpt>
   <trkpt lat="38.9798430" lon="-121.0282590">
    <ele>607.2</ele>
   </trkpt>
   <trkpt lat="38.9798200" lon="-121.0282520">
    <ele>607.6</ele>
   </trkpt>
   <trkpt lat="38.9797940" lon="-121.0282520">
    <ele>607.8</ele>
   </trkpt>
   <trkpt lat="38.9797710" lon="-121.0282520">
    <ele>607.8</ele>
   </trkpt>
   <trkpt lat="38.9797440" lon="-121.0282590">
    <ele>608.0</ele>
   </trkpt>
   <trkpt lat="38.9797170" lon="-121.0282590">
    <ele>608.4</ele>
   </trkpt>
   <trkpt lat="38.9796910" lon="-121.0282590">
    <ele>608.8</ele>
   </trkpt>
   <trkpt lat="38.9796640" lon="-121.0282520">
    <ele>609.0</ele>
   </trkpt>
   <trkpt lat="38.9796370" lon="-121.0282520">
    <ele>609.2</ele>
   </trkpt>
   <trkpt lat="38.9796100" lon="-121.0282520">
    <ele>609.6</ele>
   </trkpt>
   <trkpt lat="38.9795800" lon="-121.0282520">
    <ele>609.8</ele>
   </trkpt>
   <trkpt lat="38.9795530" lon="-121.0282520">
    <ele>610.0</ele>
   </trkpt>
   <trkpt lat="38.9795230" lon="-121.0282520">
    <ele>610.2</ele>
   </trkpt>
   <trkpt lat="38.9794920" lon="-121.0282440">
    <ele>610.4</ele>
   </trkpt>
   <trkpt lat="38.9794620" lon="-121.0282360">
    <ele>610.6</ele>
   </trkpt>
   <trkpt lat="38.9794310" lon="-121.0282290">
    <ele>610.8</ele>
   </trkpt>
   <trkpt lat="38.9794010" lon="-121.0282290">
    <ele>611.0</ele>
   </trkpt>
   <trkpt lat="38.9793660" lon="-121.0282210">
    <ele>611.0</ele>
   </trkpt>
   <trkpt lat="38.9793320" lon="-121.0282210">
    <ele>611.2</ele>
   </trkpt>
   <trkpt lat="38.9792980" lon="-121.0282130">
    <ele>611.2</ele>
   </trkpt>
   <trkpt lat="38.9792600" lon="-121.0282130">
    <ele>611.2</ele>
   </trkpt>
   <trkpt lat="38.9792250" lon="-121.0282130">
    <ele>611.4</ele>
   </trkpt>
   <trkpt lat="38.9791870" lon="-121.0282060">
    <ele>611.4</ele>
   </trkpt>
   <trkpt lat="38.9791490" lon="-121.0282060">
    <ele>611.2</ele>
   </trkpt>
   <trkpt lat="38.9791070" lon="-121.0282060">
    <ele>611.2</ele>
   </trkpt>
   <trkpt lat="38.9790570" lon="-121.0282060">
    <ele>611.0</ele>
   </trkpt>
   <trkpt lat="38.9790040" lon="-121.0281980">
    <ele>610.6</ele>
   </trkpt>
   <trkpt lat="38.9789470" lon="-121.0281980">
    <ele>610.2</ele>
   </trkpt>
   <trkpt lat="38.9788780" lon="-121.0281980">
    <ele>609.8</ele>
   </trkpt>
   <trkpt lat="38.9788090" lon="-121.0282060">
    <ele>609.0</ele>
   </trkpt>
   <trkpt lat="38.9787410" lon="-121.0282130">
    <ele>608.2</ele>
   </trkpt>
   <trkpt lat="38.9786800" lon="-121.0282290">
    <ele>607.4</ele>
   </trkpt>
   <trkpt lat="38.9786300" lon="-121.0282060">
    <ele>606.6</ele>
   </trkpt>
   <trkpt lat="38.9785880" lon="-121.0281680">
    <ele>605.8</ele>
   </trkpt>
   <trkpt lat="38.9785500" lon="-121.0281220">
    <ele>605.4</ele>
   </trkpt>
   <trkpt lat="38.9785120" lon="-121.0280840">
    <ele>604.8</ele>
   </trkpt>
   <trkpt lat="38.9784740" lon="-121.0280680">
    <ele>603.8</ele>
   </trkpt>
   <trkpt lat="38.9784280" lon="-121.0280840">
    <ele>603.0</ele>
   </trkpt>
   <trkpt lat="38.9783820" lon="-121.0281140">
    <ele>602.2</ele>
   </trkpt>
   <trkpt lat="38.9783290" lon="-121.0281450">
    <ele>601.4</ele>
   </trkpt>
   <trkpt lat="38.9782680" lon="-121.0281830">
    <ele>600.4</ele>
   </trkpt>
   <trkpt lat="38.9782140" lon="-121.0282210">
    <ele>599.2</ele>
   </trkpt>
   <trkpt lat="38.9781570" lon="-121.0282590">
    <ele>598.2</ele>
   </trkpt>
   <trkpt lat="38.9780920" lon="-121.0282970">
    <ele>597.4</ele>
   </trkpt>
   <trkpt lat="38.9780270" lon="-121.0283360">
    <ele>596.8</ele>
   </trkpt>
   <trkpt lat="38.9779620" lon="-121.0283810">
    <ele>596.0</ele>
   </trkpt>
   <trkpt lat="38.9778980" lon="-121.0284190">
    <ele>595.4</ele>
   </trkpt>
   <trkpt lat="38.9778370" lon="-121.0284650">
    <ele>595.0</ele>
   </trkpt>
   <trkpt lat="38.9777830" lon="-121.0285190">
    <ele>595.0</ele>
   </trkpt>
   <trkpt lat="38.9777340" lon="-121.0285800">
    <ele>595.2</ele>
   </trkpt>
   <trkpt lat="38.9776990" lon="-121.0286330">
    <ele>595.2</ele>
   </trkpt>
   <trkpt lat="38.9776610" lon="-121.0286790">
    <ele>594.8</ele>
   </trkpt>
   <trkpt lat="38.9776270" lon="-121.0287320">
    <ele>594.4</ele>
   </trkpt>
   <trkpt lat="38.9775960" lon="-121.0287780">
    <ele>593.8</ele>
   </trkpt>
   <trkpt lat="38.9775620" lon="-121.0288240">
    <ele>593.0</ele>
   </trkpt>
   <trkpt lat="38.9775240" lon="-121.0288850">
    <ele>592.4</ele>
   </trkpt>
   <trkpt lat="38.9774890" lon="-121.0289380">
    <ele>592.0</ele>
   </trkpt>
   <trkpt lat="38.9774590" lon="-121.0289840">
    <ele>591.6</ele>
   </trkpt>
   <trkpt lat="38.9774280" lon="-121.0290300">
    <ele>591.0</ele>
   </trkpt>
   <trkpt lat="38.9773980" lon="-121.0290760">
    <ele>590.4</ele>
   </trkpt>
   <trkpt lat="38.9773600" lon="-121.0291210">
    <ele>589.4</ele>
   </trkpt>
   <trkpt lat="38.9773220" lon="-121.0291820">
    <ele>588.4</ele>
   </trkpt>
   <trkpt lat="38.9772870" lon="-121.0292430">
    <ele>587.8</ele>
   </trkpt>
   <trkpt lat="38.9772490" lon="-121.0292970">
    <ele>587.4</ele>
   </trkpt>
   <trkpt lat="38.9772030" lon="-121.0293500">
    <ele>587.0</ele>
   </trkpt>
   <trkpt lat="38.9771610" lon="-121.0294040">
    <ele>586.6</ele>
   </trkpt>
   <trkpt lat="38.9771190" lon="-121.0294650">
    <ele>586.0</ele>
   </trkpt>
   <trkpt lat="38.9770810" lon="-121.0295260">
    <ele>585.8</ele>
   </trkpt>
   <trkpt lat="38.9770470" lon="-121.0295870">
    <ele>585.6</ele>
   </trkpt>
   <trkpt lat="38.9770160" lon="-121.0296400">
    <ele>585.4</ele>
   </trkpt>
   <trkpt lat="38.9769860" lon="-121.0296860">
    <ele>585.4</ele>
   </trkpt>
   <trkpt lat="38.9769520" lon="-121.0297390">
    <ele>585.4</ele>
   </trkpt>
   <trkpt lat="38.9769210" lon="-121.0297850">
    <ele>585.4</ele>
   </trkpt>
   <trkpt lat="38.9768940" lon="-121.0298310">
    <ele>585.6</ele>
   </trkpt>
   <trkpt lat="38.9768680" lon="-121.0298770">
    <ele>585.6</ele>
   </trkpt>
   <trkpt lat="38.9768410" lon="-121.0299220">
    <ele>585.8</ele>
   </trkpt>
   <trkpt lat="38.9768180" lon="-121.0299610">
    <ele>586.0</ele>
   </trkpt>
   <trkpt lat="38.9767910" lon="-121.0299990">
    <ele>586.2</ele>
   </trkpt>
   <trkpt lat="38.9767680" lon="-121.0300450">
    <ele>586.2</ele>
   </trkpt>
   <trkpt lat="38.9767460" lon="-121.0300830">
    <ele>586.4</ele>
   </trkpt>
   <trkpt lat="38.9767230" lon="-121.0301210">
    <ele>586.6</ele>
   </trkpt>
   <trkpt lat="38.9766960" lon="-121.0301670">
    <ele>586.8</ele>
   </trkpt>
   <trkpt lat="38.9766690" lon="-121.0301970">
    <ele>587.0</ele>
   </trkpt>
   <trkpt lat="38.9766430" lon="-121.0302350">
    <ele>587.2</ele>
   </trkpt>
   <trkpt lat="38.9766160" lon="-121.0302660">
    <ele>587.4</ele>
   </trkpt>
   <trkpt lat="38.9765850" lon="-121.0302960">
    <ele>587.6</ele>
   </trkpt>
   <trkpt lat="38.9765590" lon="-121.0303270">
    <ele>588.0</ele>
   </trkpt>
   <trkpt lat="38.9765280" lon="-121.0303570">
    <ele>588.4</ele>
   </trkpt>
   <trkpt lat="38.9764980" lon="-121.0303800">
    <ele>588.6</ele>
   </trkpt>
   <trkpt lat="38.9764670" lon="-121.0303950">
    <ele>589.0</ele>
   </trkpt>
   <trkpt lat="38.9764370" lon="-121.0304110">
    <ele>589.2</ele>
   </trkpt>
   <trkpt lat="38.9764020" lon="-121.0304340">
    <ele>589.6</ele>
   </trkpt>
   <trkpt lat="38.9763720" lon="-121.0304490">
    <ele>590.0</ele>
   </trkpt>
   <trkpt lat="38.9763370" lon="-121.0304720">
    <ele>590.2</ele>
   </trkpt>
   <trkpt lat="38.9763030" lon="-121.0304870">
    <ele>590.4</ele>
   </trkpt>
   <trkpt lat="38.9762690" lon="-121.0305170">
    <ele>590.8</ele>
   </trkpt>
   <trkpt lat="38.9762380" lon="-121.0305400">
    <ele>591.0</ele>
   </trkpt>
   <trkpt lat="38.9762040" lon="-121.0305630">
    <ele>591.2</ele>
   </trkpt>
   <trkpt lat="38.9761700" lon="-121.0305940">
    <ele>591.4</ele>
   </trkpt>
   <trkpt lat="38.9761350" lon="-121.0306320">
    <ele>591.4</ele>
   </trkpt>
   <trkpt lat="38.9761050" lon="-121.0306700">
    <ele>591.6</ele>
   </trkpt>
   <trkpt lat="38.9760740" lon="-121.0307080">
    <ele>591.6</ele>
   </trkpt>
   <trkpt lat="38.9760400" lon="-121.0307540">
    <ele>591.6</ele>
   </trkpt>
   <trkpt lat="38.9760020" lon="-121.0307920">
    <ele>591.4</ele>
   </trkpt>
   <trkpt lat="38.9759600" lon="-121.0308380">
    <ele>591.4</ele>
   </trkpt>
   <trkpt lat="38.9759180" lon="-121.0308910">
    <ele>591.0</ele>
   </trkpt>
   <trkpt lat="38.9758720" lon="-121.0309520">
    <ele>590.8</ele>
   </trkpt>
   <trkpt lat="38.9758300" lon="-121.0310130">
    <ele>590.4</ele>
   </trkpt>
   <trkpt lat="38.9757880" lon="-121.0310820">
    <ele>590.0</ele>
   </trkpt>
   <trkpt lat="38.9757500" lon="-121.0311580">
    <ele>589.6</ele>
   </trkpt>
   <trkpt lat="38.9757160" lon="-121.0312500">
    <ele>589.0</ele>
   </trkpt>
   <trkpt lat="38.9756890" lon="-121.0313420">
    <ele>588.4</ele>
   </trkpt>
   <trkpt lat="38.9756660" lon="-121.0314330">
    <ele>588.0</ele>
   </trkpt>
   <trkpt lat="38.9756470" lon="-121.0315400">
    <ele>587.4</ele>
   </trkpt>
   <trkpt lat="38.9756280" lon="-121.0316470">
    <ele>586.8</ele>
   </trkpt>
   <trkpt lat="38.9756050" lon="-121.0317610">
    <ele>586.2</ele>
   </trkpt>
   <trkpt lat="38.9755820" lon="-121.0318760">
    <ele>585.4</ele>
   </trkpt>
   <trkpt lat="38.9755630" lon="-121.0319980">
    <ele>584.6</ele>
   </trkpt>
   <trkpt lat="38.9755400" lon="-121.0321270">
    <ele>583.8</ele>
   </trkpt>
   <trkpt lat="38.9755170" lon="-121.0322490">
    <ele>583.2</ele>
   </trkpt>
   <trkpt lat="38.9754870" lon="-121.0323710">
    <ele>582.4</ele>
   </trkpt>
   <trkpt lat="38.9754560" lon="-121.0324940">
    <ele>581.8</ele>
   </trkpt>
   <trkpt lat="38.9754290" lon="-121.0326160">
    <ele>581.2</ele>
   </trkpt>
   <trkpt lat="38.9754070" lon="-121.0327300">
    <ele>580.8</ele>
   </trkpt>
   <trkpt lat="38.9753840" lon="-121.0328520">
    <ele>580.4</ele>
   </trkpt>
   <trkpt lat="38.9753680" lon="-121.0329670">
    <ele>579.8</ele>
   </trkpt>
   <trkpt lat="38.9753490" lon="-121.0330730">
    <ele>579.6</ele>
   </trkpt>
   <trkpt lat="38.9753270" lon="-121.0331880">
    <ele>579.2</ele>
   </trkpt>
   <trkpt lat="38.9753070" lon="-121.0333020">
    <ele>578.8</ele>
   </trkpt>
   <trkpt lat="38.9752770" lon="-121.0334170">
    <ele>578.2</ele>
   </trkpt>
   <trkpt lat="38.9752460" lon="-121.0335310">
    <ele>577.4</ele>
   </trkpt>
   <trkpt lat="38.9752120" lon="-121.0336460">
    <ele>577.0</ele>
   </trkpt>
   <trkpt lat="38.9751820" lon="-121.0337520">
    <ele>576.6</ele>
   </trkpt>
   <trkpt lat="38.9751400" lon="-121.0338590">
    <ele>576.2</ele>
   </trkpt>
   <trkpt lat="38.9751010" lon="-121.0339810">
    <ele>575.8</ele>
   </trkpt>
   <trkpt lat="38.9750600" lon="-121.0341030">
    <ele>575.4</ele>
   </trkpt>
   <trkpt lat="38.9750180" lon="-121.0342330">
    <ele>574.8</ele>
   </trkpt>
   <trkpt lat="38.9749830" lon="-121.0343630">
    <ele>574.0</ele>
   </trkpt>
   <trkpt lat="38.9749490" lon="-121.0345080">
    <ele>573.2</ele>
   </trkpt>
   <trkpt lat="38.9749140" lon="-121.0346530">
    <ele>572.8</ele>
   </trkpt>
   <trkpt lat="38.9748880" lon="-121.0347900">
    <ele>572.4</ele>
   </trkpt>
   <trkpt lat="38.9748650" lon="-121.0349200">
    <ele>572.0</ele>
   </trkpt>
   <trkpt lat="38.9748420" lon="-121.0350490">
    <ele>572.0</ele>
   </trkpt>
   <trkpt lat="38.9748190" lon="-121.0351790">
    <ele>572.0</ele>
   </trkpt>
   <trkpt lat="38.9747920" lon="-121.0352940">
    <ele>572.2</ele>
   </trkpt>
   <trkpt lat="38.9747660" lon="-121.0354080">
    <ele>572.4</ele>
   </trkpt>
   <trkpt lat="38.9747430" lon="-121.0355070">
    <ele>572.6</ele>
   </trkpt>
   <trkpt lat="38.9747160" lon="-121.0356060">
    <ele>573.0</ele>
   </trkpt>
   <trkpt lat="38.9746930" lon="-121.0357050">
    <ele>573.6</ele>
   </trkpt>
   <trkpt lat="38.9746700" lon="-121.0357970">
    <ele>574.2</ele>
   </trkpt>
   <trkpt lat="38.9746440" lon="-121.0358810">
    <ele>574.4</ele>
   </trkpt>
   <trkpt lat="38.9746130" lon="-121.0359650">
    <ele>574.4</ele>
   </trkpt>
   <trkpt lat="38.9745670" lon="-121.0360410">
    <ele>574.4</ele>
   </trkpt>
   <trkpt lat="38.9745060" lon="-121.0361180">
    <ele>574.4</ele>
   </trkpt>
   <trkpt lat="38.9744380" lon="-121.0361860">
    <ele>574.2</ele>
   </trkpt>
   <trkpt lat="38.9743580" lon="-121.0362320">
    <ele>573.6</ele>
   </trkpt>
   <trkpt lat="38.9742700" lon="-121.0362850">
    <ele>572.8</ele>
   </trkpt>
   <trkpt lat="38.9741780" lon="-121.0363310">
    <ele>571.8</ele>
   </trkpt>
   <trkpt lat="38.9740790" lon="-121.0363770">
    <ele>570.6</ele>
   </trkpt>
   <trkpt lat="38.9739760" lon="-121.0364230">
    <ele>569.6</ele>
   </trkpt>
   <trkpt lat="38.9738690" lon="-121.0364680">
    <ele>568.4</ele>
   </trkpt>
   <trkpt lat="38.9737590" lon="-121.0365140">
    <ele>567.2</ele>
   </trkpt>
   <trkpt lat="38.9736480" lon="-121.0365450">
    <ele>566.2</ele>
   </trkpt>
   <trkpt lat="38.9735370" lon="-121.0365680">
    <ele>565.2</ele>
   </trkpt>
   <trkpt lat="38.9734310" lon="-121.0365830">
    <ele>564.4</ele>
   </trkpt>
   <trkpt lat="38.9733200" lon="-121.0365750">
    <ele>563.8</ele>
   </trkpt>
   <trkpt lat="38.9732130" lon="-121.0365520">
    <ele>563.2</ele>
   </trkpt>
   <trkpt lat="38.9731140" lon="-121.0365220">
    <ele>562.8</ele>
   </trkpt>
   <trkpt lat="38.9730220" lon="-121.0364680">
    <ele>562.4</ele>
   </trkpt>
   <trkpt lat="38.9729350" lon="-121.0364070">
    <ele>562.2</ele>
   </trkpt>
   <trkpt lat="38.9728510" lon="-121.0363390">
    <ele>562.2</ele>
   </trkpt>
   <trkpt lat="38.9727710" lon="-121.0362850">
    <ele>562.2</ele>
   </trkpt>
   <trkpt lat="38.9726870" lon="-121.0362320">
    <ele>562.2</ele>
   </trkpt>
   <trkpt lat="38.9726030" lon="-121.0361940">
    <ele>562.2</ele>
   </trkpt>
   <trkpt lat="38.9725150" lon="-121.0361710">
    <ele>562.2</ele>
   </trkpt>
   <trkpt lat="38.9724240" lon="-121.0361710">
    <ele>562.0</ele>
   </trkpt>
   <trkpt lat="38.9723320" lon="-121.0362010">
    <ele>562.0</ele>
   </trkpt>
   <trkpt lat="38.9722440" lon="-121.0362400">
    <ele>561.6</ele>
   </trkpt>
   <trkpt lat="38.9721530" lon="-121.0362930">
    <ele>561.4</ele>
   </trkpt>
   <trkpt lat="38.9720650" lon="-121.0363460">
    <ele>561.2</ele>
   </trkpt>
   <trkpt lat="38.9719770" lon="-121.0364070">
    <ele>560.8</ele>
   </trkpt>
   <trkpt lat="38.9718860" lon="-121.0364610">
    <ele>560.4</ele>
   </trkpt>
   <trkpt lat="38.9717940" lon="-121.0365220">
    <ele>560.0</ele>
   </trkpt>
   <trkpt lat="38.9717100" lon="-121.0365910">
    <ele>559.6</ele>
   </trkpt>
   <trkpt lat="38.9716190" lon="-121.0366520">
    <ele>559.6</ele>
   </trkpt>
   <trkpt lat="38.9715230" lon="-121.0367130">
    <ele>559.4</ele>
   </trkpt>
   <trkpt lat="38.9714390" lon="-121.0367660">
    <ele>559.2</ele>
   </trkpt>
   <trkpt lat="38.9713440" lon="-121.0368190">
    <ele>558.6</ele>
   </trkpt>
   <trkpt lat="38.9712490" lon="-121.0368580">
    <ele>558.4</ele>
   </trkpt>
   <trkpt lat="38.9711570" lon="-121.0368730">
    <ele>558.2</ele>
   </trkpt>
   <trkpt lat="38.9710580" lon="-121.0368800">
    <ele>557.8</ele>
   </trkpt>
   <trkpt lat="38.9709630" lon="-121.0368580">
    <ele>557.4</ele>
   </trkpt>
   <trkpt lat="38.9708750" lon="-121.0368190">
    <ele>557.2</ele>
   </trkpt>
   <trkpt lat="38.9707910" lon="-121.0367740">
    <ele>557.2</ele>
   </trkpt>
   <trkpt lat="38.9707030" lon="-121.0367280">
    <ele>557.2</ele>
   </trkpt>
   <trkpt lat="38.9706190" lon="-121.0366900">
    <ele>557.0</ele>
   </trkpt>
   <trkpt lat="38.9705390" lon="-121.0366820">
    <ele>557.2</ele>
   </trkpt>
   <trkpt lat="38.9704670" lon="-121.0366970">
    <ele>557.6</ele>
   </trkpt>
   <trkpt lat="38.9704170" lon="-121.0367280">
    <ele>558.0</ele>
   </trkpt>
   <trkpt lat="38.9703980" lon="-121.0367660">
    <ele>558.4</ele>
   </trkpt>
   <trkpt lat="38.9703900" lon="-121.0368040">
    <ele>559.2</ele>
   </trkpt>
   <trkpt lat="38.9703870" lon="-121.0368270">
    <ele>559.8</ele>
   </trkpt>
   <trkpt lat="38.9703870" lon="-121.0368580">
    <ele>560.2</ele>
   </trkpt>
   <trkpt lat="38.9703830" lon="-121.0368800">
    <ele>560.8</ele>
   </trkpt>
   <trkpt lat="38.9703750" lon="-121.0369030">
    <ele>561.4</ele>
   </trkpt>
   <trkpt lat="38.9703640" lon="-121.0369340">
    <ele>562.0</ele>
   </trkpt>
   <trkpt lat="38.9703560" lon="-121.0369570">
    <ele>562.6</ele>
   </trkpt>
   <trkpt lat="38.9703520" lon="-121.0369870">
    <ele>563.0</ele>
   </trkpt>
   <trkpt lat="38.9703480" lon="-121.0370180">
    <ele>563.4</ele>
   </trkpt>
   <trkpt lat="38.9703480" lon="-121.0370560">
    <ele>563.8</ele>
   </trkpt>
   <trkpt lat="38.9703520" lon="-121.0371020">
    <ele>564.0</ele>
   </trkpt>
   <trkpt lat="38.9703600" lon="-121.0371480">
    <ele>564.2</ele>
   </trkpt>
   <trkpt lat="38.9703710" lon="-121.0371930">
    <ele>564.4</ele>
   </trkpt>
   <trkpt lat="38.9703870" lon="-121.0372470">
    <ele>564.6</ele>
   </trkpt>
   <trkpt lat="38.9704020" lon="-121.0373000">
    <ele>564.8</ele>
   </trkpt>
   <trkpt lat="38.9704250" lon="-121.0373530">
    <ele>564.8</ele>
   </trkpt>
   <trkpt lat="38.9704440" lon="-121.0374070">
    <ele>565.0</ele>
   </trkpt>
   <trkpt lat="38.9704670" lon="-121.0374600">
    <ele>565.2</ele>
   </trkpt>
   <trkpt lat="38.9704900" lon="-121.0375140">
    <ele>565.2</ele>
   </trkpt>
   <trkpt lat="38.9705090" lon="-121.0375670">
    <ele>565.4</ele>
   </trkpt>
   <trkpt lat="38.9705280" lon="-121.0376130">
    <ele>565.6</ele>
   </trkpt>
   <trkpt lat="38.9705470" lon="-121.0376660">
    <ele>565.8</ele>
   </trkpt>
   <trkpt lat="38.9705660" lon="-121.0377200">
    <ele>565.8</ele>
   </trkpt>
   <trkpt lat="38.9705890" lon="-121.0377650">
    <ele>566.0</ele>
   </trkpt>
   <trkpt lat="38.9706120" lon="-121.0378190">
    <ele>566.0</ele>
   </trkpt>
   <trkpt lat="38.9706310" lon="-121.0378720">
    <ele>566.2</ele>
   </trkpt>
   <trkpt lat="38.9706540" lon="-121.0379260">
    <ele>566.2</ele>
   </trkpt>
   <trkpt lat="38.9706800" lon="-121.0379870">
    <ele>566.4</ele>
   </trkpt>
   <trkpt lat="38.9706990" lon="-121.0380480">
    <ele>566.2</ele>
   </trkpt>
   <trkpt lat="38.9707180" lon="-121.0381090">
    <ele>566.2</ele>
   </trkpt>
   <trkpt lat="38.9707370" lon="-121.0381770">
    <ele>566.2</ele>
   </trkpt>
   <trkpt lat="38.9707560" lon="-121.0382380">
    <ele>566.2</ele>
   </trkpt>
   <trkpt lat="38.9707720" lon="-121.0383070">
    <ele>566.2</ele>
   </trkpt>
   <trkpt lat="38.9707870" lon="-121.0383830">
    <ele>566.4</ele>
   </trkpt>
   <trkpt lat="38.9708020" lon="-121.0384520">
    <ele>566.2</ele>
   </trkpt>
   <trkpt lat="38.9708180" lon="-121.0385210">
    <ele>566.2</ele>
   </trkpt>
   <trkpt lat="38.9708330" lon="-121.0385890">
    <ele>566.0</ele>
   </trkpt>
   <trkpt lat="38.9708440" lon="-121.0386660">
    <ele>566.0</ele>
   </trkpt>
   <trkpt lat="38.9708590" lon="-121.0387420">
    <ele>565.8</ele>
   </trkpt>
   <trkpt lat="38.9708710" lon="-121.0388110">
    <ele>565.6</ele>
   </trkpt>
   <trkpt lat="38.9708860" lon="-121.0388870">
    <ele>565.6</ele>
   </trkpt>
   <trkpt lat="38.9708980" lon="-121.0389630">
    <ele>565.6</ele>
   </trkpt>
   <trkpt lat="38.9709130" lon="-121.0390470">
    <ele>565.6</ele>
   </trkpt>
   <trkpt lat="38.9709240" lon="-121.0391230">
    <ele>565.6</ele>
   </trkpt>
   <trkpt lat="38.9709400" lon="-121.0392070">
    <ele>565.6</ele>
   </trkpt>
   <trkpt lat="38.9709510" lon="-121.0392840">
    <ele>565.6</ele>
   </trkpt>
   <trkpt lat="38.9709630" lon="-121.0393520">
    <ele>565.6</ele>
   </trkpt>
   <trkpt lat="38.9709850" lon="-121.0394290">
    <ele>565.6</ele>
   </trkpt>
   <trkpt lat="38.9710050" lon="-121.0395050">
    <ele>565.4</ele>
   </trkpt>
   <trkpt lat="38.9710310" lon="-121.0395810">
    <ele>565.4</ele>
   </trkpt>
   <trkpt lat="38.9710580" lon="-121.0396500">
    <ele>565.2</ele>
   </trkpt>
   <trkpt lat="38.9710920" lon="-121.0397190">
    <ele>565.2</ele>
   </trkpt>
   <trkpt lat="38.9711300" lon="-121.0397870">
    <ele>565.2</ele>
   </trkpt>
   <trkpt lat="38.9711650" lon="-121.0398480">
    <ele>565.2</ele>
   </trkpt>
   <trkpt lat="38.9712070" lon="-121.0399170">
    <ele>565.0</ele>
   </trkpt>
   <trkpt lat="38.9712490" lon="-121.0399780">
    <ele>565.0</ele>
   </trkpt>
   <trkpt lat="38.9712870" lon="-121.0400470">
    <ele>565.0</ele>
   </trkpt>
   <trkpt lat="38.9713290" lon="-121.0401150">
    <ele>564.8</ele>
   </trkpt>
   <trkpt lat="38.9713710" lon="-121.0401920">
    <ele>564.6</ele>
   </trkpt>
   <trkpt lat="38.9714130" lon="-121.0402680">
    <ele>564.4</ele>
   </trkpt>
   <trkpt lat="38.9714510" lon="-121.0403520">
    <ele>564.2</ele>
   </trkpt>
   <trkpt lat="38.9714890" lon="-121.0404280">
    <ele>564.0</ele>
   </trkpt>
   <trkpt lat="38.9715270" lon="-121.0405120">
    <ele>563.6</ele>
   </trkpt>
   <trkpt lat="38.9715650" lon="-121.0405960">
    <ele>563.2</ele>
   </trkpt>
   <trkpt lat="38.9716000" lon="-121.0406880">
    <ele>563.0</ele>
   </trkpt>
   <trkpt lat="38.9716420" lon="-121.0407710">
    <ele>562.6</ele>
   </trkpt>
   <trkpt lat="38.9716840" lon="-121.0408630">
    <ele>562.4</ele>
   </trkpt>
   <trkpt lat="38.9717180" lon="-121.0409550">
    <ele>562.0</ele>
   </trkpt>
   <trkpt lat="38.9717600" lon="-121.0410460">
    <ele>561.6</ele>
   </trkpt>
   <trkpt lat="38.9718020" lon="-121.0411380">
    <ele>561.0</ele>
   </trkpt>
   <trkpt lat="38.9718480" lon="-121.0412370">
    <ele>560.4</ele>
   </trkpt>
   <trkpt lat="38.9718890" lon="-121.0413440">
    <ele>559.6</ele>
   </trkpt>
   <trkpt lat="38.9719350" lon="-121.0414500">
    <ele>558.8</ele>
   </trkpt>
   <trkpt lat="38.9719810" lon="-121.0415570">
    <ele>557.8</ele>
   </trkpt>
   <trkpt lat="38.9720340" lon="-121.0416640">
    <ele>557.2</ele>
   </trkpt>
   <trkpt lat="38.9720880" lon="-121.0417790">
    <ele>556.6</ele>
   </trkpt>
   <trkpt lat="38.9721450" lon="-121.0418850">
    <ele>556.0</ele>
   </trkpt>
   <trkpt lat="38.9722020" lon="-121.0419920">
    <ele>555.4</ele>
   </trkpt>
   <trkpt lat="38.9722600" lon="-121.0420990">
    <ele>554.6</ele>
   </trkpt>
   <trkpt lat="38.9723090" lon="-121.0422130">
    <ele>554.0</ele>
   </trkpt>
   <trkpt lat="38.9723470" lon="-121.0423200">
    <ele>553.4</ele>
   </trkpt>
   <trkpt lat="38.9723850" lon="-121.0424420">
    <ele>552.8</ele>
   </trkpt>
   <trkpt lat="38.9724160" lon="-121.0425570">
    <ele>552.4</ele>
   </trkpt>
   <trkpt lat="38.9724430" lon="-121.0426710">
    <ele>552.2</ele>
   </trkpt>
   <trkpt lat="38.9724690" lon="-121.0427780">
    <ele>552.0</ele>
   </trkpt>
   <trkpt lat="38.9724920" lon="-121.0428850">
    <ele>551.8</ele>
   </trkpt>
   <trkpt lat="38.9725190" lon="-121.0429920">
    <ele>551.6</ele>
   </trkpt>
   <trkpt lat="38.9725420" lon="-121.0430980">
    <ele>551.6</ele>
   </trkpt>
   <trkpt lat="38.9725680" lon="-121.0432050">
    <ele>551.6</ele>
   </trkpt>
   <trkpt lat="38.9725910" lon="-121.0433120">
    <ele>551.8</ele>
   </trkpt>
   <trkpt lat="38.9726140" lon="-121.0434190">
    <ele>552.0</ele>
   </trkpt>
   <trkpt lat="38.9726410" lon="-121.0435180">
    <ele>552.2</ele>
   </trkpt>
   <trkpt lat="38.9726750" lon="-121.0436170">
    <ele>552.2</ele>
   </trkpt>
   <trkpt lat="38.9727060" lon="-121.0437160">
    <ele>552.0</ele>
   </trkpt>
   <trkpt lat="38.9727290" lon="-121.0438160">
    <ele>551.8</ele>
   </trkpt>
   <trkpt lat="38.9727550" lon="-121.0439150">
    <ele>551.6</ele>
   </trkpt>
   <trkpt lat="38.9727820" lon="-121.0440060">
    <ele>551.6</ele>
   </trkpt>
   <trkpt lat="38.9728090" lon="-121.0440980">
    <ele>551.4</ele>
   </trkpt>
   <trkpt lat="38.9728360" lon="-121.0441890">
    <ele>551.4</ele>
   </trkpt>
   <trkpt lat="38.9728620" lon="-121.0442810">
    <ele>551.6</ele>
   </trkpt>
   <trkpt lat="38.9728890" lon="-121.0443730">
    <ele>551.4</ele>
   </trkpt>
   <trkpt lat="38.9729160" lon="-121.0444640">
    <ele>551.4</ele>
   </trkpt>
   <trkpt lat="38.9729420" lon="-121.0445480">
    <ele>551.4</ele>
   </trkpt>
   <trkpt lat="38.9729690" lon="-121.0446320">
    <ele>551.4</ele>
   </trkpt>
   <trkpt lat="38.9729960" lon="-121.0447160">
    <ele>551.6</ele>
   </trkpt>
   <trkpt lat="38.9730190" lon="-121.0448070">
    <ele>551.4</ele>
   </trkpt>
   <trkpt lat="38.9730410" lon="-121.0448910">
    <ele>551.4</ele>
   </trkpt>
   <trkpt lat="38.9730640" lon="-121.0449830">
    <ele>551.6</ele>
   </trkpt>
   <trkpt lat="38.9730830" lon="-121.0450820">
    <ele>551.4</ele>
   </trkpt>
   <trkpt lat="38.9731030" lon="-121.0451740">
    <ele>551.4</ele>
   </trkpt>
   <trkpt lat="38.9731140" lon="-121.0452730">
    <ele>551.0</ele>
   </trkpt>
   <trkpt lat="38.9731220" lon="-121.0453720">
    <ele>550.8</ele>
   </trkpt>
   <trkpt lat="38.9731330" lon="-121.0454710">
    <ele>550.8</ele>
   </trkpt>
   <trkpt lat="38.9731410" lon="-121.0455630">
    <ele>550.8</ele>
   </trkpt>
   <trkpt lat="38.9731440" lon="-121.0456620">
    <ele>550.8</ele>
   </trkpt>
   <trkpt lat="38.9731520" lon="-121.0457610">
    <ele>550.8</ele>
   </trkpt>
   <trkpt lat="38.9731560" lon="-121.0458600">
    <ele>550.6</ele>
   </trkpt>
   <trkpt lat="38.9731600" lon="-121.0459670">
    <ele>550.6</ele>
   </trkpt>
   <trkpt lat="38.9731640" lon="-121.0460660">
    <ele>550.4</ele>
   </trkpt>
   <trkpt lat="38.9731640" lon="-121.0461730">
    <ele>550.0</ele>
   </trkpt>
   <trkpt lat="38.9731640" lon="-121.0462800">
    <ele>549.8</ele>
   </trkpt>
   <trkpt lat="38.9731640" lon="-121.0463940">
    <ele>549.4</ele>
   </trkpt>
   <trkpt lat="38.9731600" lon="-121.0465010">
    <ele>549.0</ele>
   </trkpt>
   <trkpt lat="38.9731560" lon="-121.0466230">
    <ele>548.4</ele>
   </trkpt>
   <trkpt lat="38.9731480" lon="-121.0467450">
    <ele>548.0</ele>
   </trkpt>
   <trkpt lat="38.9731410" lon="-121.0468750">
    <ele>547.4</ele>
   </trkpt>
   <trkpt lat="38.9731330" lon="-121.0470050">
    <ele>546.6</ele>
   </trkpt>
   <trkpt lat="38.9731250" lon="-121.0471420">
    <ele>545.6</ele>
   </trkpt>
   <trkpt lat="38.9731220" lon="-121.0472950">
    <ele>544.4</ele>
   </trkpt>
   <trkpt lat="38.9731250" lon="-121.0474470">
    <ele>543.2</ele>
   </trkpt>
   <trkpt lat="38.9731330" lon="-121.0476000">
    <ele>541.8</ele>
   </trkpt>
   <trkpt lat="38.9731480" lon="-121.0477520">
    <ele>541.0</ele>
   </trkpt>
   <trkpt lat="38.9731670" lon="-121.0478970">
    <ele>540.0</ele>
   </trkpt>
   <trkpt lat="38.9731900" lon="-121.0480500">
    <ele>539.2</ele>
   </trkpt>
   <trkpt lat="38.9732170" lon="-121.0482020">
    <ele>538.4</ele>
   </trkpt>
   <trkpt lat="38.9732400" lon="-121.0483470">
    <ele>537.8</ele>
   </trkpt>
   <trkpt lat="38.9732590" lon="-121.0484920">
    <ele>537.6</ele>
   </trkpt>
   <trkpt lat="38.9732860" lon="-121.0486450">
    <ele>537.2</ele>
   </trkpt>
   <trkpt lat="38.9733050" lon="-121.0487900">
    <ele>536.8</ele>
   </trkpt>
   <trkpt lat="38.9733240" lon="-121.0489270">
    <ele>536.6</ele>
   </trkpt>
   <trkpt lat="38.9733470" lon="-121.0490720">
    <ele>536.4</ele>
   </trkpt>
   <trkpt lat="38.9733730" lon="-121.0492170">
    <ele>536.6</ele>
   </trkpt>
   <trkpt lat="38.9733960" lon="-121.0493540">
    <ele>536.8</ele>
   </trkpt>
   <trkpt lat="38.9734230" lon="-121.0494920">
    <ele>536.8</ele>
   </trkpt>
   <trkpt lat="38.9734500" lon="-121.0496290">
    <ele>536.8</ele>
   </trkpt>
   <trkpt lat="38.9734730" lon="-121.0497660">
    <ele>536.8</ele>
   </trkpt>
   <trkpt lat="38.9734990" lon="-121.0499040">
    <ele>536.8</ele>
   </trkpt>
   <trkpt lat="38.9735340" lon="-121.0500410">
    <ele>536.6</ele>
   </trkpt>
   <trkpt lat="38.9735720" lon="-121.0501630">
    <ele>536.4</ele>
   </trkpt>
   <trkpt lat="38.9736140" lon="-121.0503010">
    <ele>536.2</ele>
   </trkpt>
   <trkpt lat="38.9736560" lon="-121.0504300">
    <ele>535.8</ele>
   </trkpt>
   <trkpt lat="38.9736980" lon="-121.0505600">
    <ele>535.6</ele>
   </trkpt>
   <trkpt lat="38.9737400" lon="-121.0506970">
    <ele>535.4</ele>
   </trkpt>
   <trkpt lat="38.9737700" lon="-121.0508270">
    <ele>535.0</ele>
   </trkpt>
   <trkpt lat="38.9737970" lon="-121.0509640">
    <ele>534.6</ele>
   </trkpt>
   <trkpt lat="38.9738200" lon="-121.0511170">
    <ele>534.2</ele>
   </trkpt>
   <trkpt lat="38.9738310" lon="-121.0512620">
    <ele>534.0</ele>
   </trkpt>
   <trkpt lat="38.9738350" lon="-121.0513990">
    <ele>534.0</ele>
   </trkpt>
   <trkpt lat="38.9738350" lon="-121.0515440">
    <ele>534.0</ele>
   </trkpt>
   <trkpt lat="38.9738310" lon="-121.0516810">
    <ele>533.8</ele>
   </trkpt>
   <trkpt lat="38.9738200" lon="-121.0518110">
    <ele>533.4</ele>
   </trkpt>
   <trkpt lat="38.9738120" lon="-121.0519560">
    <ele>533.2</ele>
   </trkpt>
   <trkpt lat="38.9738010" lon="-121.0520860">
    <ele>533.0</ele>
   </trkpt>
   <trkpt lat="38.9737930" lon="-121.0522150">
    <ele>533.0</ele>
   </trkpt>
   <trkpt lat="38.9737820" lon="-121.0523450">
    <ele>533.2</ele>
   </trkpt>
   <trkpt lat="38.9737740" lon="-121.0524600">
    <ele>533.2</ele>
   </trkpt>
   <trkpt lat="38.9737620" lon="-121.0525740">
    <ele>532.8</ele>
   </trkpt>
   <trkpt lat="38.9737510" lon="-121.0526890">
    <ele>532.6</ele>
   </trkpt>
   <trkpt lat="38.9737360" lon="-121.0528030">
    <ele>532.6</ele>
   </trkpt>
   <trkpt lat="38.9737240" lon="-121.0529100">
    <ele>532.6</ele>
   </trkpt>
   <trkpt lat="38.9737090" lon="-121.0530090">
    <ele>532.8</ele>
   </trkpt>
   <trkpt lat="38.9736940" lon="-121.0531080">
    <ele>533.2</ele>
   </trkpt>
   <trkpt lat="38.9736750" lon="-121.0532000">
    <ele>533.4</ele>
   </trkpt>
   <trkpt lat="38.9736560" lon="-121.0532840">
    <ele>533.4</ele>
   </trkpt>
   <trkpt lat="38.9736370" lon="-121.0533750">
    <ele>533.6</ele>
   </trkpt>
   <trkpt lat="38.9736180" lon="-121.0534510">
    <ele>533.8</ele>
   </trkpt>
   <trkpt lat="38.9735980" lon="-121.0535350">
    <ele>533.8</ele>
   </trkpt>
   <trkpt lat="38.9735790" lon="-121.0536190">
    <ele>534.0</ele>
   </trkpt>
   <trkpt lat="38.9735560" lon="-121.0537030">
    <ele>534.2</ele>
   </trkpt>
   <trkpt lat="38.9735340" lon="-121.0537800">
    <ele>534.4</ele>
   </trkpt>
   <trkpt lat="38.9735110" lon="-121.0538630">
    <ele>534.4</ele>
   </trkpt>
   <trkpt lat="38.9734880" lon="-121.0539470">
    <ele>534.4</ele>
   </trkpt>
   <trkpt lat="38.9734610" lon="-121.0540240">
    <ele>534.4</ele>
   </trkpt>
   <trkpt lat="38.9734340" lon="-121.0541080">
    <ele>534.2</ele>
   </trkpt>
   <trkpt lat="38.9734080" lon="-121.0541990">
    <ele>534.2</ele>
   </trkpt>
   <trkpt lat="38.9733810" lon="-121.0542910">
    <ele>533.8</ele>
   </trkpt>
   <trkpt lat="38.9733510" lon="-121.0543820">
    <ele>533.2</ele>
   </trkpt>
   <trkpt lat="38.9733240" lon="-121.0544810">
    <ele>532.6</ele>
   </trkpt>
   <trkpt lat="38.9732930" lon="-121.0545810">
    <ele>532.4</ele>
   </trkpt>
   <trkpt lat="38.9732590" lon="-121.0546800">
    <ele>532.0</ele>
   </trkpt>
   <trkpt lat="38.9732250" lon="-121.0547710">
    <ele>531.6</ele>
   </trkpt>
   <trkpt lat="38.9731830" lon="-121.0548860">
    <ele>531.2</ele>
   </trkpt>
   <trkpt lat="38.9731480" lon="-121.0550000">
    <ele>530.6</ele>
   </trkpt>
   <trkpt lat="38.9731180" lon="-121.0551150">
    <ele>530.2</ele>
   </trkpt>
   <trkpt lat="38.9730800" lon="-121.0552290">
    <ele>529.6</ele>
   </trkpt>
   <trkpt lat="38.9730410" lon="-121.0553440">
    <ele>528.8</ele>
   </trkpt>
   <trkpt lat="38.9730030" lon="-121.0554660">
    <ele>528.2</ele>
   </trkpt>
   <trkpt lat="38.9729730" lon="-121.0555950">
    <ele>527.4</ele>
   </trkpt>
   <trkpt lat="38.9729390" lon="-121.0557250">
    <ele>526.8</ele>
   </trkpt>
   <trkpt lat="38.9729190" lon="-121.0558550">
    <ele>526.0</ele>
   </trkpt>
   <trkpt lat="38.9729080" lon="-121.0560000">
    <ele>525.0</ele>
   </trkpt>
   <trkpt lat="38.9729120" lon="-121.0561370">
    <ele>524.0</ele>
   </trkpt>
   <trkpt lat="38.9729310" lon="-121.0562740">
    <ele>523.2</ele>
   </trkpt>
   <trkpt lat="38.9729650" lon="-121.0564120">
    <ele>522.6</ele>
   </trkpt>
   <trkpt lat="38.9730220" lon="-121.0565410">
    <ele>521.6</ele>
   </trkpt>
   <trkpt lat="38.9730950" lon="-121.0566480">
    <ele>520.8</ele>
   </trkpt>
   <trkpt lat="38.9731750" lon="-121.0567630">
    <ele>519.8</ele>
   </trkpt>
   <trkpt lat="38.9732630" lon="-121.0568620">
    <ele>518.8</ele>
   </trkpt>
   <trkpt lat="38.9733470" lon="-121.0569610">
    <ele>517.8</ele>
   </trkpt>
   <trkpt lat="38.9734310" lon="-121.0570600">
    <ele>517.0</ele>
   </trkpt>
   <trkpt lat="38.9735150" lon="-121.0571590">
    <ele>516.2</ele>
   </trkpt>
   <trkpt lat="38.9735980" lon="-121.0572430">
    <ele>515.8</ele>
   </trkpt>
   <trkpt lat="38.9736820" lon="-121.0573350">
    <ele>515.4</ele>
   </trkpt>
   <trkpt lat="38.9737660" lon="-121.0574110">
    <ele>515.2</ele>
   </trkpt>
   <trkpt lat="38.9738460" lon="-121.0574870">
    <ele>515.2</ele>
   </trkpt>
   <trkpt lat="38.9739270" lon="-121.0575710">
    <ele>515.2</ele>
   </trkpt>
   <trkpt lat="38.9740070" lon="-121.0576550">
    <ele>515.2</ele>
   </trkpt>
   <trkpt lat="38.9740830" lon="-121.0577320">
    <ele>515.2</ele>
   </trkpt>
   <trkpt lat="38.9741550" lon="-121.0578080">
    <ele>515.2</ele>
   </trkpt>
   <trkpt lat="38.9742280" lon="-121.0578920">
    <ele>515.2</ele>
   </trkpt>
   <trkpt lat="38.9742930" lon="-121.0579830">
    <ele>515.0</ele>
   </trkpt>
   <trkpt lat="38.9743500" lon="-121.0580900">
    <ele>514.8</ele>
   </trkpt>
   <trkpt lat="38.9744000" lon="-121.0581970">
    <ele>514.4</ele>
   </trkpt>
   <trkpt lat="38.9744450" lon="-121.0583110">
    <ele>514.2</ele>
   </trkpt>
   <trkpt lat="38.9744830" lon="-121.0584340">
    <ele>513.8</ele>
   </trkpt>
   <trkpt lat="38.9745140" lon="-121.0585630">
    <ele>513.2</ele>
   </trkpt>
   <trkpt lat="38.9745450" lon="-121.0586850">
    <ele>512.8</ele>
   </trkpt>
   <trkpt lat="38.9745750" lon="-121.0588230">
    <ele>512.4</ele>
   </trkpt>
   <trkpt lat="38.9746090" lon="-121.0589600">
    <ele>512.2</ele>
   </trkpt>
   <trkpt lat="38.9746440" lon="-121.0590900">
    <ele>511.8</ele>
   </trkpt>
   <trkpt lat="38.9746820" lon="-121.0592120">
    <ele>511.4</ele>
   </trkpt>
   <trkpt lat="38.9747240" lon="-121.0593260">
    <ele>511.2</ele>
   </trkpt>
   <trkpt lat="38.9747770" lon="-121.0594410">
    <ele>511.2</ele>
   </trkpt>
   <trkpt lat="38.9748310" lon="-121.0595400">
    <ele>511.4</ele>
   </trkpt>
   <trkpt lat="38.9748950" lon="-121.0596310">
    <ele>511.4</ele>
   </trkpt>
   <trkpt lat="38.9749600" lon="-121.0597230">
    <ele>511.4</ele>
   </trkpt>
   <trkpt lat="38.9750370" lon="-121.0598070">
    <ele>511.2</ele>
   </trkpt>
   <trkpt lat="38.9751090" lon="-121.0598830">
    <ele>511.0</ele>
   </trkpt>
   <trkpt lat="38.9751890" lon="-121.0599520">
    <ele>510.8</ele>
   </trkpt>
   <trkpt lat="38.9752730" lon="-121.0600130">
    <ele>510.4</ele>
   </trkpt>
   <trkpt lat="38.9753650" lon="-121.0600510">
    <ele>510.2</ele>
   </trkpt>
   <trkpt lat="38.9754560" lon="-121.0600890">
    <ele>509.8</ele>
   </trkpt>
   <trkpt lat="38.9755480" lon="-121.0601270">
    <ele>509.6</ele>
   </trkpt>
   <trkpt lat="38.9756390" lon="-121.0601580">
    <ele>509.4</ele>
   </trkpt>
   <trkpt lat="38.9757310" lon="-121.0602040">
    <ele>509.2</ele>
   </trkpt>
   <trkpt lat="38.9758300" lon="-121.0602490">
    <ele>509.0</ele>
   </trkpt>
   <trkpt lat="38.9759220" lon="-121.0602950">
    <ele>508.4</ele>
   </trkpt>
   <trkpt lat="38.9760210" lon="-121.0603480">
    <ele>508.0</ele>
   </trkpt>
   <trkpt lat="38.9761160" lon="-121.0604090">
    <ele>507.6</ele>
   </trkpt>
   <trkpt lat="38.9762150" lon="-121.0604710">
    <ele>507.0</ele>
   </trkpt>
   <trkpt lat="38.9763150" lon="-121.0605320">
    <ele>506.4</ele>
   </trkpt>
   <trkpt lat="38.9764140" lon="-121.0606000">
    <ele>505.6</ele>
   </trkpt>
   <trkpt lat="38.9765210" lon="-121.0606610">
    <ele>504.6</ele>
   </trkpt>
   <trkpt lat="38.9766230" lon="-121.0607150">
    <ele>504.0</ele>
   </trkpt>
   <trkpt lat="38.9767340" lon="-121.0607830">
    <ele>503.0</ele>
   </trkpt>
   <trkpt lat="38.9768370" lon="-121.0608440">
    <ele>502.0</ele>
   </trkpt>
   <trkpt lat="38.9769440" lon="-121.0609210">
    <ele>501.2</ele>
   </trkpt>
   <trkpt lat="38.9770430" lon="-121.0610200">
    <ele>500.2</ele>
   </trkpt>
   <trkpt lat="38.9771350" lon="-121.0611270">
    <ele>499.0</ele>
   </trkpt>
   <trkpt lat="38.9772150" lon="-121.0612560">
    <ele>497.8</ele>
   </trkpt>
   <trkpt lat="38.9772830" lon="-121.0613940">
    <ele>496.2</ele>
   </trkpt>
   <trkpt lat="38.9773520" lon="-121.0615390">
    <ele>494.8</ele>
   </trkpt>
   <trkpt lat="38.9774210" lon="-121.0616760">
    <ele>493.4</ele>
   </trkpt>
   <trkpt lat="38.9774970" lon="-121.0618210">
    <ele>492.2</ele>
   </trkpt>
   <trkpt lat="38.9775730" lon="-121.0619580">
    <ele>491.2</ele>
   </trkpt>
   <trkpt lat="38.9776420" lon="-121.0620880">
    <ele>490.4</ele>
   </trkpt>
   <trkpt lat="38.9777110" lon="-121.0622180">
    <ele>490.0</ele>
   </trkpt>
   <trkpt lat="38.9777760" lon="-121.0623400">
    <ele>489.6</ele>
   </trkpt>
   <trkpt lat="38.9778370" lon="-121.0624540">
    <ele>489.2</ele>
   </trkpt>
  </trkseg>
 </trk>
</gpx>
