<?xml version="1.0" encoding="UTF-8"?>
<gpx creator="StravaGPX" version="1.1" xmlns="http://www.topografix.com/GPX/1/1" xmlns:xsi="http://www.w3.org/2001/XMLSchema-instance" xsi:schemaLocation="http://www.topografix.com/GPX/1/1 http://www.topografix.com/GPX/1/1/gpx.xsd">
 <trk>
  <name>Shadow Mountain (in the shadow of the Tetons)</name>
  <type>gravel_biking</type>
  <trkseg>
   <trkpt lat="43.6223370" lon="-110.6287610">
    <ele>2033.4</ele>
   </trkpt>
   <trkpt lat="43.6223370" lon="-110.6287610">
    <ele>2033.4</ele>
   </trkpt>
   <trkpt lat="43.6223370" lon="-110.6287620">
    <ele>2033.4</ele>
   </trkpt>
   <trkpt lat="43.6223250" lon="-110.6287920">
    <ele>2033.4</ele>
   </trkpt>
   <trkpt lat="43.6223100" lon="-110.6288080">
    <ele>2033.4</ele>
   </trkpt>
   <trkpt lat="43.6222950" lon="-110.6288310">
    <ele>2033.4</ele>
   </trkpt>
   <trkpt lat="43.6222790" lon="-110.6288610">
    <ele>2033.4</ele>
   </trkpt>
   <trkpt lat="43.6222600" lon="-110.6288840">
    <ele>2033.4</ele>
   </trkpt>
   <trkpt lat="43.6222410" lon="-110.6289070">
    <ele>2033.4</ele>
   </trkpt>
   <trkpt lat="43.6222140" lon="-110.6289300">
    <ele>2033.4</ele>
   </trkpt>
   <trkpt lat="43.6221870" lon="-110.6289530">
    <ele>2033.4</ele>
   </trkpt>
   <trkpt lat="43.6221600" lon="-110.6289750">
    <ele>2033.4</ele>
   </trkpt>
   <trkpt lat="43.6221300" lon="-110.6289830">
    <ele>2033.6</ele>
   </trkpt>
   <trkpt lat="43.6220960" lon="-110.6289900">
    <ele>2033.4</ele>
   </trkpt>
   <trkpt lat="43.6220610" lon="-110.6289900">
    <ele>2033.6</ele>
   </trkpt>
   <trkpt lat="43.6220270" lon="-110.6289900">
    <ele>2033.6</ele>
   </trkpt>
   <trkpt lat="43.6219880" lon="-110.6289900">
    <ele>2033.4</ele>
   </trkpt>
   <trkpt lat="43.6219470" lon="-110.6289820">
    <ele>2033.4</ele>
   </trkpt>
   <trkpt lat="43.6219090" lon="-110.6289750">
    <ele>2033.4</ele>
   </trkpt>
   <trkpt lat="43.6218740" lon="-110.6289670">
    <ele>2033.4</ele>
   </trkpt>
   <trkpt lat="43.6218280" lon="-110.6289520">
    <ele>2033.4</ele>
   </trkpt>
   <trkpt lat="43.6217860" lon="-110.6289440">
    <ele>2033.2</ele>
   </trkpt>
   <trkpt lat="43.6217440" lon="-110.6289290">
    <ele>2033.2</ele>
   </trkpt>
   <trkpt lat="43.6217030" lon="-110.6289130">
    <ele>2033.0</ele>
   </trkpt>
   <trkpt lat="43.6216720" lon="-110.6288890">
    <ele>2033.0</ele>
   </trkpt>
   <trkpt lat="43.6216350" lon="-110.6288430">
    <ele>2032.8</ele>
   </trkpt>
   <trkpt lat="43.6216200" lon="-110.6288050">
    <ele>2032.8</ele>
   </trkpt>
   <trkpt lat="43.6216040" lon="-110.6287520">
    <ele>2032.8</ele>
   </trkpt>
   <trkpt lat="43.6215930" lon="-110.6287060">
    <ele>2032.8</ele>
   </trkpt>
   <trkpt lat="43.6215780" lon="-110.6286520">
    <ele>2032.8</ele>
   </trkpt>
   <trkpt lat="43.6215700" lon="-110.6285910">
    <ele>2032.8</ele>
   </trkpt>
   <trkpt lat="43.6215630" lon="-110.6285380">
    <ele>2032.8</ele>
   </trkpt>
   <trkpt lat="43.6215550" lon="-110.6284840">
    <ele>2032.8</ele>
   </trkpt>
   <trkpt lat="43.6215510" lon="-110.6284230">
    <ele>2032.8</ele>
   </trkpt>
   <trkpt lat="43.6215480" lon="-110.6283620">
    <ele>2032.6</ele>
   </trkpt>
   <trkpt lat="43.6215440" lon="-110.6283090">
    <ele>2032.8</ele>
   </trkpt>
   <trkpt lat="43.6215400" lon="-110.6282480">
    <ele>2032.6</ele>
   </trkpt>
   <trkpt lat="43.6215400" lon="-110.6281940">
    <ele>2032.8</ele>
   </trkpt>
   <trkpt lat="43.6215440" lon="-110.6281330">
    <ele>2032.8</ele>
   </trkpt>
   <trkpt lat="43.6215480" lon="-110.6280720">
    <ele>2032.8</ele>
   </trkpt>
   <trkpt lat="43.6215520" lon="-110.6280030">
    <ele>2032.8</ele>
   </trkpt>
   <trkpt lat="43.6215520" lon="-110.6279420">
    <ele>2032.8</ele>
   </trkpt>
   <trkpt lat="43.6215520" lon="-110.6278810">
    <ele>2032.8</ele>
   </trkpt>
   <trkpt lat="43.6215550" lon="-110.6278200">
    <ele>2032.8</ele>
   </trkpt>
   <trkpt lat="43.6215520" lon="-110.6277590">
    <ele>2032.8</ele>
   </trkpt>
   <trkpt lat="43.6215520" lon="-110.6276900">
    <ele>2032.8</ele>
   </trkpt>
   <trkpt lat="43.6215520" lon="-110.6276220">
    <ele>2032.8</ele>
   </trkpt>
   <trkpt lat="43.6215520" lon="-110.6275610">
    <ele>2033.0</ele>
   </trkpt>
   <trkpt lat="43.6215520" lon="-110.6275000">
    <ele>2033.0</ele>
   </trkpt>
   <trkpt lat="43.6215550" lon="-110.6274390">
    <ele>2033.0</ele>
   </trkpt>
   <trkpt lat="43.6215590" lon="-110.6273780">
    <ele>2033.2</ele>
   </trkpt>
   <trkpt lat="43.6215590" lon="-110.6273240">
    <ele>2033.2</ele>
   </trkpt>
   <trkpt lat="43.6215590" lon="-110.6272550">
    <ele>2033.4</ele>
   </trkpt>
   <trkpt lat="43.6215550" lon="-110.6271870">
    <ele>2033.4</ele>
   </trkpt>
   <trkpt lat="43.6215550" lon="-110.6271260">
    <ele>2033.6</ele>
   </trkpt>
   <trkpt lat="43.6215590" lon="-110.6270650">
    <ele>2033.6</ele>
   </trkpt>
   <trkpt lat="43.6215630" lon="-110.6270040">
    <ele>2033.6</ele>
   </trkpt>
   <trkpt lat="43.6215630" lon="-110.6269350">
    <ele>2033.8</ele>
   </trkpt>
   <trkpt lat="43.6215630" lon="-110.6268670">
    <ele>2033.8</ele>
   </trkpt>
   <trkpt lat="43.6215630" lon="-110.6268130">
    <ele>2033.8</ele>
   </trkpt>
   <trkpt lat="43.6215630" lon="-110.6267370">
    <ele>2033.8</ele>
   </trkpt>
   <trkpt lat="43.6215630" lon="-110.6266680">
    <ele>2034.0</ele>
   </trkpt>
   <trkpt lat="43.6215590" lon="-110.6266080">
    <ele>2034.0</ele>
   </trkpt>
   <trkpt lat="43.6215550" lon="-110.6265540">
    <ele>2034.0</ele>
   </trkpt>
   <trkpt lat="43.6215550" lon="-110.6264920">
    <ele>2034.2</ele>
   </trkpt>
   <trkpt lat="43.6215590" lon="-110.6264090">
    <ele>2034.2</ele>
   </trkpt>
   <trkpt lat="43.6215630" lon="-110.6263400">
    <ele>2034.2</ele>
   </trkpt>
   <trkpt lat="43.6215670" lon="-110.6262790">
    <ele>2034.2</ele>
   </trkpt>
   <trkpt lat="43.6215670" lon="-110.6262100">
    <ele>2034.2</ele>
   </trkpt>
   <trkpt lat="43.6215710" lon="-110.6261490">
    <ele>2034.2</ele>
   </trkpt>
   <trkpt lat="43.6215710" lon="-110.6260800">
    <ele>2034.4</ele>
   </trkpt>
   <trkpt lat="43.6215700" lon="-110.6260040">
    <ele>2034.6</ele>
   </trkpt>
   <trkpt lat="43.6215670" lon="-110.6259350">
    <ele>2034.6</ele>
   </trkpt>
   <trkpt lat="43.6215630" lon="-110.6258670">
    <ele>2034.6</ele>
   </trkpt>
   <trkpt lat="43.6215590" lon="-110.6258060">
    <ele>2034.6</ele>
   </trkpt>
   <trkpt lat="43.6215590" lon="-110.6257370">
    <ele>2034.6</ele>
   </trkpt>
   <trkpt lat="43.6215590" lon="-110.6256680">
    <ele>2034.6</ele>
   </trkpt>
   <trkpt lat="43.6215630" lon="-110.6255920">
    <ele>2034.6</ele>
   </trkpt>
   <trkpt lat="43.6215630" lon="-110.6255160">
    <ele>2034.6</ele>
   </trkpt>
   <trkpt lat="43.6215670" lon="-110.6254470">
    <ele>2034.4</ele>
   </trkpt>
   <trkpt lat="43.6215670" lon="-110.6253710">
    <ele>2034.4</ele>
   </trkpt>
   <trkpt lat="43.6215670" lon="-110.6252950">
    <ele>2034.4</ele>
   </trkpt>
   <trkpt lat="43.6215670" lon="-110.6252260">
    <ele>2034.4</ele>
   </trkpt>
   <trkpt lat="43.6215670" lon="-110.6251650">
    <ele>2034.4</ele>
   </trkpt>
   <trkpt lat="43.6215750" lon="-110.6250810">
    <ele>2034.4</ele>
   </trkpt>
   <trkpt lat="43.6215780" lon="-110.6250120">
    <ele>2034.6</ele>
   </trkpt>
   <trkpt lat="43.6215820" lon="-110.6249440">
    <ele>2034.6</ele>
   </trkpt>
   <trkpt lat="43.6215820" lon="-110.6248750">
    <ele>2034.6</ele>
   </trkpt>
   <trkpt lat="43.6215820" lon="-110.6247990">
    <ele>2034.4</ele>
   </trkpt>
   <trkpt lat="43.6215820" lon="-110.6247220">
    <ele>2034.6</ele>
   </trkpt>
   <trkpt lat="43.6215820" lon="-110.6246540">
    <ele>2034.6</ele>
   </trkpt>
   <trkpt lat="43.6215900" lon="-110.6245780">
    <ele>2034.6</ele>
   </trkpt>
   <trkpt lat="43.6215940" lon="-110.6245080">
    <ele>2034.6</ele>
   </trkpt>
   <trkpt lat="43.6215970" lon="-110.6244320">
    <ele>2034.6</ele>
   </trkpt>
   <trkpt lat="43.6216010" lon="-110.6243560">
    <ele>2034.6</ele>
   </trkpt>
   <trkpt lat="43.6216050" lon="-110.6242880">
    <ele>2034.6</ele>
   </trkpt>
   <trkpt lat="43.6216050" lon="-110.6242260">
    <ele>2034.8</ele>
   </trkpt>
   <trkpt lat="43.6216050" lon="-110.6241350">
    <ele>2034.8</ele>
   </trkpt>
   <trkpt lat="43.6216050" lon="-110.6240740">
    <ele>2034.8</ele>
   </trkpt>
   <trkpt lat="43.6216050" lon="-110.6240050">
    <ele>2034.8</ele>
   </trkpt>
   <trkpt lat="43.6216010" lon="-110.6239370">
    <ele>2034.8</ele>
   </trkpt>
   <trkpt lat="43.6216060" lon="-110.6238760">
    <ele>2034.8</ele>
   </trkpt>
   <trkpt lat="43.6216210" lon="-110.6238240">
    <ele>2034.8</ele>
   </trkpt>
   <trkpt lat="43.6216440" lon="-110.6237850">
    <ele>2035.0</ele>
   </trkpt>
   <trkpt lat="43.6216750" lon="-110.6237480">
    <ele>2035.0</ele>
   </trkpt>
   <trkpt lat="43.6217170" lon="-110.6237260">
    <ele>2035.0</ele>
   </trkpt>
   <trkpt lat="43.6217630" lon="-110.6237180">
    <ele>2035.0</ele>
   </trkpt>
   <trkpt lat="43.6218130" lon="-110.6237110">
    <ele>2035.2</ele>
   </trkpt>
   <trkpt lat="43.6218630" lon="-110.6237110">
    <ele>2035.4</ele>
   </trkpt>
   <trkpt lat="43.6219160" lon="-110.6237110">
    <ele>2035.4</ele>
   </trkpt>
   <trkpt lat="43.6219660" lon="-110.6237110">
    <ele>2035.4</ele>
   </trkpt>
   <trkpt lat="43.6220190" lon="-110.6237180">
    <ele>2035.2</ele>
   </trkpt>
   <trkpt lat="43.6220690" lon="-110.6237180">
    <ele>2035.2</ele>
   </trkpt>
   <trkpt lat="43.6221220" lon="-110.6237180">
    <ele>2035.4</ele>
   </trkpt>
   <trkpt lat="43.6221680" lon="-110.6237180">
    <ele>2035.6</ele>
   </trkpt>
   <trkpt lat="43.6222140" lon="-110.6237180">
    <ele>2035.6</ele>
   </trkpt>
   <trkpt lat="43.6222630" lon="-110.6237180">
    <ele>2035.6</ele>
   </trkpt>
   <trkpt lat="43.6223090" lon="-110.6237180">
    <ele>2035.6</ele>
   </trkpt>
   <trkpt lat="43.6223580" lon="-110.6237180">
    <ele>2035.6</ele>
   </trkpt>
   <trkpt lat="43.6224080" lon="-110.6237190">
    <ele>2035.6</ele>
   </trkpt>
   <trkpt lat="43.6224620" lon="-110.6237260">
    <ele>2035.6</ele>
   </trkpt>
   <trkpt lat="43.6225150" lon="-110.6237340">
    <ele>2035.6</ele>
   </trkpt>
   <trkpt lat="43.6225580" lon="-110.6237340">
    <ele>2035.6</ele>
   </trkpt>
   <trkpt lat="43.6226260" lon="-110.6237410">
    <ele>2035.6</ele>
   </trkpt>
   <trkpt lat="43.6226790" lon="-110.6237410">
    <ele>2035.8</ele>
   </trkpt>
   <trkpt lat="43.6227280" lon="-110.6237410">
    <ele>2035.8</ele>
   </trkpt>
   <trkpt lat="43.6227780" lon="-110.6237410">
    <ele>2036.0</ele>
   </trkpt>
   <trkpt lat="43.6228240" lon="-110.6237410">
    <ele>2036.4</ele>
   </trkpt>
   <trkpt lat="43.6228660" lon="-110.6237410">
    <ele>2036.6</ele>
   </trkpt>
   <trkpt lat="43.6229110" lon="-110.6237480">
    <ele>2036.8</ele>
   </trkpt>
   <trkpt lat="43.6229530" lon="-110.6237410">
    <ele>2036.8</ele>
   </trkpt>
   <trkpt lat="43.6229990" lon="-110.6237410">
    <ele>2037.0</ele>
   </trkpt>
   <trkpt lat="43.6230450" lon="-110.6237490">
    <ele>2037.0</ele>
   </trkpt>
   <trkpt lat="43.6230870" lon="-110.6237490">
    <ele>2037.2</ele>
   </trkpt>
   <trkpt lat="43.6231330" lon="-110.6237490">
    <ele>2037.2</ele>
   </trkpt>
   <trkpt lat="43.6231750" lon="-110.6237490">
    <ele>2037.4</ele>
   </trkpt>
   <trkpt lat="43.6232240" lon="-110.6237480">
    <ele>2037.4</ele>
   </trkpt>
   <trkpt lat="43.6232740" lon="-110.6237410">
    <ele>2037.6</ele>
   </trkpt>
   <trkpt lat="43.6233240" lon="-110.6237340">
    <ele>2037.8</ele>
   </trkpt>
   <trkpt lat="43.6233770" lon="-110.6237340">
    <ele>2037.8</ele>
   </trkpt>
   <trkpt lat="43.6234270" lon="-110.6237340">
    <ele>2038.0</ele>
   </trkpt>
   <trkpt lat="43.6234720" lon="-110.6237340">
    <ele>2038.0</ele>
   </trkpt>
   <trkpt lat="43.6235220" lon="-110.6237340">
    <ele>2038.2</ele>
   </trkpt>
   <trkpt lat="43.6235680" lon="-110.6237410">
    <ele>2038.2</ele>
   </trkpt>
   <trkpt lat="43.6236130" lon="-110.6237410">
    <ele>2038.2</ele>
   </trkpt>
   <trkpt lat="43.6236590" lon="-110.6237410">
    <ele>2038.2</ele>
   </trkpt>
   <trkpt lat="43.6237050" lon="-110.6237410">
    <ele>2038.2</ele>
   </trkpt>
   <trkpt lat="43.6237500" lon="-110.6237340">
    <ele>2038.4</ele>
   </trkpt>
   <trkpt lat="43.6237890" lon="-110.6237340">
    <ele>2038.4</ele>
   </trkpt>
   <trkpt lat="43.6238390" lon="-110.6237330">
    <ele>2038.4</ele>
   </trkpt>
   <trkpt lat="43.6238960" lon="-110.6237260">
    <ele>2038.4</ele>
   </trkpt>
   <trkpt lat="43.6239460" lon="-110.6237180">
    <ele>2038.2</ele>
   </trkpt>
   <trkpt lat="43.6239990" lon="-110.6237180">
    <ele>2038.4</ele>
   </trkpt>
   <trkpt lat="43.6240520" lon="-110.6237180">
    <ele>2038.4</ele>
   </trkpt>
   <trkpt lat="43.6241060" lon="-110.6237110">
    <ele>2038.2</ele>
   </trkpt>
   <trkpt lat="43.6241550" lon="-110.6237100">
    <ele>2038.2</ele>
   </trkpt>
   <trkpt lat="43.6242080" lon="-110.6237030">
    <ele>2038.2</ele>
   </trkpt>
   <trkpt lat="43.6242580" lon="-110.6237030">
    <ele>2038.4</ele>
   </trkpt>
   <trkpt lat="43.6243120" lon="-110.6237030">
    <ele>2038.2</ele>
   </trkpt>
   <trkpt lat="43.6243650" lon="-110.6237030">
    <ele>2038.2</ele>
   </trkpt>
   <trkpt lat="43.6244190" lon="-110.6237030">
    <ele>2038.4</ele>
   </trkpt>
   <trkpt lat="43.6244720" lon="-110.6237030">
    <ele>2038.4</ele>
   </trkpt>
   <trkpt lat="43.6245250" lon="-110.6237030">
    <ele>2038.4</ele>
   </trkpt>
   <trkpt lat="43.6245830" lon="-110.6237030">
    <ele>2038.4</ele>
   </trkpt>
   <trkpt lat="43.6246400" lon="-110.6237030">
    <ele>2038.2</ele>
   </trkpt>
   <trkpt lat="43.6246930" lon="-110.6237110">
    <ele>2038.2</ele>
   </trkpt>
   <trkpt lat="43.6247470" lon="-110.6237180">
    <ele>2038.2</ele>
   </trkpt>
   <trkpt lat="43.6248000" lon="-110.6237190">
    <ele>2038.4</ele>
   </trkpt>
   <trkpt lat="43.6248530" lon="-110.6237260">
    <ele>2038.4</ele>
   </trkpt>
   <trkpt lat="43.6249030" lon="-110.6237260">
    <ele>2038.4</ele>
   </trkpt>
   <trkpt lat="43.6249560" lon="-110.6237340">
    <ele>2038.4</ele>
   </trkpt>
   <trkpt lat="43.6250060" lon="-110.6237340">
    <ele>2038.4</ele>
   </trkpt>
   <trkpt lat="43.6250520" lon="-110.6237410">
    <ele>2038.4</ele>
   </trkpt>
   <trkpt lat="43.6251010" lon="-110.6237490">
    <ele>2038.4</ele>
   </trkpt>
   <trkpt lat="43.6251470" lon="-110.6237570">
    <ele>2038.4</ele>
   </trkpt>
   <trkpt lat="43.6251930" lon="-110.6237720">
    <ele>2038.4</ele>
   </trkpt>
   <trkpt lat="43.6252380" lon="-110.6237880">
    <ele>2038.4</ele>
   </trkpt>
   <trkpt lat="43.6252840" lon="-110.6238030">
    <ele>2038.4</ele>
   </trkpt>
   <trkpt lat="43.6253260" lon="-110.6238340">
    <ele>2038.4</ele>
   </trkpt>
   <trkpt lat="43.6253680" lon="-110.6238730">
    <ele>2038.6</ele>
   </trkpt>
   <trkpt lat="43.6254100" lon="-110.6239190">
    <ele>2038.6</ele>
   </trkpt>
   <trkpt lat="43.6254480" lon="-110.6239650">
    <ele>2038.6</ele>
   </trkpt>
   <trkpt lat="43.6254860" lon="-110.6240100">
    <ele>2038.6</ele>
   </trkpt>
   <trkpt lat="43.6255160" lon="-110.6240640">
    <ele>2038.8</ele>
   </trkpt>
   <trkpt lat="43.6255470" lon="-110.6241170">
    <ele>2038.8</ele>
   </trkpt>
   <trkpt lat="43.6255730" lon="-110.6241550">
    <ele>2039.0</ele>
   </trkpt>
   <trkpt lat="43.6255960" lon="-110.6241920">
    <ele>2039.0</ele>
   </trkpt>
   <trkpt lat="43.6256110" lon="-110.6242070">
    <ele>2039.0</ele>
   </trkpt>
   <trkpt lat="43.6256180" lon="-110.6242140">
    <ele>2039.2</ele>
   </trkpt>
   <trkpt lat="43.6256450" lon="-110.6242220">
    <ele>2039.6</ele>
   </trkpt>
   <trkpt lat="43.6256650" lon="-110.6242290">
    <ele>2039.6</ele>
   </trkpt>
   <trkpt lat="43.6256920" lon="-110.6242210">
    <ele>2039.6</ele>
   </trkpt>
   <trkpt lat="43.6257230" lon="-110.6242130">
    <ele>2039.8</ele>
   </trkpt>
   <trkpt lat="43.6257570" lon="-110.6241980">
    <ele>2039.8</ele>
   </trkpt>
   <trkpt lat="43.6257870" lon="-110.6241670">
    <ele>2039.8</ele>
   </trkpt>
   <trkpt lat="43.6258180" lon="-110.6241280">
    <ele>2039.8</ele>
   </trkpt>
   <trkpt lat="43.6258520" lon="-110.6240910">
    <ele>2039.8</ele>
   </trkpt>
   <trkpt lat="43.6258870" lon="-110.6240600">
    <ele>2040.0</ele>
   </trkpt>
   <trkpt lat="43.6259250" lon="-110.6240290">
    <ele>2040.0</ele>
   </trkpt>
   <trkpt lat="43.6259630" lon="-110.6239910">
    <ele>2040.0</ele>
   </trkpt>
   <trkpt lat="43.6260050" lon="-110.6239530">
    <ele>2040.0</ele>
   </trkpt>
   <trkpt lat="43.6260510" lon="-110.6239150">
    <ele>2040.2</ele>
   </trkpt>
   <trkpt lat="43.6260970" lon="-110.6238850">
    <ele>2040.2</ele>
   </trkpt>
   <trkpt lat="43.6261460" lon="-110.6238540">
    <ele>2040.4</ele>
   </trkpt>
   <trkpt lat="43.6262000" lon="-110.6238240">
    <ele>2040.4</ele>
   </trkpt>
   <trkpt lat="43.6262500" lon="-110.6238010">
    <ele>2040.4</ele>
   </trkpt>
   <trkpt lat="43.6262990" lon="-110.6237790">
    <ele>2040.6</ele>
   </trkpt>
   <trkpt lat="43.6263530" lon="-110.6237630">
    <ele>2040.6</ele>
   </trkpt>
   <trkpt lat="43.6264020" lon="-110.6237480">
    <ele>2040.6</ele>
   </trkpt>
   <trkpt lat="43.6264560" lon="-110.6237330">
    <ele>2040.8</ele>
   </trkpt>
   <trkpt lat="43.6265050" lon="-110.6237180">
    <ele>2040.8</ele>
   </trkpt>
   <trkpt lat="43.6265550" lon="-110.6237110">
    <ele>2040.8</ele>
   </trkpt>
   <trkpt lat="43.6266040" lon="-110.6237100">
    <ele>2041.0</ele>
   </trkpt>
   <trkpt lat="43.6266540" lon="-110.6237030">
    <ele>2041.0</ele>
   </trkpt>
   <trkpt lat="43.6267070" lon="-110.6236950">
    <ele>2041.0</ele>
   </trkpt>
   <trkpt lat="43.6267610" lon="-110.6236950">
    <ele>2041.0</ele>
   </trkpt>
   <trkpt lat="43.6268150" lon="-110.6236950">
    <ele>2041.2</ele>
   </trkpt>
   <trkpt lat="43.6268720" lon="-110.6236880">
    <ele>2041.2</ele>
   </trkpt>
   <trkpt lat="43.6269250" lon="-110.6236880">
    <ele>2041.2</ele>
   </trkpt>
   <trkpt lat="43.6269780" lon="-110.6236880">
    <ele>2041.2</ele>
   </trkpt>
   <trkpt lat="43.6270320" lon="-110.6236880">
    <ele>2041.4</ele>
   </trkpt>
   <trkpt lat="43.6270890" lon="-110.6236870">
    <ele>2041.4</ele>
   </trkpt>
   <trkpt lat="43.6271460" lon="-110.6236800">
    <ele>2041.4</ele>
   </trkpt>
   <trkpt lat="43.6272040" lon="-110.6236800">
    <ele>2041.6</ele>
   </trkpt>
   <trkpt lat="43.6272610" lon="-110.6236800">
    <ele>2041.6</ele>
   </trkpt>
   <trkpt lat="43.6273180" lon="-110.6236800">
    <ele>2041.6</ele>
   </trkpt>
   <trkpt lat="43.6273750" lon="-110.6236800">
    <ele>2041.8</ele>
   </trkpt>
   <trkpt lat="43.6274320" lon="-110.6236730">
    <ele>2041.8</ele>
   </trkpt>
   <trkpt lat="43.6274930" lon="-110.6236730">
    <ele>2041.8</ele>
   </trkpt>
   <trkpt lat="43.6275490" lon="-110.6236730">
    <ele>2041.8</ele>
   </trkpt>
   <trkpt lat="43.6276120" lon="-110.6236730">
    <ele>2042.0</ele>
   </trkpt>
   <trkpt lat="43.6276690" lon="-110.6236720">
    <ele>2042.0</ele>
   </trkpt>
   <trkpt lat="43.6277260" lon="-110.6236650">
    <ele>2042.0</ele>
   </trkpt>
   <trkpt lat="43.6277830" lon="-110.6236650">
    <ele>2042.2</ele>
   </trkpt>
   <trkpt lat="43.6278410" lon="-110.6236650">
    <ele>2042.2</ele>
   </trkpt>
   <trkpt lat="43.6279020" lon="-110.6236650">
    <ele>2042.4</ele>
   </trkpt>
   <trkpt lat="43.6279630" lon="-110.6236650">
    <ele>2042.4</ele>
   </trkpt>
   <trkpt lat="43.6280280" lon="-110.6236650">
    <ele>2042.4</ele>
   </trkpt>
   <trkpt lat="43.6280890" lon="-110.6236650">
    <ele>2042.4</ele>
   </trkpt>
   <trkpt lat="43.6281460" lon="-110.6236570">
    <ele>2042.4</ele>
   </trkpt>
   <trkpt lat="43.6282110" lon="-110.6236570">
    <ele>2042.4</ele>
   </trkpt>
   <trkpt lat="43.6282720" lon="-110.6236570">
    <ele>2042.4</ele>
   </trkpt>
   <trkpt lat="43.6283370" lon="-110.6236500">
    <ele>2042.4</ele>
   </trkpt>
   <trkpt lat="43.6284020" lon="-110.6236500">
    <ele>2042.4</ele>
   </trkpt>
   <trkpt lat="43.6284670" lon="-110.6236500">
    <ele>2042.4</ele>
   </trkpt>
   <trkpt lat="43.6285320" lon="-110.6236490">
    <ele>2042.4</ele>
   </trkpt>
   <trkpt lat="43.6285960" lon="-110.6236420">
    <ele>2042.4</ele>
   </trkpt>
   <trkpt lat="43.6286570" lon="-110.6236490">
    <ele>2042.4</ele>
   </trkpt>
   <trkpt lat="43.6287180" lon="-110.6236420">
    <ele>2042.4</ele>
   </trkpt>
   <trkpt lat="43.6287790" lon="-110.6236420">
    <ele>2042.4</ele>
   </trkpt>
   <trkpt lat="43.6288440" lon="-110.6236420">
    <ele>2042.4</ele>
   </trkpt>
   <trkpt lat="43.6289050" lon="-110.6236420">
    <ele>2042.6</ele>
   </trkpt>
   <trkpt lat="43.6289660" lon="-110.6236420">
    <ele>2042.4</ele>
   </trkpt>
   <trkpt lat="43.6290270" lon="-110.6236340">
    <ele>2042.4</ele>
   </trkpt>
   <trkpt lat="43.6290850" lon="-110.6236340">
    <ele>2042.6</ele>
   </trkpt>
   <trkpt lat="43.6291450" lon="-110.6236340">
    <ele>2042.8</ele>
   </trkpt>
   <trkpt lat="43.6292020" lon="-110.6236340">
    <ele>2042.8</ele>
   </trkpt>
   <trkpt lat="43.6292560" lon="-110.6236340">
    <ele>2042.8</ele>
   </trkpt>
   <trkpt lat="43.6293180" lon="-110.6236270">
    <ele>2043.0</ele>
   </trkpt>
   <trkpt lat="43.6293780" lon="-110.6236270">
    <ele>2043.0</ele>
   </trkpt>
   <trkpt lat="43.6294390" lon="-110.6236270">
    <ele>2042.8</ele>
   </trkpt>
   <trkpt lat="43.6295040" lon="-110.6236270">
    <ele>2042.8</ele>
   </trkpt>
   <trkpt lat="43.6295680" lon="-110.6236270">
    <ele>2042.8</ele>
   </trkpt>
   <trkpt lat="43.6296190" lon="-110.6236260">
    <ele>2042.8</ele>
   </trkpt>
   <trkpt lat="43.6296990" lon="-110.6236190">
    <ele>2042.8</ele>
   </trkpt>
   <trkpt lat="43.6297600" lon="-110.6236190">
    <ele>2042.8</ele>
   </trkpt>
   <trkpt lat="43.6298210" lon="-110.6236190">
    <ele>2042.8</ele>
   </trkpt>
   <trkpt lat="43.6298860" lon="-110.6236190">
    <ele>2042.8</ele>
   </trkpt>
   <trkpt lat="43.6299500" lon="-110.6236190">
    <ele>2042.8</ele>
   </trkpt>
   <trkpt lat="43.6300110" lon="-110.6236110">
    <ele>2042.8</ele>
   </trkpt>
   <trkpt lat="43.6300610" lon="-110.6236110">
    <ele>2043.0</ele>
   </trkpt>
   <trkpt lat="43.6301260" lon="-110.6236110">
    <ele>2043.0</ele>
   </trkpt>
   <trkpt lat="43.6302020" lon="-110.6236040">
    <ele>2043.0</ele>
   </trkpt>
   <trkpt lat="43.6302640" lon="-110.6236030">
    <ele>2043.0</ele>
   </trkpt>
   <trkpt lat="43.6303280" lon="-110.6235960">
    <ele>2043.0</ele>
   </trkpt>
   <trkpt lat="43.6303820" lon="-110.6235960">
    <ele>2043.0</ele>
   </trkpt>
   <trkpt lat="43.6304580" lon="-110.6235960">
    <ele>2042.8</ele>
   </trkpt>
   <trkpt lat="43.6305270" lon="-110.6235960">
    <ele>2042.8</ele>
   </trkpt>
   <trkpt lat="43.6305950" lon="-110.6235960">
    <ele>2042.8</ele>
   </trkpt>
   <trkpt lat="43.6306490" lon="-110.6235890">
    <ele>2042.8</ele>
   </trkpt>
   <trkpt lat="43.6307140" lon="-110.6235890">
    <ele>2042.6</ele>
   </trkpt>
   <trkpt lat="43.6307900" lon="-110.6235890">
    <ele>2042.6</ele>
   </trkpt>
   <trkpt lat="43.6308580" lon="-110.6235880">
    <ele>2042.6</ele>
   </trkpt>
   <trkpt lat="43.6309230" lon="-110.6235810">
    <ele>2042.6</ele>
   </trkpt>
   <trkpt lat="43.6309890" lon="-110.6235810">
    <ele>2042.6</ele>
   </trkpt>
   <trkpt lat="43.6310570" lon="-110.6235810">
    <ele>2042.6</ele>
   </trkpt>
   <trkpt lat="43.6311220" lon="-110.6235730">
    <ele>2042.6</ele>
   </trkpt>
   <trkpt lat="43.6311870" lon="-110.6235730">
    <ele>2042.6</ele>
   </trkpt>
   <trkpt lat="43.6312540" lon="-110.6235730">
    <ele>2042.6</ele>
   </trkpt>
   <trkpt lat="43.6313050" lon="-110.6235730">
    <ele>2042.6</ele>
   </trkpt>
   <trkpt lat="43.6313810" lon="-110.6235660">
    <ele>2042.6</ele>
   </trkpt>
   <trkpt lat="43.6314450" lon="-110.6235660">
    <ele>2042.6</ele>
   </trkpt>
   <trkpt lat="43.6314990" lon="-110.6235660">
    <ele>2042.6</ele>
   </trkpt>
   <trkpt lat="43.6315640" lon="-110.6235650">
    <ele>2042.6</ele>
   </trkpt>
   <trkpt lat="43.6316400" lon="-110.6235580">
    <ele>2042.4</ele>
   </trkpt>
   <trkpt lat="43.6317010" lon="-110.6235580">
    <ele>2042.4</ele>
   </trkpt>
   <trkpt lat="43.6317660" lon="-110.6235580">
    <ele>2042.4</ele>
   </trkpt>
   <trkpt lat="43.6318200" lon="-110.6235580">
    <ele>2042.4</ele>
   </trkpt>
   <trkpt lat="43.6318960" lon="-110.6235500">
    <ele>2042.4</ele>
   </trkpt>
   <trkpt lat="43.6319640" lon="-110.6235500">
    <ele>2042.4</ele>
   </trkpt>
   <trkpt lat="43.6320180" lon="-110.6235500">
    <ele>2042.2</ele>
   </trkpt>
   <trkpt lat="43.6320830" lon="-110.6235430">
    <ele>2042.2</ele>
   </trkpt>
   <trkpt lat="43.6321480" lon="-110.6235430">
    <ele>2042.4</ele>
   </trkpt>
   <trkpt lat="43.6322280" lon="-110.6235430">
    <ele>2042.4</ele>
   </trkpt>
   <trkpt lat="43.6322930" lon="-110.6235420">
    <ele>2042.4</ele>
   </trkpt>
   <trkpt lat="43.6323610" lon="-110.6235350">
    <ele>2042.2</ele>
   </trkpt>
   <trkpt lat="43.6324260" lon="-110.6235350">
    <ele>2042.2</ele>
   </trkpt>
   <trkpt lat="43.6324790" lon="-110.6235350">
    <ele>2042.4</ele>
   </trkpt>
   <trkpt lat="43.6325450" lon="-110.6235350">
    <ele>2042.2</ele>
   </trkpt>
   <trkpt lat="43.6326240" lon="-110.6235270">
    <ele>2042.2</ele>
   </trkpt>
   <trkpt lat="43.6326890" lon="-110.6235270">
    <ele>2042.4</ele>
   </trkpt>
   <trkpt lat="43.6327500" lon="-110.6235270">
    <ele>2042.4</ele>
   </trkpt>
   <trkpt lat="43.6328150" lon="-110.6235270">
    <ele>2042.4</ele>
   </trkpt>
   <trkpt lat="43.6328800" lon="-110.6235270">
    <ele>2042.4</ele>
   </trkpt>
   <trkpt lat="43.6329400" lon="-110.6235200">
    <ele>2042.4</ele>
   </trkpt>
   <trkpt lat="43.6329950" lon="-110.6235200">
    <ele>2042.4</ele>
   </trkpt>
   <trkpt lat="43.6330710" lon="-110.6235200">
    <ele>2042.4</ele>
   </trkpt>
   <trkpt lat="43.6331320" lon="-110.6235200">
    <ele>2042.4</ele>
   </trkpt>
   <trkpt lat="43.6331960" lon="-110.6235200">
    <ele>2042.4</ele>
   </trkpt>
   <trkpt lat="43.6332580" lon="-110.6235120">
    <ele>2042.6</ele>
   </trkpt>
   <trkpt lat="43.6333230" lon="-110.6235120">
    <ele>2042.4</ele>
   </trkpt>
   <trkpt lat="43.6333910" lon="-110.6235050">
    <ele>2042.4</ele>
   </trkpt>
   <trkpt lat="43.6334570" lon="-110.6235050">
    <ele>2042.4</ele>
   </trkpt>
   <trkpt lat="43.6335210" lon="-110.6235050">
    <ele>2042.4</ele>
   </trkpt>
   <trkpt lat="43.6335900" lon="-110.6235050">
    <ele>2042.6</ele>
   </trkpt>
   <trkpt lat="43.6336550" lon="-110.6235050">
    <ele>2042.6</ele>
   </trkpt>
   <trkpt lat="43.6337230" lon="-110.6235040">
    <ele>2042.6</ele>
   </trkpt>
   <trkpt lat="43.6337910" lon="-110.6234970">
    <ele>2042.6</ele>
   </trkpt>
   <trkpt lat="43.6338460" lon="-110.6234970">
    <ele>2042.4</ele>
   </trkpt>
   <trkpt lat="43.6339260" lon="-110.6234970">
    <ele>2042.4</ele>
   </trkpt>
   <trkpt lat="43.6339940" lon="-110.6234970">
    <ele>2042.2</ele>
   </trkpt>
   <trkpt lat="43.6340630" lon="-110.6234890">
    <ele>2042.0</ele>
   </trkpt>
   <trkpt lat="43.6341280" lon="-110.6234890">
    <ele>2042.0</ele>
   </trkpt>
   <trkpt lat="43.6341960" lon="-110.6234890">
    <ele>2041.8</ele>
   </trkpt>
   <trkpt lat="43.6342610" lon="-110.6234820">
    <ele>2041.8</ele>
   </trkpt>
   <trkpt lat="43.6343300" lon="-110.6234820">
    <ele>2041.8</ele>
   </trkpt>
   <trkpt lat="43.6343940" lon="-110.6234820">
    <ele>2041.8</ele>
   </trkpt>
   <trkpt lat="43.6344490" lon="-110.6234810">
    <ele>2041.8</ele>
   </trkpt>
   <trkpt lat="43.6345280" lon="-110.6234740">
    <ele>2041.6</ele>
   </trkpt>
   <trkpt lat="43.6345970" lon="-110.6234740">
    <ele>2041.6</ele>
   </trkpt>
   <trkpt lat="43.6346650" lon="-110.6234660">
    <ele>2041.6</ele>
   </trkpt>
   <trkpt lat="43.6347340" lon="-110.6234660">
    <ele>2041.4</ele>
   </trkpt>
   <trkpt lat="43.6348030" lon="-110.6234660">
    <ele>2041.4</ele>
   </trkpt>
   <trkpt lat="43.6348720" lon="-110.6234660">
    <ele>2041.2</ele>
   </trkpt>
   <trkpt lat="43.6349360" lon="-110.6234660">
    <ele>2041.2</ele>
   </trkpt>
   <trkpt lat="43.6349900" lon="-110.6234590">
    <ele>2041.4</ele>
   </trkpt>
   <trkpt lat="43.6350520" lon="-110.6234590">
    <ele>2041.4</ele>
   </trkpt>
   <trkpt lat="43.6351270" lon="-110.6234590">
    <ele>2041.4</ele>
   </trkpt>
   <trkpt lat="43.6351960" lon="-110.6234510">
    <ele>2041.4</ele>
   </trkpt>
   <trkpt lat="43.6352650" lon="-110.6234510">
    <ele>2041.4</ele>
   </trkpt>
   <trkpt lat="43.6353330" lon="-110.6234510">
    <ele>2041.2</ele>
   </trkpt>
   <trkpt lat="43.6354020" lon="-110.6234510">
    <ele>2041.2</ele>
   </trkpt>
   <trkpt lat="43.6354710" lon="-110.6234510">
    <ele>2041.0</ele>
   </trkpt>
   <trkpt lat="43.6355430" lon="-110.6234510">
    <ele>2041.0</ele>
   </trkpt>
   <trkpt lat="43.6356110" lon="-110.6234440">
    <ele>2041.0</ele>
   </trkpt>
   <trkpt lat="43.6356650" lon="-110.6234440">
    <ele>2041.0</ele>
   </trkpt>
   <trkpt lat="43.6357490" lon="-110.6234440">
    <ele>2041.0</ele>
   </trkpt>
   <trkpt lat="43.6358210" lon="-110.6234440">
    <ele>2041.0</ele>
   </trkpt>
   <trkpt lat="43.6358860" lon="-110.6234440">
    <ele>2041.0</ele>
   </trkpt>
   <trkpt lat="43.6359550" lon="-110.6234430">
    <ele>2041.0</ele>
   </trkpt>
   <trkpt lat="43.6360120" lon="-110.6234360">
    <ele>2041.0</ele>
   </trkpt>
   <trkpt lat="43.6360810" lon="-110.6234360">
    <ele>2041.0</ele>
   </trkpt>
   <trkpt lat="43.6361640" lon="-110.6234360">
    <ele>2041.0</ele>
   </trkpt>
   <trkpt lat="43.6362180" lon="-110.6234360">
    <ele>2041.0</ele>
   </trkpt>
   <trkpt lat="43.6362870" lon="-110.6234360">
    <ele>2040.8</ele>
   </trkpt>
   <trkpt lat="43.6363550" lon="-110.6234360">
    <ele>2040.8</ele>
   </trkpt>
   <trkpt lat="43.6364250" lon="-110.6234280">
    <ele>2040.8</ele>
   </trkpt>
   <trkpt lat="43.6365080" lon="-110.6234280">
    <ele>2040.8</ele>
   </trkpt>
   <trkpt lat="43.6365620" lon="-110.6234280">
    <ele>2040.8</ele>
   </trkpt>
   <trkpt lat="43.6366310" lon="-110.6234280">
    <ele>2040.6</ele>
   </trkpt>
   <trkpt lat="43.6367140" lon="-110.6234210">
    <ele>2040.8</ele>
   </trkpt>
   <trkpt lat="43.6367820" lon="-110.6234210">
    <ele>2040.8</ele>
   </trkpt>
   <trkpt lat="43.6368360" lon="-110.6234210">
    <ele>2040.8</ele>
   </trkpt>
   <trkpt lat="43.6369050" lon="-110.6234200">
    <ele>2041.0</ele>
   </trkpt>
   <trkpt lat="43.6369880" lon="-110.6234130">
    <ele>2040.8</ele>
   </trkpt>
   <trkpt lat="43.6370420" lon="-110.6234130">
    <ele>2041.0</ele>
   </trkpt>
   <trkpt lat="43.6371080" lon="-110.6234130">
    <ele>2041.0</ele>
   </trkpt>
   <trkpt lat="43.6371860" lon="-110.6234130">
    <ele>2041.2</ele>
   </trkpt>
   <trkpt lat="43.6372370" lon="-110.6234130">
    <ele>2041.2</ele>
   </trkpt>
   <trkpt lat="43.6373060" lon="-110.6234130">
    <ele>2041.2</ele>
   </trkpt>
   <trkpt lat="43.6373850" lon="-110.6234050">
    <ele>2041.2</ele>
   </trkpt>
   <trkpt lat="43.6374390" lon="-110.6234050">
    <ele>2041.2</ele>
   </trkpt>
   <trkpt lat="43.6375080" lon="-110.6234050">
    <ele>2041.2</ele>
   </trkpt>
   <trkpt lat="43.6375760" lon="-110.6234050">
    <ele>2041.2</ele>
   </trkpt>
   <trkpt lat="43.6376520" lon="-110.6234050">
    <ele>2041.2</ele>
   </trkpt>
   <trkpt lat="43.6377170" lon="-110.6233980">
    <ele>2041.2</ele>
   </trkpt>
   <trkpt lat="43.6377670" lon="-110.6233970">
    <ele>2041.2</ele>
   </trkpt>
   <trkpt lat="43.6378360" lon="-110.6233900">
    <ele>2041.2</ele>
   </trkpt>
   <trkpt lat="43.6379040" lon="-110.6233900">
    <ele>2041.0</ele>
   </trkpt>
   <trkpt lat="43.6379690" lon="-110.6233900">
    <ele>2041.0</ele>
   </trkpt>
   <trkpt lat="43.6380380" lon="-110.6233900">
    <ele>2041.0</ele>
   </trkpt>
   <trkpt lat="43.6381060" lon="-110.6233900">
    <ele>2041.0</ele>
   </trkpt>
   <trkpt lat="43.6381720" lon="-110.6233900">
    <ele>2041.0</ele>
   </trkpt>
   <trkpt lat="43.6382410" lon="-110.6233830">
    <ele>2041.0</ele>
   </trkpt>
   <trkpt lat="43.6383200" lon="-110.6233820">
    <ele>2041.0</ele>
   </trkpt>
   <trkpt lat="43.6383890" lon="-110.6233750">
    <ele>2041.0</ele>
   </trkpt>
   <trkpt lat="43.6384530" lon="-110.6233750">
    <ele>2041.0</ele>
   </trkpt>
   <trkpt lat="43.6385070" lon="-110.6233750">
    <ele>2041.0</ele>
   </trkpt>
   <trkpt lat="43.6385790" lon="-110.6233750">
    <ele>2041.0</ele>
   </trkpt>
   <trkpt lat="43.6386600" lon="-110.6233670">
    <ele>2041.0</ele>
   </trkpt>
   <trkpt lat="43.6387280" lon="-110.6233670">
    <ele>2041.0</ele>
   </trkpt>
   <trkpt lat="43.6387860" lon="-110.6233670">
    <ele>2041.0</ele>
   </trkpt>
   <trkpt lat="43.6388510" lon="-110.6233670">
    <ele>2041.0</ele>
   </trkpt>
   <trkpt lat="43.6389340" lon="-110.6233600">
    <ele>2041.0</ele>
   </trkpt>
   <trkpt lat="43.6389920" lon="-110.6233670">
    <ele>2041.0</ele>
   </trkpt>
   <trkpt lat="43.6390560" lon="-110.6233670">
    <ele>2041.0</ele>
   </trkpt>
   <trkpt lat="43.6391250" lon="-110.6233670">
    <ele>2041.0</ele>
   </trkpt>
   <trkpt lat="43.6391940" lon="-110.6233670">
    <ele>2041.0</ele>
   </trkpt>
   <trkpt lat="43.6392630" lon="-110.6233600">
    <ele>2041.0</ele>
   </trkpt>
   <trkpt lat="43.6393350" lon="-110.6233600">
    <ele>2041.0</ele>
   </trkpt>
   <trkpt lat="43.6393990" lon="-110.6233590">
    <ele>2041.0</ele>
   </trkpt>
   <trkpt lat="43.6394690" lon="-110.6233520">
    <ele>2040.8</ele>
   </trkpt>
   <trkpt lat="43.6395530" lon="-110.6233520">
    <ele>2040.8</ele>
   </trkpt>
   <trkpt lat="43.6396210" lon="-110.6233520">
    <ele>2040.8</ele>
   </trkpt>
   <trkpt lat="43.6396890" lon="-110.6233520">
    <ele>2041.0</ele>
   </trkpt>
   <trkpt lat="43.6397430" lon="-110.6233520">
    <ele>2041.0</ele>
   </trkpt>
   <trkpt lat="43.6398090" lon="-110.6233440">
    <ele>2041.0</ele>
   </trkpt>
   <trkpt lat="43.6398920" lon="-110.6233440">
    <ele>2041.0</ele>
   </trkpt>
   <trkpt lat="43.6399450" lon="-110.6233440">
    <ele>2041.0</ele>
   </trkpt>
   <trkpt lat="43.6400130" lon="-110.6233440">
    <ele>2041.0</ele>
   </trkpt>
   <trkpt lat="43.6400830" lon="-110.6233440">
    <ele>2041.0</ele>
   </trkpt>
   <trkpt lat="43.6401670" lon="-110.6233440">
    <ele>2041.0</ele>
   </trkpt>
   <trkpt lat="43.6402340" lon="-110.6233370">
    <ele>2041.0</ele>
   </trkpt>
   <trkpt lat="43.6402890" lon="-110.6233370">
    <ele>2041.0</ele>
   </trkpt>
   <trkpt lat="43.6403730" lon="-110.6233370">
    <ele>2041.0</ele>
   </trkpt>
   <trkpt lat="43.6404440" lon="-110.6233370">
    <ele>2041.2</ele>
   </trkpt>
   <trkpt lat="43.6404980" lon="-110.6233370">
    <ele>2041.2</ele>
   </trkpt>
   <trkpt lat="43.6405820" lon="-110.6233370">
    <ele>2041.0</ele>
   </trkpt>
   <trkpt lat="43.6406390" lon="-110.6233370">
    <ele>2041.2</ele>
   </trkpt>
   <trkpt lat="43.6407080" lon="-110.6233360">
    <ele>2041.0</ele>
   </trkpt>
   <trkpt lat="43.6407730" lon="-110.6233290">
    <ele>2041.0</ele>
   </trkpt>
   <trkpt lat="43.6408420" lon="-110.6233300">
    <ele>2041.0</ele>
   </trkpt>
   <trkpt lat="43.6409070" lon="-110.6233370">
    <ele>2041.0</ele>
   </trkpt>
   <trkpt lat="43.6409720" lon="-110.6233370">
    <ele>2041.0</ele>
   </trkpt>
   <trkpt lat="43.6410480" lon="-110.6233370">
    <ele>2041.2</ele>
   </trkpt>
   <trkpt lat="43.6411120" lon="-110.6233370">
    <ele>2041.4</ele>
   </trkpt>
   <trkpt lat="43.6411730" lon="-110.6233370">
    <ele>2041.4</ele>
   </trkpt>
   <trkpt lat="43.6412240" lon="-110.6233370">
    <ele>2041.4</ele>
   </trkpt>
   <trkpt lat="43.6412990" lon="-110.6233370">
    <ele>2041.6</ele>
   </trkpt>
   <trkpt lat="43.6413600" lon="-110.6233370">
    <ele>2041.6</ele>
   </trkpt>
   <trkpt lat="43.6414210" lon="-110.6233370">
    <ele>2041.6</ele>
   </trkpt>
   <trkpt lat="43.6414860" lon="-110.6233440">
    <ele>2041.8</ele>
   </trkpt>
   <trkpt lat="43.6415360" lon="-110.6233440">
    <ele>2041.8</ele>
   </trkpt>
   <trkpt lat="43.6415940" lon="-110.6233440">
    <ele>2041.8</ele>
   </trkpt>
   <trkpt lat="43.6416690" lon="-110.6233450">
    <ele>2042.0</ele>
   </trkpt>
   <trkpt lat="43.6417150" lon="-110.6233520">
    <ele>2042.0</ele>
   </trkpt>
   <trkpt lat="43.6417720" lon="-110.6233520">
    <ele>2042.2</ele>
   </trkpt>
   <trkpt lat="43.6418300" lon="-110.6233520">
    <ele>2042.4</ele>
   </trkpt>
   <trkpt lat="43.6418980" lon="-110.6233600">
    <ele>2042.6</ele>
   </trkpt>
   <trkpt lat="43.6419590" lon="-110.6233600">
    <ele>2042.6</ele>
   </trkpt>
   <trkpt lat="43.6420090" lon="-110.6233600">
    <ele>2042.8</ele>
   </trkpt>
   <trkpt lat="43.6420700" lon="-110.6233600">
    <ele>2042.8</ele>
   </trkpt>
   <trkpt lat="43.6421320" lon="-110.6233670">
    <ele>2042.8</ele>
   </trkpt>
   <trkpt lat="43.6422030" lon="-110.6233670">
    <ele>2043.0</ele>
   </trkpt>
   <trkpt lat="43.6422530" lon="-110.6233670">
    <ele>2043.0</ele>
   </trkpt>
   <trkpt lat="43.6423110" lon="-110.6233680">
    <ele>2043.2</ele>
   </trkpt>
   <trkpt lat="43.6423790" lon="-110.6233750">
    <ele>2043.2</ele>
   </trkpt>
   <trkpt lat="43.6424400" lon="-110.6233750">
    <ele>2043.2</ele>
   </trkpt>
   <trkpt lat="43.6424900" lon="-110.6233750">
    <ele>2043.4</ele>
   </trkpt>
   <trkpt lat="43.6425580" lon="-110.6233830">
    <ele>2043.6</ele>
   </trkpt>
   <trkpt lat="43.6426080" lon="-110.6233830">
    <ele>2043.6</ele>
   </trkpt>
   <trkpt lat="43.6426690" lon="-110.6233830">
    <ele>2043.8</ele>
   </trkpt>
   <trkpt lat="43.6427370" lon="-110.6233900">
    <ele>2043.8</ele>
   </trkpt>
   <trkpt lat="43.6427830" lon="-110.6233900">
    <ele>2044.0</ele>
   </trkpt>
   <trkpt lat="43.6428400" lon="-110.6233900">
    <ele>2044.2</ele>
   </trkpt>
   <trkpt lat="43.6428990" lon="-110.6233900">
    <ele>2044.2</ele>
   </trkpt>
   <trkpt lat="43.6429670" lon="-110.6233910">
    <ele>2044.4</ele>
   </trkpt>
   <trkpt lat="43.6430270" lon="-110.6233980">
    <ele>2044.6</ele>
   </trkpt>
   <trkpt lat="43.6430840" lon="-110.6233980">
    <ele>2044.8</ele>
   </trkpt>
   <trkpt lat="43.6431420" lon="-110.6234050">
    <ele>2045.0</ele>
   </trkpt>
   <trkpt lat="43.6431980" lon="-110.6234060">
    <ele>2045.2</ele>
   </trkpt>
   <trkpt lat="43.6432450" lon="-110.6234130">
    <ele>2045.2</ele>
   </trkpt>
   <trkpt lat="43.6433020" lon="-110.6234130">
    <ele>2045.4</ele>
   </trkpt>
   <trkpt lat="43.6433590" lon="-110.6234130">
    <ele>2045.6</ele>
   </trkpt>
   <trkpt lat="43.6434130" lon="-110.6234140">
    <ele>2045.6</ele>
   </trkpt>
   <trkpt lat="43.6434700" lon="-110.6234210">
    <ele>2045.8</ele>
   </trkpt>
   <trkpt lat="43.6435230" lon="-110.6234210">
    <ele>2046.0</ele>
   </trkpt>
   <trkpt lat="43.6435800" lon="-110.6234280">
    <ele>2046.0</ele>
   </trkpt>
   <trkpt lat="43.6436340" lon="-110.6234280">
    <ele>2046.0</ele>
   </trkpt>
   <trkpt lat="43.6436870" lon="-110.6234290">
    <ele>2046.0</ele>
   </trkpt>
   <trkpt lat="43.6437400" lon="-110.6234320">
    <ele>2046.2</ele>
   </trkpt>
   <trkpt lat="43.6437940" lon="-110.6234360">
    <ele>2046.4</ele>
   </trkpt>
   <trkpt lat="43.6438470" lon="-110.6234360">
    <ele>2046.4</ele>
   </trkpt>
   <trkpt lat="43.6438970" lon="-110.6234440">
    <ele>2046.6</ele>
   </trkpt>
   <trkpt lat="43.6439500" lon="-110.6234440">
    <ele>2046.8</ele>
   </trkpt>
   <trkpt lat="43.6440110" lon="-110.6234510">
    <ele>2047.0</ele>
   </trkpt>
   <trkpt lat="43.6440600" lon="-110.6234520">
    <ele>2047.0</ele>
   </trkpt>
   <trkpt lat="43.6441020" lon="-110.6234590">
    <ele>2047.2</ele>
   </trkpt>
   <trkpt lat="43.6441490" lon="-110.6234590">
    <ele>2047.4</ele>
   </trkpt>
   <trkpt lat="43.6442080" lon="-110.6234590">
    <ele>2047.8</ele>
   </trkpt>
   <trkpt lat="43.6442480" lon="-110.6234590">
    <ele>2048.0</ele>
   </trkpt>
   <trkpt lat="43.6443010" lon="-110.6234660">
    <ele>2048.0</ele>
   </trkpt>
   <trkpt lat="43.6443510" lon="-110.6234670">
    <ele>2048.2</ele>
   </trkpt>
   <trkpt lat="43.6444000" lon="-110.6234740">
    <ele>2048.4</ele>
   </trkpt>
   <trkpt lat="43.6444500" lon="-110.6234820">
    <ele>2048.4</ele>
   </trkpt>
   <trkpt lat="43.6445100" lon="-110.6234820">
    <ele>2048.6</ele>
   </trkpt>
   <trkpt lat="43.6445480" lon="-110.6234820">
    <ele>2048.6</ele>
   </trkpt>
   <trkpt lat="43.6445990" lon="-110.6234900">
    <ele>2048.8</ele>
   </trkpt>
   <trkpt lat="43.6446550" lon="-110.6234970">
    <ele>2048.8</ele>
   </trkpt>
   <trkpt lat="43.6447050" lon="-110.6234970">
    <ele>2048.8</ele>
   </trkpt>
   <trkpt lat="43.6447540" lon="-110.6234970">
    <ele>2049.0</ele>
   </trkpt>
   <trkpt lat="43.6447930" lon="-110.6234970">
    <ele>2049.0</ele>
   </trkpt>
   <trkpt lat="43.6448420" lon="-110.6234970">
    <ele>2049.2</ele>
   </trkpt>
   <trkpt lat="43.6448950" lon="-110.6234970">
    <ele>2049.4</ele>
   </trkpt>
   <trkpt lat="43.6449340" lon="-110.6234970">
    <ele>2049.4</ele>
   </trkpt>
   <trkpt lat="43.6449760" lon="-110.6235050">
    <ele>2049.6</ele>
   </trkpt>
   <trkpt lat="43.6450220" lon="-110.6235120">
    <ele>2049.8</ele>
   </trkpt>
   <trkpt lat="43.6450740" lon="-110.6235120">
    <ele>2050.0</ele>
   </trkpt>
   <trkpt lat="43.6451130" lon="-110.6235120">
    <ele>2050.0</ele>
   </trkpt>
   <trkpt lat="43.6451660" lon="-110.6235200">
    <ele>2050.2</ele>
   </trkpt>
   <trkpt lat="43.6452010" lon="-110.6235200">
    <ele>2050.2</ele>
   </trkpt>
   <trkpt lat="43.6452540" lon="-110.6235270">
    <ele>2050.4</ele>
   </trkpt>
   <trkpt lat="43.6452960" lon="-110.6235270">
    <ele>2050.6</ele>
   </trkpt>
   <trkpt lat="43.6453350" lon="-110.6235270">
    <ele>2050.6</ele>
   </trkpt>
   <trkpt lat="43.6453840" lon="-110.6235270">
    <ele>2050.8</ele>
   </trkpt>
   <trkpt lat="43.6454330" lon="-110.6235280">
    <ele>2051.0</ele>
   </trkpt>
   <trkpt lat="43.6454790" lon="-110.6235350">
    <ele>2051.0</ele>
   </trkpt>
   <trkpt lat="43.6455250" lon="-110.6235350">
    <ele>2051.0</ele>
   </trkpt>
   <trkpt lat="43.6455710" lon="-110.6235350">
    <ele>2051.2</ele>
   </trkpt>
   <trkpt lat="43.6456210" lon="-110.6235350">
    <ele>2051.4</ele>
   </trkpt>
   <trkpt lat="43.6456700" lon="-110.6235430">
    <ele>2051.6</ele>
   </trkpt>
   <trkpt lat="43.6457200" lon="-110.6235430">
    <ele>2051.8</ele>
   </trkpt>
   <trkpt lat="43.6457730" lon="-110.6235430">
    <ele>2051.8</ele>
   </trkpt>
   <trkpt lat="43.6458230" lon="-110.6235430">
    <ele>2051.8</ele>
   </trkpt>
   <trkpt lat="43.6458760" lon="-110.6235430">
    <ele>2052.0</ele>
   </trkpt>
   <trkpt lat="43.6459260" lon="-110.6235500">
    <ele>2052.2</ele>
   </trkpt>
   <trkpt lat="43.6459750" lon="-110.6235500">
    <ele>2052.4</ele>
   </trkpt>
   <trkpt lat="43.6460210" lon="-110.6235500">
    <ele>2052.6</ele>
   </trkpt>
   <trkpt lat="43.6460710" lon="-110.6235500">
    <ele>2052.6</ele>
   </trkpt>
   <trkpt lat="43.6461280" lon="-110.6235510">
    <ele>2052.8</ele>
   </trkpt>
   <trkpt lat="43.6461740" lon="-110.6235580">
    <ele>2053.0</ele>
   </trkpt>
   <trkpt lat="43.6462190" lon="-110.6235580">
    <ele>2053.0</ele>
   </trkpt>
   <trkpt lat="43.6462650" lon="-110.6235580">
    <ele>2053.2</ele>
   </trkpt>
   <trkpt lat="43.6463100" lon="-110.6235580">
    <ele>2053.4</ele>
   </trkpt>
   <trkpt lat="43.6463450" lon="-110.6235580">
    <ele>2053.6</ele>
   </trkpt>
   <trkpt lat="43.6463880" lon="-110.6235660">
    <ele>2053.8</ele>
   </trkpt>
   <trkpt lat="43.6464410" lon="-110.6235660">
    <ele>2054.0</ele>
   </trkpt>
   <trkpt lat="43.6464860" lon="-110.6235660">
    <ele>2054.2</ele>
   </trkpt>
   <trkpt lat="43.6465280" lon="-110.6235730">
    <ele>2054.4</ele>
   </trkpt>
   <trkpt lat="43.6465630" lon="-110.6235730">
    <ele>2054.6</ele>
   </trkpt>
   <trkpt lat="43.6466160" lon="-110.6235730">
    <ele>2054.8</ele>
   </trkpt>
   <trkpt lat="43.6466580" lon="-110.6235740">
    <ele>2054.8</ele>
   </trkpt>
   <trkpt lat="43.6467040" lon="-110.6235810">
    <ele>2055.0</ele>
   </trkpt>
   <trkpt lat="43.6467500" lon="-110.6235810">
    <ele>2055.0</ele>
   </trkpt>
   <trkpt lat="43.6467950" lon="-110.6235730">
    <ele>2055.2</ele>
   </trkpt>
   <trkpt lat="43.6468370" lon="-110.6235730">
    <ele>2055.4</ele>
   </trkpt>
   <trkpt lat="43.6468790" lon="-110.6235730">
    <ele>2055.6</ele>
   </trkpt>
   <trkpt lat="43.6469210" lon="-110.6235730">
    <ele>2055.8</ele>
   </trkpt>
   <trkpt lat="43.6469620" lon="-110.6235730">
    <ele>2056.0</ele>
   </trkpt>
   <trkpt lat="43.6469940" lon="-110.6235740">
    <ele>2056.2</ele>
   </trkpt>
   <trkpt lat="43.6470390" lon="-110.6235810">
    <ele>2056.4</ele>
   </trkpt>
   <trkpt lat="43.6470770" lon="-110.6235810">
    <ele>2056.8</ele>
   </trkpt>
   <trkpt lat="43.6471110" lon="-110.6235810">
    <ele>2057.0</ele>
   </trkpt>
   <trkpt lat="43.6471420" lon="-110.6235890">
    <ele>2057.2</ele>
   </trkpt>
   <trkpt lat="43.6471770" lon="-110.6235890">
    <ele>2057.4</ele>
   </trkpt>
   <trkpt lat="43.6472220" lon="-110.6235890">
    <ele>2057.6</ele>
   </trkpt>
   <trkpt lat="43.6472560" lon="-110.6235890">
    <ele>2058.0</ele>
   </trkpt>
   <trkpt lat="43.6472830" lon="-110.6235890">
    <ele>2058.2</ele>
   </trkpt>
   <trkpt lat="43.6473180" lon="-110.6235880">
    <ele>2058.4</ele>
   </trkpt>
   <trkpt lat="43.6473630" lon="-110.6235810">
    <ele>2058.6</ele>
   </trkpt>
   <trkpt lat="43.6473970" lon="-110.6235890">
    <ele>2059.0</ele>
   </trkpt>
   <trkpt lat="43.6474280" lon="-110.6235890">
    <ele>2059.2</ele>
   </trkpt>
   <trkpt lat="43.6474620" lon="-110.6235890">
    <ele>2059.4</ele>
   </trkpt>
   <trkpt lat="43.6474970" lon="-110.6235890">
    <ele>2059.6</ele>
   </trkpt>
   <trkpt lat="43.6475310" lon="-110.6235960">
    <ele>2059.8</ele>
   </trkpt>
   <trkpt lat="43.6475620" lon="-110.6235970">
    <ele>2060.0</ele>
   </trkpt>
   <trkpt lat="43.6475960" lon="-110.6236040">
    <ele>2060.2</ele>
   </trkpt>
   <trkpt lat="43.6476230" lon="-110.6236040">
    <ele>2060.4</ele>
   </trkpt>
   <trkpt lat="43.6476610" lon="-110.6236110">
    <ele>2060.6</ele>
   </trkpt>
   <trkpt lat="43.6477020" lon="-110.6236110">
    <ele>2060.8</ele>
   </trkpt>
   <trkpt lat="43.6477300" lon="-110.6236110">
    <ele>2061.0</ele>
   </trkpt>
   <trkpt lat="43.6477680" lon="-110.6236110">
    <ele>2061.2</ele>
   </trkpt>
   <trkpt lat="43.6478020" lon="-110.6236110">
    <ele>2061.4</ele>
   </trkpt>
   <trkpt lat="43.6478480" lon="-110.6236110">
    <ele>2061.6</ele>
   </trkpt>
   <trkpt lat="43.6478900" lon="-110.6236110">
    <ele>2061.8</ele>
   </trkpt>
   <trkpt lat="43.6479250" lon="-110.6236110">
    <ele>2061.8</ele>
   </trkpt>
   <trkpt lat="43.6479660" lon="-110.6236110">
    <ele>2062.0</ele>
   </trkpt>
   <trkpt lat="43.6479970" lon="-110.6236110">
    <ele>2062.2</ele>
   </trkpt>
   <trkpt lat="43.6480350" lon="-110.6236110">
    <ele>2062.2</ele>
   </trkpt>
   <trkpt lat="43.6480770" lon="-110.6236110">
    <ele>2062.4</ele>
   </trkpt>
   <trkpt lat="43.6481150" lon="-110.6236110">
    <ele>2062.4</ele>
   </trkpt>
   <trkpt lat="43.6481650" lon="-110.6236110">
    <ele>2062.6</ele>
   </trkpt>
   <trkpt lat="43.6482070" lon="-110.6236110">
    <ele>2062.6</ele>
   </trkpt>
   <trkpt lat="43.6482480" lon="-110.6236120">
    <ele>2062.6</ele>
   </trkpt>
   <trkpt lat="43.6482830" lon="-110.6236190">
    <ele>2062.6</ele>
   </trkpt>
   <trkpt lat="43.6483290" lon="-110.6236190">
    <ele>2062.6</ele>
   </trkpt>
   <trkpt lat="43.6483820" lon="-110.6236190">
    <ele>2062.6</ele>
   </trkpt>
   <trkpt lat="43.6484320" lon="-110.6236190">
    <ele>2062.6</ele>
   </trkpt>
   <trkpt lat="43.6484770" lon="-110.6236190">
    <ele>2062.6</ele>
   </trkpt>
   <trkpt lat="43.6485160" lon="-110.6236190">
    <ele>2062.6</ele>
   </trkpt>
   <trkpt lat="43.6485660" lon="-110.6236190">
    <ele>2062.6</ele>
   </trkpt>
   <trkpt lat="43.6486270" lon="-110.6236190">
    <ele>2062.6</ele>
   </trkpt>
   <trkpt lat="43.6486770" lon="-110.6236190">
    <ele>2062.4</ele>
   </trkpt>
   <trkpt lat="43.6487300" lon="-110.6236190">
    <ele>2062.4</ele>
   </trkpt>
   <trkpt lat="43.6487830" lon="-110.6236270">
    <ele>2062.2</ele>
   </trkpt>
   <trkpt lat="43.6488400" lon="-110.6236270">
    <ele>2062.2</ele>
   </trkpt>
   <trkpt lat="43.6488930" lon="-110.6236270">
    <ele>2062.2</ele>
   </trkpt>
   <trkpt lat="43.6489400" lon="-110.6236270">
    <ele>2062.2</ele>
   </trkpt>
   <trkpt lat="43.6489970" lon="-110.6236270">
    <ele>2062.2</ele>
   </trkpt>
   <trkpt lat="43.6490500" lon="-110.6236270">
    <ele>2062.2</ele>
   </trkpt>
   <trkpt lat="43.6491040" lon="-110.6236270">
    <ele>2062.2</ele>
   </trkpt>
   <trkpt lat="43.6491530" lon="-110.6236270">
    <ele>2062.2</ele>
   </trkpt>
   <trkpt lat="43.6492030" lon="-110.6236260">
    <ele>2062.4</ele>
   </trkpt>
   <trkpt lat="43.6492530" lon="-110.6236190">
    <ele>2062.4</ele>
   </trkpt>
   <trkpt lat="43.6493170" lon="-110.6236190">
    <ele>2062.6</ele>
   </trkpt>
   <trkpt lat="43.6493670" lon="-110.6236190">
    <ele>2062.6</ele>
   </trkpt>
   <trkpt lat="43.6494160" lon="-110.6236190">
    <ele>2062.8</ele>
   </trkpt>
   <trkpt lat="43.6494590" lon="-110.6236190">
    <ele>2062.8</ele>
   </trkpt>
   <trkpt lat="43.6495190" lon="-110.6236190">
    <ele>2063.0</ele>
   </trkpt>
   <trkpt lat="43.6495690" lon="-110.6236190">
    <ele>2063.0</ele>
   </trkpt>
   <trkpt lat="43.6496180" lon="-110.6236190">
    <ele>2063.2</ele>
   </trkpt>
   <trkpt lat="43.6496640" lon="-110.6236270">
    <ele>2063.2</ele>
   </trkpt>
   <trkpt lat="43.6497030" lon="-110.6236270">
    <ele>2063.4</ele>
   </trkpt>
   <trkpt lat="43.6497630" lon="-110.6236270">
    <ele>2063.4</ele>
   </trkpt>
   <trkpt lat="43.6498130" lon="-110.6236270">
    <ele>2063.6</ele>
   </trkpt>
   <trkpt lat="43.6498620" lon="-110.6236270">
    <ele>2063.8</ele>
   </trkpt>
   <trkpt lat="43.6499010" lon="-110.6236270">
    <ele>2063.8</ele>
   </trkpt>
   <trkpt lat="43.6499550" lon="-110.6236270">
    <ele>2063.8</ele>
   </trkpt>
   <trkpt lat="43.6500190" lon="-110.6236340">
    <ele>2064.0</ele>
   </trkpt>
   <trkpt lat="43.6500680" lon="-110.6236350">
    <ele>2064.0</ele>
   </trkpt>
   <trkpt lat="43.6501110" lon="-110.6236420">
    <ele>2064.0</ele>
   </trkpt>
   <trkpt lat="43.6501750" lon="-110.6236420">
    <ele>2064.2</ele>
   </trkpt>
   <trkpt lat="43.6502180" lon="-110.6236420">
    <ele>2064.4</ele>
   </trkpt>
   <trkpt lat="43.6502780" lon="-110.6236500">
    <ele>2064.6</ele>
   </trkpt>
   <trkpt lat="43.6503240" lon="-110.6236490">
    <ele>2064.6</ele>
   </trkpt>
   <trkpt lat="43.6503620" lon="-110.6236420">
    <ele>2064.8</ele>
   </trkpt>
   <trkpt lat="43.6504090" lon="-110.6236420">
    <ele>2065.0</ele>
   </trkpt>
   <trkpt lat="43.6504730" lon="-110.6236420">
    <ele>2065.0</ele>
   </trkpt>
   <trkpt lat="43.6505260" lon="-110.6236500">
    <ele>2065.2</ele>
   </trkpt>
   <trkpt lat="43.6505730" lon="-110.6236500">
    <ele>2065.2</ele>
   </trkpt>
   <trkpt lat="43.6506330" lon="-110.6236500">
    <ele>2065.2</ele>
   </trkpt>
   <trkpt lat="43.6506830" lon="-110.6236570">
    <ele>2065.4</ele>
   </trkpt>
   <trkpt lat="43.6507330" lon="-110.6236570">
    <ele>2065.6</ele>
   </trkpt>
   <trkpt lat="43.6507820" lon="-110.6236570">
    <ele>2065.6</ele>
   </trkpt>
   <trkpt lat="43.6508240" lon="-110.6236570">
    <ele>2065.8</ele>
   </trkpt>
   <trkpt lat="43.6508740" lon="-110.6236570">
    <ele>2066.0</ele>
   </trkpt>
   <trkpt lat="43.6509310" lon="-110.6236570">
    <ele>2066.0</ele>
   </trkpt>
   <trkpt lat="43.6509730" lon="-110.6236570">
    <ele>2066.2</ele>
   </trkpt>
   <trkpt lat="43.6510230" lon="-110.6236570">
    <ele>2066.2</ele>
   </trkpt>
   <trkpt lat="43.6510830" lon="-110.6236580">
    <ele>2066.4</ele>
   </trkpt>
   <trkpt lat="43.6511320" lon="-110.6236650">
    <ele>2066.4</ele>
   </trkpt>
   <trkpt lat="43.6511710" lon="-110.6236650">
    <ele>2066.6</ele>
   </trkpt>
   <trkpt lat="43.6512210" lon="-110.6236730">
    <ele>2066.6</ele>
   </trkpt>
   <trkpt lat="43.6512740" lon="-110.6236730">
    <ele>2066.8</ele>
   </trkpt>
   <trkpt lat="43.6513200" lon="-110.6236730">
    <ele>2067.0</ele>
   </trkpt>
   <trkpt lat="43.6513700" lon="-110.6236730">
    <ele>2067.0</ele>
   </trkpt>
   <trkpt lat="43.6514230" lon="-110.6236730">
    <ele>2067.2</ele>
   </trkpt>
   <trkpt lat="43.6514760" lon="-110.6236800">
    <ele>2067.2</ele>
   </trkpt>
   <trkpt lat="43.6515300" lon="-110.6236800">
    <ele>2067.4</ele>
   </trkpt>
   <trkpt lat="43.6515830" lon="-110.6236800">
    <ele>2067.4</ele>
   </trkpt>
   <trkpt lat="43.6516370" lon="-110.6236800">
    <ele>2067.6</ele>
   </trkpt>
   <trkpt lat="43.6516970" lon="-110.6236800">
    <ele>2067.6</ele>
   </trkpt>
   <trkpt lat="43.6517440" lon="-110.6236880">
    <ele>2067.6</ele>
   </trkpt>
   <trkpt lat="43.6517970" lon="-110.6236880">
    <ele>2067.8</ele>
   </trkpt>
   <trkpt lat="43.6518580" lon="-110.6236880">
    <ele>2067.8</ele>
   </trkpt>
   <trkpt lat="43.6519110" lon="-110.6236880">
    <ele>2067.8</ele>
   </trkpt>
   <trkpt lat="43.6519540" lon="-110.6236880">
    <ele>2067.8</ele>
   </trkpt>
   <trkpt lat="43.6520140" lon="-110.6236880">
    <ele>2068.0</ele>
   </trkpt>
   <trkpt lat="43.6520560" lon="-110.6236880">
    <ele>2068.0</ele>
   </trkpt>
   <trkpt lat="43.6521060" lon="-110.6236880">
    <ele>2068.2</ele>
   </trkpt>
   <trkpt lat="43.6521660" lon="-110.6236880">
    <ele>2068.4</ele>
   </trkpt>
   <trkpt lat="43.6522050" lon="-110.6236880">
    <ele>2068.4</ele>
   </trkpt>
   <trkpt lat="43.6522590" lon="-110.6236950">
    <ele>2068.6</ele>
   </trkpt>
   <trkpt lat="43.6523190" lon="-110.6236950">
    <ele>2068.6</ele>
   </trkpt>
   <trkpt lat="43.6523610" lon="-110.6236950">
    <ele>2068.8</ele>
   </trkpt>
   <trkpt lat="43.6524120" lon="-110.6236950">
    <ele>2068.8</ele>
   </trkpt>
   <trkpt lat="43.6524750" lon="-110.6236950">
    <ele>2068.8</ele>
   </trkpt>
   <trkpt lat="43.6525150" lon="-110.6236960">
    <ele>2068.8</ele>
   </trkpt>
   <trkpt lat="43.6525790" lon="-110.6237030">
    <ele>2069.0</ele>
   </trkpt>
   <trkpt lat="43.6526320" lon="-110.6237030">
    <ele>2069.2</ele>
   </trkpt>
   <trkpt lat="43.6526820" lon="-110.6237030">
    <ele>2069.2</ele>
   </trkpt>
   <trkpt lat="43.6527310" lon="-110.6237030">
    <ele>2069.4</ele>
   </trkpt>
   <trkpt lat="43.6527690" lon="-110.6237030">
    <ele>2069.4</ele>
   </trkpt>
   <trkpt lat="43.6528260" lon="-110.6237110">
    <ele>2069.4</ele>
   </trkpt>
   <trkpt lat="43.6528730" lon="-110.6237110">
    <ele>2069.6</ele>
   </trkpt>
   <trkpt lat="43.6529220" lon="-110.6237180">
    <ele>2069.6</ele>
   </trkpt>
   <trkpt lat="43.6529680" lon="-110.6237180">
    <ele>2069.8</ele>
   </trkpt>
   <trkpt lat="43.6530220" lon="-110.6237110">
    <ele>2069.8</ele>
   </trkpt>
   <trkpt lat="43.6530860" lon="-110.6237110">
    <ele>2069.8</ele>
   </trkpt>
   <trkpt lat="43.6531350" lon="-110.6237110">
    <ele>2069.8</ele>
   </trkpt>
   <trkpt lat="43.6531780" lon="-110.6237110">
    <ele>2070.0</ele>
   </trkpt>
   <trkpt lat="43.6532390" lon="-110.6237110">
    <ele>2070.0</ele>
   </trkpt>
   <trkpt lat="43.6532910" lon="-110.6237110">
    <ele>2070.2</ele>
   </trkpt>
   <trkpt lat="43.6533340" lon="-110.6237180">
    <ele>2070.4</ele>
   </trkpt>
   <trkpt lat="43.6533840" lon="-110.6237180">
    <ele>2070.4</ele>
   </trkpt>
   <trkpt lat="43.6534370" lon="-110.6237180">
    <ele>2070.6</ele>
   </trkpt>
   <trkpt lat="43.6534910" lon="-110.6237190">
    <ele>2070.6</ele>
   </trkpt>
   <trkpt lat="43.6535560" lon="-110.6237260">
    <ele>2070.6</ele>
   </trkpt>
   <trkpt lat="43.6536090" lon="-110.6237260">
    <ele>2070.8</ele>
   </trkpt>
   <trkpt lat="43.6536580" lon="-110.6237340">
    <ele>2070.8</ele>
   </trkpt>
   <trkpt lat="43.6537010" lon="-110.6237340">
    <ele>2070.8</ele>
   </trkpt>
   <trkpt lat="43.6537610" lon="-110.6237340">
    <ele>2071.0</ele>
   </trkpt>
   <trkpt lat="43.6538140" lon="-110.6237410">
    <ele>2071.0</ele>
   </trkpt>
   <trkpt lat="43.6538570" lon="-110.6237490">
    <ele>2071.2</ele>
   </trkpt>
   <trkpt lat="43.6539100" lon="-110.6237490">
    <ele>2071.2</ele>
   </trkpt>
   <trkpt lat="43.6539640" lon="-110.6237570">
    <ele>2071.4</ele>
   </trkpt>
   <trkpt lat="43.6540280" lon="-110.6237720">
    <ele>2071.6</ele>
   </trkpt>
   <trkpt lat="43.6540810" lon="-110.6237870">
    <ele>2071.8</ele>
   </trkpt>
   <trkpt lat="43.6541280" lon="-110.6237950">
    <ele>2071.8</ele>
   </trkpt>
   <trkpt lat="43.6541890" lon="-110.6238100">
    <ele>2072.0</ele>
   </trkpt>
   <trkpt lat="43.6542420" lon="-110.6238260">
    <ele>2072.0</ele>
   </trkpt>
   <trkpt lat="43.6542920" lon="-110.6238410">
    <ele>2072.0</ele>
   </trkpt>
   <trkpt lat="43.6543450" lon="-110.6238560">
    <ele>2072.2</ele>
   </trkpt>
   <trkpt lat="43.6543870" lon="-110.6238720">
    <ele>2072.2</ele>
   </trkpt>
   <trkpt lat="43.6544370" lon="-110.6238950">
    <ele>2072.4</ele>
   </trkpt>
   <trkpt lat="43.6544970" lon="-110.6239170">
    <ele>2072.4</ele>
   </trkpt>
   <trkpt lat="43.6545360" lon="-110.6239330">
    <ele>2072.4</ele>
   </trkpt>
   <trkpt lat="43.6545850" lon="-110.6239560">
    <ele>2072.4</ele>
   </trkpt>
   <trkpt lat="43.6546350" lon="-110.6239790">
    <ele>2072.4</ele>
   </trkpt>
   <trkpt lat="43.6546850" lon="-110.6240090">
    <ele>2072.6</ele>
   </trkpt>
   <trkpt lat="43.6547450" lon="-110.6240320">
    <ele>2072.6</ele>
   </trkpt>
   <trkpt lat="43.6547840" lon="-110.6240550">
    <ele>2072.8</ele>
   </trkpt>
   <trkpt lat="43.6548340" lon="-110.6240790">
    <ele>2072.8</ele>
   </trkpt>
   <trkpt lat="43.6548900" lon="-110.6241160">
    <ele>2072.8</ele>
   </trkpt>
   <trkpt lat="43.6549290" lon="-110.6241390">
    <ele>2072.8</ele>
   </trkpt>
   <trkpt lat="43.6549780" lon="-110.6241700">
    <ele>2072.8</ele>
   </trkpt>
   <trkpt lat="43.6550280" lon="-110.6241930">
    <ele>2073.0</ele>
   </trkpt>
   <trkpt lat="43.6550850" lon="-110.6242310">
    <ele>2072.8</ele>
   </trkpt>
   <trkpt lat="43.6551270" lon="-110.6242540">
    <ele>2072.8</ele>
   </trkpt>
   <trkpt lat="43.6551680" lon="-110.6242840">
    <ele>2072.8</ele>
   </trkpt>
   <trkpt lat="43.6552150" lon="-110.6243150">
    <ele>2072.8</ele>
   </trkpt>
   <trkpt lat="43.6552610" lon="-110.6243460">
    <ele>2072.8</ele>
   </trkpt>
   <trkpt lat="43.6553140" lon="-110.6243920">
    <ele>2072.8</ele>
   </trkpt>
   <trkpt lat="43.6553590" lon="-110.6244290">
    <ele>2072.8</ele>
   </trkpt>
   <trkpt lat="43.6553980" lon="-110.6244600">
    <ele>2073.0</ele>
   </trkpt>
   <trkpt lat="43.6554480" lon="-110.6244980">
    <ele>2072.8</ele>
   </trkpt>
   <trkpt lat="43.6555040" lon="-110.6245440">
    <ele>2073.0</ele>
   </trkpt>
   <trkpt lat="43.6555430" lon="-110.6245740">
    <ele>2073.0</ele>
   </trkpt>
   <trkpt lat="43.6555920" lon="-110.6246130">
    <ele>2073.2</ele>
   </trkpt>
   <trkpt lat="43.6556380" lon="-110.6246590">
    <ele>2073.2</ele>
   </trkpt>
   <trkpt lat="43.6556840" lon="-110.6246970">
    <ele>2073.0</ele>
   </trkpt>
   <trkpt lat="43.6557370" lon="-110.6247420">
    <ele>2073.2</ele>
   </trkpt>
   <trkpt lat="43.6557720" lon="-110.6247730">
    <ele>2073.2</ele>
   </trkpt>
   <trkpt lat="43.6558170" lon="-110.6248190">
    <ele>2073.2</ele>
   </trkpt>
   <trkpt lat="43.6558590" lon="-110.6248570">
    <ele>2073.0</ele>
   </trkpt>
   <trkpt lat="43.6558980" lon="-110.6249030">
    <ele>2072.8</ele>
   </trkpt>
   <trkpt lat="43.6559470" lon="-110.6249560">
    <ele>2073.0</ele>
   </trkpt>
   <trkpt lat="43.6559880" lon="-110.6250020">
    <ele>2072.8</ele>
   </trkpt>
   <trkpt lat="43.6560190" lon="-110.6250400">
    <ele>2073.0</ele>
   </trkpt>
   <trkpt lat="43.6560580" lon="-110.6250870">
    <ele>2072.8</ele>
   </trkpt>
   <trkpt lat="43.6561070" lon="-110.6251470">
    <ele>2072.8</ele>
   </trkpt>
   <trkpt lat="43.6561450" lon="-110.6251850">
    <ele>2072.8</ele>
   </trkpt>
   <trkpt lat="43.6561910" lon="-110.6252310">
    <ele>2072.8</ele>
   </trkpt>
   <trkpt lat="43.6562410" lon="-110.6252850">
    <ele>2072.8</ele>
   </trkpt>
   <trkpt lat="43.6562870" lon="-110.6253390">
    <ele>2072.8</ele>
   </trkpt>
   <trkpt lat="43.6563430" lon="-110.6254140">
    <ele>2072.8</ele>
   </trkpt>
   <trkpt lat="43.6563860" lon="-110.6254600">
    <ele>2072.8</ele>
   </trkpt>
   <trkpt lat="43.6564350" lon="-110.6255210">
    <ele>2072.6</ele>
   </trkpt>
   <trkpt lat="43.6564860" lon="-110.6255760">
    <ele>2072.6</ele>
   </trkpt>
   <trkpt lat="43.6565460" lon="-110.6256510">
    <ele>2072.6</ele>
   </trkpt>
   <trkpt lat="43.6565850" lon="-110.6256970">
    <ele>2072.4</ele>
   </trkpt>
   <trkpt lat="43.6566370" lon="-110.6257500">
    <ele>2072.4</ele>
   </trkpt>
   <trkpt lat="43.6566870" lon="-110.6258110">
    <ele>2072.4</ele>
   </trkpt>
   <trkpt lat="43.6567370" lon="-110.6258650">
    <ele>2072.4</ele>
   </trkpt>
   <trkpt lat="43.6567940" lon="-110.6259330">
    <ele>2072.2</ele>
   </trkpt>
   <trkpt lat="43.6568430" lon="-110.6259860">
    <ele>2072.2</ele>
   </trkpt>
   <trkpt lat="43.6568810" lon="-110.6260320">
    <ele>2072.2</ele>
   </trkpt>
   <trkpt lat="43.6569280" lon="-110.6260860">
    <ele>2072.2</ele>
   </trkpt>
   <trkpt lat="43.6569840" lon="-110.6261540">
    <ele>2072.4</ele>
   </trkpt>
   <trkpt lat="43.6570230" lon="-110.6261930">
    <ele>2072.4</ele>
   </trkpt>
   <trkpt lat="43.6570680" lon="-110.6262460">
    <ele>2072.4</ele>
   </trkpt>
   <trkpt lat="43.6571140" lon="-110.6263000">
    <ele>2072.2</ele>
   </trkpt>
   <trkpt lat="43.6571600" lon="-110.6263530">
    <ele>2072.4</ele>
   </trkpt>
   <trkpt lat="43.6572020" lon="-110.6264070">
    <ele>2072.4</ele>
   </trkpt>
   <trkpt lat="43.6572590" lon="-110.6264740">
    <ele>2072.4</ele>
   </trkpt>
   <trkpt lat="43.6572970" lon="-110.6265130">
    <ele>2072.2</ele>
   </trkpt>
   <trkpt lat="43.6573400" lon="-110.6265670">
    <ele>2072.2</ele>
   </trkpt>
   <trkpt lat="43.6573890" lon="-110.6266210">
    <ele>2072.2</ele>
   </trkpt>
   <trkpt lat="43.6574420" lon="-110.6266880">
    <ele>2072.2</ele>
   </trkpt>
   <trkpt lat="43.6574810" lon="-110.6267340">
    <ele>2072.2</ele>
   </trkpt>
   <trkpt lat="43.6575300" lon="-110.6267880">
    <ele>2072.2</ele>
   </trkpt>
   <trkpt lat="43.6575760" lon="-110.6268410">
    <ele>2072.2</ele>
   </trkpt>
   <trkpt lat="43.6576220" lon="-110.6268950">
    <ele>2072.2</ele>
   </trkpt>
   <trkpt lat="43.6576710" lon="-110.6269480">
    <ele>2072.0</ele>
   </trkpt>
   <trkpt lat="43.6577210" lon="-110.6270010">
    <ele>2072.0</ele>
   </trkpt>
   <trkpt lat="43.6577710" lon="-110.6270550">
    <ele>2072.2</ele>
   </trkpt>
   <trkpt lat="43.6578200" lon="-110.6271080">
    <ele>2072.2</ele>
   </trkpt>
   <trkpt lat="43.6578660" lon="-110.6271690">
    <ele>2072.2</ele>
   </trkpt>
   <trkpt lat="43.6579120" lon="-110.6272230">
    <ele>2072.2</ele>
   </trkpt>
   <trkpt lat="43.6579680" lon="-110.6272910">
    <ele>2072.2</ele>
   </trkpt>
   <trkpt lat="43.6580070" lon="-110.6273370">
    <ele>2072.2</ele>
   </trkpt>
   <trkpt lat="43.6580570" lon="-110.6273910">
    <ele>2072.2</ele>
   </trkpt>
   <trkpt lat="43.6581060" lon="-110.6274440">
    <ele>2072.2</ele>
   </trkpt>
   <trkpt lat="43.6581670" lon="-110.6275120">
    <ele>2072.2</ele>
   </trkpt>
   <trkpt lat="43.6582050" lon="-110.6275510">
    <ele>2072.0</ele>
   </trkpt>
   <trkpt lat="43.6582510" lon="-110.6276120">
    <ele>2071.8</ele>
   </trkpt>
   <trkpt lat="43.6583010" lon="-110.6276660">
    <ele>2071.8</ele>
   </trkpt>
   <trkpt lat="43.6583470" lon="-110.6277260">
    <ele>2071.6</ele>
   </trkpt>
   <trkpt lat="43.6584030" lon="-110.6277870">
    <ele>2071.6</ele>
   </trkpt>
   <trkpt lat="43.6584420" lon="-110.6278330">
    <ele>2072.0</ele>
   </trkpt>
   <trkpt lat="43.6584920" lon="-110.6278870">
    <ele>2072.0</ele>
   </trkpt>
   <trkpt lat="43.6585370" lon="-110.6279470">
    <ele>2071.8</ele>
   </trkpt>
   <trkpt lat="43.6585870" lon="-110.6280010">
    <ele>2071.6</ele>
   </trkpt>
   <trkpt lat="43.6586360" lon="-110.6280620">
    <ele>2071.4</ele>
   </trkpt>
   <trkpt lat="43.6586860" lon="-110.6281230">
    <ele>2071.2</ele>
   </trkpt>
   <trkpt lat="43.6587360" lon="-110.6281770">
    <ele>2071.0</ele>
   </trkpt>
   <trkpt lat="43.6587860" lon="-110.6282380">
    <ele>2071.0</ele>
   </trkpt>
   <trkpt lat="43.6588460" lon="-110.6283060">
    <ele>2071.0</ele>
   </trkpt>
   <trkpt lat="43.6588890" lon="-110.6283520">
    <ele>2070.8</ele>
   </trkpt>
   <trkpt lat="43.6589420" lon="-110.6284130">
    <ele>2071.0</ele>
   </trkpt>
   <trkpt lat="43.6590030" lon="-110.6284740">
    <ele>2070.8</ele>
   </trkpt>
   <trkpt lat="43.6590560" lon="-110.6285350">
    <ele>2070.8</ele>
   </trkpt>
   <trkpt lat="43.6590980" lon="-110.6285810">
    <ele>2070.8</ele>
   </trkpt>
   <trkpt lat="43.6591480" lon="-110.6286420">
    <ele>2070.6</ele>
   </trkpt>
   <trkpt lat="43.6592020" lon="-110.6286960">
    <ele>2070.6</ele>
   </trkpt>
   <trkpt lat="43.6592620" lon="-110.6287640">
    <ele>2070.6</ele>
   </trkpt>
   <trkpt lat="43.6593160" lon="-110.6288250">
    <ele>2070.6</ele>
   </trkpt>
   <trkpt lat="43.6593650" lon="-110.6288850">
    <ele>2070.6</ele>
   </trkpt>
   <trkpt lat="43.6594110" lon="-110.6289320">
    <ele>2070.6</ele>
   </trkpt>
   <trkpt lat="43.6594610" lon="-110.6289850">
    <ele>2070.6</ele>
   </trkpt>
   <trkpt lat="43.6595210" lon="-110.6290540">
    <ele>2070.6</ele>
   </trkpt>
   <trkpt lat="43.6595630" lon="-110.6291000">
    <ele>2070.6</ele>
   </trkpt>
   <trkpt lat="43.6596130" lon="-110.6291610">
    <ele>2070.6</ele>
   </trkpt>
   <trkpt lat="43.6596590" lon="-110.6292150">
    <ele>2070.6</ele>
   </trkpt>
   <trkpt lat="43.6597120" lon="-110.6292760">
    <ele>2070.2</ele>
   </trkpt>
   <trkpt lat="43.6597620" lon="-110.6293360">
    <ele>2070.4</ele>
   </trkpt>
   <trkpt lat="43.6598120" lon="-110.6293900">
    <ele>2070.4</ele>
   </trkpt>
   <trkpt lat="43.6598610" lon="-110.6294510">
    <ele>2070.4</ele>
   </trkpt>
   <trkpt lat="43.6599110" lon="-110.6295040">
    <ele>2070.4</ele>
   </trkpt>
   <trkpt lat="43.6599640" lon="-110.6295650">
    <ele>2070.4</ele>
   </trkpt>
   <trkpt lat="43.6600140" lon="-110.6296260">
    <ele>2070.4</ele>
   </trkpt>
   <trkpt lat="43.6600630" lon="-110.6296800">
    <ele>2070.2</ele>
   </trkpt>
   <trkpt lat="43.6601140" lon="-110.6297410">
    <ele>2070.2</ele>
   </trkpt>
   <trkpt lat="43.6601770" lon="-110.6298090">
    <ele>2070.2</ele>
   </trkpt>
   <trkpt lat="43.6602200" lon="-110.6298550">
    <ele>2070.2</ele>
   </trkpt>
   <trkpt lat="43.6602690" lon="-110.6299160">
    <ele>2070.0</ele>
   </trkpt>
   <trkpt lat="43.6603190" lon="-110.6299770">
    <ele>2070.0</ele>
   </trkpt>
   <trkpt lat="43.6603720" lon="-110.6300380">
    <ele>2070.0</ele>
   </trkpt>
   <trkpt lat="43.6604220" lon="-110.6300920">
    <ele>2070.0</ele>
   </trkpt>
   <trkpt lat="43.6604750" lon="-110.6301520">
    <ele>2070.0</ele>
   </trkpt>
   <trkpt lat="43.6605290" lon="-110.6302060">
    <ele>2070.0</ele>
   </trkpt>
   <trkpt lat="43.6605860" lon="-110.6302670">
    <ele>2070.0</ele>
   </trkpt>
   <trkpt lat="43.6606390" lon="-110.6303280">
    <ele>2070.0</ele>
   </trkpt>
   <trkpt lat="43.6606930" lon="-110.6303810">
    <ele>2070.0</ele>
   </trkpt>
   <trkpt lat="43.6607540" lon="-110.6304340">
    <ele>2070.0</ele>
   </trkpt>
   <trkpt lat="43.6608110" lon="-110.6304880">
    <ele>2070.0</ele>
   </trkpt>
   <trkpt lat="43.6608690" lon="-110.6305420">
    <ele>2070.0</ele>
   </trkpt>
   <trkpt lat="43.6609260" lon="-110.6305950">
    <ele>2070.0</ele>
   </trkpt>
   <trkpt lat="43.6609930" lon="-110.6306550">
    <ele>2070.0</ele>
   </trkpt>
   <trkpt lat="43.6610400" lon="-110.6306940">
    <ele>2070.0</ele>
   </trkpt>
   <trkpt lat="43.6610970" lon="-110.6307390">
    <ele>2070.0</ele>
   </trkpt>
   <trkpt lat="43.6611560" lon="-110.6307860">
    <ele>2070.0</ele>
   </trkpt>
   <trkpt lat="43.6612270" lon="-110.6308460">
    <ele>2070.2</ele>
   </trkpt>
   <trkpt lat="43.6612830" lon="-110.6308840">
    <ele>2070.2</ele>
   </trkpt>
   <trkpt lat="43.6613340" lon="-110.6309220">
    <ele>2070.2</ele>
   </trkpt>
   <trkpt lat="43.6613910" lon="-110.6309610">
    <ele>2070.2</ele>
   </trkpt>
   <trkpt lat="43.6614530" lon="-110.6310070">
    <ele>2070.4</ele>
   </trkpt>
   <trkpt lat="43.6615200" lon="-110.6310590">
    <ele>2070.6</ele>
   </trkpt>
   <trkpt lat="43.6615710" lon="-110.6310910">
    <ele>2070.6</ele>
   </trkpt>
   <trkpt lat="43.6616280" lon="-110.6311370">
    <ele>2070.4</ele>
   </trkpt>
   <trkpt lat="43.6616850" lon="-110.6311820">
    <ele>2070.4</ele>
   </trkpt>
   <trkpt lat="43.6617570" lon="-110.6312360">
    <ele>2070.4</ele>
   </trkpt>
   <trkpt lat="43.6618140" lon="-110.6312880">
    <ele>2070.4</ele>
   </trkpt>
   <trkpt lat="43.6618680" lon="-110.6313190">
    <ele>2070.2</ele>
   </trkpt>
   <trkpt lat="43.6619290" lon="-110.6313650">
    <ele>2070.2</ele>
   </trkpt>
   <trkpt lat="43.6619900" lon="-110.6314110">
    <ele>2070.2</ele>
   </trkpt>
   <trkpt lat="43.6620510" lon="-110.6314640">
    <ele>2070.2</ele>
   </trkpt>
   <trkpt lat="43.6621120" lon="-110.6315100">
    <ele>2070.2</ele>
   </trkpt>
   <trkpt lat="43.6621730" lon="-110.6315560">
    <ele>2070.2</ele>
   </trkpt>
   <trkpt lat="43.6622340" lon="-110.6316020">
    <ele>2070.2</ele>
   </trkpt>
   <trkpt lat="43.6622950" lon="-110.6316470">
    <ele>2070.2</ele>
   </trkpt>
   <trkpt lat="43.6623570" lon="-110.6316930">
    <ele>2070.0</ele>
   </trkpt>
   <trkpt lat="43.6624210" lon="-110.6317390">
    <ele>2070.0</ele>
   </trkpt>
   <trkpt lat="43.6624790" lon="-110.6317850">
    <ele>2070.2</ele>
   </trkpt>
   <trkpt lat="43.6625440" lon="-110.6318310">
    <ele>2070.0</ele>
   </trkpt>
   <trkpt lat="43.6626200" lon="-110.6318920">
    <ele>2070.0</ele>
   </trkpt>
   <trkpt lat="43.6626800" lon="-110.6319370">
    <ele>2070.0</ele>
   </trkpt>
   <trkpt lat="43.6627300" lon="-110.6319750">
    <ele>2070.0</ele>
   </trkpt>
   <trkpt lat="43.6627920" lon="-110.6320210">
    <ele>2069.8</ele>
   </trkpt>
   <trkpt lat="43.6628680" lon="-110.6320750">
    <ele>2069.8</ele>
   </trkpt>
   <trkpt lat="43.6629290" lon="-110.6321210">
    <ele>2069.8</ele>
   </trkpt>
   <trkpt lat="43.6629890" lon="-110.6321650">
    <ele>2069.8</ele>
   </trkpt>
   <trkpt lat="43.6630400" lon="-110.6321970">
    <ele>2069.8</ele>
   </trkpt>
   <trkpt lat="43.6631050" lon="-110.6322510">
    <ele>2069.8</ele>
   </trkpt>
   <trkpt lat="43.6631730" lon="-110.6323040">
    <ele>2069.6</ele>
   </trkpt>
   <trkpt lat="43.6632330" lon="-110.6323490">
    <ele>2069.6</ele>
   </trkpt>
   <trkpt lat="43.6632840" lon="-110.6323870">
    <ele>2069.4</ele>
   </trkpt>
   <trkpt lat="43.6633560" lon="-110.6324260">
    <ele>2069.2</ele>
   </trkpt>
   <trkpt lat="43.6634290" lon="-110.6324720">
    <ele>2069.0</ele>
   </trkpt>
   <trkpt lat="43.6635020" lon="-110.6325180">
    <ele>2069.2</ele>
   </trkpt>
   <trkpt lat="43.6635850" lon="-110.6325780">
    <ele>2069.2</ele>
   </trkpt>
   <trkpt lat="43.6636420" lon="-110.6326240">
    <ele>2069.2</ele>
   </trkpt>
   <trkpt lat="43.6637150" lon="-110.6326710">
    <ele>2069.0</ele>
   </trkpt>
   <trkpt lat="43.6637840" lon="-110.6327320">
    <ele>2069.0</ele>
   </trkpt>
   <trkpt lat="43.6638680" lon="-110.6327920">
    <ele>2068.8</ele>
   </trkpt>
   <trkpt lat="43.6639290" lon="-110.6328300">
    <ele>2068.8</ele>
   </trkpt>
   <trkpt lat="43.6640020" lon="-110.6328840">
    <ele>2068.8</ele>
   </trkpt>
   <trkpt lat="43.6640840" lon="-110.6329440">
    <ele>2068.8</ele>
   </trkpt>
   <trkpt lat="43.6641380" lon="-110.6329910">
    <ele>2068.8</ele>
   </trkpt>
   <trkpt lat="43.6642070" lon="-110.6330440">
    <ele>2068.6</ele>
   </trkpt>
   <trkpt lat="43.6642760" lon="-110.6330980">
    <ele>2068.6</ele>
   </trkpt>
   <trkpt lat="43.6643480" lon="-110.6331510">
    <ele>2068.6</ele>
   </trkpt>
   <trkpt lat="43.6644140" lon="-110.6331970">
    <ele>2068.8</ele>
   </trkpt>
   <trkpt lat="43.6644920" lon="-110.6332570">
    <ele>2068.8</ele>
   </trkpt>
   <trkpt lat="43.6645430" lon="-110.6333030">
    <ele>2068.8</ele>
   </trkpt>
   <trkpt lat="43.6646120" lon="-110.6333490">
    <ele>2068.8</ele>
   </trkpt>
   <trkpt lat="43.6646900" lon="-110.6334090">
    <ele>2068.8</ele>
   </trkpt>
   <trkpt lat="43.6647450" lon="-110.6334480">
    <ele>2068.8</ele>
   </trkpt>
   <trkpt lat="43.6648130" lon="-110.6334940">
    <ele>2068.8</ele>
   </trkpt>
   <trkpt lat="43.6648770" lon="-110.6335460">
    <ele>2068.8</ele>
   </trkpt>
   <trkpt lat="43.6649430" lon="-110.6335930">
    <ele>2068.8</ele>
   </trkpt>
   <trkpt lat="43.6650110" lon="-110.6336460">
    <ele>2068.8</ele>
   </trkpt>
   <trkpt lat="43.6650770" lon="-110.6336920">
    <ele>2068.8</ele>
   </trkpt>
   <trkpt lat="43.6651490" lon="-110.6337380">
    <ele>2068.8</ele>
   </trkpt>
   <trkpt lat="43.6652180" lon="-110.6337830">
    <ele>2068.6</ele>
   </trkpt>
   <trkpt lat="43.6652910" lon="-110.6338220">
    <ele>2068.6</ele>
   </trkpt>
   <trkpt lat="43.6653750" lon="-110.6338600">
    <ele>2068.6</ele>
   </trkpt>
   <trkpt lat="43.6654470" lon="-110.6338970">
    <ele>2068.4</ele>
   </trkpt>
   <trkpt lat="43.6655080" lon="-110.6339280">
    <ele>2068.4</ele>
   </trkpt>
   <trkpt lat="43.6655850" lon="-110.6339590">
    <ele>2068.4</ele>
   </trkpt>
   <trkpt lat="43.6656660" lon="-110.6339890">
    <ele>2068.2</ele>
   </trkpt>
   <trkpt lat="43.6657590" lon="-110.6340190">
    <ele>2068.2</ele>
   </trkpt>
   <trkpt lat="43.6658250" lon="-110.6340420">
    <ele>2068.2</ele>
   </trkpt>
   <trkpt lat="43.6659010" lon="-110.6340650">
    <ele>2068.2</ele>
   </trkpt>
   <trkpt lat="43.6659820" lon="-110.6340950">
    <ele>2068.0</ele>
   </trkpt>
   <trkpt lat="43.6660620" lon="-110.6341180">
    <ele>2067.8</ele>
   </trkpt>
   <trkpt lat="43.6661430" lon="-110.6341340">
    <ele>2068.0</ele>
   </trkpt>
   <trkpt lat="43.6662360" lon="-110.6341560">
    <ele>2068.0</ele>
   </trkpt>
   <trkpt lat="43.6662980" lon="-110.6341630">
    <ele>2068.2</ele>
   </trkpt>
   <trkpt lat="43.6663780" lon="-110.6341710">
    <ele>2068.2</ele>
   </trkpt>
   <trkpt lat="43.6664550" lon="-110.6341790">
    <ele>2068.4</ele>
   </trkpt>
   <trkpt lat="43.6665310" lon="-110.6341860">
    <ele>2068.4</ele>
   </trkpt>
   <trkpt lat="43.6666220" lon="-110.6341930">
    <ele>2068.6</ele>
   </trkpt>
   <trkpt lat="43.6666830" lon="-110.6341930">
    <ele>2068.8</ele>
   </trkpt>
   <trkpt lat="43.6667600" lon="-110.6341930">
    <ele>2068.8</ele>
   </trkpt>
   <trkpt lat="43.6668460" lon="-110.6341930">
    <ele>2068.8</ele>
   </trkpt>
   <trkpt lat="43.6669040" lon="-110.6341940">
    <ele>2069.0</ele>
   </trkpt>
   <trkpt lat="43.6669760" lon="-110.6342010">
    <ele>2069.2</ele>
   </trkpt>
   <trkpt lat="43.6670540" lon="-110.6342090">
    <ele>2069.2</ele>
   </trkpt>
   <trkpt lat="43.6671400" lon="-110.6342090">
    <ele>2069.2</ele>
   </trkpt>
   <trkpt lat="43.6672130" lon="-110.6342160">
    <ele>2069.4</ele>
   </trkpt>
   <trkpt lat="43.6672700" lon="-110.6342160">
    <ele>2069.4</ele>
   </trkpt>
   <trkpt lat="43.6673430" lon="-110.6342160">
    <ele>2069.6</ele>
   </trkpt>
   <trkpt lat="43.6674270" lon="-110.6342160">
    <ele>2069.6</ele>
   </trkpt>
   <trkpt lat="43.6674990" lon="-110.6342090">
    <ele>2069.6</ele>
   </trkpt>
   <trkpt lat="43.6675570" lon="-110.6342090">
    <ele>2069.8</ele>
   </trkpt>
   <trkpt lat="43.6676250" lon="-110.6342160">
    <ele>2069.8</ele>
   </trkpt>
   <trkpt lat="43.6676990" lon="-110.6342160">
    <ele>2069.8</ele>
   </trkpt>
   <trkpt lat="43.6677850" lon="-110.6342160">
    <ele>2069.8</ele>
   </trkpt>
   <trkpt lat="43.6678420" lon="-110.6342170">
    <ele>2069.8</ele>
   </trkpt>
   <trkpt lat="43.6679120" lon="-110.6342240">
    <ele>2070.0</ele>
   </trkpt>
   <trkpt lat="43.6679800" lon="-110.6342240">
    <ele>2070.0</ele>
   </trkpt>
   <trkpt lat="43.6680490" lon="-110.6342240">
    <ele>2070.0</ele>
   </trkpt>
   <trkpt lat="43.6681210" lon="-110.6342240">
    <ele>2070.0</ele>
   </trkpt>
   <trkpt lat="43.6681890" lon="-110.6342320">
    <ele>2070.0</ele>
   </trkpt>
   <trkpt lat="43.6682580" lon="-110.6342320">
    <ele>2070.2</ele>
   </trkpt>
   <trkpt lat="43.6683270" lon="-110.6342320">
    <ele>2070.2</ele>
   </trkpt>
   <trkpt lat="43.6683950" lon="-110.6342320">
    <ele>2070.4</ele>
   </trkpt>
   <trkpt lat="43.6684640" lon="-110.6342320">
    <ele>2070.4</ele>
   </trkpt>
   <trkpt lat="43.6685330" lon="-110.6342320">
    <ele>2070.4</ele>
   </trkpt>
   <trkpt lat="43.6686020" lon="-110.6342310">
    <ele>2070.6</ele>
   </trkpt>
   <trkpt lat="43.6686710" lon="-110.6342230">
    <ele>2070.6</ele>
   </trkpt>
   <trkpt lat="43.6687400" lon="-110.6342160">
    <ele>2070.6</ele>
   </trkpt>
   <trkpt lat="43.6688190" lon="-110.6342080">
    <ele>2070.8</ele>
   </trkpt>
   <trkpt lat="43.6688720" lon="-110.6341930">
    <ele>2070.8</ele>
   </trkpt>
   <trkpt lat="43.6689370" lon="-110.6341770">
    <ele>2070.8</ele>
   </trkpt>
   <trkpt lat="43.6690030" lon="-110.6341540">
    <ele>2071.0</ele>
   </trkpt>
   <trkpt lat="43.6690820" lon="-110.6341320">
    <ele>2071.2</ele>
   </trkpt>
   <trkpt lat="43.6691400" lon="-110.6341150">
    <ele>2071.2</ele>
   </trkpt>
   <trkpt lat="43.6692040" lon="-110.6340850">
    <ele>2071.2</ele>
   </trkpt>
   <trkpt lat="43.6692690" lon="-110.6340550">
    <ele>2071.4</ele>
   </trkpt>
   <trkpt lat="43.6693300" lon="-110.6340240">
    <ele>2071.2</ele>
   </trkpt>
   <trkpt lat="43.6693950" lon="-110.6339860">
    <ele>2071.4</ele>
   </trkpt>
   <trkpt lat="43.6694560" lon="-110.6339480">
    <ele>2071.4</ele>
   </trkpt>
   <trkpt lat="43.6695170" lon="-110.6339170">
    <ele>2071.6</ele>
   </trkpt>
   <trkpt lat="43.6695810" lon="-110.6338710">
    <ele>2071.6</ele>
   </trkpt>
   <trkpt lat="43.6696440" lon="-110.6338320">
    <ele>2071.6</ele>
   </trkpt>
   <trkpt lat="43.6697180" lon="-110.6337870">
    <ele>2071.8</ele>
   </trkpt>
   <trkpt lat="43.6697760" lon="-110.6337490">
    <ele>2071.8</ele>
   </trkpt>
   <trkpt lat="43.6698290" lon="-110.6337190">
    <ele>2072.0</ele>
   </trkpt>
   <trkpt lat="43.6698880" lon="-110.6336800">
    <ele>2072.0</ele>
   </trkpt>
   <trkpt lat="43.6699630" lon="-110.6336350">
    <ele>2072.2</ele>
   </trkpt>
   <trkpt lat="43.6700200" lon="-110.6335970">
    <ele>2072.2</ele>
   </trkpt>
   <trkpt lat="43.6700700" lon="-110.6335660">
    <ele>2072.2</ele>
   </trkpt>
   <trkpt lat="43.6701350" lon="-110.6335280">
    <ele>2072.2</ele>
   </trkpt>
   <trkpt lat="43.6702000" lon="-110.6334890">
    <ele>2072.2</ele>
   </trkpt>
   <trkpt lat="43.6702650" lon="-110.6334520">
    <ele>2072.4</ele>
   </trkpt>
   <trkpt lat="43.6703370" lon="-110.6334140">
    <ele>2072.4</ele>
   </trkpt>
   <trkpt lat="43.6703900" lon="-110.6333910">
    <ele>2072.4</ele>
   </trkpt>
   <trkpt lat="43.6704560" lon="-110.6333600">
    <ele>2072.4</ele>
   </trkpt>
   <trkpt lat="43.6705360" lon="-110.6333300">
    <ele>2072.6</ele>
   </trkpt>
   <trkpt lat="43.6706000" lon="-110.6333000">
    <ele>2072.6</ele>
   </trkpt>
   <trkpt lat="43.6706550" lon="-110.6332850">
    <ele>2072.6</ele>
   </trkpt>
   <trkpt lat="43.6707220" lon="-110.6332700">
    <ele>2072.6</ele>
   </trkpt>
   <trkpt lat="43.6707910" lon="-110.6332540">
    <ele>2072.8</ele>
   </trkpt>
   <trkpt lat="43.6708600" lon="-110.6332390">
    <ele>2072.6</ele>
   </trkpt>
   <trkpt lat="43.6709280" lon="-110.6332320">
    <ele>2072.8</ele>
   </trkpt>
   <trkpt lat="43.6709970" lon="-110.6332250">
    <ele>2072.8</ele>
   </trkpt>
   <trkpt lat="43.6710660" lon="-110.6332250">
    <ele>2073.0</ele>
   </trkpt>
   <trkpt lat="43.6711350" lon="-110.6332250">
    <ele>2073.0</ele>
   </trkpt>
   <trkpt lat="43.6712040" lon="-110.6332250">
    <ele>2073.0</ele>
   </trkpt>
   <trkpt lat="43.6712720" lon="-110.6332320">
    <ele>2072.8</ele>
   </trkpt>
   <trkpt lat="43.6713560" lon="-110.6332410">
    <ele>2072.8</ele>
   </trkpt>
   <trkpt lat="43.6714140" lon="-110.6332560">
    <ele>2072.8</ele>
   </trkpt>
   <trkpt lat="43.6714820" lon="-110.6332710">
    <ele>2072.8</ele>
   </trkpt>
   <trkpt lat="43.6715510" lon="-110.6332870">
    <ele>2072.8</ele>
   </trkpt>
   <trkpt lat="43.6716340" lon="-110.6333100">
    <ele>2072.8</ele>
   </trkpt>
   <trkpt lat="43.6716880" lon="-110.6333330">
    <ele>2072.8</ele>
   </trkpt>
   <trkpt lat="43.6717530" lon="-110.6333630">
    <ele>2073.0</ele>
   </trkpt>
   <trkpt lat="43.6718210" lon="-110.6333870">
    <ele>2073.0</ele>
   </trkpt>
   <trkpt lat="43.6718870" lon="-110.6334250">
    <ele>2072.8</ele>
   </trkpt>
   <trkpt lat="43.6719660" lon="-110.6334620">
    <ele>2072.8</ele>
   </trkpt>
   <trkpt lat="43.6720200" lon="-110.6334860">
    <ele>2072.8</ele>
   </trkpt>
   <trkpt lat="43.6720890" lon="-110.6335170">
    <ele>2072.8</ele>
   </trkpt>
   <trkpt lat="43.6721540" lon="-110.6335550">
    <ele>2072.8</ele>
   </trkpt>
   <trkpt lat="43.6722330" lon="-110.6335920">
    <ele>2072.6</ele>
   </trkpt>
   <trkpt lat="43.6722870" lon="-110.6336230">
    <ele>2072.8</ele>
   </trkpt>
   <trkpt lat="43.6723550" lon="-110.6336540">
    <ele>2072.6</ele>
   </trkpt>
   <trkpt lat="43.6724210" lon="-110.6336920">
    <ele>2072.6</ele>
   </trkpt>
   <trkpt lat="43.6724850" lon="-110.6337300">
    <ele>2072.6</ele>
   </trkpt>
   <trkpt lat="43.6725540" lon="-110.6337610">
    <ele>2072.6</ele>
   </trkpt>
   <trkpt lat="43.6726190" lon="-110.6337990">
    <ele>2072.4</ele>
   </trkpt>
   <trkpt lat="43.6726840" lon="-110.6338300">
    <ele>2072.4</ele>
   </trkpt>
   <trkpt lat="43.6727450" lon="-110.6338670">
    <ele>2072.4</ele>
   </trkpt>
   <trkpt lat="43.6728240" lon="-110.6339050">
    <ele>2072.2</ele>
   </trkpt>
   <trkpt lat="43.6728750" lon="-110.6339290">
    <ele>2072.2</ele>
   </trkpt>
   <trkpt lat="43.6729440" lon="-110.6339670">
    <ele>2072.2</ele>
   </trkpt>
   <trkpt lat="43.6730220" lon="-110.6340120">
    <ele>2072.2</ele>
   </trkpt>
   <trkpt lat="43.6730770" lon="-110.6340360">
    <ele>2072.0</ele>
   </trkpt>
   <trkpt lat="43.6731410" lon="-110.6340730">
    <ele>2072.0</ele>
   </trkpt>
   <trkpt lat="43.6732070" lon="-110.6341040">
    <ele>2071.8</ele>
   </trkpt>
   <trkpt lat="43.6732760" lon="-110.6341420">
    <ele>2071.8</ele>
   </trkpt>
   <trkpt lat="43.6733510" lon="-110.6341800">
    <ele>2071.8</ele>
   </trkpt>
   <trkpt lat="43.6734190" lon="-110.6342100">
    <ele>2071.6</ele>
   </trkpt>
   <trkpt lat="43.6734740" lon="-110.6342260">
    <ele>2071.6</ele>
   </trkpt>
   <trkpt lat="43.6735420" lon="-110.6342560">
    <ele>2071.6</ele>
   </trkpt>
   <trkpt lat="43.6736110" lon="-110.6342790">
    <ele>2071.4</ele>
   </trkpt>
   <trkpt lat="43.6736790" lon="-110.6343010">
    <ele>2071.4</ele>
   </trkpt>
   <trkpt lat="43.6737480" lon="-110.6343160">
    <ele>2071.4</ele>
   </trkpt>
   <trkpt lat="43.6738160" lon="-110.6343310">
    <ele>2071.4</ele>
   </trkpt>
   <trkpt lat="43.6738860" lon="-110.6343470">
    <ele>2071.4</ele>
   </trkpt>
   <trkpt lat="43.6739650" lon="-110.6343610">
    <ele>2071.4</ele>
   </trkpt>
   <trkpt lat="43.6740190" lon="-110.6343620">
    <ele>2071.2</ele>
   </trkpt>
   <trkpt lat="43.6740870" lon="-110.6343690">
    <ele>2071.4</ele>
   </trkpt>
   <trkpt lat="43.6741520" lon="-110.6343770">
    <ele>2071.4</ele>
   </trkpt>
   <trkpt lat="43.6742210" lon="-110.6343770">
    <ele>2071.4</ele>
   </trkpt>
   <trkpt lat="43.6742860" lon="-110.6343840">
    <ele>2071.6</ele>
   </trkpt>
   <trkpt lat="43.6743500" lon="-110.6343840">
    <ele>2071.6</ele>
   </trkpt>
   <trkpt lat="43.6744150" lon="-110.6343850">
    <ele>2071.6</ele>
   </trkpt>
   <trkpt lat="43.6744810" lon="-110.6343920">
    <ele>2071.6</ele>
   </trkpt>
   <trkpt lat="43.6745600" lon="-110.6343920">
    <ele>2071.6</ele>
   </trkpt>
   <trkpt lat="43.6746140" lon="-110.6343920">
    <ele>2071.6</ele>
   </trkpt>
   <trkpt lat="43.6746860" lon="-110.6343920">
    <ele>2071.6</ele>
   </trkpt>
   <trkpt lat="43.6747550" lon="-110.6343920">
    <ele>2071.4</ele>
   </trkpt>
   <trkpt lat="43.6748280" lon="-110.6343990">
    <ele>2071.4</ele>
   </trkpt>
   <trkpt lat="43.6748970" lon="-110.6344000">
    <ele>2071.2</ele>
   </trkpt>
   <trkpt lat="43.6749830" lon="-110.6344070">
    <ele>2071.2</ele>
   </trkpt>
   <trkpt lat="43.6750410" lon="-110.6344070">
    <ele>2071.2</ele>
   </trkpt>
   <trkpt lat="43.6751140" lon="-110.6344070">
    <ele>2071.0</ele>
   </trkpt>
   <trkpt lat="43.6752050" lon="-110.6344070">
    <ele>2071.0</ele>
   </trkpt>
   <trkpt lat="43.6752640" lon="-110.6344070">
    <ele>2070.8</ele>
   </trkpt>
   <trkpt lat="43.6753510" lon="-110.6344150">
    <ele>2070.8</ele>
   </trkpt>
   <trkpt lat="43.6754130" lon="-110.6344150">
    <ele>2070.8</ele>
   </trkpt>
   <trkpt lat="43.6754850" lon="-110.6344150">
    <ele>2070.8</ele>
   </trkpt>
   <trkpt lat="43.6755610" lon="-110.6344220">
    <ele>2070.6</ele>
   </trkpt>
   <trkpt lat="43.6756540" lon="-110.6344220">
    <ele>2070.6</ele>
   </trkpt>
   <trkpt lat="43.6757160" lon="-110.6344230">
    <ele>2070.6</ele>
   </trkpt>
   <trkpt lat="43.6757910" lon="-110.6344300">
    <ele>2070.4</ele>
   </trkpt>
   <trkpt lat="43.6758690" lon="-110.6344300">
    <ele>2070.2</ele>
   </trkpt>
   <trkpt lat="43.6759490" lon="-110.6344300">
    <ele>2070.2</ele>
   </trkpt>
   <trkpt lat="43.6760280" lon="-110.6344300">
    <ele>2070.0</ele>
   </trkpt>
   <trkpt lat="43.6761060" lon="-110.6344300">
    <ele>2070.0</ele>
   </trkpt>
   <trkpt lat="43.6761800" lon="-110.6344300">
    <ele>2069.8</ele>
   </trkpt>
   <trkpt lat="43.6762720" lon="-110.6344380">
    <ele>2069.8</ele>
   </trkpt>
   <trkpt lat="43.6763320" lon="-110.6344380">
    <ele>2069.8</ele>
   </trkpt>
   <trkpt lat="43.6764110" lon="-110.6344380">
    <ele>2069.6</ele>
   </trkpt>
   <trkpt lat="43.6764850" lon="-110.6344450">
    <ele>2069.6</ele>
   </trkpt>
   <trkpt lat="43.6765610" lon="-110.6344450">
    <ele>2069.6</ele>
   </trkpt>
   <trkpt lat="43.6766430" lon="-110.6344450">
    <ele>2069.4</ele>
   </trkpt>
   <trkpt lat="43.6767200" lon="-110.6344490">
    <ele>2069.4</ele>
   </trkpt>
   <trkpt lat="43.6767970" lon="-110.6344530">
    <ele>2069.4</ele>
   </trkpt>
   <trkpt lat="43.6768760" lon="-110.6344530">
    <ele>2069.2</ele>
   </trkpt>
   <trkpt lat="43.6769520" lon="-110.6344570">
    <ele>2069.0</ele>
   </trkpt>
   <trkpt lat="43.6770290" lon="-110.6344600">
    <ele>2069.0</ele>
   </trkpt>
   <trkpt lat="43.6771020" lon="-110.6344600">
    <ele>2069.0</ele>
   </trkpt>
   <trkpt lat="43.6771780" lon="-110.6344610">
    <ele>2068.8</ele>
   </trkpt>
   <trkpt lat="43.6772510" lon="-110.6344680">
    <ele>2068.6</ele>
   </trkpt>
   <trkpt lat="43.6773290" lon="-110.6344680">
    <ele>2068.6</ele>
   </trkpt>
   <trkpt lat="43.6774070" lon="-110.6344680">
    <ele>2068.6</ele>
   </trkpt>
   <trkpt lat="43.6774830" lon="-110.6344720">
    <ele>2068.6</ele>
   </trkpt>
   <trkpt lat="43.6775600" lon="-110.6344760">
    <ele>2068.4</ele>
   </trkpt>
   <trkpt lat="43.6776440" lon="-110.6344800">
    <ele>2068.4</ele>
   </trkpt>
   <trkpt lat="43.6777270" lon="-110.6344830">
    <ele>2068.4</ele>
   </trkpt>
   <trkpt lat="43.6777920" lon="-110.6344830">
    <ele>2068.0</ele>
   </trkpt>
   <trkpt lat="43.6778720" lon="-110.6344830">
    <ele>2068.0</ele>
   </trkpt>
   <trkpt lat="43.6779520" lon="-110.6344830">
    <ele>2067.8</ele>
   </trkpt>
   <trkpt lat="43.6780300" lon="-110.6344840">
    <ele>2067.8</ele>
   </trkpt>
   <trkpt lat="43.6781230" lon="-110.6344910">
    <ele>2067.6</ele>
   </trkpt>
   <trkpt lat="43.6781850" lon="-110.6344910">
    <ele>2067.6</ele>
   </trkpt>
   <trkpt lat="43.6782610" lon="-110.6344910">
    <ele>2067.6</ele>
   </trkpt>
   <trkpt lat="43.6783380" lon="-110.6344990">
    <ele>2067.6</ele>
   </trkpt>
   <trkpt lat="43.6784140" lon="-110.6344990">
    <ele>2067.4</ele>
   </trkpt>
   <trkpt lat="43.6784900" lon="-110.6344990">
    <ele>2067.4</ele>
   </trkpt>
   <trkpt lat="43.6785620" lon="-110.6344990">
    <ele>2067.4</ele>
   </trkpt>
   <trkpt lat="43.6786340" lon="-110.6344990">
    <ele>2067.4</ele>
   </trkpt>
   <trkpt lat="43.6787070" lon="-110.6345060">
    <ele>2067.2</ele>
   </trkpt>
   <trkpt lat="43.6787760" lon="-110.6345060">
    <ele>2067.2</ele>
   </trkpt>
   <trkpt lat="43.6788480" lon="-110.6345060">
    <ele>2067.2</ele>
   </trkpt>
   <trkpt lat="43.6789170" lon="-110.6345060">
    <ele>2067.4</ele>
   </trkpt>
   <trkpt lat="43.6789860" lon="-110.6345070">
    <ele>2067.4</ele>
   </trkpt>
   <trkpt lat="43.6790540" lon="-110.6345140">
    <ele>2067.6</ele>
   </trkpt>
   <trkpt lat="43.6791240" lon="-110.6345140">
    <ele>2067.6</ele>
   </trkpt>
   <trkpt lat="43.6792060" lon="-110.6345140">
    <ele>2067.6</ele>
   </trkpt>
   <trkpt lat="43.6792600" lon="-110.6345140">
    <ele>2067.6</ele>
   </trkpt>
   <trkpt lat="43.6793330" lon="-110.6345210">
    <ele>2067.6</ele>
   </trkpt>
   <trkpt lat="43.6794020" lon="-110.6345220">
    <ele>2067.6</ele>
   </trkpt>
   <trkpt lat="43.6794840" lon="-110.6345290">
    <ele>2067.6</ele>
   </trkpt>
   <trkpt lat="43.6795430" lon="-110.6345290">
    <ele>2067.6</ele>
   </trkpt>
   <trkpt lat="43.6796150" lon="-110.6345300">
    <ele>2067.6</ele>
   </trkpt>
   <trkpt lat="43.6796880" lon="-110.6345370">
    <ele>2067.6</ele>
   </trkpt>
   <trkpt lat="43.6797610" lon="-110.6345370">
    <ele>2067.4</ele>
   </trkpt>
   <trkpt lat="43.6798370" lon="-110.6345370">
    <ele>2067.4</ele>
   </trkpt>
   <trkpt lat="43.6799130" lon="-110.6345370">
    <ele>2067.2</ele>
   </trkpt>
   <trkpt lat="43.6799890" lon="-110.6345370">
    <ele>2067.0</ele>
   </trkpt>
   <trkpt lat="43.6800690" lon="-110.6345370">
    <ele>2066.8</ele>
   </trkpt>
   <trkpt lat="43.6801460" lon="-110.6345440">
    <ele>2066.8</ele>
   </trkpt>
   <trkpt lat="43.6802260" lon="-110.6345440">
    <ele>2066.8</ele>
   </trkpt>
   <trkpt lat="43.6803060" lon="-110.6345440">
    <ele>2066.6</ele>
   </trkpt>
   <trkpt lat="43.6803830" lon="-110.6345440">
    <ele>2066.6</ele>
   </trkpt>
   <trkpt lat="43.6804620" lon="-110.6345440">
    <ele>2066.6</ele>
   </trkpt>
   <trkpt lat="43.6805350" lon="-110.6345450">
    <ele>2066.8</ele>
   </trkpt>
   <trkpt lat="43.6806110" lon="-110.6345520">
    <ele>2066.8</ele>
   </trkpt>
   <trkpt lat="43.6806840" lon="-110.6345520">
    <ele>2067.2</ele>
   </trkpt>
   <trkpt lat="43.6807570" lon="-110.6345520">
    <ele>2067.6</ele>
   </trkpt>
   <trkpt lat="43.6808390" lon="-110.6345440">
    <ele>2068.0</ele>
   </trkpt>
   <trkpt lat="43.6808890" lon="-110.6345440">
    <ele>2068.4</ele>
   </trkpt>
   <trkpt lat="43.6809540" lon="-110.6345450">
    <ele>2068.8</ele>
   </trkpt>
   <trkpt lat="43.6810150" lon="-110.6345520">
    <ele>2069.2</ele>
   </trkpt>
   <trkpt lat="43.6810720" lon="-110.6345520">
    <ele>2069.6</ele>
   </trkpt>
   <trkpt lat="43.6811400" lon="-110.6345520">
    <ele>2070.0</ele>
   </trkpt>
   <trkpt lat="43.6811860" lon="-110.6345520">
    <ele>2070.0</ele>
   </trkpt>
   <trkpt lat="43.6812440" lon="-110.6345520">
    <ele>2070.2</ele>
   </trkpt>
   <trkpt lat="43.6813050" lon="-110.6345600">
    <ele>2070.4</ele>
   </trkpt>
   <trkpt lat="43.6813620" lon="-110.6345590">
    <ele>2070.8</ele>
   </trkpt>
   <trkpt lat="43.6814230" lon="-110.6345520">
    <ele>2070.8</ele>
   </trkpt>
   <trkpt lat="43.6814840" lon="-110.6345520">
    <ele>2070.8</ele>
   </trkpt>
   <trkpt lat="43.6815450" lon="-110.6345520">
    <ele>2070.8</ele>
   </trkpt>
   <trkpt lat="43.6816100" lon="-110.6345440">
    <ele>2071.0</ele>
   </trkpt>
   <trkpt lat="43.6816710" lon="-110.6345440">
    <ele>2071.0</ele>
   </trkpt>
   <trkpt lat="43.6817320" lon="-110.6345370">
    <ele>2070.8</ele>
   </trkpt>
   <trkpt lat="43.6818010" lon="-110.6345370">
    <ele>2070.6</ele>
   </trkpt>
   <trkpt lat="43.6818740" lon="-110.6345370">
    <ele>2070.6</ele>
   </trkpt>
   <trkpt lat="43.6819430" lon="-110.6345370">
    <ele>2070.4</ele>
   </trkpt>
   <trkpt lat="43.6820210" lon="-110.6345440">
    <ele>2070.4</ele>
   </trkpt>
   <trkpt lat="43.6820760" lon="-110.6345440">
    <ele>2070.0</ele>
   </trkpt>
   <trkpt lat="43.6821480" lon="-110.6345440">
    <ele>2069.8</ele>
   </trkpt>
   <trkpt lat="43.6822220" lon="-110.6345440">
    <ele>2069.6</ele>
   </trkpt>
   <trkpt lat="43.6823120" lon="-110.6345440">
    <ele>2069.4</ele>
   </trkpt>
   <trkpt lat="43.6823700" lon="-110.6345440">
    <ele>2069.4</ele>
   </trkpt>
   <trkpt lat="43.6824420" lon="-110.6345450">
    <ele>2069.0</ele>
   </trkpt>
   <trkpt lat="43.6825190" lon="-110.6345520">
    <ele>2068.8</ele>
   </trkpt>
   <trkpt lat="43.6825950" lon="-110.6345520">
    <ele>2068.4</ele>
   </trkpt>
   <trkpt lat="43.6826750" lon="-110.6345520">
    <ele>2068.4</ele>
   </trkpt>
   <trkpt lat="43.6827590" lon="-110.6345520">
    <ele>2068.0</ele>
   </trkpt>
   <trkpt lat="43.6828430" lon="-110.6345520">
    <ele>2067.6</ele>
   </trkpt>
   <trkpt lat="43.6829260" lon="-110.6345520">
    <ele>2067.2</ele>
   </trkpt>
   <trkpt lat="43.6830120" lon="-110.6345520">
    <ele>2066.8</ele>
   </trkpt>
   <trkpt lat="43.6831140" lon="-110.6345520">
    <ele>2066.2</ele>
   </trkpt>
   <trkpt lat="43.6831970" lon="-110.6345600">
    <ele>2065.8</ele>
   </trkpt>
   <trkpt lat="43.6832710" lon="-110.6345680">
    <ele>2065.4</ele>
   </trkpt>
   <trkpt lat="43.6833600" lon="-110.6345760">
    <ele>2065.0</ele>
   </trkpt>
   <trkpt lat="43.6834640" lon="-110.6345910">
    <ele>2064.8</ele>
   </trkpt>
   <trkpt lat="43.6835340" lon="-110.6345980">
    <ele>2064.8</ele>
   </trkpt>
   <trkpt lat="43.6836170" lon="-110.6346050">
    <ele>2064.6</ele>
   </trkpt>
   <trkpt lat="43.6837010" lon="-110.6346050">
    <ele>2064.8</ele>
   </trkpt>
   <trkpt lat="43.6837770" lon="-110.6346060">
    <ele>2064.8</ele>
   </trkpt>
   <trkpt lat="43.6838580" lon="-110.6346130">
    <ele>2065.0</ele>
   </trkpt>
   <trkpt lat="43.6839440" lon="-110.6346210">
    <ele>2065.2</ele>
   </trkpt>
   <trkpt lat="43.6840020" lon="-110.6346210">
    <ele>2065.6</ele>
   </trkpt>
   <trkpt lat="43.6840710" lon="-110.6346280">
    <ele>2066.0</ele>
   </trkpt>
   <trkpt lat="43.6841460" lon="-110.6346290">
    <ele>2066.2</ele>
   </trkpt>
   <trkpt lat="43.6841960" lon="-110.6346360">
    <ele>2066.4</ele>
   </trkpt>
   <trkpt lat="43.6842570" lon="-110.6346360">
    <ele>2066.6</ele>
   </trkpt>
   <trkpt lat="43.6843220" lon="-110.6346440">
    <ele>2066.8</ele>
   </trkpt>
   <trkpt lat="43.6843870" lon="-110.6346440">
    <ele>2066.8</ele>
   </trkpt>
   <trkpt lat="43.6844560" lon="-110.6346510">
    <ele>2066.8</ele>
   </trkpt>
   <trkpt lat="43.6845350" lon="-110.6346510">
    <ele>2066.8</ele>
   </trkpt>
   <trkpt lat="43.6845930" lon="-110.6346520">
    <ele>2066.8</ele>
   </trkpt>
   <trkpt lat="43.6846620" lon="-110.6346590">
    <ele>2066.6</ele>
   </trkpt>
   <trkpt lat="43.6847340" lon="-110.6346590">
    <ele>2066.6</ele>
   </trkpt>
   <trkpt lat="43.6848080" lon="-110.6346660">
    <ele>2066.4</ele>
   </trkpt>
   <trkpt lat="43.6848930" lon="-110.6346670">
    <ele>2066.2</ele>
   </trkpt>
   <trkpt lat="43.6849570" lon="-110.6346740">
    <ele>2066.0</ele>
   </trkpt>
   <trkpt lat="43.6850360" lon="-110.6346750">
    <ele>2065.8</ele>
   </trkpt>
   <trkpt lat="43.6851090" lon="-110.6346820">
    <ele>2065.6</ele>
   </trkpt>
   <trkpt lat="43.6851850" lon="-110.6346820">
    <ele>2065.4</ele>
   </trkpt>
   <trkpt lat="43.6852620" lon="-110.6346820">
    <ele>2065.2</ele>
   </trkpt>
   <trkpt lat="43.6853420" lon="-110.6346820">
    <ele>2065.0</ele>
   </trkpt>
   <trkpt lat="43.6854320" lon="-110.6346820">
    <ele>2064.8</ele>
   </trkpt>
   <trkpt lat="43.6854980" lon="-110.6346820">
    <ele>2064.6</ele>
   </trkpt>
   <trkpt lat="43.6855740" lon="-110.6346820">
    <ele>2064.4</ele>
   </trkpt>
   <trkpt lat="43.6856510" lon="-110.6346820">
    <ele>2064.2</ele>
   </trkpt>
   <trkpt lat="43.6857320" lon="-110.6346820">
    <ele>2064.0</ele>
   </trkpt>
   <trkpt lat="43.6858250" lon="-110.6346890">
    <ele>2063.8</ele>
   </trkpt>
   <trkpt lat="43.6858920" lon="-110.6346890">
    <ele>2063.6</ele>
   </trkpt>
   <trkpt lat="43.6859750" lon="-110.6346900">
    <ele>2063.2</ele>
   </trkpt>
   <trkpt lat="43.6860590" lon="-110.6346970">
    <ele>2062.8</ele>
   </trkpt>
   <trkpt lat="43.6861430" lon="-110.6346970">
    <ele>2062.4</ele>
   </trkpt>
   <trkpt lat="43.6862360" lon="-110.6347050">
    <ele>2062.4</ele>
   </trkpt>
   <trkpt lat="43.6863370" lon="-110.6347050">
    <ele>2062.2</ele>
   </trkpt>
   <trkpt lat="43.6864090" lon="-110.6347050">
    <ele>2061.8</ele>
   </trkpt>
   <trkpt lat="43.6864950" lon="-110.6347040">
    <ele>2061.6</ele>
   </trkpt>
   <trkpt lat="43.6865970" lon="-110.6346970">
    <ele>2061.6</ele>
   </trkpt>
   <trkpt lat="43.6866800" lon="-110.6347050">
    <ele>2061.6</ele>
   </trkpt>
   <trkpt lat="43.6867460" lon="-110.6347050">
    <ele>2061.6</ele>
   </trkpt>
   <trkpt lat="43.6868290" lon="-110.6347050">
    <ele>2061.4</ele>
   </trkpt>
   <trkpt lat="43.6869120" lon="-110.6347050">
    <ele>2061.6</ele>
   </trkpt>
   <trkpt lat="43.6869900" lon="-110.6347050">
    <ele>2061.6</ele>
   </trkpt>
   <trkpt lat="43.6870870" lon="-110.6347050">
    <ele>2061.6</ele>
   </trkpt>
   <trkpt lat="43.6871490" lon="-110.6347050">
    <ele>2061.8</ele>
   </trkpt>
   <trkpt lat="43.6872240" lon="-110.6347050">
    <ele>2062.0</ele>
   </trkpt>
   <trkpt lat="43.6872980" lon="-110.6347050">
    <ele>2062.2</ele>
   </trkpt>
   <trkpt lat="43.6873850" lon="-110.6347050">
    <ele>2062.4</ele>
   </trkpt>
   <trkpt lat="43.6874430" lon="-110.6347120">
    <ele>2062.6</ele>
   </trkpt>
   <trkpt lat="43.6875150" lon="-110.6347120">
    <ele>2062.6</ele>
   </trkpt>
   <trkpt lat="43.6875880" lon="-110.6347120">
    <ele>2062.8</ele>
   </trkpt>
   <trkpt lat="43.6876570" lon="-110.6347130">
    <ele>2062.8</ele>
   </trkpt>
   <trkpt lat="43.6877290" lon="-110.6347200">
    <ele>2063.0</ele>
   </trkpt>
   <trkpt lat="43.6878020" lon="-110.6347200">
    <ele>2063.0</ele>
   </trkpt>
   <trkpt lat="43.6878740" lon="-110.6347200">
    <ele>2063.0</ele>
   </trkpt>
   <trkpt lat="43.6879580" lon="-110.6347270">
    <ele>2063.0</ele>
   </trkpt>
   <trkpt lat="43.6880300" lon="-110.6347270">
    <ele>2063.0</ele>
   </trkpt>
   <trkpt lat="43.6880870" lon="-110.6347270">
    <ele>2063.0</ele>
   </trkpt>
   <trkpt lat="43.6881590" lon="-110.6347270">
    <ele>2063.0</ele>
   </trkpt>
   <trkpt lat="43.6882280" lon="-110.6347270">
    <ele>2063.0</ele>
   </trkpt>
   <trkpt lat="43.6883060" lon="-110.6347270">
    <ele>2063.0</ele>
   </trkpt>
   <trkpt lat="43.6883880" lon="-110.6347270">
    <ele>2063.0</ele>
   </trkpt>
   <trkpt lat="43.6884460" lon="-110.6347270">
    <ele>2062.8</ele>
   </trkpt>
   <trkpt lat="43.6885150" lon="-110.6347280">
    <ele>2062.8</ele>
   </trkpt>
   <trkpt lat="43.6885870" lon="-110.6347350">
    <ele>2062.8</ele>
   </trkpt>
   <trkpt lat="43.6886780" lon="-110.6347270">
    <ele>2062.8</ele>
   </trkpt>
   <trkpt lat="43.6887430" lon="-110.6347270">
    <ele>2062.6</ele>
   </trkpt>
   <trkpt lat="43.6888150" lon="-110.6347270">
    <ele>2062.6</ele>
   </trkpt>
   <trkpt lat="43.6888920" lon="-110.6347270">
    <ele>2062.4</ele>
   </trkpt>
   <trkpt lat="43.6889640" lon="-110.6347280">
    <ele>2062.4</ele>
   </trkpt>
   <trkpt lat="43.6890400" lon="-110.6347350">
    <ele>2062.4</ele>
   </trkpt>
   <trkpt lat="43.6891120" lon="-110.6347350">
    <ele>2062.2</ele>
   </trkpt>
   <trkpt lat="43.6891890" lon="-110.6347350">
    <ele>2062.2</ele>
   </trkpt>
   <trkpt lat="43.6892620" lon="-110.6347350">
    <ele>2062.4</ele>
   </trkpt>
   <trkpt lat="43.6893380" lon="-110.6347350">
    <ele>2062.4</ele>
   </trkpt>
   <trkpt lat="43.6894110" lon="-110.6347350">
    <ele>2062.4</ele>
   </trkpt>
   <trkpt lat="43.6894830" lon="-110.6347350">
    <ele>2062.4</ele>
   </trkpt>
   <trkpt lat="43.6895660" lon="-110.6347430">
    <ele>2062.2</ele>
   </trkpt>
   <trkpt lat="43.6896270" lon="-110.6347430">
    <ele>2062.2</ele>
   </trkpt>
   <trkpt lat="43.6896970" lon="-110.6347430">
    <ele>2062.2</ele>
   </trkpt>
   <trkpt lat="43.6897680" lon="-110.6347430">
    <ele>2062.2</ele>
   </trkpt>
   <trkpt lat="43.6898380" lon="-110.6347430">
    <ele>2062.2</ele>
   </trkpt>
   <trkpt lat="43.6899110" lon="-110.6347430">
    <ele>2062.2</ele>
   </trkpt>
   <trkpt lat="43.6899970" lon="-110.6347500">
    <ele>2062.2</ele>
   </trkpt>
   <trkpt lat="43.6900550" lon="-110.6347500">
    <ele>2062.2</ele>
   </trkpt>
   <trkpt lat="43.6901310" lon="-110.6347500">
    <ele>2062.2</ele>
   </trkpt>
   <trkpt lat="43.6902050" lon="-110.6347510">
    <ele>2062.2</ele>
   </trkpt>
   <trkpt lat="43.6902920" lon="-110.6347580">
    <ele>2062.2</ele>
   </trkpt>
   <trkpt lat="43.6903680" lon="-110.6347580">
    <ele>2062.2</ele>
   </trkpt>
   <trkpt lat="43.6904290" lon="-110.6347660">
    <ele>2062.0</ele>
   </trkpt>
   <trkpt lat="43.6905050" lon="-110.6347660">
    <ele>2062.2</ele>
   </trkpt>
   <trkpt lat="43.6905820" lon="-110.6347740">
    <ele>2062.2</ele>
   </trkpt>
   <trkpt lat="43.6906720" lon="-110.6347810">
    <ele>2062.0</ele>
   </trkpt>
   <trkpt lat="43.6907300" lon="-110.6347810">
    <ele>2062.0</ele>
   </trkpt>
   <trkpt lat="43.6908070" lon="-110.6347810">
    <ele>2062.0</ele>
   </trkpt>
   <trkpt lat="43.6908870" lon="-110.6347880">
    <ele>2061.8</ele>
   </trkpt>
   <trkpt lat="43.6909640" lon="-110.6347880">
    <ele>2061.8</ele>
   </trkpt>
   <trkpt lat="43.6910390" lon="-110.6347890">
    <ele>2061.6</ele>
   </trkpt>
   <trkpt lat="43.6911200" lon="-110.6347960">
    <ele>2061.6</ele>
   </trkpt>
   <trkpt lat="43.6911970" lon="-110.6347960">
    <ele>2061.4</ele>
   </trkpt>
   <trkpt lat="43.6912870" lon="-110.6347960">
    <ele>2061.4</ele>
   </trkpt>
   <trkpt lat="43.6913480" lon="-110.6348040">
    <ele>2061.2</ele>
   </trkpt>
   <trkpt lat="43.6914230" lon="-110.6348040">
    <ele>2061.0</ele>
   </trkpt>
   <trkpt lat="43.6915050" lon="-110.6348040">
    <ele>2060.8</ele>
   </trkpt>
   <trkpt lat="43.6915830" lon="-110.6347960">
    <ele>2060.6</ele>
   </trkpt>
   <trkpt lat="43.6916650" lon="-110.6347880">
    <ele>2060.4</ele>
   </trkpt>
   <trkpt lat="43.6917430" lon="-110.6347810">
    <ele>2060.2</ele>
   </trkpt>
   <trkpt lat="43.6918230" lon="-110.6347650">
    <ele>2060.2</ele>
   </trkpt>
   <trkpt lat="43.6919050" lon="-110.6347500">
    <ele>2059.8</ele>
   </trkpt>
   <trkpt lat="43.6919890" lon="-110.6347260">
    <ele>2059.6</ele>
   </trkpt>
   <trkpt lat="43.6920880" lon="-110.6346960">
    <ele>2059.4</ele>
   </trkpt>
   <trkpt lat="43.6921550" lon="-110.6346800">
    <ele>2059.2</ele>
   </trkpt>
   <trkpt lat="43.6922400" lon="-110.6346570">
    <ele>2058.8</ele>
   </trkpt>
   <trkpt lat="43.6923400" lon="-110.6346270">
    <ele>2058.6</ele>
   </trkpt>
   <trkpt lat="43.6924070" lon="-110.6346050">
    <ele>2058.4</ele>
   </trkpt>
   <trkpt lat="43.6924950" lon="-110.6345750">
    <ele>2058.0</ele>
   </trkpt>
   <trkpt lat="43.6925830" lon="-110.6345520">
    <ele>2057.6</ele>
   </trkpt>
   <trkpt lat="43.6926700" lon="-110.6345210">
    <ele>2057.4</ele>
   </trkpt>
   <trkpt lat="43.6927590" lon="-110.6344900">
    <ele>2057.2</ele>
   </trkpt>
   <trkpt lat="43.6928610" lon="-110.6344520">
    <ele>2057.0</ele>
   </trkpt>
   <trkpt lat="43.6929300" lon="-110.6344300">
    <ele>2056.6</ele>
   </trkpt>
   <trkpt lat="43.6930210" lon="-110.6343990">
    <ele>2056.4</ele>
   </trkpt>
   <trkpt lat="43.6931050" lon="-110.6343680">
    <ele>2056.6</ele>
   </trkpt>
   <trkpt lat="43.6931930" lon="-110.6343380">
    <ele>2056.4</ele>
   </trkpt>
   <trkpt lat="43.6932950" lon="-110.6343080">
    <ele>2056.2</ele>
   </trkpt>
   <trkpt lat="43.6933640" lon="-110.6342850">
    <ele>2056.0</ele>
   </trkpt>
   <trkpt lat="43.6934440" lon="-110.6342620">
    <ele>2056.0</ele>
   </trkpt>
   <trkpt lat="43.6935250" lon="-110.6342310">
    <ele>2055.8</ele>
   </trkpt>
   <trkpt lat="43.6936200" lon="-110.6342010">
    <ele>2055.8</ele>
   </trkpt>
   <trkpt lat="43.6936810" lon="-110.6341860">
    <ele>2055.6</ele>
   </trkpt>
   <trkpt lat="43.6937610" lon="-110.6341630">
    <ele>2055.6</ele>
   </trkpt>
   <trkpt lat="43.6938410" lon="-110.6341390">
    <ele>2055.4</ele>
   </trkpt>
   <trkpt lat="43.6939290" lon="-110.6341020">
    <ele>2055.4</ele>
   </trkpt>
   <trkpt lat="43.6940040" lon="-110.6340790">
    <ele>2055.4</ele>
   </trkpt>
   <trkpt lat="43.6940660" lon="-110.6340640">
    <ele>2055.4</ele>
   </trkpt>
   <trkpt lat="43.6941420" lon="-110.6340410">
    <ele>2055.4</ele>
   </trkpt>
   <trkpt lat="43.6942150" lon="-110.6340100">
    <ele>2055.4</ele>
   </trkpt>
   <trkpt lat="43.6942910" lon="-110.6339950">
    <ele>2055.4</ele>
   </trkpt>
   <trkpt lat="43.6943600" lon="-110.6339640">
    <ele>2055.4</ele>
   </trkpt>
   <trkpt lat="43.6944320" lon="-110.6339420">
    <ele>2055.4</ele>
   </trkpt>
   <trkpt lat="43.6945050" lon="-110.6339180">
    <ele>2055.4</ele>
   </trkpt>
   <trkpt lat="43.6945770" lon="-110.6338960">
    <ele>2055.6</ele>
   </trkpt>
   <trkpt lat="43.6946450" lon="-110.6338730">
    <ele>2055.6</ele>
   </trkpt>
   <trkpt lat="43.6947100" lon="-110.6338580">
    <ele>2055.8</ele>
   </trkpt>
   <trkpt lat="43.6947790" lon="-110.6338350">
    <ele>2055.8</ele>
   </trkpt>
   <trkpt lat="43.6948440" lon="-110.6338120">
    <ele>2055.8</ele>
   </trkpt>
   <trkpt lat="43.6949090" lon="-110.6337810">
    <ele>2055.8</ele>
   </trkpt>
   <trkpt lat="43.6949810" lon="-110.6337360">
    <ele>2055.8</ele>
   </trkpt>
   <trkpt lat="43.6950310" lon="-110.6337040">
    <ele>2055.8</ele>
   </trkpt>
   <trkpt lat="43.6950880" lon="-110.6336510">
    <ele>2055.8</ele>
   </trkpt>
   <trkpt lat="43.6951490" lon="-110.6335830">
    <ele>2056.0</ele>
   </trkpt>
   <trkpt lat="43.6951830" lon="-110.6335280">
    <ele>2056.2</ele>
   </trkpt>
   <trkpt lat="43.6952180" lon="-110.6334520">
    <ele>2056.2</ele>
   </trkpt>
   <trkpt lat="43.6952440" lon="-110.6333690">
    <ele>2056.4</ele>
   </trkpt>
   <trkpt lat="43.6952670" lon="-110.6332690">
    <ele>2056.4</ele>
   </trkpt>
   <trkpt lat="43.6952780" lon="-110.6332010">
    <ele>2056.6</ele>
   </trkpt>
   <trkpt lat="43.6952930" lon="-110.6331170">
    <ele>2056.8</ele>
   </trkpt>
   <trkpt lat="43.6953010" lon="-110.6330320">
    <ele>2057.0</ele>
   </trkpt>
   <trkpt lat="43.6953090" lon="-110.6329480">
    <ele>2057.0</ele>
   </trkpt>
   <trkpt lat="43.6953130" lon="-110.6328640">
    <ele>2057.2</ele>
   </trkpt>
   <trkpt lat="43.6953200" lon="-110.6327810">
    <ele>2057.2</ele>
   </trkpt>
   <trkpt lat="43.6953200" lon="-110.6326970">
    <ele>2057.4</ele>
   </trkpt>
   <trkpt lat="43.6953240" lon="-110.6326060">
    <ele>2057.4</ele>
   </trkpt>
   <trkpt lat="43.6953280" lon="-110.6325220">
    <ele>2057.4</ele>
   </trkpt>
   <trkpt lat="43.6953320" lon="-110.6324380">
    <ele>2057.6</ele>
   </trkpt>
   <trkpt lat="43.6953350" lon="-110.6323540">
    <ele>2057.8</ele>
   </trkpt>
   <trkpt lat="43.6953390" lon="-110.6322690">
    <ele>2057.8</ele>
   </trkpt>
   <trkpt lat="43.6953470" lon="-110.6321850">
    <ele>2057.8</ele>
   </trkpt>
   <trkpt lat="43.6953510" lon="-110.6321010">
    <ele>2058.0</ele>
   </trkpt>
   <trkpt lat="43.6953550" lon="-110.6320180">
    <ele>2058.2</ele>
   </trkpt>
   <trkpt lat="43.6953580" lon="-110.6319340">
    <ele>2058.2</ele>
   </trkpt>
   <trkpt lat="43.6953580" lon="-110.6318580">
    <ele>2058.2</ele>
   </trkpt>
   <trkpt lat="43.6953620" lon="-110.6317700">
    <ele>2058.2</ele>
   </trkpt>
   <trkpt lat="43.6953660" lon="-110.6316810">
    <ele>2058.2</ele>
   </trkpt>
   <trkpt lat="43.6953700" lon="-110.6316210">
    <ele>2058.4</ele>
   </trkpt>
   <trkpt lat="43.6953780" lon="-110.6315420">
    <ele>2058.6</ele>
   </trkpt>
   <trkpt lat="43.6953970" lon="-110.6314740">
    <ele>2058.8</ele>
   </trkpt>
   <trkpt lat="43.6954080" lon="-110.6314130">
    <ele>2059.0</ele>
   </trkpt>
   <trkpt lat="43.6954200" lon="-110.6313440">
    <ele>2059.0</ele>
   </trkpt>
   <trkpt lat="43.6954320" lon="-110.6312830">
    <ele>2059.0</ele>
   </trkpt>
   <trkpt lat="43.6954460" lon="-110.6312170">
    <ele>2059.2</ele>
   </trkpt>
   <trkpt lat="43.6954700" lon="-110.6311540">
    <ele>2059.2</ele>
   </trkpt>
   <trkpt lat="43.6954930" lon="-110.6311010">
    <ele>2059.2</ele>
   </trkpt>
   <trkpt lat="43.6955200" lon="-110.6310480">
    <ele>2059.2</ele>
   </trkpt>
   <trkpt lat="43.6955470" lon="-110.6310020">
    <ele>2059.2</ele>
   </trkpt>
   <trkpt lat="43.6955770" lon="-110.6309570">
    <ele>2059.2</ele>
   </trkpt>
   <trkpt lat="43.6956080" lon="-110.6309180">
    <ele>2059.2</ele>
   </trkpt>
   <trkpt lat="43.6956420" lon="-110.6308660">
    <ele>2059.2</ele>
   </trkpt>
   <trkpt lat="43.6956690" lon="-110.6308420">
    <ele>2059.2</ele>
   </trkpt>
   <trkpt lat="43.6957000" lon="-110.6308120">
    <ele>2059.2</ele>
   </trkpt>
   <trkpt lat="43.6957300" lon="-110.6307820">
    <ele>2059.4</ele>
   </trkpt>
   <trkpt lat="43.6957570" lon="-110.6307580">
    <ele>2059.4</ele>
   </trkpt>
   <trkpt lat="43.6957860" lon="-110.6307280">
    <ele>2059.4</ele>
   </trkpt>
   <trkpt lat="43.6958020" lon="-110.6307060">
    <ele>2059.4</ele>
   </trkpt>
   <trkpt lat="43.6958250" lon="-110.6306820">
    <ele>2059.4</ele>
   </trkpt>
   <trkpt lat="43.6958440" lon="-110.6306510">
    <ele>2059.6</ele>
   </trkpt>
   <trkpt lat="43.6958700" lon="-110.6306140">
    <ele>2059.6</ele>
   </trkpt>
   <trkpt lat="43.6958900" lon="-110.6305910">
    <ele>2059.6</ele>
   </trkpt>
   <trkpt lat="43.6959170" lon="-110.6305680">
    <ele>2059.6</ele>
   </trkpt>
   <trkpt lat="43.6959470" lon="-110.6305370">
    <ele>2059.8</ele>
   </trkpt>
   <trkpt lat="43.6959780" lon="-110.6305070">
    <ele>2059.8</ele>
   </trkpt>
   <trkpt lat="43.6960130" lon="-110.6304760">
    <ele>2059.8</ele>
   </trkpt>
   <trkpt lat="43.6960550" lon="-110.6304460">
    <ele>2059.8</ele>
   </trkpt>
   <trkpt lat="43.6960970" lon="-110.6304150">
    <ele>2059.8</ele>
   </trkpt>
   <trkpt lat="43.6961350" lon="-110.6303770">
    <ele>2060.0</ele>
   </trkpt>
   <trkpt lat="43.6961740" lon="-110.6303460">
    <ele>2060.0</ele>
   </trkpt>
   <trkpt lat="43.6962180" lon="-110.6303080">
    <ele>2060.0</ele>
   </trkpt>
   <trkpt lat="43.6962450" lon="-110.6302780">
    <ele>2060.0</ele>
   </trkpt>
   <trkpt lat="43.6962790" lon="-110.6302470">
    <ele>2060.2</ele>
   </trkpt>
   <trkpt lat="43.6963100" lon="-110.6302170">
    <ele>2060.2</ele>
   </trkpt>
   <trkpt lat="43.6963480" lon="-110.6301870">
    <ele>2060.2</ele>
   </trkpt>
   <trkpt lat="43.6963710" lon="-110.6301640">
    <ele>2060.2</ele>
   </trkpt>
   <trkpt lat="43.6963980" lon="-110.6301400">
    <ele>2060.4</ele>
   </trkpt>
   <trkpt lat="43.6964280" lon="-110.6301110">
    <ele>2060.4</ele>
   </trkpt>
   <trkpt lat="43.6964550" lon="-110.6300950">
    <ele>2060.4</ele>
   </trkpt>
   <trkpt lat="43.6964880" lon="-110.6300650">
    <ele>2060.4</ele>
   </trkpt>
   <trkpt lat="43.6965080" lon="-110.6300500">
    <ele>2060.4</ele>
   </trkpt>
   <trkpt lat="43.6965300" lon="-110.6300340">
    <ele>2060.6</ele>
   </trkpt>
   <trkpt lat="43.6965500" lon="-110.6300110">
    <ele>2060.6</ele>
   </trkpt>
   <trkpt lat="43.6965680" lon="-110.6299890">
    <ele>2060.6</ele>
   </trkpt>
   <trkpt lat="43.6965840" lon="-110.6299740">
    <ele>2060.8</ele>
   </trkpt>
   <trkpt lat="43.6966030" lon="-110.6299580">
    <ele>2060.8</ele>
   </trkpt>
   <trkpt lat="43.6966220" lon="-110.6299350">
    <ele>2060.8</ele>
   </trkpt>
   <trkpt lat="43.6966450" lon="-110.6299200">
    <ele>2060.8</ele>
   </trkpt>
   <trkpt lat="43.6966680" lon="-110.6299050">
    <ele>2060.8</ele>
   </trkpt>
   <trkpt lat="43.6966910" lon="-110.6298820">
    <ele>2060.8</ele>
   </trkpt>
   <trkpt lat="43.6967180" lon="-110.6298590">
    <ele>2060.8</ele>
   </trkpt>
   <trkpt lat="43.6967480" lon="-110.6298360">
    <ele>2061.0</ele>
   </trkpt>
   <trkpt lat="43.6967750" lon="-110.6298130">
    <ele>2061.0</ele>
   </trkpt>
   <trkpt lat="43.6968020" lon="-110.6297900">
    <ele>2061.0</ele>
   </trkpt>
   <trkpt lat="43.6968290" lon="-110.6297670">
    <ele>2061.0</ele>
   </trkpt>
   <trkpt lat="43.6968590" lon="-110.6297360">
    <ele>2061.2</ele>
   </trkpt>
   <trkpt lat="43.6968890" lon="-110.6297130">
    <ele>2061.2</ele>
   </trkpt>
   <trkpt lat="43.6969160" lon="-110.6296830">
    <ele>2061.2</ele>
   </trkpt>
   <trkpt lat="43.6969430" lon="-110.6296600">
    <ele>2061.2</ele>
   </trkpt>
   <trkpt lat="43.6969730" lon="-110.6296300">
    <ele>2061.4</ele>
   </trkpt>
   <trkpt lat="43.6969960" lon="-110.6296140">
    <ele>2061.4</ele>
   </trkpt>
   <trkpt lat="43.6970230" lon="-110.6295920">
    <ele>2061.4</ele>
   </trkpt>
   <trkpt lat="43.6970570" lon="-110.6295690">
    <ele>2061.4</ele>
   </trkpt>
   <trkpt lat="43.6970870" lon="-110.6295460">
    <ele>2061.6</ele>
   </trkpt>
   <trkpt lat="43.6971070" lon="-110.6295230">
    <ele>2061.6</ele>
   </trkpt>
   <trkpt lat="43.6971340" lon="-110.6295000">
    <ele>2061.8</ele>
   </trkpt>
   <trkpt lat="43.6971640" lon="-110.6294850">
    <ele>2061.8</ele>
   </trkpt>
   <trkpt lat="43.6971870" lon="-110.6294620">
    <ele>2061.8</ele>
   </trkpt>
   <trkpt lat="43.6972180" lon="-110.6294470">
    <ele>2061.8</ele>
   </trkpt>
   <trkpt lat="43.6972480" lon="-110.6294240">
    <ele>2062.0</ele>
   </trkpt>
   <trkpt lat="43.6972790" lon="-110.6294080">
    <ele>2062.0</ele>
   </trkpt>
   <trkpt lat="43.6973160" lon="-110.6293860">
    <ele>2062.0</ele>
   </trkpt>
   <trkpt lat="43.6973400" lon="-110.6293710">
    <ele>2062.0</ele>
   </trkpt>
   <trkpt lat="43.6973740" lon="-110.6293550">
    <ele>2062.2</ele>
   </trkpt>
   <trkpt lat="43.6974050" lon="-110.6293330">
    <ele>2062.2</ele>
   </trkpt>
   <trkpt lat="43.6974350" lon="-110.6293170">
    <ele>2062.2</ele>
   </trkpt>
   <trkpt lat="43.6974620" lon="-110.6292950">
    <ele>2062.2</ele>
   </trkpt>
   <trkpt lat="43.6974920" lon="-110.6292790">
    <ele>2062.4</ele>
   </trkpt>
   <trkpt lat="43.6975230" lon="-110.6292640">
    <ele>2062.4</ele>
   </trkpt>
   <trkpt lat="43.6975540" lon="-110.6292480">
    <ele>2062.4</ele>
   </trkpt>
   <trkpt lat="43.6975950" lon="-110.6292260">
    <ele>2062.4</ele>
   </trkpt>
   <trkpt lat="43.6976180" lon="-110.6292110">
    <ele>2062.4</ele>
   </trkpt>
   <trkpt lat="43.6976530" lon="-110.6291950">
    <ele>2062.6</ele>
   </trkpt>
   <trkpt lat="43.6976870" lon="-110.6291720">
    <ele>2062.6</ele>
   </trkpt>
   <trkpt lat="43.6977220" lon="-110.6291570">
    <ele>2062.6</ele>
   </trkpt>
   <trkpt lat="43.6977560" lon="-110.6291420">
    <ele>2062.6</ele>
   </trkpt>
   <trkpt lat="43.6977900" lon="-110.6291270">
    <ele>2062.6</ele>
   </trkpt>
   <trkpt lat="43.6978160" lon="-110.6291110">
    <ele>2062.6</ele>
   </trkpt>
   <trkpt lat="43.6978430" lon="-110.6290960">
    <ele>2062.8</ele>
   </trkpt>
   <trkpt lat="43.6978700" lon="-110.6290810">
    <ele>2062.8</ele>
   </trkpt>
   <trkpt lat="43.6978960" lon="-110.6290660">
    <ele>2062.8</ele>
   </trkpt>
   <trkpt lat="43.6979190" lon="-110.6290500">
    <ele>2062.8</ele>
   </trkpt>
   <trkpt lat="43.6979420" lon="-110.6290350">
    <ele>2063.0</ele>
   </trkpt>
   <trkpt lat="43.6979690" lon="-110.6290200">
    <ele>2063.0</ele>
   </trkpt>
   <trkpt lat="43.6980000" lon="-110.6290040">
    <ele>2063.0</ele>
   </trkpt>
   <trkpt lat="43.6980340" lon="-110.6289810">
    <ele>2063.0</ele>
   </trkpt>
   <trkpt lat="43.6980570" lon="-110.6289590">
    <ele>2063.0</ele>
   </trkpt>
   <trkpt lat="43.6980880" lon="-110.6289430">
    <ele>2063.0</ele>
   </trkpt>
   <trkpt lat="43.6981220" lon="-110.6289200">
    <ele>2063.2</ele>
   </trkpt>
   <trkpt lat="43.6981480" lon="-110.6288970">
    <ele>2063.2</ele>
   </trkpt>
   <trkpt lat="43.6981750" lon="-110.6288740">
    <ele>2063.2</ele>
   </trkpt>
   <trkpt lat="43.6982020" lon="-110.6288520">
    <ele>2063.2</ele>
   </trkpt>
   <trkpt lat="43.6982320" lon="-110.6288290">
    <ele>2063.2</ele>
   </trkpt>
   <trkpt lat="43.6982590" lon="-110.6288060">
    <ele>2063.4</ele>
   </trkpt>
   <trkpt lat="43.6982890" lon="-110.6287830">
    <ele>2063.4</ele>
   </trkpt>
   <trkpt lat="43.6983080" lon="-110.6287600">
    <ele>2063.4</ele>
   </trkpt>
   <trkpt lat="43.6983320" lon="-110.6287370">
    <ele>2063.4</ele>
   </trkpt>
   <trkpt lat="43.6983660" lon="-110.6287070">
    <ele>2063.4</ele>
   </trkpt>
   <trkpt lat="43.6983890" lon="-110.6286910">
    <ele>2063.6</ele>
   </trkpt>
   <trkpt lat="43.6984190" lon="-110.6286680">
    <ele>2063.6</ele>
   </trkpt>
   <trkpt lat="43.6984500" lon="-110.6286450">
    <ele>2063.6</ele>
   </trkpt>
   <trkpt lat="43.6984760" lon="-110.6286150">
    <ele>2063.6</ele>
   </trkpt>
   <trkpt lat="43.6985030" lon="-110.6285920">
    <ele>2063.6</ele>
   </trkpt>
   <trkpt lat="43.6985340" lon="-110.6285690">
    <ele>2063.6</ele>
   </trkpt>
   <trkpt lat="43.6985640" lon="-110.6285460">
    <ele>2063.6</ele>
   </trkpt>
   <trkpt lat="43.6985950" lon="-110.6285240">
    <ele>2063.8</ele>
   </trkpt>
   <trkpt lat="43.6986300" lon="-110.6285000">
    <ele>2063.8</ele>
   </trkpt>
   <trkpt lat="43.6986670" lon="-110.6284630">
    <ele>2063.8</ele>
   </trkpt>
   <trkpt lat="43.6987010" lon="-110.6284400">
    <ele>2063.8</ele>
   </trkpt>
   <trkpt lat="43.6987280" lon="-110.6284160">
    <ele>2063.8</ele>
   </trkpt>
   <trkpt lat="43.6987590" lon="-110.6283860">
    <ele>2063.8</ele>
   </trkpt>
   <trkpt lat="43.6988000" lon="-110.6283560">
    <ele>2064.0</ele>
   </trkpt>
   <trkpt lat="43.6988280" lon="-110.6283320">
    <ele>2064.0</ele>
   </trkpt>
   <trkpt lat="43.6988620" lon="-110.6283020">
    <ele>2064.0</ele>
   </trkpt>
   <trkpt lat="43.6988920" lon="-110.6282790">
    <ele>2064.0</ele>
   </trkpt>
   <trkpt lat="43.6989240" lon="-110.6282480">
    <ele>2064.0</ele>
   </trkpt>
   <trkpt lat="43.6989650" lon="-110.6282180">
    <ele>2064.2</ele>
   </trkpt>
   <trkpt lat="43.6989920" lon="-110.6281950">
    <ele>2064.2</ele>
   </trkpt>
   <trkpt lat="43.6990260" lon="-110.6281650">
    <ele>2064.2</ele>
   </trkpt>
   <trkpt lat="43.6990600" lon="-110.6281410">
    <ele>2064.2</ele>
   </trkpt>
   <trkpt lat="43.6990980" lon="-110.6281040">
    <ele>2064.4</ele>
   </trkpt>
   <trkpt lat="43.6991250" lon="-110.6280810">
    <ele>2064.4</ele>
   </trkpt>
   <trkpt lat="43.6991590" lon="-110.6280510">
    <ele>2064.6</ele>
   </trkpt>
   <trkpt lat="43.6991940" lon="-110.6280270">
    <ele>2064.6</ele>
   </trkpt>
   <trkpt lat="43.6992290" lon="-110.6279970">
    <ele>2064.6</ele>
   </trkpt>
   <trkpt lat="43.6992700" lon="-110.6279660">
    <ele>2064.6</ele>
   </trkpt>
   <trkpt lat="43.6993040" lon="-110.6279360">
    <ele>2064.6</ele>
   </trkpt>
   <trkpt lat="43.6993270" lon="-110.6279130">
    <ele>2064.8</ele>
   </trkpt>
   <trkpt lat="43.6993620" lon="-110.6278820">
    <ele>2064.8</ele>
   </trkpt>
   <trkpt lat="43.6993920" lon="-110.6278520">
    <ele>2064.8</ele>
   </trkpt>
   <trkpt lat="43.6994270" lon="-110.6278210">
    <ele>2065.0</ele>
   </trkpt>
   <trkpt lat="43.6994640" lon="-110.6277830">
    <ele>2065.0</ele>
   </trkpt>
   <trkpt lat="43.6994910" lon="-110.6277600">
    <ele>2065.0</ele>
   </trkpt>
   <trkpt lat="43.6995260" lon="-110.6277300">
    <ele>2065.0</ele>
   </trkpt>
   <trkpt lat="43.6995560" lon="-110.6277070">
    <ele>2065.2</ele>
   </trkpt>
   <trkpt lat="43.6995870" lon="-110.6276760">
    <ele>2065.0</ele>
   </trkpt>
   <trkpt lat="43.6996210" lon="-110.6276390">
    <ele>2065.2</ele>
   </trkpt>
   <trkpt lat="43.6996550" lon="-110.6276150">
    <ele>2065.2</ele>
   </trkpt>
   <trkpt lat="43.6996900" lon="-110.6275850">
    <ele>2065.4</ele>
   </trkpt>
   <trkpt lat="43.6997240" lon="-110.6275540">
    <ele>2065.4</ele>
   </trkpt>
   <trkpt lat="43.6997590" lon="-110.6275240">
    <ele>2065.4</ele>
   </trkpt>
   <trkpt lat="43.6997970" lon="-110.6274930">
    <ele>2065.4</ele>
   </trkpt>
   <trkpt lat="43.6998310" lon="-110.6274630">
    <ele>2065.6</ele>
   </trkpt>
   <trkpt lat="43.6998690" lon="-110.6274320">
    <ele>2065.6</ele>
   </trkpt>
   <trkpt lat="43.6999040" lon="-110.6274020">
    <ele>2065.6</ele>
   </trkpt>
   <trkpt lat="43.6999420" lon="-110.6273790">
    <ele>2065.6</ele>
   </trkpt>
   <trkpt lat="43.6999800" lon="-110.6273490">
    <ele>2065.8</ele>
   </trkpt>
   <trkpt lat="43.7000220" lon="-110.6273250">
    <ele>2065.8</ele>
   </trkpt>
   <trkpt lat="43.7000600" lon="-110.6272950">
    <ele>2065.8</ele>
   </trkpt>
   <trkpt lat="43.7000940" lon="-110.6272640">
    <ele>2066.0</ele>
   </trkpt>
   <trkpt lat="43.7001330" lon="-110.6272340">
    <ele>2066.0</ele>
   </trkpt>
   <trkpt lat="43.7001710" lon="-110.6272040">
    <ele>2066.0</ele>
   </trkpt>
   <trkpt lat="43.7002090" lon="-110.6271800">
    <ele>2066.0</ele>
   </trkpt>
   <trkpt lat="43.7002430" lon="-110.6271500">
    <ele>2066.2</ele>
   </trkpt>
   <trkpt lat="43.7002850" lon="-110.6271200">
    <ele>2066.2</ele>
   </trkpt>
   <trkpt lat="43.7003160" lon="-110.6270960">
    <ele>2066.2</ele>
   </trkpt>
   <trkpt lat="43.7003540" lon="-110.6270660">
    <ele>2066.4</ele>
   </trkpt>
   <trkpt lat="43.7003920" lon="-110.6270350">
    <ele>2066.4</ele>
   </trkpt>
   <trkpt lat="43.7004310" lon="-110.6270040">
    <ele>2066.4</ele>
   </trkpt>
   <trkpt lat="43.7004760" lon="-110.6269670">
    <ele>2066.6</ele>
   </trkpt>
   <trkpt lat="43.7005100" lon="-110.6269440">
    <ele>2066.6</ele>
   </trkpt>
   <trkpt lat="43.7005490" lon="-110.6269130">
    <ele>2066.6</ele>
   </trkpt>
   <trkpt lat="43.7005910" lon="-110.6268820">
    <ele>2066.8</ele>
   </trkpt>
   <trkpt lat="43.7006360" lon="-110.6268450">
    <ele>2066.8</ele>
   </trkpt>
   <trkpt lat="43.7006700" lon="-110.6268220">
    <ele>2066.8</ele>
   </trkpt>
   <trkpt lat="43.7007090" lon="-110.6267910">
    <ele>2067.0</ele>
   </trkpt>
   <trkpt lat="43.7007470" lon="-110.6267530">
    <ele>2067.0</ele>
   </trkpt>
   <trkpt lat="43.7007890" lon="-110.6267220">
    <ele>2067.2</ele>
   </trkpt>
   <trkpt lat="43.7008340" lon="-110.6266850">
    <ele>2067.2</ele>
   </trkpt>
   <trkpt lat="43.7008650" lon="-110.6266610">
    <ele>2067.4</ele>
   </trkpt>
   <trkpt lat="43.7009070" lon="-110.6266230">
    <ele>2067.4</ele>
   </trkpt>
   <trkpt lat="43.7009490" lon="-110.6265930">
    <ele>2067.4</ele>
   </trkpt>
   <trkpt lat="43.7009910" lon="-110.6265540">
    <ele>2067.6</ele>
   </trkpt>
   <trkpt lat="43.7010400" lon="-110.6265170">
    <ele>2067.6</ele>
   </trkpt>
   <trkpt lat="43.7010710" lon="-110.6264930">
    <ele>2067.6</ele>
   </trkpt>
   <trkpt lat="43.7011130" lon="-110.6264560">
    <ele>2067.6</ele>
   </trkpt>
   <trkpt lat="43.7011510" lon="-110.6264250">
    <ele>2067.8</ele>
   </trkpt>
   <trkpt lat="43.7011930" lon="-110.6263870">
    <ele>2067.8</ele>
   </trkpt>
   <trkpt lat="43.7012350" lon="-110.6263560">
    <ele>2068.0</ele>
   </trkpt>
   <trkpt lat="43.7012780" lon="-110.6263250">
    <ele>2068.0</ele>
   </trkpt>
   <trkpt lat="43.7013270" lon="-110.6262880">
    <ele>2068.0</ele>
   </trkpt>
   <trkpt lat="43.7013610" lon="-110.6262570">
    <ele>2068.0</ele>
   </trkpt>
   <trkpt lat="43.7014030" lon="-110.6262260">
    <ele>2068.2</ele>
   </trkpt>
   <trkpt lat="43.7014450" lon="-110.6261890">
    <ele>2068.2</ele>
   </trkpt>
   <trkpt lat="43.7014870" lon="-110.6261580">
    <ele>2068.4</ele>
   </trkpt>
   <trkpt lat="43.7015290" lon="-110.6261270">
    <ele>2068.4</ele>
   </trkpt>
   <trkpt lat="43.7015670" lon="-110.6260890">
    <ele>2068.6</ele>
   </trkpt>
   <trkpt lat="43.7016090" lon="-110.6260580">
    <ele>2068.6</ele>
   </trkpt>
   <trkpt lat="43.7016470" lon="-110.6260210">
    <ele>2068.6</ele>
   </trkpt>
   <trkpt lat="43.7016890" lon="-110.6259900">
    <ele>2068.6</ele>
   </trkpt>
   <trkpt lat="43.7017310" lon="-110.6259600">
    <ele>2068.8</ele>
   </trkpt>
   <trkpt lat="43.7017690" lon="-110.6259290">
    <ele>2068.8</ele>
   </trkpt>
   <trkpt lat="43.7018110" lon="-110.6258980">
    <ele>2069.0</ele>
   </trkpt>
   <trkpt lat="43.7018490" lon="-110.6258680">
    <ele>2069.0</ele>
   </trkpt>
   <trkpt lat="43.7018910" lon="-110.6258300">
    <ele>2069.0</ele>
   </trkpt>
   <trkpt lat="43.7019290" lon="-110.6258070">
    <ele>2069.2</ele>
   </trkpt>
   <trkpt lat="43.7019670" lon="-110.6257690">
    <ele>2069.2</ele>
   </trkpt>
   <trkpt lat="43.7020060" lon="-110.6257300">
    <ele>2069.4</ele>
   </trkpt>
   <trkpt lat="43.7020470" lon="-110.6256930">
    <ele>2069.4</ele>
   </trkpt>
   <trkpt lat="43.7020780" lon="-110.6256610">
    <ele>2069.4</ele>
   </trkpt>
   <trkpt lat="43.7021120" lon="-110.6256160">
    <ele>2069.6</ele>
   </trkpt>
   <trkpt lat="43.7021430" lon="-110.6255770">
    <ele>2069.6</ele>
   </trkpt>
   <trkpt lat="43.7021730" lon="-110.6255320">
    <ele>2069.8</ele>
   </trkpt>
   <trkpt lat="43.7022030" lon="-110.6254850">
    <ele>2069.8</ele>
   </trkpt>
   <trkpt lat="43.7022250" lon="-110.6254330">
    <ele>2069.8</ele>
   </trkpt>
   <trkpt lat="43.7022410" lon="-110.6253860">
    <ele>2069.8</ele>
   </trkpt>
   <trkpt lat="43.7022560" lon="-110.6253330">
    <ele>2070.0</ele>
   </trkpt>
   <trkpt lat="43.7022710" lon="-110.6252790">
    <ele>2070.0</ele>
   </trkpt>
   <trkpt lat="43.7022830" lon="-110.6252260">
    <ele>2070.0</ele>
   </trkpt>
   <trkpt lat="43.7022940" lon="-110.6251800">
    <ele>2070.2</ele>
   </trkpt>
   <trkpt lat="43.7023010" lon="-110.6251270">
    <ele>2070.2</ele>
   </trkpt>
   <trkpt lat="43.7023090" lon="-110.6250810">
    <ele>2070.4</ele>
   </trkpt>
   <trkpt lat="43.7023170" lon="-110.6250200">
    <ele>2070.4</ele>
   </trkpt>
   <trkpt lat="43.7023240" lon="-110.6249670">
    <ele>2070.4</ele>
   </trkpt>
   <trkpt lat="43.7023320" lon="-110.6249210">
    <ele>2070.4</ele>
   </trkpt>
   <trkpt lat="43.7023440" lon="-110.6248670">
    <ele>2070.6</ele>
   </trkpt>
   <trkpt lat="43.7023550" lon="-110.6248070">
    <ele>2070.6</ele>
   </trkpt>
   <trkpt lat="43.7023630" lon="-110.6247610">
    <ele>2070.6</ele>
   </trkpt>
   <trkpt lat="43.7023740" lon="-110.6247070">
    <ele>2070.8</ele>
   </trkpt>
   <trkpt lat="43.7023860" lon="-110.6246530">
    <ele>2070.8</ele>
   </trkpt>
   <trkpt lat="43.7024010" lon="-110.6245920">
    <ele>2071.0</ele>
   </trkpt>
   <trkpt lat="43.7024160" lon="-110.6245240">
    <ele>2071.0</ele>
   </trkpt>
   <trkpt lat="43.7024310" lon="-110.6244710">
    <ele>2071.0</ele>
   </trkpt>
   <trkpt lat="43.7024430" lon="-110.6244170">
    <ele>2071.0</ele>
   </trkpt>
   <trkpt lat="43.7024580" lon="-110.6243630">
    <ele>2071.2</ele>
   </trkpt>
   <trkpt lat="43.7024660" lon="-110.6243020">
    <ele>2071.4</ele>
   </trkpt>
   <trkpt lat="43.7024770" lon="-110.6242410">
    <ele>2071.4</ele>
   </trkpt>
   <trkpt lat="43.7024930" lon="-110.6241810">
    <ele>2071.6</ele>
   </trkpt>
   <trkpt lat="43.7025080" lon="-110.6241270">
    <ele>2071.6</ele>
   </trkpt>
   <trkpt lat="43.7025270" lon="-110.6240660">
    <ele>2071.8</ele>
   </trkpt>
   <trkpt lat="43.7025420" lon="-110.6240050">
    <ele>2071.8</ele>
   </trkpt>
   <trkpt lat="43.7025570" lon="-110.6239440">
    <ele>2072.0</ele>
   </trkpt>
   <trkpt lat="43.7025730" lon="-110.6238910">
    <ele>2072.0</ele>
   </trkpt>
   <trkpt lat="43.7025880" lon="-110.6238370">
    <ele>2072.2</ele>
   </trkpt>
   <trkpt lat="43.7026040" lon="-110.6237760">
    <ele>2072.4</ele>
   </trkpt>
   <trkpt lat="43.7026230" lon="-110.6237230">
    <ele>2072.4</ele>
   </trkpt>
   <trkpt lat="43.7026420" lon="-110.6236690">
    <ele>2072.6</ele>
   </trkpt>
   <trkpt lat="43.7026610" lon="-110.6236160">
    <ele>2072.6</ele>
   </trkpt>
   <trkpt lat="43.7026800" lon="-110.6235630">
    <ele>2072.8</ele>
   </trkpt>
   <trkpt lat="43.7027030" lon="-110.6235170">
    <ele>2073.0</ele>
   </trkpt>
   <trkpt lat="43.7027260" lon="-110.6234630">
    <ele>2073.0</ele>
   </trkpt>
   <trkpt lat="43.7027530" lon="-110.6234110">
    <ele>2073.2</ele>
   </trkpt>
   <trkpt lat="43.7027790" lon="-110.6233650">
    <ele>2073.4</ele>
   </trkpt>
   <trkpt lat="43.7027990" lon="-110.6233270">
    <ele>2073.6</ele>
   </trkpt>
   <trkpt lat="43.7028330" lon="-110.6232810">
    <ele>2073.6</ele>
   </trkpt>
   <trkpt lat="43.7028560" lon="-110.6232440">
    <ele>2073.8</ele>
   </trkpt>
   <trkpt lat="43.7028820" lon="-110.6232130">
    <ele>2074.0</ele>
   </trkpt>
   <trkpt lat="43.7029100" lon="-110.6231750">
    <ele>2074.0</ele>
   </trkpt>
   <trkpt lat="43.7029440" lon="-110.6231440">
    <ele>2074.2</ele>
   </trkpt>
   <trkpt lat="43.7029790" lon="-110.6231060">
    <ele>2074.2</ele>
   </trkpt>
   <trkpt lat="43.7030200" lon="-110.6230760">
    <ele>2074.4</ele>
   </trkpt>
   <trkpt lat="43.7030510" lon="-110.6230530">
    <ele>2074.4</ele>
   </trkpt>
   <trkpt lat="43.7030890" lon="-110.6230220">
    <ele>2074.6</ele>
   </trkpt>
   <trkpt lat="43.7031350" lon="-110.6229920">
    <ele>2074.8</ele>
   </trkpt>
   <trkpt lat="43.7031720" lon="-110.6229690">
    <ele>2074.8</ele>
   </trkpt>
   <trkpt lat="43.7032040" lon="-110.6229460">
    <ele>2075.0</ele>
   </trkpt>
   <trkpt lat="43.7032450" lon="-110.6229240">
    <ele>2075.0</ele>
   </trkpt>
   <trkpt lat="43.7032880" lon="-110.6229010">
    <ele>2075.2</ele>
   </trkpt>
   <trkpt lat="43.7033370" lon="-110.6228780">
    <ele>2075.2</ele>
   </trkpt>
   <trkpt lat="43.7033830" lon="-110.6228620">
    <ele>2075.4</ele>
   </trkpt>
   <trkpt lat="43.7034280" lon="-110.6228400">
    <ele>2075.4</ele>
   </trkpt>
   <trkpt lat="43.7034630" lon="-110.6228240">
    <ele>2075.4</ele>
   </trkpt>
   <trkpt lat="43.7035090" lon="-110.6228010">
    <ele>2075.6</ele>
   </trkpt>
   <trkpt lat="43.7035500" lon="-110.6227790">
    <ele>2075.6</ele>
   </trkpt>
   <trkpt lat="43.7035820" lon="-110.6227630">
    <ele>2075.8</ele>
   </trkpt>
   <trkpt lat="43.7036270" lon="-110.6227410">
    <ele>2075.8</ele>
   </trkpt>
   <trkpt lat="43.7036570" lon="-110.6227250">
    <ele>2076.0</ele>
   </trkpt>
   <trkpt lat="43.7036960" lon="-110.6227020">
    <ele>2076.0</ele>
   </trkpt>
   <trkpt lat="43.7037410" lon="-110.6226720">
    <ele>2076.2</ele>
   </trkpt>
   <trkpt lat="43.7037720" lon="-110.6226480">
    <ele>2076.4</ele>
   </trkpt>
   <trkpt lat="43.7038060" lon="-110.6226180">
    <ele>2076.4</ele>
   </trkpt>
   <trkpt lat="43.7038360" lon="-110.6225950">
    <ele>2076.6</ele>
   </trkpt>
   <trkpt lat="43.7038630" lon="-110.6225640">
    <ele>2076.6</ele>
   </trkpt>
   <trkpt lat="43.7038930" lon="-110.6225270">
    <ele>2076.8</ele>
   </trkpt>
   <trkpt lat="43.7039200" lon="-110.6225040">
    <ele>2077.0</ele>
   </trkpt>
   <trkpt lat="43.7039550" lon="-110.6224810">
    <ele>2077.0</ele>
   </trkpt>
   <trkpt lat="43.7039930" lon="-110.6224510">
    <ele>2077.2</ele>
   </trkpt>
   <trkpt lat="43.7040270" lon="-110.6224350">
    <ele>2077.2</ele>
   </trkpt>
   <trkpt lat="43.7040580" lon="-110.6224120">
    <ele>2077.4</ele>
   </trkpt>
   <trkpt lat="43.7041000" lon="-110.6223900">
    <ele>2077.4</ele>
   </trkpt>
   <trkpt lat="43.7041310" lon="-110.6223740">
    <ele>2077.4</ele>
   </trkpt>
   <trkpt lat="43.7041800" lon="-110.6223510">
    <ele>2077.4</ele>
   </trkpt>
   <trkpt lat="43.7042180" lon="-110.6223290">
    <ele>2077.6</ele>
   </trkpt>
   <trkpt lat="43.7042560" lon="-110.6223130">
    <ele>2077.6</ele>
   </trkpt>
   <trkpt lat="43.7042870" lon="-110.6222900">
    <ele>2077.6</ele>
   </trkpt>
   <trkpt lat="43.7043330" lon="-110.6222670">
    <ele>2077.8</ele>
   </trkpt>
   <trkpt lat="43.7043660" lon="-110.6222370">
    <ele>2077.8</ele>
   </trkpt>
   <trkpt lat="43.7043940" lon="-110.6222140">
    <ele>2078.0</ele>
   </trkpt>
   <trkpt lat="43.7044320" lon="-110.6221830">
    <ele>2078.0</ele>
   </trkpt>
   <trkpt lat="43.7044700" lon="-110.6221530">
    <ele>2078.0</ele>
   </trkpt>
   <trkpt lat="43.7045130" lon="-110.6221220">
    <ele>2078.2</ele>
   </trkpt>
   <trkpt lat="43.7045610" lon="-110.6220920">
    <ele>2078.2</ele>
   </trkpt>
   <trkpt lat="43.7045960" lon="-110.6220690">
    <ele>2078.2</ele>
   </trkpt>
   <trkpt lat="43.7046390" lon="-110.6220460">
    <ele>2078.2</ele>
   </trkpt>
   <trkpt lat="43.7046910" lon="-110.6220160">
    <ele>2078.4</ele>
   </trkpt>
   <trkpt lat="43.7047330" lon="-110.6220010">
    <ele>2078.4</ele>
   </trkpt>
   <trkpt lat="43.7047640" lon="-110.6219930">
    <ele>2078.4</ele>
   </trkpt>
   <trkpt lat="43.7048140" lon="-110.6219700">
    <ele>2078.4</ele>
   </trkpt>
   <trkpt lat="43.7048600" lon="-110.6219550">
    <ele>2078.4</ele>
   </trkpt>
   <trkpt lat="43.7049090" lon="-110.6219320">
    <ele>2078.6</ele>
   </trkpt>
   <trkpt lat="43.7049510" lon="-110.6219090">
    <ele>2078.6</ele>
   </trkpt>
   <trkpt lat="43.7049920" lon="-110.6218860">
    <ele>2078.6</ele>
   </trkpt>
   <trkpt lat="43.7050310" lon="-110.6218710">
    <ele>2078.8</ele>
   </trkpt>
   <trkpt lat="43.7050810" lon="-110.6218480">
    <ele>2078.8</ele>
   </trkpt>
   <trkpt lat="43.7051260" lon="-110.6218250">
    <ele>2078.8</ele>
   </trkpt>
   <trkpt lat="43.7051690" lon="-110.6218020">
    <ele>2078.8</ele>
   </trkpt>
   <trkpt lat="43.7052250" lon="-110.6217800">
    <ele>2079.0</ele>
   </trkpt>
   <trkpt lat="43.7052600" lon="-110.6217640">
    <ele>2079.0</ele>
   </trkpt>
   <trkpt lat="43.7053020" lon="-110.6217400">
    <ele>2079.0</ele>
   </trkpt>
   <trkpt lat="43.7053470" lon="-110.6216950">
    <ele>2079.0</ele>
   </trkpt>
   <trkpt lat="43.7053820" lon="-110.6216640">
    <ele>2079.2</ele>
   </trkpt>
   <trkpt lat="43.7054200" lon="-110.6216250">
    <ele>2079.2</ele>
   </trkpt>
   <trkpt lat="43.7054660" lon="-110.6215790">
    <ele>2079.2</ele>
   </trkpt>
   <trkpt lat="43.7055030" lon="-110.6215340">
    <ele>2079.2</ele>
   </trkpt>
   <trkpt lat="43.7055300" lon="-110.6214950">
    <ele>2079.4</ele>
   </trkpt>
   <trkpt lat="43.7055600" lon="-110.6214420">
    <ele>2079.4</ele>
   </trkpt>
   <trkpt lat="43.7055870" lon="-110.6213880">
    <ele>2079.4</ele>
   </trkpt>
   <trkpt lat="43.7056130" lon="-110.6213270">
    <ele>2079.6</ele>
   </trkpt>
   <trkpt lat="43.7056360" lon="-110.6212670">
    <ele>2079.6</ele>
   </trkpt>
   <trkpt lat="43.7056470" lon="-110.6212200">
    <ele>2079.8</ele>
   </trkpt>
   <trkpt lat="43.7056620" lon="-110.6211590">
    <ele>2079.8</ele>
   </trkpt>
   <trkpt lat="43.7056740" lon="-110.6210980">
    <ele>2079.8</ele>
   </trkpt>
   <trkpt lat="43.7056810" lon="-110.6210350">
    <ele>2079.8</ele>
   </trkpt>
   <trkpt lat="43.7056880" lon="-110.6209610">
    <ele>2080.0</ele>
   </trkpt>
   <trkpt lat="43.7056890" lon="-110.6209070">
    <ele>2080.2</ele>
   </trkpt>
   <trkpt lat="43.7056930" lon="-110.6208460">
    <ele>2080.2</ele>
   </trkpt>
   <trkpt lat="43.7057000" lon="-110.6207770">
    <ele>2080.4</ele>
   </trkpt>
   <trkpt lat="43.7057000" lon="-110.6207170">
    <ele>2080.4</ele>
   </trkpt>
   <trkpt lat="43.7057000" lon="-110.6206710">
    <ele>2080.6</ele>
   </trkpt>
   <trkpt lat="43.7057000" lon="-110.6206030">
    <ele>2080.6</ele>
   </trkpt>
   <trkpt lat="43.7057080" lon="-110.6205570">
    <ele>2080.8</ele>
   </trkpt>
   <trkpt lat="43.7057160" lon="-110.6205030">
    <ele>2081.0</ele>
   </trkpt>
   <trkpt lat="43.7057230" lon="-110.6204430">
    <ele>2081.0</ele>
   </trkpt>
   <trkpt lat="43.7057310" lon="-110.6204040">
    <ele>2081.2</ele>
   </trkpt>
   <trkpt lat="43.7057470" lon="-110.6203500">
    <ele>2081.4</ele>
   </trkpt>
   <trkpt lat="43.7057660" lon="-110.6202900">
    <ele>2081.4</ele>
   </trkpt>
   <trkpt lat="43.7057890" lon="-110.6202440">
    <ele>2081.6</ele>
   </trkpt>
   <trkpt lat="43.7058080" lon="-110.6202060">
    <ele>2081.6</ele>
   </trkpt>
   <trkpt lat="43.7058350" lon="-110.6201610">
    <ele>2081.6</ele>
   </trkpt>
   <trkpt lat="43.7058660" lon="-110.6201230">
    <ele>2081.6</ele>
   </trkpt>
   <trkpt lat="43.7059080" lon="-110.6200850">
    <ele>2081.6</ele>
   </trkpt>
   <trkpt lat="43.7059470" lon="-110.6200630">
    <ele>2081.6</ele>
   </trkpt>
   <trkpt lat="43.7059930" lon="-110.6200480">
    <ele>2081.6</ele>
   </trkpt>
   <trkpt lat="43.7060380" lon="-110.6200330">
    <ele>2081.6</ele>
   </trkpt>
   <trkpt lat="43.7060770" lon="-110.6200330">
    <ele>2081.6</ele>
   </trkpt>
   <trkpt lat="43.7061330" lon="-110.6200330">
    <ele>2081.6</ele>
   </trkpt>
   <trkpt lat="43.7061790" lon="-110.6200340">
    <ele>2081.6</ele>
   </trkpt>
   <trkpt lat="43.7062290" lon="-110.6200410">
    <ele>2081.4</ele>
   </trkpt>
   <trkpt lat="43.7062670" lon="-110.6200490">
    <ele>2081.4</ele>
   </trkpt>
   <trkpt lat="43.7063170" lon="-110.6200560">
    <ele>2081.4</ele>
   </trkpt>
   <trkpt lat="43.7063740" lon="-110.6200570">
    <ele>2081.4</ele>
   </trkpt>
   <trkpt lat="43.7064190" lon="-110.6200640">
    <ele>2081.4</ele>
   </trkpt>
   <trkpt lat="43.7064590" lon="-110.6200720">
    <ele>2081.4</ele>
   </trkpt>
   <trkpt lat="43.7065110" lon="-110.6200800">
    <ele>2081.4</ele>
   </trkpt>
   <trkpt lat="43.7065570" lon="-110.6200880">
    <ele>2081.4</ele>
   </trkpt>
   <trkpt lat="43.7066020" lon="-110.6201020">
    <ele>2081.6</ele>
   </trkpt>
   <trkpt lat="43.7066410" lon="-110.6201100">
    <ele>2081.6</ele>
   </trkpt>
   <trkpt lat="43.7066870" lon="-110.6201260">
    <ele>2081.6</ele>
   </trkpt>
   <trkpt lat="43.7067330" lon="-110.6201410">
    <ele>2081.6</ele>
   </trkpt>
   <trkpt lat="43.7067770" lon="-110.6201560">
    <ele>2081.6</ele>
   </trkpt>
   <trkpt lat="43.7068070" lon="-110.6201630">
    <ele>2081.6</ele>
   </trkpt>
   <trkpt lat="43.7068260" lon="-110.6201710">
    <ele>2081.8</ele>
   </trkpt>
   <trkpt lat="43.7068410" lon="-110.6201790">
    <ele>2081.8</ele>
   </trkpt>
   <trkpt lat="43.7068520" lon="-110.6201860">
    <ele>2081.8</ele>
   </trkpt>
   <trkpt lat="43.7068600" lon="-110.6201940">
    <ele>2081.8</ele>
   </trkpt>
   <trkpt lat="43.7068630" lon="-110.6201940">
    <ele>2081.8</ele>
   </trkpt>
   <trkpt lat="43.7068760" lon="-110.6201850">
    <ele>2082.0</ele>
   </trkpt>
   <trkpt lat="43.7068920" lon="-110.6201780">
    <ele>2082.0</ele>
   </trkpt>
   <trkpt lat="43.7069180" lon="-110.6201790">
    <ele>2082.0</ele>
   </trkpt>
   <trkpt lat="43.7069450" lon="-110.6201860">
    <ele>2082.0</ele>
   </trkpt>
   <trkpt lat="43.7069690" lon="-110.6201860">
    <ele>2082.0</ele>
   </trkpt>
   <trkpt lat="43.7070060" lon="-110.6201940">
    <ele>2082.0</ele>
   </trkpt>
   <trkpt lat="43.7070330" lon="-110.6201940">
    <ele>2082.0</ele>
   </trkpt>
   <trkpt lat="43.7070680" lon="-110.6201940">
    <ele>2082.0</ele>
   </trkpt>
   <trkpt lat="43.7071050" lon="-110.6202010">
    <ele>2082.0</ele>
   </trkpt>
   <trkpt lat="43.7071440" lon="-110.6202010">
    <ele>2082.0</ele>
   </trkpt>
   <trkpt lat="43.7071900" lon="-110.6202020">
    <ele>2082.0</ele>
   </trkpt>
   <trkpt lat="43.7072240" lon="-110.6202090">
    <ele>2082.2</ele>
   </trkpt>
   <trkpt lat="43.7072620" lon="-110.6202090">
    <ele>2082.2</ele>
   </trkpt>
   <trkpt lat="43.7073000" lon="-110.6202090">
    <ele>2082.2</ele>
   </trkpt>
   <trkpt lat="43.7073300" lon="-110.6202090">
    <ele>2082.4</ele>
   </trkpt>
   <trkpt lat="43.7073690" lon="-110.6202170">
    <ele>2082.4</ele>
   </trkpt>
   <trkpt lat="43.7074070" lon="-110.6202240">
    <ele>2082.6</ele>
   </trkpt>
   <trkpt lat="43.7074330" lon="-110.6202240">
    <ele>2082.6</ele>
   </trkpt>
   <trkpt lat="43.7074680" lon="-110.6202240">
    <ele>2082.8</ele>
   </trkpt>
   <trkpt lat="43.7075050" lon="-110.6202320">
    <ele>2082.8</ele>
   </trkpt>
   <trkpt lat="43.7075400" lon="-110.6202390">
    <ele>2082.8</ele>
   </trkpt>
   <trkpt lat="43.7075750" lon="-110.6202390">
    <ele>2082.8</ele>
   </trkpt>
   <trkpt lat="43.7076210" lon="-110.6202390">
    <ele>2083.0</ele>
   </trkpt>
   <trkpt lat="43.7076550" lon="-110.6202390">
    <ele>2083.0</ele>
   </trkpt>
   <trkpt lat="43.7076980" lon="-110.6202400">
    <ele>2083.0</ele>
   </trkpt>
   <trkpt lat="43.7077460" lon="-110.6202470">
    <ele>2083.0</ele>
   </trkpt>
   <trkpt lat="43.7077810" lon="-110.6202470">
    <ele>2083.0</ele>
   </trkpt>
   <trkpt lat="43.7078270" lon="-110.6202460">
    <ele>2083.0</ele>
   </trkpt>
   <trkpt lat="43.7078770" lon="-110.6202390">
    <ele>2083.0</ele>
   </trkpt>
   <trkpt lat="43.7079190" lon="-110.6202390">
    <ele>2083.0</ele>
   </trkpt>
   <trkpt lat="43.7079600" lon="-110.6202390">
    <ele>2083.0</ele>
   </trkpt>
   <trkpt lat="43.7079990" lon="-110.6202400">
    <ele>2083.2</ele>
   </trkpt>
   <trkpt lat="43.7080370" lon="-110.6202470">
    <ele>2083.2</ele>
   </trkpt>
   <trkpt lat="43.7080750" lon="-110.6202470">
    <ele>2083.2</ele>
   </trkpt>
   <trkpt lat="43.7081210" lon="-110.6202470">
    <ele>2083.2</ele>
   </trkpt>
   <trkpt lat="43.7081620" lon="-110.6202470">
    <ele>2083.4</ele>
   </trkpt>
   <trkpt lat="43.7081980" lon="-110.6202470">
    <ele>2083.4</ele>
   </trkpt>
   <trkpt lat="43.7082510" lon="-110.6202470">
    <ele>2083.6</ele>
   </trkpt>
   <trkpt lat="43.7082920" lon="-110.6202470">
    <ele>2083.6</ele>
   </trkpt>
   <trkpt lat="43.7083390" lon="-110.6202470">
    <ele>2083.6</ele>
   </trkpt>
   <trkpt lat="43.7083830" lon="-110.6202470">
    <ele>2083.8</ele>
   </trkpt>
   <trkpt lat="43.7084150" lon="-110.6202470">
    <ele>2084.0</ele>
   </trkpt>
   <trkpt lat="43.7084560" lon="-110.6202470">
    <ele>2084.0</ele>
   </trkpt>
   <trkpt lat="43.7084940" lon="-110.6202470">
    <ele>2084.2</ele>
   </trkpt>
   <trkpt lat="43.7085280" lon="-110.6202470">
    <ele>2084.2</ele>
   </trkpt>
   <trkpt lat="43.7085550" lon="-110.6202460">
    <ele>2084.4</ele>
   </trkpt>
   <trkpt lat="43.7085820" lon="-110.6202390">
    <ele>2084.6</ele>
   </trkpt>
   <trkpt lat="43.7086200" lon="-110.6202390">
    <ele>2084.6</ele>
   </trkpt>
   <trkpt lat="43.7086470" lon="-110.6202390">
    <ele>2084.6</ele>
   </trkpt>
   <trkpt lat="43.7086810" lon="-110.6202390">
    <ele>2084.8</ele>
   </trkpt>
   <trkpt lat="43.7087150" lon="-110.6202390">
    <ele>2084.8</ele>
   </trkpt>
   <trkpt lat="43.7087500" lon="-110.6202390">
    <ele>2085.0</ele>
   </trkpt>
   <trkpt lat="43.7087800" lon="-110.6202390">
    <ele>2085.0</ele>
   </trkpt>
   <trkpt lat="43.7088060" lon="-110.6202390">
    <ele>2085.0</ele>
   </trkpt>
   <trkpt lat="43.7088340" lon="-110.6202390">
    <ele>2085.2</ele>
   </trkpt>
   <trkpt lat="43.7088750" lon="-110.6202390">
    <ele>2085.2</ele>
   </trkpt>
   <trkpt lat="43.7089060" lon="-110.6202400">
    <ele>2085.4</ele>
   </trkpt>
   <trkpt lat="43.7089410" lon="-110.6202470">
    <ele>2085.4</ele>
   </trkpt>
   <trkpt lat="43.7089700" lon="-110.6202470">
    <ele>2085.6</ele>
   </trkpt>
   <trkpt lat="43.7089980" lon="-110.6202460">
    <ele>2085.6</ele>
   </trkpt>
   <trkpt lat="43.7090330" lon="-110.6202390">
    <ele>2085.6</ele>
   </trkpt>
   <trkpt lat="43.7090780" lon="-110.6202310">
    <ele>2085.6</ele>
   </trkpt>
   <trkpt lat="43.7091130" lon="-110.6202160">
    <ele>2085.8</ele>
   </trkpt>
   <trkpt lat="43.7091550" lon="-110.6202080">
    <ele>2085.8</ele>
   </trkpt>
   <trkpt lat="43.7092040" lon="-110.6202010">
    <ele>2085.8</ele>
   </trkpt>
   <trkpt lat="43.7092470" lon="-110.6202010">
    <ele>2085.8</ele>
   </trkpt>
   <trkpt lat="43.7092920" lon="-110.6201940">
    <ele>2085.8</ele>
   </trkpt>
   <trkpt lat="43.7093370" lon="-110.6201940">
    <ele>2085.8</ele>
   </trkpt>
   <trkpt lat="43.7093730" lon="-110.6201940">
    <ele>2086.0</ele>
   </trkpt>
   <trkpt lat="43.7094260" lon="-110.6201940">
    <ele>2086.0</ele>
   </trkpt>
   <trkpt lat="43.7094710" lon="-110.6202020">
    <ele>2086.2</ele>
   </trkpt>
   <trkpt lat="43.7095060" lon="-110.6202090">
    <ele>2086.2</ele>
   </trkpt>
   <trkpt lat="43.7095520" lon="-110.6202170">
    <ele>2086.2</ele>
   </trkpt>
   <trkpt lat="43.7096010" lon="-110.6202320">
    <ele>2086.4</ele>
   </trkpt>
   <trkpt lat="43.7096430" lon="-110.6202480">
    <ele>2086.4</ele>
   </trkpt>
   <trkpt lat="43.7096810" lon="-110.6202630">
    <ele>2086.4</ele>
   </trkpt>
   <trkpt lat="43.7097230" lon="-110.6202710">
    <ele>2086.4</ele>
   </trkpt>
   <trkpt lat="43.7097680" lon="-110.6202850">
    <ele>2086.6</ele>
   </trkpt>
   <trkpt lat="43.7098040" lon="-110.6202940">
    <ele>2086.6</ele>
   </trkpt>
   <trkpt lat="43.7098570" lon="-110.6203080">
    <ele>2086.8</ele>
   </trkpt>
   <trkpt lat="43.7099020" lon="-110.6203160">
    <ele>2086.8</ele>
   </trkpt>
   <trkpt lat="43.7099450" lon="-110.6203160">
    <ele>2086.8</ele>
   </trkpt>
   <trkpt lat="43.7099940" lon="-110.6203240">
    <ele>2086.8</ele>
   </trkpt>
   <trkpt lat="43.7100360" lon="-110.6203310">
    <ele>2087.0</ele>
   </trkpt>
   <trkpt lat="43.7100820" lon="-110.6203380">
    <ele>2087.0</ele>
   </trkpt>
   <trkpt lat="43.7101230" lon="-110.6203380">
    <ele>2087.2</ele>
   </trkpt>
   <trkpt lat="43.7101540" lon="-110.6203390">
    <ele>2087.2</ele>
   </trkpt>
   <trkpt lat="43.7101880" lon="-110.6203460">
    <ele>2087.2</ele>
   </trkpt>
   <trkpt lat="43.7102300" lon="-110.6203540">
    <ele>2087.4</ele>
   </trkpt>
   <trkpt lat="43.7102680" lon="-110.6203610">
    <ele>2087.4</ele>
   </trkpt>
   <trkpt lat="43.7103030" lon="-110.6203620">
    <ele>2087.4</ele>
   </trkpt>
   <trkpt lat="43.7103450" lon="-110.6203690">
    <ele>2087.4</ele>
   </trkpt>
   <trkpt lat="43.7103910" lon="-110.6203690">
    <ele>2087.6</ele>
   </trkpt>
   <trkpt lat="43.7104330" lon="-110.6203770">
    <ele>2087.6</ele>
   </trkpt>
   <trkpt lat="43.7104790" lon="-110.6203770">
    <ele>2087.6</ele>
   </trkpt>
   <trkpt lat="43.7105240" lon="-110.6203840">
    <ele>2087.6</ele>
   </trkpt>
   <trkpt lat="43.7105700" lon="-110.6203850">
    <ele>2087.8</ele>
   </trkpt>
   <trkpt lat="43.7106130" lon="-110.6203920">
    <ele>2088.0</ele>
   </trkpt>
   <trkpt lat="43.7106650" lon="-110.6203920">
    <ele>2088.0</ele>
   </trkpt>
   <trkpt lat="43.7106960" lon="-110.6203990">
    <ele>2088.2</ele>
   </trkpt>
   <trkpt lat="43.7107380" lon="-110.6203990">
    <ele>2088.2</ele>
   </trkpt>
   <trkpt lat="43.7107810" lon="-110.6204000">
    <ele>2088.2</ele>
   </trkpt>
   <trkpt lat="43.7108330" lon="-110.6204070">
    <ele>2088.4</ele>
   </trkpt>
   <trkpt lat="43.7108680" lon="-110.6204070">
    <ele>2088.6</ele>
   </trkpt>
   <trkpt lat="43.7109140" lon="-110.6204070">
    <ele>2088.6</ele>
   </trkpt>
   <trkpt lat="43.7109600" lon="-110.6204070">
    <ele>2088.8</ele>
   </trkpt>
   <trkpt lat="43.7110120" lon="-110.6204070">
    <ele>2088.8</ele>
   </trkpt>
   <trkpt lat="43.7110580" lon="-110.6204070">
    <ele>2088.8</ele>
   </trkpt>
   <trkpt lat="43.7110920" lon="-110.6204070">
    <ele>2088.8</ele>
   </trkpt>
   <trkpt lat="43.7111350" lon="-110.6204070">
    <ele>2089.0</ele>
   </trkpt>
   <trkpt lat="43.7111770" lon="-110.6204070">
    <ele>2089.0</ele>
   </trkpt>
   <trkpt lat="43.7112260" lon="-110.6204070">
    <ele>2089.2</ele>
   </trkpt>
   <trkpt lat="43.7112610" lon="-110.6204070">
    <ele>2089.2</ele>
   </trkpt>
   <trkpt lat="43.7113020" lon="-110.6204070">
    <ele>2089.2</ele>
   </trkpt>
   <trkpt lat="43.7113400" lon="-110.6204070">
    <ele>2089.4</ele>
   </trkpt>
   <trkpt lat="43.7113790" lon="-110.6204070">
    <ele>2089.4</ele>
   </trkpt>
   <trkpt lat="43.7114210" lon="-110.6204070">
    <ele>2089.6</ele>
   </trkpt>
   <trkpt lat="43.7114620" lon="-110.6204070">
    <ele>2089.6</ele>
   </trkpt>
   <trkpt lat="43.7115010" lon="-110.6203990">
    <ele>2089.8</ele>
   </trkpt>
   <trkpt lat="43.7115430" lon="-110.6203990">
    <ele>2089.8</ele>
   </trkpt>
   <trkpt lat="43.7115920" lon="-110.6203990">
    <ele>2089.8</ele>
   </trkpt>
   <trkpt lat="43.7116270" lon="-110.6204000">
    <ele>2090.0</ele>
   </trkpt>
   <trkpt lat="43.7116690" lon="-110.6204070">
    <ele>2090.0</ele>
   </trkpt>
   <trkpt lat="43.7117170" lon="-110.6204070">
    <ele>2090.0</ele>
   </trkpt>
   <trkpt lat="43.7117530" lon="-110.6204150">
    <ele>2090.2</ele>
   </trkpt>
   <trkpt lat="43.7117910" lon="-110.6204150">
    <ele>2090.2</ele>
   </trkpt>
   <trkpt lat="43.7118330" lon="-110.6204220">
    <ele>2090.2</ele>
   </trkpt>
   <trkpt lat="43.7118790" lon="-110.6204230">
    <ele>2090.2</ele>
   </trkpt>
   <trkpt lat="43.7119280" lon="-110.6204300">
    <ele>2090.4</ele>
   </trkpt>
   <trkpt lat="43.7119700" lon="-110.6204300">
    <ele>2090.6</ele>
   </trkpt>
   <trkpt lat="43.7120040" lon="-110.6204380">
    <ele>2090.6</ele>
   </trkpt>
   <trkpt lat="43.7120470" lon="-110.6204450">
    <ele>2090.6</ele>
   </trkpt>
   <trkpt lat="43.7120950" lon="-110.6204460">
    <ele>2090.8</ele>
   </trkpt>
   <trkpt lat="43.7121270" lon="-110.6204530">
    <ele>2090.8</ele>
   </trkpt>
   <trkpt lat="43.7121680" lon="-110.6204530">
    <ele>2090.8</ele>
   </trkpt>
   <trkpt lat="43.7122070" lon="-110.6204610">
    <ele>2091.0</ele>
   </trkpt>
   <trkpt lat="43.7122480" lon="-110.6204680">
    <ele>2091.0</ele>
   </trkpt>
   <trkpt lat="43.7122860" lon="-110.6204690">
    <ele>2091.0</ele>
   </trkpt>
   <trkpt lat="43.7123250" lon="-110.6204760">
    <ele>2091.0</ele>
   </trkpt>
   <trkpt lat="43.7123630" lon="-110.6204760">
    <ele>2091.2</ele>
   </trkpt>
   <trkpt lat="43.7124010" lon="-110.6204760">
    <ele>2091.2</ele>
   </trkpt>
   <trkpt lat="43.7124390" lon="-110.6204760">
    <ele>2091.2</ele>
   </trkpt>
   <trkpt lat="43.7124690" lon="-110.6204750">
    <ele>2091.4</ele>
   </trkpt>
   <trkpt lat="43.7124950" lon="-110.6204680">
    <ele>2091.4</ele>
   </trkpt>
   <trkpt lat="43.7125180" lon="-110.6204680">
    <ele>2091.4</ele>
   </trkpt>
   <trkpt lat="43.7125410" lon="-110.6204680">
    <ele>2091.6</ele>
   </trkpt>
   <trkpt lat="43.7125560" lon="-110.6204600">
    <ele>2091.6</ele>
   </trkpt>
   <trkpt lat="43.7125710" lon="-110.6204600">
    <ele>2091.6</ele>
   </trkpt>
   <trkpt lat="43.7125780" lon="-110.6204600">
    <ele>2091.6</ele>
   </trkpt>
   <trkpt lat="43.7125820" lon="-110.6204520">
    <ele>2091.6</ele>
   </trkpt>
   <trkpt lat="43.7125940" lon="-110.6204450">
    <ele>2091.6</ele>
   </trkpt>
   <trkpt lat="43.7126050" lon="-110.6204370">
    <ele>2091.6</ele>
   </trkpt>
   <trkpt lat="43.7126210" lon="-110.6204300">
    <ele>2091.6</ele>
   </trkpt>
   <trkpt lat="43.7126400" lon="-110.6204290">
    <ele>2091.6</ele>
   </trkpt>
   <trkpt lat="43.7126640" lon="-110.6204210">
    <ele>2091.8</ele>
   </trkpt>
   <trkpt lat="43.7126970" lon="-110.6204070">
    <ele>2091.8</ele>
   </trkpt>
   <trkpt lat="43.7127210" lon="-110.6203990">
    <ele>2091.8</ele>
   </trkpt>
   <trkpt lat="43.7127510" lon="-110.6203910">
    <ele>2092.0</ele>
   </trkpt>
   <trkpt lat="43.7127820" lon="-110.6203830">
    <ele>2092.0</ele>
   </trkpt>
   <trkpt lat="43.7128120" lon="-110.6203690">
    <ele>2092.0</ele>
   </trkpt>
   <trkpt lat="43.7128390" lon="-110.6203610">
    <ele>2092.2</ele>
   </trkpt>
   <trkpt lat="43.7128650" lon="-110.6203530">
    <ele>2092.2</ele>
   </trkpt>
   <trkpt lat="43.7128890" lon="-110.6203380">
    <ele>2092.2</ele>
   </trkpt>
   <trkpt lat="43.7129270" lon="-110.6203300">
    <ele>2092.4</ele>
   </trkpt>
   <trkpt lat="43.7129610" lon="-110.6203150">
    <ele>2092.4</ele>
   </trkpt>
   <trkpt lat="43.7129920" lon="-110.6203080">
    <ele>2092.4</ele>
   </trkpt>
   <trkpt lat="43.7130270" lon="-110.6202990">
    <ele>2092.6</ele>
   </trkpt>
   <trkpt lat="43.7130720" lon="-110.6202850">
    <ele>2092.6</ele>
   </trkpt>
   <trkpt lat="43.7131030" lon="-110.6202760">
    <ele>2092.6</ele>
   </trkpt>
   <trkpt lat="43.7131410" lon="-110.6202610">
    <ele>2092.6</ele>
   </trkpt>
   <trkpt lat="43.7131790" lon="-110.6202460">
    <ele>2092.8</ele>
   </trkpt>
   <trkpt lat="43.7132170" lon="-110.6202310">
    <ele>2092.8</ele>
   </trkpt>
   <trkpt lat="43.7132560" lon="-110.6202150">
    <ele>2092.8</ele>
   </trkpt>
   <trkpt lat="43.7133010" lon="-110.6202000">
    <ele>2093.0</ele>
   </trkpt>
   <trkpt lat="43.7133320" lon="-110.6201840">
    <ele>2093.0</ele>
   </trkpt>
   <trkpt lat="43.7133700" lon="-110.6201620">
    <ele>2093.2</ele>
   </trkpt>
   <trkpt lat="43.7134040" lon="-110.6201470">
    <ele>2093.2</ele>
   </trkpt>
   <trkpt lat="43.7134420" lon="-110.6201390">
    <ele>2093.4</ele>
   </trkpt>
   <trkpt lat="43.7134810" lon="-110.6201240">
    <ele>2093.4</ele>
   </trkpt>
   <trkpt lat="43.7135230" lon="-110.6201160">
    <ele>2093.6</ele>
   </trkpt>
   <trkpt lat="43.7135640" lon="-110.6201010">
    <ele>2093.6</ele>
   </trkpt>
   <trkpt lat="43.7136030" lon="-110.6200850">
    <ele>2093.8</ele>
   </trkpt>
   <trkpt lat="43.7136480" lon="-110.6200620">
    <ele>2093.8</ele>
   </trkpt>
   <trkpt lat="43.7136860" lon="-110.6200400">
    <ele>2094.0</ele>
   </trkpt>
   <trkpt lat="43.7137200" lon="-110.6200240">
    <ele>2094.0</ele>
   </trkpt>
   <trkpt lat="43.7137550" lon="-110.6200010">
    <ele>2094.2</ele>
   </trkpt>
   <trkpt lat="43.7137900" lon="-110.6199790">
    <ele>2094.2</ele>
   </trkpt>
   <trkpt lat="43.7138350" lon="-110.6199570">
    <ele>2094.2</ele>
   </trkpt>
   <trkpt lat="43.7138660" lon="-110.6199480">
    <ele>2094.4</ele>
   </trkpt>
   <trkpt lat="43.7139040" lon="-110.6199250">
    <ele>2094.4</ele>
   </trkpt>
   <trkpt lat="43.7139460" lon="-110.6199100">
    <ele>2094.6</ele>
   </trkpt>
   <trkpt lat="43.7139870" lon="-110.6198950">
    <ele>2094.6</ele>
   </trkpt>
   <trkpt lat="43.7140180" lon="-110.6198800">
    <ele>2094.8</ele>
   </trkpt>
   <trkpt lat="43.7140530" lon="-110.6198650">
    <ele>2094.8</ele>
   </trkpt>
   <trkpt lat="43.7140910" lon="-110.6198490">
    <ele>2095.0</ele>
   </trkpt>
   <trkpt lat="43.7141320" lon="-110.6198260">
    <ele>2095.0</ele>
   </trkpt>
   <trkpt lat="43.7141590" lon="-110.6198110">
    <ele>2095.2</ele>
   </trkpt>
   <trkpt lat="43.7141940" lon="-110.6197960">
    <ele>2095.2</ele>
   </trkpt>
   <trkpt lat="43.7142280" lon="-110.6197810">
    <ele>2095.2</ele>
   </trkpt>
   <trkpt lat="43.7142660" lon="-110.6197650">
    <ele>2095.4</ele>
   </trkpt>
   <trkpt lat="43.7143050" lon="-110.6197420">
    <ele>2095.4</ele>
   </trkpt>
   <trkpt lat="43.7143430" lon="-110.6197270">
    <ele>2095.6</ele>
   </trkpt>
   <trkpt lat="43.7143810" lon="-110.6197120">
    <ele>2095.6</ele>
   </trkpt>
   <trkpt lat="43.7144200" lon="-110.6196960">
    <ele>2095.6</ele>
   </trkpt>
   <trkpt lat="43.7144640" lon="-110.6196740">
    <ele>2095.8</ele>
   </trkpt>
   <trkpt lat="43.7144950" lon="-110.6196580">
    <ele>2095.8</ele>
   </trkpt>
   <trkpt lat="43.7145330" lon="-110.6196430">
    <ele>2096.0</ele>
   </trkpt>
   <trkpt lat="43.7145720" lon="-110.6196200">
    <ele>2096.0</ele>
   </trkpt>
   <trkpt lat="43.7146170" lon="-110.6196050">
    <ele>2096.2</ele>
   </trkpt>
   <trkpt lat="43.7146440" lon="-110.6195890">
    <ele>2096.2</ele>
   </trkpt>
   <trkpt lat="43.7146820" lon="-110.6195670">
    <ele>2096.4</ele>
   </trkpt>
   <trkpt lat="43.7147200" lon="-110.6195590">
    <ele>2096.4</ele>
   </trkpt>
   <trkpt lat="43.7147550" lon="-110.6195360">
    <ele>2096.6</ele>
   </trkpt>
   <trkpt lat="43.7147930" lon="-110.6195210">
    <ele>2096.6</ele>
   </trkpt>
   <trkpt lat="43.7148340" lon="-110.6195060">
    <ele>2096.8</ele>
   </trkpt>
   <trkpt lat="43.7148650" lon="-110.6194910">
    <ele>2096.8</ele>
   </trkpt>
   <trkpt lat="43.7148960" lon="-110.6194760">
    <ele>2097.0</ele>
   </trkpt>
   <trkpt lat="43.7149340" lon="-110.6194680">
    <ele>2097.0</ele>
   </trkpt>
   <trkpt lat="43.7149720" lon="-110.6194530">
    <ele>2097.0</ele>
   </trkpt>
   <trkpt lat="43.7150060" lon="-110.6194380">
    <ele>2097.2</ele>
   </trkpt>
   <trkpt lat="43.7150400" lon="-110.6194300">
    <ele>2097.2</ele>
   </trkpt>
   <trkpt lat="43.7150710" lon="-110.6194140">
    <ele>2097.4</ele>
   </trkpt>
   <trkpt lat="43.7151050" lon="-110.6193990">
    <ele>2097.4</ele>
   </trkpt>
   <trkpt lat="43.7151390" lon="-110.6193840">
    <ele>2097.6</ele>
   </trkpt>
   <trkpt lat="43.7151740" lon="-110.6193680">
    <ele>2097.6</ele>
   </trkpt>
   <trkpt lat="43.7152120" lon="-110.6193460">
    <ele>2097.6</ele>
   </trkpt>
   <trkpt lat="43.7152460" lon="-110.6193300">
    <ele>2097.8</ele>
   </trkpt>
   <trkpt lat="43.7152810" lon="-110.6193080">
    <ele>2097.8</ele>
   </trkpt>
   <trkpt lat="43.7153260" lon="-110.6192920">
    <ele>2098.0</ele>
   </trkpt>
   <trkpt lat="43.7153610" lon="-110.6192770">
    <ele>2098.0</ele>
   </trkpt>
   <trkpt lat="43.7153950" lon="-110.6192620">
    <ele>2098.2</ele>
   </trkpt>
   <trkpt lat="43.7154220" lon="-110.6192470">
    <ele>2098.2</ele>
   </trkpt>
   <trkpt lat="43.7154530" lon="-110.6192310">
    <ele>2098.2</ele>
   </trkpt>
   <trkpt lat="43.7154900" lon="-110.6192160">
    <ele>2098.4</ele>
   </trkpt>
   <trkpt lat="43.7155170" lon="-110.6192010">
    <ele>2098.4</ele>
   </trkpt>
   <trkpt lat="43.7155510" lon="-110.6191860">
    <ele>2098.4</ele>
   </trkpt>
   <trkpt lat="43.7155860" lon="-110.6191770">
    <ele>2098.6</ele>
   </trkpt>
   <trkpt lat="43.7156240" lon="-110.6191550">
    <ele>2098.6</ele>
   </trkpt>
   <trkpt lat="43.7156580" lon="-110.6191400">
    <ele>2098.8</ele>
   </trkpt>
   <trkpt lat="43.7156850" lon="-110.6191320">
    <ele>2098.8</ele>
   </trkpt>
   <trkpt lat="43.7157160" lon="-110.6191170">
    <ele>2099.0</ele>
   </trkpt>
   <trkpt lat="43.7157500" lon="-110.6191010">
    <ele>2099.0</ele>
   </trkpt>
   <trkpt lat="43.7157910" lon="-110.6190790">
    <ele>2099.0</ele>
   </trkpt>
   <trkpt lat="43.7158190" lon="-110.6190710">
    <ele>2099.2</ele>
   </trkpt>
   <trkpt lat="43.7158530" lon="-110.6190480">
    <ele>2099.2</ele>
   </trkpt>
   <trkpt lat="43.7158950" lon="-110.6190330">
    <ele>2099.2</ele>
   </trkpt>
   <trkpt lat="43.7159370" lon="-110.6190180">
    <ele>2099.2</ele>
   </trkpt>
   <trkpt lat="43.7159680" lon="-110.6190100">
    <ele>2099.4</ele>
   </trkpt>
   <trkpt lat="43.7160130" lon="-110.6189870">
    <ele>2099.4</ele>
   </trkpt>
   <trkpt lat="43.7160440" lon="-110.6189710">
    <ele>2099.4</ele>
   </trkpt>
   <trkpt lat="43.7160860" lon="-110.6189490">
    <ele>2099.4</ele>
   </trkpt>
   <trkpt lat="43.7161350" lon="-110.6189340">
    <ele>2099.6</ele>
   </trkpt>
   <trkpt lat="43.7161660" lon="-110.6189180">
    <ele>2099.6</ele>
   </trkpt>
   <trkpt lat="43.7162050" lon="-110.6189030">
    <ele>2099.8</ele>
   </trkpt>
   <trkpt lat="43.7162530" lon="-110.6188800">
    <ele>2099.8</ele>
   </trkpt>
   <trkpt lat="43.7162840" lon="-110.6188650">
    <ele>2100.0</ele>
   </trkpt>
   <trkpt lat="43.7163180" lon="-110.6188420">
    <ele>2100.0</ele>
   </trkpt>
   <trkpt lat="43.7163510" lon="-110.6188270">
    <ele>2100.0</ele>
   </trkpt>
   <trkpt lat="43.7163870" lon="-110.6188040">
    <ele>2100.2</ele>
   </trkpt>
   <trkpt lat="43.7164210" lon="-110.6187890">
    <ele>2100.2</ele>
   </trkpt>
   <trkpt lat="43.7164560" lon="-110.6187730">
    <ele>2100.4</ele>
   </trkpt>
   <trkpt lat="43.7164900" lon="-110.6187510">
    <ele>2100.4</ele>
   </trkpt>
   <trkpt lat="43.7165210" lon="-110.6187350">
    <ele>2100.6</ele>
   </trkpt>
   <trkpt lat="43.7165610" lon="-110.6187050">
    <ele>2100.6</ele>
   </trkpt>
   <trkpt lat="43.7165880" lon="-110.6186900">
    <ele>2100.8</ele>
   </trkpt>
   <trkpt lat="43.7166300" lon="-110.6186670">
    <ele>2100.8</ele>
   </trkpt>
   <trkpt lat="43.7166640" lon="-110.6186520">
    <ele>2101.0</ele>
   </trkpt>
   <trkpt lat="43.7166950" lon="-110.6186360">
    <ele>2101.0</ele>
   </trkpt>
   <trkpt lat="43.7167330" lon="-110.6186140">
    <ele>2101.0</ele>
   </trkpt>
   <trkpt lat="43.7167780" lon="-110.6185910">
    <ele>2101.0</ele>
   </trkpt>
   <trkpt lat="43.7168090" lon="-110.6185760">
    <ele>2101.2</ele>
   </trkpt>
   <trkpt lat="43.7168470" lon="-110.6185530">
    <ele>2101.2</ele>
   </trkpt>
   <trkpt lat="43.7168930" lon="-110.6185300">
    <ele>2101.4</ele>
   </trkpt>
   <trkpt lat="43.7169360" lon="-110.6185140">
    <ele>2101.4</ele>
   </trkpt>
   <trkpt lat="43.7169780" lon="-110.6184990">
    <ele>2101.4</ele>
   </trkpt>
   <trkpt lat="43.7170110" lon="-110.6184840">
    <ele>2101.4</ele>
   </trkpt>
   <trkpt lat="43.7170620" lon="-110.6184610">
    <ele>2101.4</ele>
   </trkpt>
   <trkpt lat="43.7170990" lon="-110.6184460">
    <ele>2101.6</ele>
   </trkpt>
   <trkpt lat="43.7171420" lon="-110.6184310">
    <ele>2101.6</ele>
   </trkpt>
   <trkpt lat="43.7171760" lon="-110.6184230">
    <ele>2101.6</ele>
   </trkpt>
   <trkpt lat="43.7172180" lon="-110.6184080">
    <ele>2101.8</ele>
   </trkpt>
   <trkpt lat="43.7172680" lon="-110.6183930">
    <ele>2101.8</ele>
   </trkpt>
   <trkpt lat="43.7173090" lon="-110.6183850">
    <ele>2101.8</ele>
   </trkpt>
   <trkpt lat="43.7173450" lon="-110.6183690">
    <ele>2102.0</ele>
   </trkpt>
   <trkpt lat="43.7173910" lon="-110.6183500">
    <ele>2102.0</ele>
   </trkpt>
   <trkpt lat="43.7174370" lon="-110.6183310">
    <ele>2102.0</ele>
   </trkpt>
   <trkpt lat="43.7174770" lon="-110.6183160">
    <ele>2102.2</ele>
   </trkpt>
   <trkpt lat="43.7175170" lon="-110.6183000">
    <ele>2102.2</ele>
   </trkpt>
   <trkpt lat="43.7175580" lon="-110.6182850">
    <ele>2102.4</ele>
   </trkpt>
   <trkpt lat="43.7176000" lon="-110.6182620">
    <ele>2102.4</ele>
   </trkpt>
   <trkpt lat="43.7176400" lon="-110.6182430">
    <ele>2102.4</ele>
   </trkpt>
   <trkpt lat="43.7176810" lon="-110.6182240">
    <ele>2102.4</ele>
   </trkpt>
   <trkpt lat="43.7177220" lon="-110.6182020">
    <ele>2102.6</ele>
   </trkpt>
   <trkpt lat="43.7177680" lon="-110.6181860">
    <ele>2102.6</ele>
   </trkpt>
   <trkpt lat="43.7178140" lon="-110.6181560">
    <ele>2102.6</ele>
   </trkpt>
   <trkpt lat="43.7178590" lon="-110.6181400">
    <ele>2102.8</ele>
   </trkpt>
   <trkpt lat="43.7179050" lon="-110.6181180">
    <ele>2102.8</ele>
   </trkpt>
   <trkpt lat="43.7179470" lon="-110.6181020">
    <ele>2103.0</ele>
   </trkpt>
   <trkpt lat="43.7179810" lon="-110.6180870">
    <ele>2103.0</ele>
   </trkpt>
   <trkpt lat="43.7180310" lon="-110.6180640">
    <ele>2103.2</ele>
   </trkpt>
   <trkpt lat="43.7180690" lon="-110.6180490">
    <ele>2103.4</ele>
   </trkpt>
   <trkpt lat="43.7180990" lon="-110.6180260">
    <ele>2103.6</ele>
   </trkpt>
   <trkpt lat="43.7181300" lon="-110.6180030">
    <ele>2103.8</ele>
   </trkpt>
   <trkpt lat="43.7181710" lon="-110.6179800">
    <ele>2104.0</ele>
   </trkpt>
   <trkpt lat="43.7181940" lon="-110.6179650">
    <ele>2104.0</ele>
   </trkpt>
   <trkpt lat="43.7182250" lon="-110.6179500">
    <ele>2104.2</ele>
   </trkpt>
   <trkpt lat="43.7182550" lon="-110.6179340">
    <ele>2104.4</ele>
   </trkpt>
   <trkpt lat="43.7182900" lon="-110.6179040">
    <ele>2104.6</ele>
   </trkpt>
   <trkpt lat="43.7183170" lon="-110.6178810">
    <ele>2104.8</ele>
   </trkpt>
   <trkpt lat="43.7183470" lon="-110.6178580">
    <ele>2104.8</ele>
   </trkpt>
   <trkpt lat="43.7183780" lon="-110.6178350">
    <ele>2105.0</ele>
   </trkpt>
   <trkpt lat="43.7184080" lon="-110.6178120">
    <ele>2105.2</ele>
   </trkpt>
   <trkpt lat="43.7184310" lon="-110.6177970">
    <ele>2105.4</ele>
   </trkpt>
   <trkpt lat="43.7184650" lon="-110.6177740">
    <ele>2105.4</ele>
   </trkpt>
   <trkpt lat="43.7184960" lon="-110.6177590">
    <ele>2105.6</ele>
   </trkpt>
   <trkpt lat="43.7185220" lon="-110.6177370">
    <ele>2105.8</ele>
   </trkpt>
   <trkpt lat="43.7185450" lon="-110.6177280">
    <ele>2106.0</ele>
   </trkpt>
   <trkpt lat="43.7185680" lon="-110.6177060">
    <ele>2106.0</ele>
   </trkpt>
   <trkpt lat="43.7185980" lon="-110.6176900">
    <ele>2106.0</ele>
   </trkpt>
   <trkpt lat="43.7186250" lon="-110.6176670">
    <ele>2106.2</ele>
   </trkpt>
   <trkpt lat="43.7186560" lon="-110.6176440">
    <ele>2106.2</ele>
   </trkpt>
   <trkpt lat="43.7186860" lon="-110.6176220">
    <ele>2106.4</ele>
   </trkpt>
   <trkpt lat="43.7187130" lon="-110.6176060">
    <ele>2106.4</ele>
   </trkpt>
   <trkpt lat="43.7187430" lon="-110.6175920">
    <ele>2106.6</ele>
   </trkpt>
   <trkpt lat="43.7187670" lon="-110.6175760">
    <ele>2106.6</ele>
   </trkpt>
   <trkpt lat="43.7187960" lon="-110.6175690">
    <ele>2106.8</ele>
   </trkpt>
   <trkpt lat="43.7188270" lon="-110.6175530">
    <ele>2106.8</ele>
   </trkpt>
   <trkpt lat="43.7188580" lon="-110.6175460">
    <ele>2106.8</ele>
   </trkpt>
   <trkpt lat="43.7188920" lon="-110.6175310">
    <ele>2107.0</ele>
   </trkpt>
   <trkpt lat="43.7189180" lon="-110.6175230">
    <ele>2107.0</ele>
   </trkpt>
   <trkpt lat="43.7189560" lon="-110.6175150">
    <ele>2107.0</ele>
   </trkpt>
   <trkpt lat="43.7189910" lon="-110.6175080">
    <ele>2107.2</ele>
   </trkpt>
   <trkpt lat="43.7190250" lon="-110.6175000">
    <ele>2107.2</ele>
   </trkpt>
   <trkpt lat="43.7190550" lon="-110.6174850">
    <ele>2107.4</ele>
   </trkpt>
   <trkpt lat="43.7190900" lon="-110.6174770">
    <ele>2107.4</ele>
   </trkpt>
   <trkpt lat="43.7191200" lon="-110.6174540">
    <ele>2107.6</ele>
   </trkpt>
   <trkpt lat="43.7191590" lon="-110.6174390">
    <ele>2107.6</ele>
   </trkpt>
   <trkpt lat="43.7191930" lon="-110.6174240">
    <ele>2107.6</ele>
   </trkpt>
   <trkpt lat="43.7192270" lon="-110.6174010">
    <ele>2107.8</ele>
   </trkpt>
   <trkpt lat="43.7192620" lon="-110.6173780">
    <ele>2108.0</ele>
   </trkpt>
   <trkpt lat="43.7192920" lon="-110.6173550">
    <ele>2108.0</ele>
   </trkpt>
   <trkpt lat="43.7193260" lon="-110.6173400">
    <ele>2108.0</ele>
   </trkpt>
   <trkpt lat="43.7193610" lon="-110.6173170">
    <ele>2108.2</ele>
   </trkpt>
   <trkpt lat="43.7193880" lon="-110.6173020">
    <ele>2108.2</ele>
   </trkpt>
   <trkpt lat="43.7194260" lon="-110.6172790">
    <ele>2108.4</ele>
   </trkpt>
   <trkpt lat="43.7194560" lon="-110.6172560">
    <ele>2108.4</ele>
   </trkpt>
   <trkpt lat="43.7194790" lon="-110.6172410">
    <ele>2108.6</ele>
   </trkpt>
   <trkpt lat="43.7195140" lon="-110.6172250">
    <ele>2108.6</ele>
   </trkpt>
   <trkpt lat="43.7195440" lon="-110.6172020">
    <ele>2108.6</ele>
   </trkpt>
   <trkpt lat="43.7195820" lon="-110.6171800">
    <ele>2108.8</ele>
   </trkpt>
   <trkpt lat="43.7196160" lon="-110.6171570">
    <ele>2108.8</ele>
   </trkpt>
   <trkpt lat="43.7196470" lon="-110.6171340">
    <ele>2109.0</ele>
   </trkpt>
   <trkpt lat="43.7196740" lon="-110.6171180">
    <ele>2109.0</ele>
   </trkpt>
   <trkpt lat="43.7197000" lon="-110.6170880">
    <ele>2109.0</ele>
   </trkpt>
   <trkpt lat="43.7197420" lon="-110.6170570">
    <ele>2109.2</ele>
   </trkpt>
   <trkpt lat="43.7197690" lon="-110.6170270">
    <ele>2109.2</ele>
   </trkpt>
   <trkpt lat="43.7197990" lon="-110.6169960">
    <ele>2109.2</ele>
   </trkpt>
   <trkpt lat="43.7198300" lon="-110.6169580">
    <ele>2109.4</ele>
   </trkpt>
   <trkpt lat="43.7198570" lon="-110.6169280">
    <ele>2109.4</ele>
   </trkpt>
   <trkpt lat="43.7198870" lon="-110.6169050">
    <ele>2109.6</ele>
   </trkpt>
   <trkpt lat="43.7199100" lon="-110.6168820">
    <ele>2109.6</ele>
   </trkpt>
   <trkpt lat="43.7199410" lon="-110.6168590">
    <ele>2109.8</ele>
   </trkpt>
   <trkpt lat="43.7199800" lon="-110.6168360">
    <ele>2109.8</ele>
   </trkpt>
   <trkpt lat="43.7200140" lon="-110.6168210">
    <ele>2110.0</ele>
   </trkpt>
   <trkpt lat="43.7200460" lon="-110.6168140">
    <ele>2110.0</ele>
   </trkpt>
   <trkpt lat="43.7200830" lon="-110.6168140">
    <ele>2110.2</ele>
   </trkpt>
   <trkpt lat="43.7201120" lon="-110.6168140">
    <ele>2110.2</ele>
   </trkpt>
   <trkpt lat="43.7201480" lon="-110.6168140">
    <ele>2110.4</ele>
   </trkpt>
   <trkpt lat="43.7201710" lon="-110.6168220">
    <ele>2110.4</ele>
   </trkpt>
   <trkpt lat="43.7202040" lon="-110.6168370">
    <ele>2110.4</ele>
   </trkpt>
   <trkpt lat="43.7202340" lon="-110.6168520">
    <ele>2110.6</ele>
   </trkpt>
   <trkpt lat="43.7202780" lon="-110.6168750">
    <ele>2110.6</ele>
   </trkpt>
   <trkpt lat="43.7203160" lon="-110.6168830">
    <ele>2110.6</ele>
   </trkpt>
   <trkpt lat="43.7203540" lon="-110.6168900">
    <ele>2110.6</ele>
   </trkpt>
   <trkpt lat="43.7203850" lon="-110.6168900">
    <ele>2110.8</ele>
   </trkpt>
   <trkpt lat="43.7204230" lon="-110.6168900">
    <ele>2110.8</ele>
   </trkpt>
   <trkpt lat="43.7204690" lon="-110.6168810">
    <ele>2110.8</ele>
   </trkpt>
   <trkpt lat="43.7205060" lon="-110.6168660">
    <ele>2111.0</ele>
   </trkpt>
   <trkpt lat="43.7205340" lon="-110.6168510">
    <ele>2111.0</ele>
   </trkpt>
   <trkpt lat="43.7205720" lon="-110.6168360">
    <ele>2111.2</ele>
   </trkpt>
   <trkpt lat="43.7206180" lon="-110.6168200">
    <ele>2111.2</ele>
   </trkpt>
   <trkpt lat="43.7206560" lon="-110.6167970">
    <ele>2111.4</ele>
   </trkpt>
   <trkpt lat="43.7206900" lon="-110.6167820">
    <ele>2111.4</ele>
   </trkpt>
   <trkpt lat="43.7207240" lon="-110.6167670">
    <ele>2111.6</ele>
   </trkpt>
   <trkpt lat="43.7207550" lon="-110.6167440">
    <ele>2111.6</ele>
   </trkpt>
   <trkpt lat="43.7207970" lon="-110.6167210">
    <ele>2111.6</ele>
   </trkpt>
   <trkpt lat="43.7208350" lon="-110.6166980">
    <ele>2111.8</ele>
   </trkpt>
   <trkpt lat="43.7208690" lon="-110.6166750">
    <ele>2111.8</ele>
   </trkpt>
   <trkpt lat="43.7208960" lon="-110.6166600">
    <ele>2112.0</ele>
   </trkpt>
   <trkpt lat="43.7209300" lon="-110.6166450">
    <ele>2112.0</ele>
   </trkpt>
   <trkpt lat="43.7209680" lon="-110.6166290">
    <ele>2112.2</ele>
   </trkpt>
   <trkpt lat="43.7209990" lon="-110.6166070">
    <ele>2112.2</ele>
   </trkpt>
   <trkpt lat="43.7210330" lon="-110.6165910">
    <ele>2112.4</ele>
   </trkpt>
   <trkpt lat="43.7210720" lon="-110.6165690">
    <ele>2112.4</ele>
   </trkpt>
   <trkpt lat="43.7211100" lon="-110.6165520">
    <ele>2112.4</ele>
   </trkpt>
   <trkpt lat="43.7211510" lon="-110.6165230">
    <ele>2112.4</ele>
   </trkpt>
   <trkpt lat="43.7211900" lon="-110.6165070">
    <ele>2112.6</ele>
   </trkpt>
   <trkpt lat="43.7212240" lon="-110.6164840">
    <ele>2112.6</ele>
   </trkpt>
   <trkpt lat="43.7212550" lon="-110.6164610">
    <ele>2112.6</ele>
   </trkpt>
   <trkpt lat="43.7213010" lon="-110.6164390">
    <ele>2112.6</ele>
   </trkpt>
   <trkpt lat="43.7213420" lon="-110.6164160">
    <ele>2112.8</ele>
   </trkpt>
   <trkpt lat="43.7213810" lon="-110.6163930">
    <ele>2112.8</ele>
   </trkpt>
   <trkpt lat="43.7214180" lon="-110.6163700">
    <ele>2112.8</ele>
   </trkpt>
   <trkpt lat="43.7214530" lon="-110.6163390">
    <ele>2113.0</ele>
   </trkpt>
   <trkpt lat="43.7214910" lon="-110.6163160">
    <ele>2113.0</ele>
   </trkpt>
   <trkpt lat="43.7215290" lon="-110.6162930">
    <ele>2113.0</ele>
   </trkpt>
   <trkpt lat="43.7215670" lon="-110.6162710">
    <ele>2113.2</ele>
   </trkpt>
   <trkpt lat="43.7216060" lon="-110.6162470">
    <ele>2113.2</ele>
   </trkpt>
   <trkpt lat="43.7216440" lon="-110.6162170">
    <ele>2113.2</ele>
   </trkpt>
   <trkpt lat="43.7216780" lon="-110.6161950">
    <ele>2113.4</ele>
   </trkpt>
   <trkpt lat="43.7217080" lon="-110.6161790">
    <ele>2113.4</ele>
   </trkpt>
   <trkpt lat="43.7217430" lon="-110.6161490">
    <ele>2113.6</ele>
   </trkpt>
   <trkpt lat="43.7217780" lon="-110.6161260">
    <ele>2113.6</ele>
   </trkpt>
   <trkpt lat="43.7218190" lon="-110.6161030">
    <ele>2113.8</ele>
   </trkpt>
   <trkpt lat="43.7218530" lon="-110.6160790">
    <ele>2113.8</ele>
   </trkpt>
   <trkpt lat="43.7218880" lon="-110.6160500">
    <ele>2113.8</ele>
   </trkpt>
   <trkpt lat="43.7219220" lon="-110.6160340">
    <ele>2114.0</ele>
   </trkpt>
   <trkpt lat="43.7219520" lon="-110.6160110">
    <ele>2114.0</ele>
   </trkpt>
   <trkpt lat="43.7219820" lon="-110.6159880">
    <ele>2114.2</ele>
   </trkpt>
   <trkpt lat="43.7220100" lon="-110.6159650">
    <ele>2114.2</ele>
   </trkpt>
   <trkpt lat="43.7220400" lon="-110.6159430">
    <ele>2114.4</ele>
   </trkpt>
   <trkpt lat="43.7220750" lon="-110.6159190">
    <ele>2114.4</ele>
   </trkpt>
   <trkpt lat="43.7221160" lon="-110.6158890">
    <ele>2114.6</ele>
   </trkpt>
   <trkpt lat="43.7221470" lon="-110.6158660">
    <ele>2114.6</ele>
   </trkpt>
   <trkpt lat="43.7221740" lon="-110.6158430">
    <ele>2114.8</ele>
   </trkpt>
   <trkpt lat="43.7222160" lon="-110.6158120">
    <ele>2114.8</ele>
   </trkpt>
   <trkpt lat="43.7222460" lon="-110.6157820">
    <ele>2114.8</ele>
   </trkpt>
   <trkpt lat="43.7222730" lon="-110.6157590">
    <ele>2115.0</ele>
   </trkpt>
   <trkpt lat="43.7223100" lon="-110.6157290">
    <ele>2115.2</ele>
   </trkpt>
   <trkpt lat="43.7223340" lon="-110.6157060">
    <ele>2115.2</ele>
   </trkpt>
   <trkpt lat="43.7223640" lon="-110.6156830">
    <ele>2115.4</ele>
   </trkpt>
   <trkpt lat="43.7223950" lon="-110.6156530">
    <ele>2115.4</ele>
   </trkpt>
   <trkpt lat="43.7224260" lon="-110.6156290">
    <ele>2115.4</ele>
   </trkpt>
   <trkpt lat="43.7224600" lon="-110.6155990">
    <ele>2115.6</ele>
   </trkpt>
   <trkpt lat="43.7224940" lon="-110.6155770">
    <ele>2115.6</ele>
   </trkpt>
   <trkpt lat="43.7225250" lon="-110.6155530">
    <ele>2115.8</ele>
   </trkpt>
   <trkpt lat="43.7225630" lon="-110.6155150">
    <ele>2115.8</ele>
   </trkpt>
   <trkpt lat="43.7225930" lon="-110.6154850">
    <ele>2116.0</ele>
   </trkpt>
   <trkpt lat="43.7226210" lon="-110.6154610">
    <ele>2116.0</ele>
   </trkpt>
   <trkpt lat="43.7226620" lon="-110.6154310">
    <ele>2116.2</ele>
   </trkpt>
   <trkpt lat="43.7226960" lon="-110.6154000">
    <ele>2116.2</ele>
   </trkpt>
   <trkpt lat="43.7227270" lon="-110.6153700">
    <ele>2116.4</ele>
   </trkpt>
   <trkpt lat="43.7227650" lon="-110.6153400">
    <ele>2116.4</ele>
   </trkpt>
   <trkpt lat="43.7227920" lon="-110.6153240">
    <ele>2116.4</ele>
   </trkpt>
   <trkpt lat="43.7228260" lon="-110.6152940">
    <ele>2116.6</ele>
   </trkpt>
   <trkpt lat="43.7228680" lon="-110.6152640">
    <ele>2116.6</ele>
   </trkpt>
   <trkpt lat="43.7229020" lon="-110.6152410">
    <ele>2116.8</ele>
   </trkpt>
   <trkpt lat="43.7229360" lon="-110.6152260">
    <ele>2116.8</ele>
   </trkpt>
   <trkpt lat="43.7229600" lon="-110.6152110">
    <ele>2116.8</ele>
   </trkpt>
   <trkpt lat="43.7229980" lon="-110.6151950">
    <ele>2117.0</ele>
   </trkpt>
   <trkpt lat="43.7230280" lon="-110.6151720">
    <ele>2117.0</ele>
   </trkpt>
   <trkpt lat="43.7230510" lon="-110.6151560">
    <ele>2117.2</ele>
   </trkpt>
   <trkpt lat="43.7230850" lon="-110.6151260">
    <ele>2117.2</ele>
   </trkpt>
   <trkpt lat="43.7231120" lon="-110.6151030">
    <ele>2117.2</ele>
   </trkpt>
   <trkpt lat="43.7231380" lon="-110.6150810">
    <ele>2117.4</ele>
   </trkpt>
   <trkpt lat="43.7231640" lon="-110.6150580">
    <ele>2117.4</ele>
   </trkpt>
   <trkpt lat="43.7231810" lon="-110.6150420">
    <ele>2117.4</ele>
   </trkpt>
   <trkpt lat="43.7232110" lon="-110.6150200">
    <ele>2117.6</ele>
   </trkpt>
   <trkpt lat="43.7232340" lon="-110.6150050">
    <ele>2117.6</ele>
   </trkpt>
   <trkpt lat="43.7232570" lon="-110.6149890">
    <ele>2117.6</ele>
   </trkpt>
   <trkpt lat="43.7232910" lon="-110.6149590">
    <ele>2117.8</ele>
   </trkpt>
   <trkpt lat="43.7233140" lon="-110.6149430">
    <ele>2117.8</ele>
   </trkpt>
   <trkpt lat="43.7233450" lon="-110.6149200">
    <ele>2117.8</ele>
   </trkpt>
   <trkpt lat="43.7233870" lon="-110.6148900">
    <ele>2117.8</ele>
   </trkpt>
   <trkpt lat="43.7234170" lon="-110.6148670">
    <ele>2118.0</ele>
   </trkpt>
   <trkpt lat="43.7234520" lon="-110.6148430">
    <ele>2118.0</ele>
   </trkpt>
   <trkpt lat="43.7234940" lon="-110.6148130">
    <ele>2118.2</ele>
   </trkpt>
   <trkpt lat="43.7235280" lon="-110.6147910">
    <ele>2118.2</ele>
   </trkpt>
   <trkpt lat="43.7235660" lon="-110.6147680">
    <ele>2118.4</ele>
   </trkpt>
   <trkpt lat="43.7236040" lon="-110.6147450">
    <ele>2118.4</ele>
   </trkpt>
   <trkpt lat="43.7236350" lon="-110.6147290">
    <ele>2118.6</ele>
   </trkpt>
   <trkpt lat="43.7236770" lon="-110.6146990">
    <ele>2118.6</ele>
   </trkpt>
   <trkpt lat="43.7237110" lon="-110.6146760">
    <ele>2118.8</ele>
   </trkpt>
   <trkpt lat="43.7237380" lon="-110.6146530">
    <ele>2118.8</ele>
   </trkpt>
   <trkpt lat="43.7237720" lon="-110.6146300">
    <ele>2119.0</ele>
   </trkpt>
   <trkpt lat="43.7238060" lon="-110.6146070">
    <ele>2119.2</ele>
   </trkpt>
   <trkpt lat="43.7238360" lon="-110.6145770">
    <ele>2119.2</ele>
   </trkpt>
   <trkpt lat="43.7238630" lon="-110.6145460">
    <ele>2119.4</ele>
   </trkpt>
   <trkpt lat="43.7238900" lon="-110.6145160">
    <ele>2119.4</ele>
   </trkpt>
   <trkpt lat="43.7239200" lon="-110.6144850">
    <ele>2119.4</ele>
   </trkpt>
   <trkpt lat="43.7239510" lon="-110.6144550">
    <ele>2119.6</ele>
   </trkpt>
   <trkpt lat="43.7239820" lon="-110.6144240">
    <ele>2119.6</ele>
   </trkpt>
   <trkpt lat="43.7240120" lon="-110.6143930">
    <ele>2119.6</ele>
   </trkpt>
   <trkpt lat="43.7240430" lon="-110.6143550">
    <ele>2119.6</ele>
   </trkpt>
   <trkpt lat="43.7240740" lon="-110.6143240">
    <ele>2119.8</ele>
   </trkpt>
   <trkpt lat="43.7241080" lon="-110.6142780">
    <ele>2119.8</ele>
   </trkpt>
   <trkpt lat="43.7241380" lon="-110.6142400">
    <ele>2119.8</ele>
   </trkpt>
   <trkpt lat="43.7241680" lon="-110.6142030">
    <ele>2119.8</ele>
   </trkpt>
   <trkpt lat="43.7241990" lon="-110.6141720">
    <ele>2119.8</ele>
   </trkpt>
   <trkpt lat="43.7242260" lon="-110.6141410">
    <ele>2120.0</ele>
   </trkpt>
   <trkpt lat="43.7242640" lon="-110.6141030">
    <ele>2120.0</ele>
   </trkpt>
   <trkpt lat="43.7242990" lon="-110.6140730">
    <ele>2120.0</ele>
   </trkpt>
   <trkpt lat="43.7243330" lon="-110.6140500">
    <ele>2120.2</ele>
   </trkpt>
   <trkpt lat="43.7243670" lon="-110.6140280">
    <ele>2120.2</ele>
   </trkpt>
   <trkpt lat="43.7244060" lon="-110.6140120">
    <ele>2120.4</ele>
   </trkpt>
   <trkpt lat="43.7244430" lon="-110.6139900">
    <ele>2120.4</ele>
   </trkpt>
   <trkpt lat="43.7244780" lon="-110.6139670">
    <ele>2120.6</ele>
   </trkpt>
   <trkpt lat="43.7245080" lon="-110.6139520">
    <ele>2120.8</ele>
   </trkpt>
   <trkpt lat="43.7245430" lon="-110.6139360">
    <ele>2120.8</ele>
   </trkpt>
   <trkpt lat="43.7245850" lon="-110.6139050">
    <ele>2121.0</ele>
   </trkpt>
   <trkpt lat="43.7246190" lon="-110.6138820">
    <ele>2121.2</ele>
   </trkpt>
   <trkpt lat="43.7246530" lon="-110.6138520">
    <ele>2121.4</ele>
   </trkpt>
   <trkpt lat="43.7246840" lon="-110.6138210">
    <ele>2121.6</ele>
   </trkpt>
   <trkpt lat="43.7247140" lon="-110.6137910">
    <ele>2121.6</ele>
   </trkpt>
   <trkpt lat="43.7247440" lon="-110.6137600">
    <ele>2121.8</ele>
   </trkpt>
   <trkpt lat="43.7247710" lon="-110.6137220">
    <ele>2122.0</ele>
   </trkpt>
   <trkpt lat="43.7247970" lon="-110.6136910">
    <ele>2122.2</ele>
   </trkpt>
   <trkpt lat="43.7248170" lon="-110.6136600">
    <ele>2122.4</ele>
   </trkpt>
   <trkpt lat="43.7248400" lon="-110.6136220">
    <ele>2122.4</ele>
   </trkpt>
   <trkpt lat="43.7248660" lon="-110.6135770">
    <ele>2122.6</ele>
   </trkpt>
   <trkpt lat="43.7248890" lon="-110.6135460">
    <ele>2122.8</ele>
   </trkpt>
   <trkpt lat="43.7249120" lon="-110.6135000">
    <ele>2123.0</ele>
   </trkpt>
   <trkpt lat="43.7249390" lon="-110.6134620">
    <ele>2123.2</ele>
   </trkpt>
   <trkpt lat="43.7249610" lon="-110.6134240">
    <ele>2123.2</ele>
   </trkpt>
   <trkpt lat="43.7249810" lon="-110.6133860">
    <ele>2123.4</ele>
   </trkpt>
   <trkpt lat="43.7250000" lon="-110.6133560">
    <ele>2123.6</ele>
   </trkpt>
   <trkpt lat="43.7250190" lon="-110.6133250">
    <ele>2123.8</ele>
   </trkpt>
   <trkpt lat="43.7250380" lon="-110.6132940">
    <ele>2123.8</ele>
   </trkpt>
   <trkpt lat="43.7250530" lon="-110.6132570">
    <ele>2124.0</ele>
   </trkpt>
   <trkpt lat="43.7250720" lon="-110.6132260">
    <ele>2124.2</ele>
   </trkpt>
   <trkpt lat="43.7250950" lon="-110.6131880">
    <ele>2124.4</ele>
   </trkpt>
   <trkpt lat="43.7251140" lon="-110.6131570">
    <ele>2124.4</ele>
   </trkpt>
   <trkpt lat="43.7251290" lon="-110.6131190">
    <ele>2124.6</ele>
   </trkpt>
   <trkpt lat="43.7251410" lon="-110.6130890">
    <ele>2124.6</ele>
   </trkpt>
   <trkpt lat="43.7251560" lon="-110.6130580">
    <ele>2124.8</ele>
   </trkpt>
   <trkpt lat="43.7251710" lon="-110.6130200">
    <ele>2124.8</ele>
   </trkpt>
   <trkpt lat="43.7251900" lon="-110.6129890">
    <ele>2125.0</ele>
   </trkpt>
   <trkpt lat="43.7252090" lon="-110.6129510">
    <ele>2125.2</ele>
   </trkpt>
   <trkpt lat="43.7252290" lon="-110.6129200">
    <ele>2125.2</ele>
   </trkpt>
   <trkpt lat="43.7252520" lon="-110.6128820">
    <ele>2125.4</ele>
   </trkpt>
   <trkpt lat="43.7252740" lon="-110.6128370">
    <ele>2125.4</ele>
   </trkpt>
   <trkpt lat="43.7252970" lon="-110.6127990">
    <ele>2125.6</ele>
   </trkpt>
   <trkpt lat="43.7253130" lon="-110.6127680">
    <ele>2125.6</ele>
   </trkpt>
   <trkpt lat="43.7253390" lon="-110.6127300">
    <ele>2125.8</ele>
   </trkpt>
   <trkpt lat="43.7253550" lon="-110.6126990">
    <ele>2125.8</ele>
   </trkpt>
   <trkpt lat="43.7253810" lon="-110.6126530">
    <ele>2126.0</ele>
   </trkpt>
   <trkpt lat="43.7254040" lon="-110.6126160">
    <ele>2126.2</ele>
   </trkpt>
   <trkpt lat="43.7254230" lon="-110.6125850">
    <ele>2126.4</ele>
   </trkpt>
   <trkpt lat="43.7254460" lon="-110.6125460">
    <ele>2126.4</ele>
   </trkpt>
   <trkpt lat="43.7254730" lon="-110.6125010">
    <ele>2126.6</ele>
   </trkpt>
   <trkpt lat="43.7254950" lon="-110.6124630">
    <ele>2126.6</ele>
   </trkpt>
   <trkpt lat="43.7255110" lon="-110.6124310">
    <ele>2126.8</ele>
   </trkpt>
   <trkpt lat="43.7255370" lon="-110.6123870">
    <ele>2126.8</ele>
   </trkpt>
   <trkpt lat="43.7255530" lon="-110.6123550">
    <ele>2127.0</ele>
   </trkpt>
   <trkpt lat="43.7255800" lon="-110.6123100">
    <ele>2127.0</ele>
   </trkpt>
   <trkpt lat="43.7256020" lon="-110.6122720">
    <ele>2127.2</ele>
   </trkpt>
   <trkpt lat="43.7256220" lon="-110.6122330">
    <ele>2127.2</ele>
   </trkpt>
   <trkpt lat="43.7256440" lon="-110.6121880">
    <ele>2127.4</ele>
   </trkpt>
   <trkpt lat="43.7256670" lon="-110.6121500">
    <ele>2127.4</ele>
   </trkpt>
   <trkpt lat="43.7256870" lon="-110.6121110">
    <ele>2127.4</ele>
   </trkpt>
   <trkpt lat="43.7257130" lon="-110.6120660">
    <ele>2127.6</ele>
   </trkpt>
   <trkpt lat="43.7257390" lon="-110.6120210">
    <ele>2127.6</ele>
   </trkpt>
   <trkpt lat="43.7257560" lon="-110.6119890">
    <ele>2127.8</ele>
   </trkpt>
   <trkpt lat="43.7257860" lon="-110.6119360">
    <ele>2127.8</ele>
   </trkpt>
   <trkpt lat="43.7258080" lon="-110.6118990">
    <ele>2127.8</ele>
   </trkpt>
   <trkpt lat="43.7258240" lon="-110.6118680">
    <ele>2127.8</ele>
   </trkpt>
   <trkpt lat="43.7258430" lon="-110.6118370">
    <ele>2127.8</ele>
   </trkpt>
   <trkpt lat="43.7258700" lon="-110.6117990">
    <ele>2128.0</ele>
   </trkpt>
   <trkpt lat="43.7258920" lon="-110.6117610">
    <ele>2128.0</ele>
   </trkpt>
   <trkpt lat="43.7259110" lon="-110.6117230">
    <ele>2128.0</ele>
   </trkpt>
   <trkpt lat="43.7259300" lon="-110.6116920">
    <ele>2128.0</ele>
   </trkpt>
   <trkpt lat="43.7259490" lon="-110.6116540">
    <ele>2128.0</ele>
   </trkpt>
   <trkpt lat="43.7259690" lon="-110.6116150">
    <ele>2128.0</ele>
   </trkpt>
   <trkpt lat="43.7259920" lon="-110.6115700">
    <ele>2128.2</ele>
   </trkpt>
   <trkpt lat="43.7260140" lon="-110.6115310">
    <ele>2128.0</ele>
   </trkpt>
   <trkpt lat="43.7260340" lon="-110.6114860">
    <ele>2128.0</ele>
   </trkpt>
   <trkpt lat="43.7260560" lon="-110.6114480">
    <ele>2128.0</ele>
   </trkpt>
   <trkpt lat="43.7260760" lon="-110.6114100">
    <ele>2128.0</ele>
   </trkpt>
   <trkpt lat="43.7261020" lon="-110.6113710">
    <ele>2128.0</ele>
   </trkpt>
   <trkpt lat="43.7261250" lon="-110.6113340">
    <ele>2128.0</ele>
   </trkpt>
   <trkpt lat="43.7261520" lon="-110.6113030">
    <ele>2128.0</ele>
   </trkpt>
   <trkpt lat="43.7261740" lon="-110.6112670">
    <ele>2128.0</ele>
   </trkpt>
   <trkpt lat="43.7261930" lon="-110.6112270">
    <ele>2128.0</ele>
   </trkpt>
   <trkpt lat="43.7262090" lon="-110.6111960">
    <ele>2127.8</ele>
   </trkpt>
   <trkpt lat="43.7262280" lon="-110.6111580">
    <ele>2127.8</ele>
   </trkpt>
   <trkpt lat="43.7262550" lon="-110.6111120">
    <ele>2127.8</ele>
   </trkpt>
   <trkpt lat="43.7262740" lon="-110.6110660">
    <ele>2127.8</ele>
   </trkpt>
   <trkpt lat="43.7262970" lon="-110.6110200">
    <ele>2127.6</ele>
   </trkpt>
   <trkpt lat="43.7263230" lon="-110.6109750">
    <ele>2127.6</ele>
   </trkpt>
   <trkpt lat="43.7263430" lon="-110.6109360">
    <ele>2127.8</ele>
   </trkpt>
   <trkpt lat="43.7263730" lon="-110.6108910">
    <ele>2127.8</ele>
   </trkpt>
   <trkpt lat="43.7264000" lon="-110.6108450">
    <ele>2127.8</ele>
   </trkpt>
   <trkpt lat="43.7264220" lon="-110.6107990">
    <ele>2127.8</ele>
   </trkpt>
   <trkpt lat="43.7264380" lon="-110.6107610">
    <ele>2127.8</ele>
   </trkpt>
   <trkpt lat="43.7264650" lon="-110.6107150">
    <ele>2127.8</ele>
   </trkpt>
   <trkpt lat="43.7264910" lon="-110.6106540">
    <ele>2127.8</ele>
   </trkpt>
   <trkpt lat="43.7265140" lon="-110.6106080">
    <ele>2127.8</ele>
   </trkpt>
   <trkpt lat="43.7265370" lon="-110.6105620">
    <ele>2127.8</ele>
   </trkpt>
   <trkpt lat="43.7265600" lon="-110.6105090">
    <ele>2127.8</ele>
   </trkpt>
   <trkpt lat="43.7265830" lon="-110.6104560">
    <ele>2127.8</ele>
   </trkpt>
   <trkpt lat="43.7266100" lon="-110.6104100">
    <ele>2127.8</ele>
   </trkpt>
   <trkpt lat="43.7266360" lon="-110.6103570">
    <ele>2128.0</ele>
   </trkpt>
   <trkpt lat="43.7266560" lon="-110.6103180">
    <ele>2128.0</ele>
   </trkpt>
   <trkpt lat="43.7266820" lon="-110.6102570">
    <ele>2128.0</ele>
   </trkpt>
   <trkpt lat="43.7267090" lon="-110.6102120">
    <ele>2128.2</ele>
   </trkpt>
   <trkpt lat="43.7267280" lon="-110.6101730">
    <ele>2128.2</ele>
   </trkpt>
   <trkpt lat="43.7267550" lon="-110.6101270">
    <ele>2128.2</ele>
   </trkpt>
   <trkpt lat="43.7267850" lon="-110.6100660">
    <ele>2128.2</ele>
   </trkpt>
   <trkpt lat="43.7268080" lon="-110.6100210">
    <ele>2128.4</ele>
   </trkpt>
   <trkpt lat="43.7268350" lon="-110.6099670">
    <ele>2128.4</ele>
   </trkpt>
   <trkpt lat="43.7268620" lon="-110.6099220">
    <ele>2128.4</ele>
   </trkpt>
   <trkpt lat="43.7268880" lon="-110.6098760">
    <ele>2128.6</ele>
   </trkpt>
   <trkpt lat="43.7269150" lon="-110.6098380">
    <ele>2128.6</ele>
   </trkpt>
   <trkpt lat="43.7269370" lon="-110.6097920">
    <ele>2128.6</ele>
   </trkpt>
   <trkpt lat="43.7269570" lon="-110.6097530">
    <ele>2128.8</ele>
   </trkpt>
   <trkpt lat="43.7269840" lon="-110.6097000">
    <ele>2128.8</ele>
   </trkpt>
   <trkpt lat="43.7270140" lon="-110.6096470">
    <ele>2128.8</ele>
   </trkpt>
   <trkpt lat="43.7270330" lon="-110.6096090">
    <ele>2128.8</ele>
   </trkpt>
   <trkpt lat="43.7270560" lon="-110.6095560">
    <ele>2128.8</ele>
   </trkpt>
   <trkpt lat="43.7270790" lon="-110.6095100">
    <ele>2128.8</ele>
   </trkpt>
   <trkpt lat="43.7271020" lon="-110.6094640">
    <ele>2128.8</ele>
   </trkpt>
   <trkpt lat="43.7271250" lon="-110.6094180">
    <ele>2128.8</ele>
   </trkpt>
   <trkpt lat="43.7271550" lon="-110.6093650">
    <ele>2129.0</ele>
   </trkpt>
   <trkpt lat="43.7271780" lon="-110.6093190">
    <ele>2129.0</ele>
   </trkpt>
   <trkpt lat="43.7271970" lon="-110.6092660">
    <ele>2129.0</ele>
   </trkpt>
   <trkpt lat="43.7272240" lon="-110.6092200">
    <ele>2129.2</ele>
   </trkpt>
   <trkpt lat="43.7272470" lon="-110.6091670">
    <ele>2129.2</ele>
   </trkpt>
   <trkpt lat="43.7272700" lon="-110.6091200">
    <ele>2129.2</ele>
   </trkpt>
   <trkpt lat="43.7272960" lon="-110.6090670">
    <ele>2129.4</ele>
   </trkpt>
   <trkpt lat="43.7273190" lon="-110.6090210">
    <ele>2129.4</ele>
   </trkpt>
   <trkpt lat="43.7273420" lon="-110.6089680">
    <ele>2129.4</ele>
   </trkpt>
   <trkpt lat="43.7273650" lon="-110.6089140">
    <ele>2129.4</ele>
   </trkpt>
   <trkpt lat="43.7273880" lon="-110.6088620">
    <ele>2129.4</ele>
   </trkpt>
   <trkpt lat="43.7274070" lon="-110.6088220">
    <ele>2129.6</ele>
   </trkpt>
   <trkpt lat="43.7274300" lon="-110.6087690">
    <ele>2129.6</ele>
   </trkpt>
   <trkpt lat="43.7274610" lon="-110.6087090">
    <ele>2129.8</ele>
   </trkpt>
   <trkpt lat="43.7274870" lon="-110.6086620">
    <ele>2129.8</ele>
   </trkpt>
   <trkpt lat="43.7275100" lon="-110.6086100">
    <ele>2129.8</ele>
   </trkpt>
   <trkpt lat="43.7275290" lon="-110.6085710">
    <ele>2130.0</ele>
   </trkpt>
   <trkpt lat="43.7275590" lon="-110.6085180">
    <ele>2130.0</ele>
   </trkpt>
   <trkpt lat="43.7275820" lon="-110.6084650">
    <ele>2130.0</ele>
   </trkpt>
   <trkpt lat="43.7276090" lon="-110.6084190">
    <ele>2130.0</ele>
   </trkpt>
   <trkpt lat="43.7276400" lon="-110.6083730">
    <ele>2130.2</ele>
   </trkpt>
   <trkpt lat="43.7276660" lon="-110.6083200">
    <ele>2130.2</ele>
   </trkpt>
   <trkpt lat="43.7276890" lon="-110.6082740">
    <ele>2130.2</ele>
   </trkpt>
   <trkpt lat="43.7277080" lon="-110.6082360">
    <ele>2130.2</ele>
   </trkpt>
   <trkpt lat="43.7277310" lon="-110.6081980">
    <ele>2130.4</ele>
   </trkpt>
   <trkpt lat="43.7277460" lon="-110.6081590">
    <ele>2130.4</ele>
   </trkpt>
   <trkpt lat="43.7277650" lon="-110.6081140">
    <ele>2130.4</ele>
   </trkpt>
   <trkpt lat="43.7277850" lon="-110.6080760">
    <ele>2130.4</ele>
   </trkpt>
   <trkpt lat="43.7278120" lon="-110.6080380">
    <ele>2130.4</ele>
   </trkpt>
   <trkpt lat="43.7278420" lon="-110.6080000">
    <ele>2130.4</ele>
   </trkpt>
   <trkpt lat="43.7278690" lon="-110.6079610">
    <ele>2130.6</ele>
   </trkpt>
   <trkpt lat="43.7278950" lon="-110.6079160">
    <ele>2130.6</ele>
   </trkpt>
   <trkpt lat="43.7279250" lon="-110.6078780">
    <ele>2130.6</ele>
   </trkpt>
   <trkpt lat="43.7279450" lon="-110.6078550">
    <ele>2130.8</ele>
   </trkpt>
   <trkpt lat="43.7279680" lon="-110.6078170">
    <ele>2130.8</ele>
   </trkpt>
   <trkpt lat="43.7279900" lon="-110.6077860">
    <ele>2131.0</ele>
   </trkpt>
   <trkpt lat="43.7280090" lon="-110.6077560">
    <ele>2131.0</ele>
   </trkpt>
   <trkpt lat="43.7280280" lon="-110.6077250">
    <ele>2131.0</ele>
   </trkpt>
   <trkpt lat="43.7280440" lon="-110.6076940">
    <ele>2131.2</ele>
   </trkpt>
   <trkpt lat="43.7280670" lon="-110.6076490">
    <ele>2131.2</ele>
   </trkpt>
   <trkpt lat="43.7280940" lon="-110.6076100">
    <ele>2131.2</ele>
   </trkpt>
   <trkpt lat="43.7281200" lon="-110.6075650">
    <ele>2131.2</ele>
   </trkpt>
   <trkpt lat="43.7281470" lon="-110.6075270">
    <ele>2131.2</ele>
   </trkpt>
   <trkpt lat="43.7281700" lon="-110.6074880">
    <ele>2131.4</ele>
   </trkpt>
   <trkpt lat="43.7281970" lon="-110.6074420">
    <ele>2131.4</ele>
   </trkpt>
   <trkpt lat="43.7282310" lon="-110.6073960">
    <ele>2131.4</ele>
   </trkpt>
   <trkpt lat="43.7282580" lon="-110.6073510">
    <ele>2131.4</ele>
   </trkpt>
   <trkpt lat="43.7282840" lon="-110.6073130">
    <ele>2131.4</ele>
   </trkpt>
   <trkpt lat="43.7283070" lon="-110.6072820">
    <ele>2131.4</ele>
   </trkpt>
   <trkpt lat="43.7283380" lon="-110.6072370">
    <ele>2131.2</ele>
   </trkpt>
   <trkpt lat="43.7283650" lon="-110.6071980">
    <ele>2131.2</ele>
   </trkpt>
   <trkpt lat="43.7283910" lon="-110.6071600">
    <ele>2131.0</ele>
   </trkpt>
   <trkpt lat="43.7284140" lon="-110.6071220">
    <ele>2130.8</ele>
   </trkpt>
   <trkpt lat="43.7284410" lon="-110.6070840">
    <ele>2130.8</ele>
   </trkpt>
   <trkpt lat="43.7284670" lon="-110.6070380">
    <ele>2130.6</ele>
   </trkpt>
   <trkpt lat="43.7284900" lon="-110.6069930">
    <ele>2130.6</ele>
   </trkpt>
   <trkpt lat="43.7285130" lon="-110.6069620">
    <ele>2130.4</ele>
   </trkpt>
   <trkpt lat="43.7285410" lon="-110.6069240">
    <ele>2130.4</ele>
   </trkpt>
   <trkpt lat="43.7285790" lon="-110.6068780">
    <ele>2130.4</ele>
   </trkpt>
   <trkpt lat="43.7286130" lon="-110.6068390">
    <ele>2130.4</ele>
   </trkpt>
   <trkpt lat="43.7286470" lon="-110.6067950">
    <ele>2130.2</ele>
   </trkpt>
   <trkpt lat="43.7286700" lon="-110.6067630">
    <ele>2130.2</ele>
   </trkpt>
   <trkpt lat="43.7287120" lon="-110.6067180">
    <ele>2130.2</ele>
   </trkpt>
   <trkpt lat="43.7287470" lon="-110.6066800">
    <ele>2130.2</ele>
   </trkpt>
   <trkpt lat="43.7287810" lon="-110.6066410">
    <ele>2130.4</ele>
   </trkpt>
   <trkpt lat="43.7288150" lon="-110.6065960">
    <ele>2130.4</ele>
   </trkpt>
   <trkpt lat="43.7288530" lon="-110.6065580">
    <ele>2130.4</ele>
   </trkpt>
   <trkpt lat="43.7288880" lon="-110.6065190">
    <ele>2130.4</ele>
   </trkpt>
   <trkpt lat="43.7289250" lon="-110.6064820">
    <ele>2130.4</ele>
   </trkpt>
   <trkpt lat="43.7289520" lon="-110.6064510">
    <ele>2130.4</ele>
   </trkpt>
   <trkpt lat="43.7289870" lon="-110.6064120">
    <ele>2130.4</ele>
   </trkpt>
   <trkpt lat="43.7290290" lon="-110.6063670">
    <ele>2130.2</ele>
   </trkpt>
   <trkpt lat="43.7290590" lon="-110.6063290">
    <ele>2130.2</ele>
   </trkpt>
   <trkpt lat="43.7290940" lon="-110.6062900">
    <ele>2130.2</ele>
   </trkpt>
   <trkpt lat="43.7291320" lon="-110.6062520">
    <ele>2130.4</ele>
   </trkpt>
   <trkpt lat="43.7291620" lon="-110.6062150">
    <ele>2130.2</ele>
   </trkpt>
   <trkpt lat="43.7291930" lon="-110.6061830">
    <ele>2130.2</ele>
   </trkpt>
   <trkpt lat="43.7292380" lon="-110.6061380">
    <ele>2130.2</ele>
   </trkpt>
   <trkpt lat="43.7292700" lon="-110.6060990">
    <ele>2130.2</ele>
   </trkpt>
   <trkpt lat="43.7293150" lon="-110.6060540">
    <ele>2130.4</ele>
   </trkpt>
   <trkpt lat="43.7293530" lon="-110.6060160">
    <ele>2130.4</ele>
   </trkpt>
   <trkpt lat="43.7293910" lon="-110.6059700">
    <ele>2130.4</ele>
   </trkpt>
   <trkpt lat="43.7294300" lon="-110.6059320">
    <ele>2130.2</ele>
   </trkpt>
   <trkpt lat="43.7294710" lon="-110.6058870">
    <ele>2130.2</ele>
   </trkpt>
   <trkpt lat="43.7295030" lon="-110.6058550">
    <ele>2130.2</ele>
   </trkpt>
   <trkpt lat="43.7295510" lon="-110.6058020">
    <ele>2130.2</ele>
   </trkpt>
   <trkpt lat="43.7295900" lon="-110.6057630">
    <ele>2130.2</ele>
   </trkpt>
   <trkpt lat="43.7296280" lon="-110.6057190">
    <ele>2130.2</ele>
   </trkpt>
   <trkpt lat="43.7296620" lon="-110.6056870">
    <ele>2130.0</ele>
   </trkpt>
   <trkpt lat="43.7297080" lon="-110.6056340">
    <ele>2130.0</ele>
   </trkpt>
   <trkpt lat="43.7297460" lon="-110.6055880">
    <ele>2130.0</ele>
   </trkpt>
   <trkpt lat="43.7297880" lon="-110.6055420">
    <ele>2130.0</ele>
   </trkpt>
   <trkpt lat="43.7298300" lon="-110.6054890">
    <ele>2130.0</ele>
   </trkpt>
   <trkpt lat="43.7298720" lon="-110.6054510">
    <ele>2129.8</ele>
   </trkpt>
   <trkpt lat="43.7299140" lon="-110.6054050">
    <ele>2129.8</ele>
   </trkpt>
   <trkpt lat="43.7299590" lon="-110.6053600">
    <ele>2129.8</ele>
   </trkpt>
   <trkpt lat="43.7299900" lon="-110.6053290">
    <ele>2129.8</ele>
   </trkpt>
   <trkpt lat="43.7300330" lon="-110.6052830">
    <ele>2129.8</ele>
   </trkpt>
   <trkpt lat="43.7300820" lon="-110.6052300">
    <ele>2130.0</ele>
   </trkpt>
   <trkpt lat="43.7301240" lon="-110.6051920">
    <ele>2130.0</ele>
   </trkpt>
   <trkpt lat="43.7301590" lon="-110.6051530">
    <ele>2130.0</ele>
   </trkpt>
   <trkpt lat="43.7302030" lon="-110.6051080">
    <ele>2130.0</ele>
   </trkpt>
   <trkpt lat="43.7302350" lon="-110.6050770">
    <ele>2130.0</ele>
   </trkpt>
   <trkpt lat="43.7302800" lon="-110.6050320">
    <ele>2130.0</ele>
   </trkpt>
   <trkpt lat="43.7303220" lon="-110.6050020">
    <ele>2130.0</ele>
   </trkpt>
   <trkpt lat="43.7303560" lon="-110.6049710">
    <ele>2130.0</ele>
   </trkpt>
   <trkpt lat="43.7303880" lon="-110.6049410">
    <ele>2130.0</ele>
   </trkpt>
   <trkpt lat="43.7304360" lon="-110.6049180">
    <ele>2130.2</ele>
   </trkpt>
   <trkpt lat="43.7304710" lon="-110.6048960">
    <ele>2130.2</ele>
   </trkpt>
   <trkpt lat="43.7305050" lon="-110.6048800">
    <ele>2130.2</ele>
   </trkpt>
   <trkpt lat="43.7305350" lon="-110.6048570">
    <ele>2130.4</ele>
   </trkpt>
   <trkpt lat="43.7305620" lon="-110.6048340">
    <ele>2130.4</ele>
   </trkpt>
   <trkpt lat="43.7305930" lon="-110.6048030">
    <ele>2130.4</ele>
   </trkpt>
   <trkpt lat="43.7306230" lon="-110.6047650">
    <ele>2130.4</ele>
   </trkpt>
   <trkpt lat="43.7306530" lon="-110.6047340">
    <ele>2130.4</ele>
   </trkpt>
   <trkpt lat="43.7306800" lon="-110.6046960">
    <ele>2130.4</ele>
   </trkpt>
   <trkpt lat="43.7307110" lon="-110.6046590">
    <ele>2130.6</ele>
   </trkpt>
   <trkpt lat="43.7307410" lon="-110.6046360">
    <ele>2130.6</ele>
   </trkpt>
   <trkpt lat="43.7307720" lon="-110.6046130">
    <ele>2130.8</ele>
   </trkpt>
   <trkpt lat="43.7307980" lon="-110.6045900">
    <ele>2130.8</ele>
   </trkpt>
   <trkpt lat="43.7308250" lon="-110.6045670">
    <ele>2130.8</ele>
   </trkpt>
   <trkpt lat="43.7308520" lon="-110.6045360">
    <ele>2130.8</ele>
   </trkpt>
   <trkpt lat="43.7308830" lon="-110.6045050">
    <ele>2130.6</ele>
   </trkpt>
   <trkpt lat="43.7309170" lon="-110.6044670">
    <ele>2130.4</ele>
   </trkpt>
   <trkpt lat="43.7309510" lon="-110.6044290">
    <ele>2130.4</ele>
   </trkpt>
   <trkpt lat="43.7309860" lon="-110.6043910">
    <ele>2130.2</ele>
   </trkpt>
   <trkpt lat="43.7310240" lon="-110.6043610">
    <ele>2130.2</ele>
   </trkpt>
   <trkpt lat="43.7310580" lon="-110.6043300">
    <ele>2130.2</ele>
   </trkpt>
   <trkpt lat="43.7310890" lon="-110.6042990">
    <ele>2130.2</ele>
   </trkpt>
   <trkpt lat="43.7311230" lon="-110.6042620">
    <ele>2130.2</ele>
   </trkpt>
   <trkpt lat="43.7311530" lon="-110.6042310">
    <ele>2130.0</ele>
   </trkpt>
   <trkpt lat="43.7311840" lon="-110.6042010">
    <ele>2130.0</ele>
   </trkpt>
   <trkpt lat="43.7312140" lon="-110.6041690">
    <ele>2130.0</ele>
   </trkpt>
   <trkpt lat="43.7312450" lon="-110.6041320">
    <ele>2130.0</ele>
   </trkpt>
   <trkpt lat="43.7312790" lon="-110.6041010">
    <ele>2130.0</ele>
   </trkpt>
   <trkpt lat="43.7313140" lon="-110.6040620">
    <ele>2130.0</ele>
   </trkpt>
   <trkpt lat="43.7313520" lon="-110.6040170">
    <ele>2129.8</ele>
   </trkpt>
   <trkpt lat="43.7313940" lon="-110.6039790">
    <ele>2129.8</ele>
   </trkpt>
   <trkpt lat="43.7314360" lon="-110.6039410">
    <ele>2129.8</ele>
   </trkpt>
   <trkpt lat="43.7314740" lon="-110.6039030">
    <ele>2130.0</ele>
   </trkpt>
   <trkpt lat="43.7315160" lon="-110.6038650">
    <ele>2130.0</ele>
   </trkpt>
   <trkpt lat="43.7315430" lon="-110.6038330">
    <ele>2130.2</ele>
   </trkpt>
   <trkpt lat="43.7315880" lon="-110.6037880">
    <ele>2130.2</ele>
   </trkpt>
   <trkpt lat="43.7316230" lon="-110.6037500">
    <ele>2130.4</ele>
   </trkpt>
   <trkpt lat="43.7316570" lon="-110.6037200">
    <ele>2130.6</ele>
   </trkpt>
   <trkpt lat="43.7316870" lon="-110.6036820">
    <ele>2130.8</ele>
   </trkpt>
   <trkpt lat="43.7317140" lon="-110.6036510">
    <ele>2131.0</ele>
   </trkpt>
   <trkpt lat="43.7317440" lon="-110.6036210">
    <ele>2131.2</ele>
   </trkpt>
   <trkpt lat="43.7317670" lon="-110.6035980">
    <ele>2131.4</ele>
   </trkpt>
   <trkpt lat="43.7317900" lon="-110.6035680">
    <ele>2131.6</ele>
   </trkpt>
   <trkpt lat="43.7318130" lon="-110.6035450">
    <ele>2131.8</ele>
   </trkpt>
   <trkpt lat="43.7318360" lon="-110.6035210">
    <ele>2132.0</ele>
   </trkpt>
   <trkpt lat="43.7318580" lon="-110.6034910">
    <ele>2132.2</ele>
   </trkpt>
   <trkpt lat="43.7318770" lon="-110.6034690">
    <ele>2132.4</ele>
   </trkpt>
   <trkpt lat="43.7318970" lon="-110.6034460">
    <ele>2132.6</ele>
   </trkpt>
   <trkpt lat="43.7319160" lon="-110.6034230">
    <ele>2132.6</ele>
   </trkpt>
   <trkpt lat="43.7319390" lon="-110.6034000">
    <ele>2132.6</ele>
   </trkpt>
   <trkpt lat="43.7319620" lon="-110.6033770">
    <ele>2132.6</ele>
   </trkpt>
   <trkpt lat="43.7319850" lon="-110.6033540">
    <ele>2132.6</ele>
   </trkpt>
   <trkpt lat="43.7320070" lon="-110.6033230">
    <ele>2132.6</ele>
   </trkpt>
   <trkpt lat="43.7320270" lon="-110.6032930">
    <ele>2132.6</ele>
   </trkpt>
   <trkpt lat="43.7320490" lon="-110.6032700">
    <ele>2132.6</ele>
   </trkpt>
   <trkpt lat="43.7320720" lon="-110.6032400">
    <ele>2132.6</ele>
   </trkpt>
   <trkpt lat="43.7320870" lon="-110.6032170">
    <ele>2132.6</ele>
   </trkpt>
   <trkpt lat="43.7321060" lon="-110.6031940">
    <ele>2132.6</ele>
   </trkpt>
   <trkpt lat="43.7321290" lon="-110.6031710">
    <ele>2132.6</ele>
   </trkpt>
   <trkpt lat="43.7321490" lon="-110.6031480">
    <ele>2132.6</ele>
   </trkpt>
   <trkpt lat="43.7321750" lon="-110.6031180">
    <ele>2132.6</ele>
   </trkpt>
   <trkpt lat="43.7321980" lon="-110.6030950">
    <ele>2132.6</ele>
   </trkpt>
   <trkpt lat="43.7322250" lon="-110.6030710">
    <ele>2132.8</ele>
   </trkpt>
   <trkpt lat="43.7322590" lon="-110.6030340">
    <ele>2132.8</ele>
   </trkpt>
   <trkpt lat="43.7322860" lon="-110.6030110">
    <ele>2133.0</ele>
   </trkpt>
   <trkpt lat="43.7323090" lon="-110.6029960">
    <ele>2133.0</ele>
   </trkpt>
   <trkpt lat="43.7323280" lon="-110.6029730">
    <ele>2133.2</ele>
   </trkpt>
   <trkpt lat="43.7323500" lon="-110.6029500">
    <ele>2133.2</ele>
   </trkpt>
   <trkpt lat="43.7323700" lon="-110.6029350">
    <ele>2133.4</ele>
   </trkpt>
   <trkpt lat="43.7323930" lon="-110.6029120">
    <ele>2133.6</ele>
   </trkpt>
   <trkpt lat="43.7324190" lon="-110.6028890">
    <ele>2133.8</ele>
   </trkpt>
   <trkpt lat="43.7324420" lon="-110.6028660">
    <ele>2133.8</ele>
   </trkpt>
   <trkpt lat="43.7324650" lon="-110.6028430">
    <ele>2134.0</ele>
   </trkpt>
   <trkpt lat="43.7324880" lon="-110.6028200">
    <ele>2134.0</ele>
   </trkpt>
   <trkpt lat="43.7325150" lon="-110.6027970">
    <ele>2134.2</ele>
   </trkpt>
   <trkpt lat="43.7325410" lon="-110.6027670">
    <ele>2134.2</ele>
   </trkpt>
   <trkpt lat="43.7325610" lon="-110.6027510">
    <ele>2134.4</ele>
   </trkpt>
   <trkpt lat="43.7325950" lon="-110.6027210">
    <ele>2134.4</ele>
   </trkpt>
   <trkpt lat="43.7326220" lon="-110.6026970">
    <ele>2134.6</ele>
   </trkpt>
   <trkpt lat="43.7326480" lon="-110.6026670">
    <ele>2134.6</ele>
   </trkpt>
   <trkpt lat="43.7326710" lon="-110.6026440">
    <ele>2134.8</ele>
   </trkpt>
   <trkpt lat="43.7326940" lon="-110.6026220">
    <ele>2135.0</ele>
   </trkpt>
   <trkpt lat="43.7327170" lon="-110.6025990">
    <ele>2135.2</ele>
   </trkpt>
   <trkpt lat="43.7327400" lon="-110.6025760">
    <ele>2135.4</ele>
   </trkpt>
   <trkpt lat="43.7327580" lon="-110.6025530">
    <ele>2135.6</ele>
   </trkpt>
   <trkpt lat="43.7327740" lon="-110.6025380">
    <ele>2135.8</ele>
   </trkpt>
   <trkpt lat="43.7327930" lon="-110.6025150">
    <ele>2136.0</ele>
   </trkpt>
   <trkpt lat="43.7328160" lon="-110.6024920">
    <ele>2136.4</ele>
   </trkpt>
   <trkpt lat="43.7328350" lon="-110.6024770">
    <ele>2136.6</ele>
   </trkpt>
   <trkpt lat="43.7328540" lon="-110.6024540">
    <ele>2136.8</ele>
   </trkpt>
   <trkpt lat="43.7328730" lon="-110.6024390">
    <ele>2137.0</ele>
   </trkpt>
   <trkpt lat="43.7328880" lon="-110.6024160">
    <ele>2137.2</ele>
   </trkpt>
   <trkpt lat="43.7329030" lon="-110.6023930">
    <ele>2137.4</ele>
   </trkpt>
   <trkpt lat="43.7329150" lon="-110.6023700">
    <ele>2137.8</ele>
   </trkpt>
   <trkpt lat="43.7329300" lon="-110.6023550">
    <ele>2138.0</ele>
   </trkpt>
   <trkpt lat="43.7329460" lon="-110.6023400">
    <ele>2138.2</ele>
   </trkpt>
   <trkpt lat="43.7329640" lon="-110.6023240">
    <ele>2138.4</ele>
   </trkpt>
   <trkpt lat="43.7329800" lon="-110.6023020">
    <ele>2138.6</ele>
   </trkpt>
   <trkpt lat="43.7329920" lon="-110.6022860">
    <ele>2138.8</ele>
   </trkpt>
   <trkpt lat="43.7330140" lon="-110.6022630">
    <ele>2139.0</ele>
   </trkpt>
   <trkpt lat="43.7330300" lon="-110.6022410">
    <ele>2139.0</ele>
   </trkpt>
   <trkpt lat="43.7330480" lon="-110.6022250">
    <ele>2139.2</ele>
   </trkpt>
   <trkpt lat="43.7330640" lon="-110.6022030">
    <ele>2139.4</ele>
   </trkpt>
   <trkpt lat="43.7330790" lon="-110.6021870">
    <ele>2139.4</ele>
   </trkpt>
   <trkpt lat="43.7331020" lon="-110.6021640">
    <ele>2139.6</ele>
   </trkpt>
   <trkpt lat="43.7331210" lon="-110.6021410">
    <ele>2139.8</ele>
   </trkpt>
   <trkpt lat="43.7331360" lon="-110.6021260">
    <ele>2139.8</ele>
   </trkpt>
   <trkpt lat="43.7331470" lon="-110.6021030">
    <ele>2140.0</ele>
   </trkpt>
   <trkpt lat="43.7331590" lon="-110.6020800">
    <ele>2140.2</ele>
   </trkpt>
   <trkpt lat="43.7331700" lon="-110.6020650">
    <ele>2140.2</ele>
   </trkpt>
   <trkpt lat="43.7331770" lon="-110.6020410">
    <ele>2140.2</ele>
   </trkpt>
   <trkpt lat="43.7331810" lon="-110.6020110">
    <ele>2140.4</ele>
   </trkpt>
   <trkpt lat="43.7331850" lon="-110.6019880">
    <ele>2140.4</ele>
   </trkpt>
   <trkpt lat="43.7331810" lon="-110.6019650">
    <ele>2140.6</ele>
   </trkpt>
   <trkpt lat="43.7331810" lon="-110.6019350">
    <ele>2140.6</ele>
   </trkpt>
   <trkpt lat="43.7331810" lon="-110.6019120">
    <ele>2140.8</ele>
   </trkpt>
   <trkpt lat="43.7331850" lon="-110.6018820">
    <ele>2140.8</ele>
   </trkpt>
   <trkpt lat="43.7331850" lon="-110.6018580">
    <ele>2140.8</ele>
   </trkpt>
   <trkpt lat="43.7331890" lon="-110.6018290">
    <ele>2141.0</ele>
   </trkpt>
   <trkpt lat="43.7331930" lon="-110.6018130">
    <ele>2141.0</ele>
   </trkpt>
   <trkpt lat="43.7331970" lon="-110.6017990">
    <ele>2141.0</ele>
   </trkpt>
   <trkpt lat="43.7332040" lon="-110.6017990">
    <ele>2141.2</ele>
   </trkpt>
   <trkpt lat="43.7332080" lon="-110.6017910">
    <ele>2141.2</ele>
   </trkpt>
   <trkpt lat="43.7332080" lon="-110.6017680">
    <ele>2141.2</ele>
   </trkpt>
   <trkpt lat="43.7332070" lon="-110.6017520">
    <ele>2141.2</ele>
   </trkpt>
   <trkpt lat="43.7332040" lon="-110.6017290">
    <ele>2141.2</ele>
   </trkpt>
   <trkpt lat="43.7332000" lon="-110.6017060">
    <ele>2141.0</ele>
   </trkpt>
   <trkpt lat="43.7332000" lon="-110.6016750">
    <ele>2141.0</ele>
   </trkpt>
   <trkpt lat="43.7331960" lon="-110.6016370">
    <ele>2141.0</ele>
   </trkpt>
   <trkpt lat="43.7331960" lon="-110.6015990">
    <ele>2141.0</ele>
   </trkpt>
   <trkpt lat="43.7332000" lon="-110.6015680">
    <ele>2141.0</ele>
   </trkpt>
   <trkpt lat="43.7332000" lon="-110.6015290">
    <ele>2141.0</ele>
   </trkpt>
   <trkpt lat="43.7332000" lon="-110.6014840">
    <ele>2141.0</ele>
   </trkpt>
   <trkpt lat="43.7332000" lon="-110.6014460">
    <ele>2141.0</ele>
   </trkpt>
   <trkpt lat="43.7332000" lon="-110.6014080">
    <ele>2141.0</ele>
   </trkpt>
   <trkpt lat="43.7332000" lon="-110.6013690">
    <ele>2141.2</ele>
   </trkpt>
   <trkpt lat="43.7332000" lon="-110.6013230">
    <ele>2141.2</ele>
   </trkpt>
   <trkpt lat="43.7332000" lon="-110.6012780">
    <ele>2141.2</ele>
   </trkpt>
   <trkpt lat="43.7332000" lon="-110.6012390">
    <ele>2141.2</ele>
   </trkpt>
   <trkpt lat="43.7332000" lon="-110.6011940">
    <ele>2141.2</ele>
   </trkpt>
   <trkpt lat="43.7332000" lon="-110.6011550">
    <ele>2141.4</ele>
   </trkpt>
   <trkpt lat="43.7332000" lon="-110.6011090">
    <ele>2141.4</ele>
   </trkpt>
   <trkpt lat="43.7332000" lon="-110.6010640">
    <ele>2141.4</ele>
   </trkpt>
   <trkpt lat="43.7332000" lon="-110.6010180">
    <ele>2141.6</ele>
   </trkpt>
   <trkpt lat="43.7332000" lon="-110.6009730">
    <ele>2141.6</ele>
   </trkpt>
   <trkpt lat="43.7332000" lon="-110.6009340">
    <ele>2141.6</ele>
   </trkpt>
   <trkpt lat="43.7332000" lon="-110.6008890">
    <ele>2141.8</ele>
   </trkpt>
   <trkpt lat="43.7332000" lon="-110.6008570">
    <ele>2141.8</ele>
   </trkpt>
   <trkpt lat="43.7332000" lon="-110.6007970">
    <ele>2141.8</ele>
   </trkpt>
   <trkpt lat="43.7332000" lon="-110.6007510">
    <ele>2141.8</ele>
   </trkpt>
   <trkpt lat="43.7332000" lon="-110.6007060">
    <ele>2141.8</ele>
   </trkpt>
   <trkpt lat="43.7331960" lon="-110.6006670">
    <ele>2142.0</ele>
   </trkpt>
   <trkpt lat="43.7331960" lon="-110.6006140">
    <ele>2141.8</ele>
   </trkpt>
   <trkpt lat="43.7331960" lon="-110.6005760">
    <ele>2142.0</ele>
   </trkpt>
   <trkpt lat="43.7331960" lon="-110.6005300">
    <ele>2142.0</ele>
   </trkpt>
   <trkpt lat="43.7331960" lon="-110.6004840">
    <ele>2142.0</ele>
   </trkpt>
   <trkpt lat="43.7331960" lon="-110.6004380">
    <ele>2142.0</ele>
   </trkpt>
   <trkpt lat="43.7331920" lon="-110.6003930">
    <ele>2142.0</ele>
   </trkpt>
   <trkpt lat="43.7331890" lon="-110.6003470">
    <ele>2142.0</ele>
   </trkpt>
   <trkpt lat="43.7331890" lon="-110.6003010">
    <ele>2142.0</ele>
   </trkpt>
   <trkpt lat="43.7331890" lon="-110.6002550">
    <ele>2142.0</ele>
   </trkpt>
   <trkpt lat="43.7331920" lon="-110.6002090">
    <ele>2142.0</ele>
   </trkpt>
   <trkpt lat="43.7331930" lon="-110.6001640">
    <ele>2142.0</ele>
   </trkpt>
   <trkpt lat="43.7331960" lon="-110.6001170">
    <ele>2142.0</ele>
   </trkpt>
   <trkpt lat="43.7331960" lon="-110.6000650">
    <ele>2142.0</ele>
   </trkpt>
   <trkpt lat="43.7331960" lon="-110.6000180">
    <ele>2142.0</ele>
   </trkpt>
   <trkpt lat="43.7331960" lon="-110.5999650">
    <ele>2142.0</ele>
   </trkpt>
   <trkpt lat="43.7332000" lon="-110.5999190">
    <ele>2142.0</ele>
   </trkpt>
   <trkpt lat="43.7332000" lon="-110.5998660">
    <ele>2142.0</ele>
   </trkpt>
   <trkpt lat="43.7332000" lon="-110.5998190">
    <ele>2142.0</ele>
   </trkpt>
   <trkpt lat="43.7332040" lon="-110.5997660">
    <ele>2142.0</ele>
   </trkpt>
   <trkpt lat="43.7332040" lon="-110.5997130">
    <ele>2142.0</ele>
   </trkpt>
   <trkpt lat="43.7332040" lon="-110.5996680">
    <ele>2142.0</ele>
   </trkpt>
   <trkpt lat="43.7332040" lon="-110.5996300">
    <ele>2142.0</ele>
   </trkpt>
   <trkpt lat="43.7332080" lon="-110.5995920">
    <ele>2142.0</ele>
   </trkpt>
   <trkpt lat="43.7332120" lon="-110.5995460">
    <ele>2142.0</ele>
   </trkpt>
   <trkpt lat="43.7332120" lon="-110.5995160">
    <ele>2142.0</ele>
   </trkpt>
   <trkpt lat="43.7332120" lon="-110.5994860">
    <ele>2142.0</ele>
   </trkpt>
   <trkpt lat="43.7332150" lon="-110.5994630">
    <ele>2142.0</ele>
   </trkpt>
   <trkpt lat="43.7332150" lon="-110.5994400">
    <ele>2142.0</ele>
   </trkpt>
   <trkpt lat="43.7332150" lon="-110.5994090">
    <ele>2142.0</ele>
   </trkpt>
   <trkpt lat="43.7332110" lon="-110.5993780">
    <ele>2141.8</ele>
   </trkpt>
   <trkpt lat="43.7332070" lon="-110.5993400">
    <ele>2141.8</ele>
   </trkpt>
   <trkpt lat="43.7332040" lon="-110.5993020">
    <ele>2141.8</ele>
   </trkpt>
   <trkpt lat="43.7332000" lon="-110.5992640">
    <ele>2141.6</ele>
   </trkpt>
   <trkpt lat="43.7331920" lon="-110.5992260">
    <ele>2141.6</ele>
   </trkpt>
   <trkpt lat="43.7331760" lon="-110.5991870">
    <ele>2141.4</ele>
   </trkpt>
   <trkpt lat="43.7331610" lon="-110.5991410">
    <ele>2141.2</ele>
   </trkpt>
   <trkpt lat="43.7331450" lon="-110.5990960">
    <ele>2141.0</ele>
   </trkpt>
   <trkpt lat="43.7331260" lon="-110.5990580">
    <ele>2141.0</ele>
   </trkpt>
   <trkpt lat="43.7331070" lon="-110.5990280">
    <ele>2140.8</ele>
   </trkpt>
   <trkpt lat="43.7330850" lon="-110.5989980">
    <ele>2140.8</ele>
   </trkpt>
   <trkpt lat="43.7330650" lon="-110.5989750">
    <ele>2140.6</ele>
   </trkpt>
   <trkpt lat="43.7330420" lon="-110.5989600">
    <ele>2140.6</ele>
   </trkpt>
   <trkpt lat="43.7330200" lon="-110.5989370">
    <ele>2140.4</ele>
   </trkpt>
   <trkpt lat="43.7329880" lon="-110.5989140">
    <ele>2140.4</ele>
   </trkpt>
   <trkpt lat="43.7329580" lon="-110.5988910">
    <ele>2140.4</ele>
   </trkpt>
   <trkpt lat="43.7329270" lon="-110.5988750">
    <ele>2140.4</ele>
   </trkpt>
   <trkpt lat="43.7329010" lon="-110.5988440">
    <ele>2140.6</ele>
   </trkpt>
   <trkpt lat="43.7328780" lon="-110.5988140">
    <ele>2140.6</ele>
   </trkpt>
   <trkpt lat="43.7328550" lon="-110.5987840">
    <ele>2140.6</ele>
   </trkpt>
   <trkpt lat="43.7328320" lon="-110.5987610">
    <ele>2140.8</ele>
   </trkpt>
   <trkpt lat="43.7328020" lon="-110.5987390">
    <ele>2140.8</ele>
   </trkpt>
   <trkpt lat="43.7327750" lon="-110.5987230">
    <ele>2140.8</ele>
   </trkpt>
   <trkpt lat="43.7327450" lon="-110.5987000">
    <ele>2141.0</ele>
   </trkpt>
   <trkpt lat="43.7327220" lon="-110.5986850">
    <ele>2141.0</ele>
   </trkpt>
   <trkpt lat="43.7326990" lon="-110.5986620">
    <ele>2141.2</ele>
   </trkpt>
   <trkpt lat="43.7326760" lon="-110.5986470">
    <ele>2141.2</ele>
   </trkpt>
   <trkpt lat="43.7326530" lon="-110.5986320">
    <ele>2141.4</ele>
   </trkpt>
   <trkpt lat="43.7326300" lon="-110.5986170">
    <ele>2141.4</ele>
   </trkpt>
   <trkpt lat="43.7326110" lon="-110.5986090">
    <ele>2141.6</ele>
   </trkpt>
   <trkpt lat="43.7325880" lon="-110.5985940">
    <ele>2141.8</ele>
   </trkpt>
   <trkpt lat="43.7325690" lon="-110.5985780">
    <ele>2142.0</ele>
   </trkpt>
   <trkpt lat="43.7325500" lon="-110.5985630">
    <ele>2142.0</ele>
   </trkpt>
   <trkpt lat="43.7325310" lon="-110.5985480">
    <ele>2142.2</ele>
   </trkpt>
   <trkpt lat="43.7325120" lon="-110.5985330">
    <ele>2142.2</ele>
   </trkpt>
   <trkpt lat="43.7324930" lon="-110.5985250">
    <ele>2142.4</ele>
   </trkpt>
   <trkpt lat="43.7324700" lon="-110.5985100">
    <ele>2142.4</ele>
   </trkpt>
   <trkpt lat="43.7324470" lon="-110.5984950">
    <ele>2142.4</ele>
   </trkpt>
   <trkpt lat="43.7324280" lon="-110.5984870">
    <ele>2142.6</ele>
   </trkpt>
   <trkpt lat="43.7324010" lon="-110.5984710">
    <ele>2142.6</ele>
   </trkpt>
   <trkpt lat="43.7323740" lon="-110.5984490">
    <ele>2142.6</ele>
   </trkpt>
   <trkpt lat="43.7323470" lon="-110.5984330">
    <ele>2142.8</ele>
   </trkpt>
   <trkpt lat="43.7323170" lon="-110.5984180">
    <ele>2142.8</ele>
   </trkpt>
   <trkpt lat="43.7322900" lon="-110.5984030">
    <ele>2142.8</ele>
   </trkpt>
   <trkpt lat="43.7322600" lon="-110.5983880">
    <ele>2142.8</ele>
   </trkpt>
   <trkpt lat="43.7322330" lon="-110.5983730">
    <ele>2143.0</ele>
   </trkpt>
   <trkpt lat="43.7322100" lon="-110.5983650">
    <ele>2143.0</ele>
   </trkpt>
   <trkpt lat="43.7321870" lon="-110.5983580">
    <ele>2143.0</ele>
   </trkpt>
   <trkpt lat="43.7321610" lon="-110.5983500">
    <ele>2143.0</ele>
   </trkpt>
   <trkpt lat="43.7321340" lon="-110.5983420">
    <ele>2143.2</ele>
   </trkpt>
   <trkpt lat="43.7321070" lon="-110.5983350">
    <ele>2143.2</ele>
   </trkpt>
   <trkpt lat="43.7320770" lon="-110.5983270">
    <ele>2143.2</ele>
   </trkpt>
   <trkpt lat="43.7320530" lon="-110.5983200">
    <ele>2143.2</ele>
   </trkpt>
   <trkpt lat="43.7320190" lon="-110.5983110">
    <ele>2143.2</ele>
   </trkpt>
   <trkpt lat="43.7319890" lon="-110.5982970">
    <ele>2143.4</ele>
   </trkpt>
   <trkpt lat="43.7319620" lon="-110.5982890">
    <ele>2143.4</ele>
   </trkpt>
   <trkpt lat="43.7319320" lon="-110.5982810">
    <ele>2143.6</ele>
   </trkpt>
   <trkpt lat="43.7319010" lon="-110.5982740">
    <ele>2143.6</ele>
   </trkpt>
   <trkpt lat="43.7318710" lon="-110.5982660">
    <ele>2143.6</ele>
   </trkpt>
   <trkpt lat="43.7318440" lon="-110.5982580">
    <ele>2143.8</ele>
   </trkpt>
   <trkpt lat="43.7318130" lon="-110.5982510">
    <ele>2143.8</ele>
   </trkpt>
   <trkpt lat="43.7317820" lon="-110.5982510">
    <ele>2143.8</ele>
   </trkpt>
   <trkpt lat="43.7317480" lon="-110.5982430">
    <ele>2143.8</ele>
   </trkpt>
   <trkpt lat="43.7317180" lon="-110.5982360">
    <ele>2143.8</ele>
   </trkpt>
   <trkpt lat="43.7316830" lon="-110.5982360">
    <ele>2143.8</ele>
   </trkpt>
   <trkpt lat="43.7316450" lon="-110.5982360">
    <ele>2144.0</ele>
   </trkpt>
   <trkpt lat="43.7316110" lon="-110.5982360">
    <ele>2144.0</ele>
   </trkpt>
   <trkpt lat="43.7315760" lon="-110.5982360">
    <ele>2144.0</ele>
   </trkpt>
   <trkpt lat="43.7315420" lon="-110.5982360">
    <ele>2144.0</ele>
   </trkpt>
   <trkpt lat="43.7315120" lon="-110.5982360">
    <ele>2144.0</ele>
   </trkpt>
   <trkpt lat="43.7314820" lon="-110.5982360">
    <ele>2144.0</ele>
   </trkpt>
   <trkpt lat="43.7314550" lon="-110.5982280">
    <ele>2143.8</ele>
   </trkpt>
   <trkpt lat="43.7314240" lon="-110.5982280">
    <ele>2143.8</ele>
   </trkpt>
   <trkpt lat="43.7313940" lon="-110.5982200">
    <ele>2143.8</ele>
   </trkpt>
   <trkpt lat="43.7313680" lon="-110.5982120">
    <ele>2143.8</ele>
   </trkpt>
   <trkpt lat="43.7313440" lon="-110.5981960">
    <ele>2143.8</ele>
   </trkpt>
   <trkpt lat="43.7313100" lon="-110.5981740">
    <ele>2144.0</ele>
   </trkpt>
   <trkpt lat="43.7312840" lon="-110.5981510">
    <ele>2144.2</ele>
   </trkpt>
   <trkpt lat="43.7312690" lon="-110.5981270">
    <ele>2144.2</ele>
   </trkpt>
   <trkpt lat="43.7312500" lon="-110.5980890">
    <ele>2144.2</ele>
   </trkpt>
   <trkpt lat="43.7312390" lon="-110.5980430">
    <ele>2144.2</ele>
   </trkpt>
   <trkpt lat="43.7312270" lon="-110.5979890">
    <ele>2144.2</ele>
   </trkpt>
   <trkpt lat="43.7312160" lon="-110.5979440">
    <ele>2144.2</ele>
   </trkpt>
   <trkpt lat="43.7312120" lon="-110.5978990">
    <ele>2144.2</ele>
   </trkpt>
   <trkpt lat="43.7312090" lon="-110.5978680">
    <ele>2144.0</ele>
   </trkpt>
   <trkpt lat="43.7312050" lon="-110.5978210">
    <ele>2144.2</ele>
   </trkpt>
   <trkpt lat="43.7312010" lon="-110.5977680">
    <ele>2144.2</ele>
   </trkpt>
   <trkpt lat="43.7311940" lon="-110.5977230">
    <ele>2144.2</ele>
   </trkpt>
   <trkpt lat="43.7311940" lon="-110.5976850">
    <ele>2144.2</ele>
   </trkpt>
   <trkpt lat="43.7311940" lon="-110.5976460">
    <ele>2144.2</ele>
   </trkpt>
   <trkpt lat="43.7312050" lon="-110.5975930">
    <ele>2144.4</ele>
   </trkpt>
   <trkpt lat="43.7312130" lon="-110.5975550">
    <ele>2144.4</ele>
   </trkpt>
   <trkpt lat="43.7312210" lon="-110.5975090">
    <ele>2144.4</ele>
   </trkpt>
   <trkpt lat="43.7312280" lon="-110.5974640">
    <ele>2144.4</ele>
   </trkpt>
   <trkpt lat="43.7312360" lon="-110.5974260">
    <ele>2144.6</ele>
   </trkpt>
   <trkpt lat="43.7312430" lon="-110.5973960">
    <ele>2144.6</ele>
   </trkpt>
   <trkpt lat="43.7312470" lon="-110.5973660">
    <ele>2144.6</ele>
   </trkpt>
   <trkpt lat="43.7312470" lon="-110.5973430">
    <ele>2144.8</ele>
   </trkpt>
   <trkpt lat="43.7312510" lon="-110.5973270">
    <ele>2144.8</ele>
   </trkpt>
   <trkpt lat="43.7312550" lon="-110.5973040">
    <ele>2144.8</ele>
   </trkpt>
   <trkpt lat="43.7312550" lon="-110.5972740">
    <ele>2144.8</ele>
   </trkpt>
   <trkpt lat="43.7312550" lon="-110.5972510">
    <ele>2144.8</ele>
   </trkpt>
   <trkpt lat="43.7312550" lon="-110.5972210">
    <ele>2144.8</ele>
   </trkpt>
   <trkpt lat="43.7312550" lon="-110.5972060">
    <ele>2144.8</ele>
   </trkpt>
   <trkpt lat="43.7312550" lon="-110.5971990">
    <ele>2144.8</ele>
   </trkpt>
   <trkpt lat="43.7312550" lon="-110.5971980">
    <ele>2144.8</ele>
   </trkpt>
   <trkpt lat="43.7312630" lon="-110.5971820">
    <ele>2144.8</ele>
   </trkpt>
   <trkpt lat="43.7312740" lon="-110.5971590">
    <ele>2145.0</ele>
   </trkpt>
   <trkpt lat="43.7312820" lon="-110.5971360">
    <ele>2145.0</ele>
   </trkpt>
   <trkpt lat="43.7312890" lon="-110.5971130">
    <ele>2145.0</ele>
   </trkpt>
   <trkpt lat="43.7312970" lon="-110.5970820">
    <ele>2145.0</ele>
   </trkpt>
   <trkpt lat="43.7313090" lon="-110.5970520">
    <ele>2145.0</ele>
   </trkpt>
   <trkpt lat="43.7313200" lon="-110.5970200">
    <ele>2145.2</ele>
   </trkpt>
   <trkpt lat="43.7313280" lon="-110.5969830">
    <ele>2145.2</ele>
   </trkpt>
   <trkpt lat="43.7313390" lon="-110.5969450">
    <ele>2145.2</ele>
   </trkpt>
   <trkpt lat="43.7313470" lon="-110.5969140">
    <ele>2145.2</ele>
   </trkpt>
   <trkpt lat="43.7313580" lon="-110.5968680">
    <ele>2145.2</ele>
   </trkpt>
   <trkpt lat="43.7313660" lon="-110.5968230">
    <ele>2145.4</ele>
   </trkpt>
   <trkpt lat="43.7313770" lon="-110.5967840">
    <ele>2145.4</ele>
   </trkpt>
   <trkpt lat="43.7313890" lon="-110.5967390">
    <ele>2145.4</ele>
   </trkpt>
   <trkpt lat="43.7314000" lon="-110.5966930">
    <ele>2145.6</ele>
   </trkpt>
   <trkpt lat="43.7314080" lon="-110.5966540">
    <ele>2145.6</ele>
   </trkpt>
   <trkpt lat="43.7314190" lon="-110.5966020">
    <ele>2145.6</ele>
   </trkpt>
   <trkpt lat="43.7314340" lon="-110.5965630">
    <ele>2145.8</ele>
   </trkpt>
   <trkpt lat="43.7314460" lon="-110.5965170">
    <ele>2145.8</ele>
   </trkpt>
   <trkpt lat="43.7314570" lon="-110.5964720">
    <ele>2145.8</ele>
   </trkpt>
   <trkpt lat="43.7314650" lon="-110.5964340">
    <ele>2146.0</ele>
   </trkpt>
   <trkpt lat="43.7314720" lon="-110.5963950">
    <ele>2146.0</ele>
   </trkpt>
   <trkpt lat="43.7314760" lon="-110.5963500">
    <ele>2146.0</ele>
   </trkpt>
   <trkpt lat="43.7314800" lon="-110.5963120">
    <ele>2146.0</ele>
   </trkpt>
   <trkpt lat="43.7314830" lon="-110.5962740">
    <ele>2146.2</ele>
   </trkpt>
   <trkpt lat="43.7314840" lon="-110.5962360">
    <ele>2146.2</ele>
   </trkpt>
   <trkpt lat="43.7314870" lon="-110.5961970">
    <ele>2146.2</ele>
   </trkpt>
   <trkpt lat="43.7314910" lon="-110.5961590">
    <ele>2146.2</ele>
   </trkpt>
   <trkpt lat="43.7314950" lon="-110.5961130">
    <ele>2146.2</ele>
   </trkpt>
   <trkpt lat="43.7314950" lon="-110.5960590">
    <ele>2146.2</ele>
   </trkpt>
   <trkpt lat="43.7314950" lon="-110.5959990">
    <ele>2146.4</ele>
   </trkpt>
   <trkpt lat="43.7314950" lon="-110.5959530">
    <ele>2146.4</ele>
   </trkpt>
   <trkpt lat="43.7314950" lon="-110.5959070">
    <ele>2146.6</ele>
   </trkpt>
   <trkpt lat="43.7314950" lon="-110.5958610">
    <ele>2146.6</ele>
   </trkpt>
   <trkpt lat="43.7314950" lon="-110.5958150">
    <ele>2146.6</ele>
   </trkpt>
   <trkpt lat="43.7314910" lon="-110.5957620">
    <ele>2146.8</ele>
   </trkpt>
   <trkpt lat="43.7314830" lon="-110.5957090">
    <ele>2146.8</ele>
   </trkpt>
   <trkpt lat="43.7314800" lon="-110.5956630">
    <ele>2147.0</ele>
   </trkpt>
   <trkpt lat="43.7314760" lon="-110.5956100">
    <ele>2147.0</ele>
   </trkpt>
   <trkpt lat="43.7314760" lon="-110.5955640">
    <ele>2147.2</ele>
   </trkpt>
   <trkpt lat="43.7314800" lon="-110.5955270">
    <ele>2147.2</ele>
   </trkpt>
   <trkpt lat="43.7314800" lon="-110.5954970">
    <ele>2147.4</ele>
   </trkpt>
   <trkpt lat="43.7314720" lon="-110.5954580">
    <ele>2147.4</ele>
   </trkpt>
   <trkpt lat="43.7314680" lon="-110.5954190">
    <ele>2147.6</ele>
   </trkpt>
   <trkpt lat="43.7314720" lon="-110.5953750">
    <ele>2147.6</ele>
   </trkpt>
   <trkpt lat="43.7314760" lon="-110.5953360">
    <ele>2147.8</ele>
   </trkpt>
   <trkpt lat="43.7314720" lon="-110.5952820">
    <ele>2147.8</ele>
   </trkpt>
   <trkpt lat="43.7314720" lon="-110.5952280">
    <ele>2147.8</ele>
   </trkpt>
   <trkpt lat="43.7314800" lon="-110.5951760">
    <ele>2148.0</ele>
   </trkpt>
   <trkpt lat="43.7314840" lon="-110.5951380">
    <ele>2148.0</ele>
   </trkpt>
   <trkpt lat="43.7314870" lon="-110.5950920">
    <ele>2148.0</ele>
   </trkpt>
   <trkpt lat="43.7314990" lon="-110.5950540">
    <ele>2148.2</ele>
   </trkpt>
   <trkpt lat="43.7315180" lon="-110.5950160">
    <ele>2148.2</ele>
   </trkpt>
   <trkpt lat="43.7315330" lon="-110.5949930">
    <ele>2148.2</ele>
   </trkpt>
   <trkpt lat="43.7315490" lon="-110.5949550">
    <ele>2148.4</ele>
   </trkpt>
   <trkpt lat="43.7315720" lon="-110.5949090">
    <ele>2148.4</ele>
   </trkpt>
   <trkpt lat="43.7316020" lon="-110.5948710">
    <ele>2148.6</ele>
   </trkpt>
   <trkpt lat="43.7316330" lon="-110.5948410">
    <ele>2148.6</ele>
   </trkpt>
   <trkpt lat="43.7316550" lon="-110.5948100">
    <ele>2148.8</ele>
   </trkpt>
   <trkpt lat="43.7316780" lon="-110.5947870">
    <ele>2148.8</ele>
   </trkpt>
   <trkpt lat="43.7316970" lon="-110.5947570">
    <ele>2149.0</ele>
   </trkpt>
   <trkpt lat="43.7317200" lon="-110.5947410">
    <ele>2149.0</ele>
   </trkpt>
   <trkpt lat="43.7317430" lon="-110.5947110">
    <ele>2149.2</ele>
   </trkpt>
   <trkpt lat="43.7317660" lon="-110.5946880">
    <ele>2149.2</ele>
   </trkpt>
   <trkpt lat="43.7317860" lon="-110.5946640">
    <ele>2149.4</ele>
   </trkpt>
   <trkpt lat="43.7318000" lon="-110.5946420">
    <ele>2149.6</ele>
   </trkpt>
   <trkpt lat="43.7318230" lon="-110.5946200">
    <ele>2149.6</ele>
   </trkpt>
   <trkpt lat="43.7318420" lon="-110.5946040">
    <ele>2149.8</ele>
   </trkpt>
   <trkpt lat="43.7318730" lon="-110.5945660">
    <ele>2149.8</ele>
   </trkpt>
   <trkpt lat="43.7318920" lon="-110.5945350">
    <ele>2150.0</ele>
   </trkpt>
   <trkpt lat="43.7319110" lon="-110.5945130">
    <ele>2150.2</ele>
   </trkpt>
   <trkpt lat="43.7319260" lon="-110.5944900">
    <ele>2150.4</ele>
   </trkpt>
   <trkpt lat="43.7319370" lon="-110.5944750">
    <ele>2150.4</ele>
   </trkpt>
   <trkpt lat="43.7319460" lon="-110.5944590">
    <ele>2150.6</ele>
   </trkpt>
   <trkpt lat="43.7319570" lon="-110.5944440">
    <ele>2150.8</ele>
   </trkpt>
   <trkpt lat="43.7319640" lon="-110.5944360">
    <ele>2151.0</ele>
   </trkpt>
   <trkpt lat="43.7319800" lon="-110.5944210">
    <ele>2151.2</ele>
   </trkpt>
   <trkpt lat="43.7319950" lon="-110.5944130">
    <ele>2151.2</ele>
   </trkpt>
   <trkpt lat="43.7320100" lon="-110.5944060">
    <ele>2151.4</ele>
   </trkpt>
   <trkpt lat="43.7320150" lon="-110.5944050">
    <ele>2151.6</ele>
   </trkpt>
   <trkpt lat="43.7320350" lon="-110.5943900">
    <ele>2151.8</ele>
   </trkpt>
   <trkpt lat="43.7320730" lon="-110.5943670">
    <ele>2152.0</ele>
   </trkpt>
   <trkpt lat="43.7321080" lon="-110.5943510">
    <ele>2152.0</ele>
   </trkpt>
   <trkpt lat="43.7321530" lon="-110.5943290">
    <ele>2152.2</ele>
   </trkpt>
   <trkpt lat="43.7321830" lon="-110.5943210">
    <ele>2152.4</ele>
   </trkpt>
   <trkpt lat="43.7322100" lon="-110.5943070">
    <ele>2152.4</ele>
   </trkpt>
   <trkpt lat="43.7322420" lon="-110.5942990">
    <ele>2152.6</ele>
   </trkpt>
   <trkpt lat="43.7322910" lon="-110.5942900">
    <ele>2152.6</ele>
   </trkpt>
   <trkpt lat="43.7323460" lon="-110.5942670">
    <ele>2152.8</ele>
   </trkpt>
   <trkpt lat="43.7324090" lon="-110.5942450">
    <ele>2152.8</ele>
   </trkpt>
   <trkpt lat="43.7324390" lon="-110.5942370">
    <ele>2153.0</ele>
   </trkpt>
   <trkpt lat="43.7324650" lon="-110.5942150">
    <ele>2153.0</ele>
   </trkpt>
   <trkpt lat="43.7324920" lon="-110.5942000">
    <ele>2153.2</ele>
   </trkpt>
   <trkpt lat="43.7325150" lon="-110.5941920">
    <ele>2153.4</ele>
   </trkpt>
   <trkpt lat="43.7325330" lon="-110.5941760">
    <ele>2153.6</ele>
   </trkpt>
   <trkpt lat="43.7325450" lon="-110.5941610">
    <ele>2153.8</ele>
   </trkpt>
   <trkpt lat="43.7325680" lon="-110.5941530">
    <ele>2154.0</ele>
   </trkpt>
   <trkpt lat="43.7325990" lon="-110.5941310">
    <ele>2154.0</ele>
   </trkpt>
   <trkpt lat="43.7326380" lon="-110.5941150">
    <ele>2154.2</ele>
   </trkpt>
   <trkpt lat="43.7326870" lon="-110.5940920">
    <ele>2154.4</ele>
   </trkpt>
   <trkpt lat="43.7327210" lon="-110.5940690">
    <ele>2154.6</ele>
   </trkpt>
   <trkpt lat="43.7327500" lon="-110.5940470">
    <ele>2154.8</ele>
   </trkpt>
   <trkpt lat="43.7327550" lon="-110.5940390">
    <ele>2155.0</ele>
   </trkpt>
   <trkpt lat="43.7327700" lon="-110.5940230">
    <ele>2155.2</ele>
   </trkpt>
   <trkpt lat="43.7327900" lon="-110.5940000">
    <ele>2155.4</ele>
   </trkpt>
   <trkpt lat="43.7328170" lon="-110.5939770">
    <ele>2155.6</ele>
   </trkpt>
   <trkpt lat="43.7328580" lon="-110.5939390">
    <ele>2155.8</ele>
   </trkpt>
   <trkpt lat="43.7328890" lon="-110.5939080">
    <ele>2156.0</ele>
   </trkpt>
   <trkpt lat="43.7329110" lon="-110.5938780">
    <ele>2156.0</ele>
   </trkpt>
   <trkpt lat="43.7329260" lon="-110.5938550">
    <ele>2156.2</ele>
   </trkpt>
   <trkpt lat="43.7329410" lon="-110.5938320">
    <ele>2156.4</ele>
   </trkpt>
   <trkpt lat="43.7329530" lon="-110.5938010">
    <ele>2156.6</ele>
   </trkpt>
   <trkpt lat="43.7329640" lon="-110.5937700">
    <ele>2156.6</ele>
   </trkpt>
   <trkpt lat="43.7329750" lon="-110.5937330">
    <ele>2156.8</ele>
   </trkpt>
   <trkpt lat="43.7329830" lon="-110.5937020">
    <ele>2157.0</ele>
   </trkpt>
   <trkpt lat="43.7329820" lon="-110.5936640">
    <ele>2157.0</ele>
   </trkpt>
   <trkpt lat="43.7329780" lon="-110.5936260">
    <ele>2157.2</ele>
   </trkpt>
   <trkpt lat="43.7329710" lon="-110.5935880">
    <ele>2157.2</ele>
   </trkpt>
   <trkpt lat="43.7329670" lon="-110.5935500">
    <ele>2157.4</ele>
   </trkpt>
   <trkpt lat="43.7329630" lon="-110.5935120">
    <ele>2157.4</ele>
   </trkpt>
   <trkpt lat="43.7329520" lon="-110.5934810">
    <ele>2157.6</ele>
   </trkpt>
   <trkpt lat="43.7329480" lon="-110.5934510">
    <ele>2157.8</ele>
   </trkpt>
   <trkpt lat="43.7329440" lon="-110.5934200">
    <ele>2157.8</ele>
   </trkpt>
   <trkpt lat="43.7329400" lon="-110.5933900">
    <ele>2158.0</ele>
   </trkpt>
   <trkpt lat="43.7329370" lon="-110.5933590">
    <ele>2158.2</ele>
   </trkpt>
   <trkpt lat="43.7329370" lon="-110.5933280">
    <ele>2158.2</ele>
   </trkpt>
   <trkpt lat="43.7329370" lon="-110.5932900">
    <ele>2158.4</ele>
   </trkpt>
   <trkpt lat="43.7329450" lon="-110.5932520">
    <ele>2158.6</ele>
   </trkpt>
   <trkpt lat="43.7329490" lon="-110.5932140">
    <ele>2158.8</ele>
   </trkpt>
   <trkpt lat="43.7329570" lon="-110.5931760">
    <ele>2158.8</ele>
   </trkpt>
   <trkpt lat="43.7329790" lon="-110.5931380">
    <ele>2159.0</ele>
   </trkpt>
   <trkpt lat="43.7329870" lon="-110.5931150">
    <ele>2159.2</ele>
   </trkpt>
   <trkpt lat="43.7329910" lon="-110.5930930">
    <ele>2159.4</ele>
   </trkpt>
   <trkpt lat="43.7329980" lon="-110.5930690">
    <ele>2159.6</ele>
   </trkpt>
   <trkpt lat="43.7330060" lon="-110.5930390">
    <ele>2159.6</ele>
   </trkpt>
   <trkpt lat="43.7330140" lon="-110.5930160">
    <ele>2159.8</ele>
   </trkpt>
   <trkpt lat="43.7330250" lon="-110.5929850">
    <ele>2160.0</ele>
   </trkpt>
   <trkpt lat="43.7330370" lon="-110.5929550">
    <ele>2160.2</ele>
   </trkpt>
   <trkpt lat="43.7330490" lon="-110.5929320">
    <ele>2160.4</ele>
   </trkpt>
   <trkpt lat="43.7330670" lon="-110.5929010">
    <ele>2160.4</ele>
   </trkpt>
   <trkpt lat="43.7330830" lon="-110.5928630">
    <ele>2160.6</ele>
   </trkpt>
   <trkpt lat="43.7330980" lon="-110.5928250">
    <ele>2160.8</ele>
   </trkpt>
   <trkpt lat="43.7331130" lon="-110.5927940">
    <ele>2161.0</ele>
   </trkpt>
   <trkpt lat="43.7331280" lon="-110.5927570">
    <ele>2161.2</ele>
   </trkpt>
   <trkpt lat="43.7331320" lon="-110.5927410">
    <ele>2161.2</ele>
   </trkpt>
   <trkpt lat="43.7331440" lon="-110.5927110">
    <ele>2161.4</ele>
   </trkpt>
   <trkpt lat="43.7331550" lon="-110.5926880">
    <ele>2161.6</ele>
   </trkpt>
   <trkpt lat="43.7331710" lon="-110.5926570">
    <ele>2161.8</ele>
   </trkpt>
   <trkpt lat="43.7331900" lon="-110.5926190">
    <ele>2162.0</ele>
   </trkpt>
   <trkpt lat="43.7332040" lon="-110.5925810">
    <ele>2162.2</ele>
   </trkpt>
   <trkpt lat="43.7332120" lon="-110.5925420">
    <ele>2162.4</ele>
   </trkpt>
   <trkpt lat="43.7332270" lon="-110.5925040">
    <ele>2162.6</ele>
   </trkpt>
   <trkpt lat="43.7332360" lon="-110.5924660">
    <ele>2162.8</ele>
   </trkpt>
   <trkpt lat="43.7332540" lon="-110.5924280">
    <ele>2163.0</ele>
   </trkpt>
   <trkpt lat="43.7332660" lon="-110.5923980">
    <ele>2163.2</ele>
   </trkpt>
   <trkpt lat="43.7332800" lon="-110.5923680">
    <ele>2163.4</ele>
   </trkpt>
   <trkpt lat="43.7332840" lon="-110.5923440">
    <ele>2163.6</ele>
   </trkpt>
   <trkpt lat="43.7332920" lon="-110.5923140">
    <ele>2164.0</ele>
   </trkpt>
   <trkpt lat="43.7333000" lon="-110.5922840">
    <ele>2164.2</ele>
   </trkpt>
   <trkpt lat="43.7333070" lon="-110.5922610">
    <ele>2164.4</ele>
   </trkpt>
   <trkpt lat="43.7333110" lon="-110.5922380">
    <ele>2164.8</ele>
   </trkpt>
   <trkpt lat="43.7333150" lon="-110.5922150">
    <ele>2165.0</ele>
   </trkpt>
   <trkpt lat="43.7333240" lon="-110.5921920">
    <ele>2165.2</ele>
   </trkpt>
   <trkpt lat="43.7333460" lon="-110.5921610">
    <ele>2165.6</ele>
   </trkpt>
   <trkpt lat="43.7333570" lon="-110.5921310">
    <ele>2165.8</ele>
   </trkpt>
   <trkpt lat="43.7333720" lon="-110.5921000">
    <ele>2166.2</ele>
   </trkpt>
   <trkpt lat="43.7333840" lon="-110.5920700">
    <ele>2166.4</ele>
   </trkpt>
   <trkpt lat="43.7333990" lon="-110.5920480">
    <ele>2166.8</ele>
   </trkpt>
   <trkpt lat="43.7334150" lon="-110.5920320">
    <ele>2167.0</ele>
   </trkpt>
   <trkpt lat="43.7334340" lon="-110.5920170">
    <ele>2167.2</ele>
   </trkpt>
   <trkpt lat="43.7334490" lon="-110.5920020">
    <ele>2167.6</ele>
   </trkpt>
   <trkpt lat="43.7334640" lon="-110.5919870">
    <ele>2167.8</ele>
   </trkpt>
   <trkpt lat="43.7334800" lon="-110.5919710">
    <ele>2168.0</ele>
   </trkpt>
   <trkpt lat="43.7335030" lon="-110.5919480">
    <ele>2168.2</ele>
   </trkpt>
   <trkpt lat="43.7335300" lon="-110.5919250">
    <ele>2168.4</ele>
   </trkpt>
   <trkpt lat="43.7335560" lon="-110.5919030">
    <ele>2168.6</ele>
   </trkpt>
   <trkpt lat="43.7335790" lon="-110.5918960">
    <ele>2168.6</ele>
   </trkpt>
   <trkpt lat="43.7335980" lon="-110.5918880">
    <ele>2168.8</ele>
   </trkpt>
   <trkpt lat="43.7336160" lon="-110.5918730">
    <ele>2169.0</ele>
   </trkpt>
   <trkpt lat="43.7336210" lon="-110.5918720">
    <ele>2169.2</ele>
   </trkpt>
   <trkpt lat="43.7336370" lon="-110.5918570">
    <ele>2169.4</ele>
   </trkpt>
   <trkpt lat="43.7336620" lon="-110.5918420">
    <ele>2169.6</ele>
   </trkpt>
   <trkpt lat="43.7336740" lon="-110.5918350">
    <ele>2169.8</ele>
   </trkpt>
   <trkpt lat="43.7336940" lon="-110.5918270">
    <ele>2170.0</ele>
   </trkpt>
   <trkpt lat="43.7337160" lon="-110.5918190">
    <ele>2170.4</ele>
   </trkpt>
   <trkpt lat="43.7337280" lon="-110.5918120">
    <ele>2170.6</ele>
   </trkpt>
   <trkpt lat="43.7337470" lon="-110.5918040">
    <ele>2171.0</ele>
   </trkpt>
   <trkpt lat="43.7337660" lon="-110.5917880">
    <ele>2171.2</ele>
   </trkpt>
   <trkpt lat="43.7337810" lon="-110.5917730">
    <ele>2171.4</ele>
   </trkpt>
   <trkpt lat="43.7337960" lon="-110.5917650">
    <ele>2171.8</ele>
   </trkpt>
   <trkpt lat="43.7338160" lon="-110.5917510">
    <ele>2172.0</ele>
   </trkpt>
   <trkpt lat="43.7338390" lon="-110.5917430">
    <ele>2172.4</ele>
   </trkpt>
   <trkpt lat="43.7338650" lon="-110.5917350">
    <ele>2172.6</ele>
   </trkpt>
   <trkpt lat="43.7338880" lon="-110.5917270">
    <ele>2173.0</ele>
   </trkpt>
   <trkpt lat="43.7339110" lon="-110.5917120">
    <ele>2173.2</ele>
   </trkpt>
   <trkpt lat="43.7339340" lon="-110.5916890">
    <ele>2173.4</ele>
   </trkpt>
   <trkpt lat="43.7339530" lon="-110.5916730">
    <ele>2173.6</ele>
   </trkpt>
   <trkpt lat="43.7339680" lon="-110.5916510">
    <ele>2173.8</ele>
   </trkpt>
   <trkpt lat="43.7339910" lon="-110.5916360">
    <ele>2174.0</ele>
   </trkpt>
   <trkpt lat="43.7340180" lon="-110.5916200">
    <ele>2174.2</ele>
   </trkpt>
   <trkpt lat="43.7340370" lon="-110.5915980">
    <ele>2174.4</ele>
   </trkpt>
   <trkpt lat="43.7340550" lon="-110.5915820">
    <ele>2174.6</ele>
   </trkpt>
   <trkpt lat="43.7340710" lon="-110.5915670">
    <ele>2174.6</ele>
   </trkpt>
   <trkpt lat="43.7340900" lon="-110.5915520">
    <ele>2174.8</ele>
   </trkpt>
   <trkpt lat="43.7341050" lon="-110.5915370">
    <ele>2175.0</ele>
   </trkpt>
   <trkpt lat="43.7341210" lon="-110.5915210">
    <ele>2175.0</ele>
   </trkpt>
   <trkpt lat="43.7341390" lon="-110.5915060">
    <ele>2175.0</ele>
   </trkpt>
   <trkpt lat="43.7341540" lon="-110.5914830">
    <ele>2175.2</ele>
   </trkpt>
   <trkpt lat="43.7341660" lon="-110.5914600">
    <ele>2175.2</ele>
   </trkpt>
   <trkpt lat="43.7341730" lon="-110.5914370">
    <ele>2175.2</ele>
   </trkpt>
   <trkpt lat="43.7341810" lon="-110.5914060">
    <ele>2175.2</ele>
   </trkpt>
   <trkpt lat="43.7341890" lon="-110.5913750">
    <ele>2175.2</ele>
   </trkpt>
   <trkpt lat="43.7341960" lon="-110.5913440">
    <ele>2175.2</ele>
   </trkpt>
   <trkpt lat="43.7342080" lon="-110.5913060">
    <ele>2175.2</ele>
   </trkpt>
   <trkpt lat="43.7342150" lon="-110.5912690">
    <ele>2175.2</ele>
   </trkpt>
   <trkpt lat="43.7342190" lon="-110.5912370">
    <ele>2175.2</ele>
   </trkpt>
   <trkpt lat="43.7342180" lon="-110.5911840">
    <ele>2175.2</ele>
   </trkpt>
   <trkpt lat="43.7342150" lon="-110.5911380">
    <ele>2175.2</ele>
   </trkpt>
   <trkpt lat="43.7342150" lon="-110.5910920">
    <ele>2175.4</ele>
   </trkpt>
   <trkpt lat="43.7342150" lon="-110.5910470">
    <ele>2175.4</ele>
   </trkpt>
   <trkpt lat="43.7342150" lon="-110.5910080">
    <ele>2175.6</ele>
   </trkpt>
   <trkpt lat="43.7342100" lon="-110.5909630">
    <ele>2175.8</ele>
   </trkpt>
   <trkpt lat="43.7342030" lon="-110.5909250">
    <ele>2176.0</ele>
   </trkpt>
   <trkpt lat="43.7341990" lon="-110.5908950">
    <ele>2176.2</ele>
   </trkpt>
   <trkpt lat="43.7341910" lon="-110.5908650">
    <ele>2176.4</ele>
   </trkpt>
   <trkpt lat="43.7341840" lon="-110.5908410">
    <ele>2176.6</ele>
   </trkpt>
   <trkpt lat="43.7341760" lon="-110.5908110">
    <ele>2176.8</ele>
   </trkpt>
   <trkpt lat="43.7341640" lon="-110.5907810">
    <ele>2177.0</ele>
   </trkpt>
   <trkpt lat="43.7341530" lon="-110.5907580">
    <ele>2177.4</ele>
   </trkpt>
   <trkpt lat="43.7341460" lon="-110.5907340">
    <ele>2177.6</ele>
   </trkpt>
   <trkpt lat="43.7341380" lon="-110.5907040">
    <ele>2177.8</ele>
   </trkpt>
   <trkpt lat="43.7341340" lon="-110.5906740">
    <ele>2178.0</ele>
   </trkpt>
   <trkpt lat="43.7341230" lon="-110.5906510">
    <ele>2178.2</ele>
   </trkpt>
   <trkpt lat="43.7341150" lon="-110.5906280">
    <ele>2178.4</ele>
   </trkpt>
   <trkpt lat="43.7341030" lon="-110.5906050">
    <ele>2178.6</ele>
   </trkpt>
   <trkpt lat="43.7340920" lon="-110.5905820">
    <ele>2178.8</ele>
   </trkpt>
   <trkpt lat="43.7340850" lon="-110.5905600">
    <ele>2179.0</ele>
   </trkpt>
   <trkpt lat="43.7340850" lon="-110.5905370">
    <ele>2179.0</ele>
   </trkpt>
   <trkpt lat="43.7340770" lon="-110.5905140">
    <ele>2179.2</ele>
   </trkpt>
   <trkpt lat="43.7340730" lon="-110.5904910">
    <ele>2179.4</ele>
   </trkpt>
   <trkpt lat="43.7340700" lon="-110.5904680">
    <ele>2179.6</ele>
   </trkpt>
   <trkpt lat="43.7340660" lon="-110.5904370">
    <ele>2179.6</ele>
   </trkpt>
   <trkpt lat="43.7340580" lon="-110.5904150">
    <ele>2179.8</ele>
   </trkpt>
   <trkpt lat="43.7340580" lon="-110.5903920">
    <ele>2180.0</ele>
   </trkpt>
   <trkpt lat="43.7340540" lon="-110.5903680">
    <ele>2180.2</ele>
   </trkpt>
   <trkpt lat="43.7340460" lon="-110.5903380">
    <ele>2180.2</ele>
   </trkpt>
   <trkpt lat="43.7340390" lon="-110.5903150">
    <ele>2180.4</ele>
   </trkpt>
   <trkpt lat="43.7340310" lon="-110.5902930">
    <ele>2180.6</ele>
   </trkpt>
   <trkpt lat="43.7340240" lon="-110.5902700">
    <ele>2180.6</ele>
   </trkpt>
   <trkpt lat="43.7340160" lon="-110.5902460">
    <ele>2180.8</ele>
   </trkpt>
   <trkpt lat="43.7340050" lon="-110.5902160">
    <ele>2181.0</ele>
   </trkpt>
   <trkpt lat="43.7339970" lon="-110.5901850">
    <ele>2181.0</ele>
   </trkpt>
   <trkpt lat="43.7339930" lon="-110.5901550">
    <ele>2181.2</ele>
   </trkpt>
   <trkpt lat="43.7339780" lon="-110.5901250">
    <ele>2181.4</ele>
   </trkpt>
   <trkpt lat="43.7339700" lon="-110.5901020">
    <ele>2181.4</ele>
   </trkpt>
   <trkpt lat="43.7339590" lon="-110.5900780">
    <ele>2181.6</ele>
   </trkpt>
   <trkpt lat="43.7339510" lon="-110.5900480">
    <ele>2181.8</ele>
   </trkpt>
   <trkpt lat="43.7339430" lon="-110.5900250">
    <ele>2182.0</ele>
   </trkpt>
   <trkpt lat="43.7339320" lon="-110.5899950">
    <ele>2182.0</ele>
   </trkpt>
   <trkpt lat="43.7339210" lon="-110.5899730">
    <ele>2182.2</ele>
   </trkpt>
   <trkpt lat="43.7339130" lon="-110.5899560">
    <ele>2182.4</ele>
   </trkpt>
   <trkpt lat="43.7338980" lon="-110.5899260">
    <ele>2182.4</ele>
   </trkpt>
   <trkpt lat="43.7338900" lon="-110.5899030">
    <ele>2182.6</ele>
   </trkpt>
   <trkpt lat="43.7338780" lon="-110.5898800">
    <ele>2182.6</ele>
   </trkpt>
   <trkpt lat="43.7338630" lon="-110.5898490">
    <ele>2182.8</ele>
   </trkpt>
   <trkpt lat="43.7338480" lon="-110.5898190">
    <ele>2182.8</ele>
   </trkpt>
   <trkpt lat="43.7338330" lon="-110.5897960">
    <ele>2183.0</ele>
   </trkpt>
   <trkpt lat="43.7338210" lon="-110.5897660">
    <ele>2183.0</ele>
   </trkpt>
   <trkpt lat="43.7338130" lon="-110.5897350">
    <ele>2183.0</ele>
   </trkpt>
   <trkpt lat="43.7337980" lon="-110.5897050">
    <ele>2183.0</ele>
   </trkpt>
   <trkpt lat="43.7337870" lon="-110.5896740">
    <ele>2183.0</ele>
   </trkpt>
   <trkpt lat="43.7337790" lon="-110.5896360">
    <ele>2183.2</ele>
   </trkpt>
   <trkpt lat="43.7337680" lon="-110.5896050">
    <ele>2183.2</ele>
   </trkpt>
   <trkpt lat="43.7337650" lon="-110.5895750">
    <ele>2183.2</ele>
   </trkpt>
   <trkpt lat="43.7337650" lon="-110.5895360">
    <ele>2183.2</ele>
   </trkpt>
   <trkpt lat="43.7337650" lon="-110.5894900">
    <ele>2183.2</ele>
   </trkpt>
   <trkpt lat="43.7337650" lon="-110.5894440">
    <ele>2183.2</ele>
   </trkpt>
   <trkpt lat="43.7337650" lon="-110.5893990">
    <ele>2183.2</ele>
   </trkpt>
   <trkpt lat="43.7337650" lon="-110.5893610">
    <ele>2183.0</ele>
   </trkpt>
   <trkpt lat="43.7337650" lon="-110.5893220">
    <ele>2183.0</ele>
   </trkpt>
   <trkpt lat="43.7337650" lon="-110.5892770">
    <ele>2183.0</ele>
   </trkpt>
   <trkpt lat="43.7337650" lon="-110.5892310">
    <ele>2182.8</ele>
   </trkpt>
   <trkpt lat="43.7337680" lon="-110.5891850">
    <ele>2182.8</ele>
   </trkpt>
   <trkpt lat="43.7337650" lon="-110.5891390">
    <ele>2182.8</ele>
   </trkpt>
   <trkpt lat="43.7337650" lon="-110.5890860">
    <ele>2182.6</ele>
   </trkpt>
   <trkpt lat="43.7337650" lon="-110.5890400">
    <ele>2182.6</ele>
   </trkpt>
   <trkpt lat="43.7337650" lon="-110.5889930">
    <ele>2182.6</ele>
   </trkpt>
   <trkpt lat="43.7337640" lon="-110.5889400">
    <ele>2182.4</ele>
   </trkpt>
   <trkpt lat="43.7337610" lon="-110.5888790">
    <ele>2182.4</ele>
   </trkpt>
   <trkpt lat="43.7337610" lon="-110.5888180">
    <ele>2182.2</ele>
   </trkpt>
   <trkpt lat="43.7337610" lon="-110.5887650">
    <ele>2182.0</ele>
   </trkpt>
   <trkpt lat="43.7337650" lon="-110.5887110">
    <ele>2182.0</ele>
   </trkpt>
   <trkpt lat="43.7337650" lon="-110.5886580">
    <ele>2182.0</ele>
   </trkpt>
   <trkpt lat="43.7337680" lon="-110.5886050">
    <ele>2182.0</ele>
   </trkpt>
   <trkpt lat="43.7337680" lon="-110.5885510">
    <ele>2181.8</ele>
   </trkpt>
   <trkpt lat="43.7337690" lon="-110.5884970">
    <ele>2181.8</ele>
   </trkpt>
   <trkpt lat="43.7337760" lon="-110.5884370">
    <ele>2181.6</ele>
   </trkpt>
   <trkpt lat="43.7337800" lon="-110.5883830">
    <ele>2181.4</ele>
   </trkpt>
   <trkpt lat="43.7337880" lon="-110.5883210">
    <ele>2181.2</ele>
   </trkpt>
   <trkpt lat="43.7337950" lon="-110.5882520">
    <ele>2181.0</ele>
   </trkpt>
   <trkpt lat="43.7337950" lon="-110.5881760">
    <ele>2180.6</ele>
   </trkpt>
   <trkpt lat="43.7337990" lon="-110.5880920">
    <ele>2180.6</ele>
   </trkpt>
   <trkpt lat="43.7337950" lon="-110.5880160">
    <ele>2180.4</ele>
   </trkpt>
   <trkpt lat="43.7337910" lon="-110.5879400">
    <ele>2180.2</ele>
   </trkpt>
   <trkpt lat="43.7337910" lon="-110.5878720">
    <ele>2180.2</ele>
   </trkpt>
   <trkpt lat="43.7337880" lon="-110.5878180">
    <ele>2180.2</ele>
   </trkpt>
   <trkpt lat="43.7337920" lon="-110.5877650">
    <ele>2180.2</ele>
   </trkpt>
   <trkpt lat="43.7337950" lon="-110.5877120">
    <ele>2180.4</ele>
   </trkpt>
   <trkpt lat="43.7337990" lon="-110.5876660">
    <ele>2180.4</ele>
   </trkpt>
   <trkpt lat="43.7337990" lon="-110.5876120">
    <ele>2180.4</ele>
   </trkpt>
   <trkpt lat="43.7338030" lon="-110.5875600">
    <ele>2180.6</ele>
   </trkpt>
   <trkpt lat="43.7338110" lon="-110.5875150">
    <ele>2180.6</ele>
   </trkpt>
   <trkpt lat="43.7338190" lon="-110.5874840">
    <ele>2180.6</ele>
   </trkpt>
   <trkpt lat="43.7338300" lon="-110.5874450">
    <ele>2180.6</ele>
   </trkpt>
   <trkpt lat="43.7338420" lon="-110.5873990">
    <ele>2180.6</ele>
   </trkpt>
   <trkpt lat="43.7338530" lon="-110.5873450">
    <ele>2180.6</ele>
   </trkpt>
   <trkpt lat="43.7338600" lon="-110.5872840">
    <ele>2180.8</ele>
   </trkpt>
   <trkpt lat="43.7338640" lon="-110.5872310">
    <ele>2180.8</ele>
   </trkpt>
   <trkpt lat="43.7338680" lon="-110.5871780">
    <ele>2181.0</ele>
   </trkpt>
   <trkpt lat="43.7338680" lon="-110.5871250">
    <ele>2181.2</ele>
   </trkpt>
   <trkpt lat="43.7338710" lon="-110.5870790">
    <ele>2181.2</ele>
   </trkpt>
   <trkpt lat="43.7338720" lon="-110.5870340">
    <ele>2181.2</ele>
   </trkpt>
   <trkpt lat="43.7338750" lon="-110.5869870">
    <ele>2181.4</ele>
   </trkpt>
   <trkpt lat="43.7338790" lon="-110.5869250">
    <ele>2181.4</ele>
   </trkpt>
   <trkpt lat="43.7338830" lon="-110.5868640">
    <ele>2181.4</ele>
   </trkpt>
   <trkpt lat="43.7338870" lon="-110.5868040">
    <ele>2181.4</ele>
   </trkpt>
   <trkpt lat="43.7338950" lon="-110.5867430">
    <ele>2181.4</ele>
   </trkpt>
   <trkpt lat="43.7338980" lon="-110.5866810">
    <ele>2181.4</ele>
   </trkpt>
   <trkpt lat="43.7338980" lon="-110.5866110">
    <ele>2181.4</ele>
   </trkpt>
   <trkpt lat="43.7338900" lon="-110.5865290">
    <ele>2181.4</ele>
   </trkpt>
   <trkpt lat="43.7338860" lon="-110.5864600">
    <ele>2181.6</ele>
   </trkpt>
   <trkpt lat="43.7338820" lon="-110.5863910">
    <ele>2181.6</ele>
   </trkpt>
   <trkpt lat="43.7338750" lon="-110.5863310">
    <ele>2181.8</ele>
   </trkpt>
   <trkpt lat="43.7338720" lon="-110.5862770">
    <ele>2182.0</ele>
   </trkpt>
   <trkpt lat="43.7338750" lon="-110.5862250">
    <ele>2182.2</ele>
   </trkpt>
   <trkpt lat="43.7338800" lon="-110.5861870">
    <ele>2182.4</ele>
   </trkpt>
   <trkpt lat="43.7338870" lon="-110.5861490">
    <ele>2182.6</ele>
   </trkpt>
   <trkpt lat="43.7338860" lon="-110.5861200">
    <ele>2182.8</ele>
   </trkpt>
   <trkpt lat="43.7338830" lon="-110.5861040">
    <ele>2183.2</ele>
   </trkpt>
   <trkpt lat="43.7338790" lon="-110.5860810">
    <ele>2183.4</ele>
   </trkpt>
   <trkpt lat="43.7338830" lon="-110.5860500">
    <ele>2183.8</ele>
   </trkpt>
   <trkpt lat="43.7338830" lon="-110.5860190">
    <ele>2184.0</ele>
   </trkpt>
   <trkpt lat="43.7338790" lon="-110.5859890">
    <ele>2184.4</ele>
   </trkpt>
   <trkpt lat="43.7338830" lon="-110.5859660">
    <ele>2184.6</ele>
   </trkpt>
   <trkpt lat="43.7338870" lon="-110.5859360">
    <ele>2184.8</ele>
   </trkpt>
   <trkpt lat="43.7338950" lon="-110.5859060">
    <ele>2185.2</ele>
   </trkpt>
   <trkpt lat="43.7338980" lon="-110.5858830">
    <ele>2185.4</ele>
   </trkpt>
   <trkpt lat="43.7339020" lon="-110.5858590">
    <ele>2185.6</ele>
   </trkpt>
   <trkpt lat="43.7339060" lon="-110.5858290">
    <ele>2186.0</ele>
   </trkpt>
   <trkpt lat="43.7339140" lon="-110.5858070">
    <ele>2186.2</ele>
   </trkpt>
   <trkpt lat="43.7339180" lon="-110.5857840">
    <ele>2186.4</ele>
   </trkpt>
   <trkpt lat="43.7339250" lon="-110.5857600">
    <ele>2186.6</ele>
   </trkpt>
   <trkpt lat="43.7339330" lon="-110.5857300">
    <ele>2187.0</ele>
   </trkpt>
   <trkpt lat="43.7339360" lon="-110.5857070">
    <ele>2187.4</ele>
   </trkpt>
   <trkpt lat="43.7339370" lon="-110.5856840">
    <ele>2187.6</ele>
   </trkpt>
   <trkpt lat="43.7339400" lon="-110.5856610">
    <ele>2188.0</ele>
   </trkpt>
   <trkpt lat="43.7339440" lon="-110.5856390">
    <ele>2188.2</ele>
   </trkpt>
   <trkpt lat="43.7339520" lon="-110.5856230">
    <ele>2188.4</ele>
   </trkpt>
   <trkpt lat="43.7339560" lon="-110.5856000">
    <ele>2188.8</ele>
   </trkpt>
   <trkpt lat="43.7339630" lon="-110.5855780">
    <ele>2189.0</ele>
   </trkpt>
   <trkpt lat="43.7339680" lon="-110.5855550">
    <ele>2189.2</ele>
   </trkpt>
   <trkpt lat="43.7339780" lon="-110.5855320">
    <ele>2189.6</ele>
   </trkpt>
   <trkpt lat="43.7339820" lon="-110.5855080">
    <ele>2189.8</ele>
   </trkpt>
   <trkpt lat="43.7339860" lon="-110.5854780">
    <ele>2190.0</ele>
   </trkpt>
   <trkpt lat="43.7339940" lon="-110.5854480">
    <ele>2190.2</ele>
   </trkpt>
   <trkpt lat="43.7339980" lon="-110.5854170">
    <ele>2190.4</ele>
   </trkpt>
   <trkpt lat="43.7340050" lon="-110.5853860">
    <ele>2190.6</ele>
   </trkpt>
   <trkpt lat="43.7340050" lon="-110.5853560">
    <ele>2190.8</ele>
   </trkpt>
   <trkpt lat="43.7340130" lon="-110.5853340">
    <ele>2191.0</ele>
   </trkpt>
   <trkpt lat="43.7340170" lon="-110.5853110">
    <ele>2191.2</ele>
   </trkpt>
   <trkpt lat="43.7340200" lon="-110.5852950">
    <ele>2191.4</ele>
   </trkpt>
   <trkpt lat="43.7340200" lon="-110.5852720">
    <ele>2191.6</ele>
   </trkpt>
   <trkpt lat="43.7340200" lon="-110.5852420">
    <ele>2191.8</ele>
   </trkpt>
   <trkpt lat="43.7340170" lon="-110.5852180">
    <ele>2192.0</ele>
   </trkpt>
   <trkpt lat="43.7340200" lon="-110.5851880">
    <ele>2192.2</ele>
   </trkpt>
   <trkpt lat="43.7340200" lon="-110.5851660">
    <ele>2192.4</ele>
   </trkpt>
   <trkpt lat="43.7340200" lon="-110.5851430">
    <ele>2192.4</ele>
   </trkpt>
   <trkpt lat="43.7340200" lon="-110.5851200">
    <ele>2192.6</ele>
   </trkpt>
   <trkpt lat="43.7340160" lon="-110.5850960">
    <ele>2192.8</ele>
   </trkpt>
   <trkpt lat="43.7340080" lon="-110.5850660">
    <ele>2192.8</ele>
   </trkpt>
   <trkpt lat="43.7339970" lon="-110.5850440">
    <ele>2193.0</ele>
   </trkpt>
   <trkpt lat="43.7339930" lon="-110.5850280">
    <ele>2193.2</ele>
   </trkpt>
   <trkpt lat="43.7339850" lon="-110.5850050">
    <ele>2193.2</ele>
   </trkpt>
   <trkpt lat="43.7339780" lon="-110.5849820">
    <ele>2193.4</ele>
   </trkpt>
   <trkpt lat="43.7339660" lon="-110.5849510">
    <ele>2193.4</ele>
   </trkpt>
   <trkpt lat="43.7339510" lon="-110.5849210">
    <ele>2193.6</ele>
   </trkpt>
   <trkpt lat="43.7339430" lon="-110.5848910">
    <ele>2193.6</ele>
   </trkpt>
   <trkpt lat="43.7339320" lon="-110.5848670">
    <ele>2193.8</ele>
   </trkpt>
   <trkpt lat="43.7339200" lon="-110.5848300">
    <ele>2193.8</ele>
   </trkpt>
   <trkpt lat="43.7339090" lon="-110.5848070">
    <ele>2194.0</ele>
   </trkpt>
   <trkpt lat="43.7338970" lon="-110.5847840">
    <ele>2194.0</ele>
   </trkpt>
   <trkpt lat="43.7338860" lon="-110.5847520">
    <ele>2194.2</ele>
   </trkpt>
   <trkpt lat="43.7338740" lon="-110.5847150">
    <ele>2194.2</ele>
   </trkpt>
   <trkpt lat="43.7338590" lon="-110.5846840">
    <ele>2194.4</ele>
   </trkpt>
   <trkpt lat="43.7338480" lon="-110.5846460">
    <ele>2194.6</ele>
   </trkpt>
   <trkpt lat="43.7338360" lon="-110.5846070">
    <ele>2194.6</ele>
   </trkpt>
   <trkpt lat="43.7338210" lon="-110.5845620">
    <ele>2194.8</ele>
   </trkpt>
   <trkpt lat="43.7338060" lon="-110.5845160">
    <ele>2194.8</ele>
   </trkpt>
   <trkpt lat="43.7337990" lon="-110.5844780">
    <ele>2195.0</ele>
   </trkpt>
   <trkpt lat="43.7337950" lon="-110.5844480">
    <ele>2195.2</ele>
   </trkpt>
   <trkpt lat="43.7337910" lon="-110.5844170">
    <ele>2195.2</ele>
   </trkpt>
   <trkpt lat="43.7337880" lon="-110.5843870">
    <ele>2195.4</ele>
   </trkpt>
   <trkpt lat="43.7337880" lon="-110.5843560">
    <ele>2195.4</ele>
   </trkpt>
   <trkpt lat="43.7337880" lon="-110.5843260">
    <ele>2195.4</ele>
   </trkpt>
   <trkpt lat="43.7337950" lon="-110.5842870">
    <ele>2195.6</ele>
   </trkpt>
   <trkpt lat="43.7337950" lon="-110.5842490">
    <ele>2195.6</ele>
   </trkpt>
   <trkpt lat="43.7337910" lon="-110.5842190">
    <ele>2195.6</ele>
   </trkpt>
   <trkpt lat="43.7337920" lon="-110.5841800">
    <ele>2195.8</ele>
   </trkpt>
   <trkpt lat="43.7337950" lon="-110.5841420">
    <ele>2195.8</ele>
   </trkpt>
   <trkpt lat="43.7337950" lon="-110.5841040">
    <ele>2195.8</ele>
   </trkpt>
   <trkpt lat="43.7337950" lon="-110.5840580">
    <ele>2195.8</ele>
   </trkpt>
   <trkpt lat="43.7337950" lon="-110.5840190">
    <ele>2195.8</ele>
   </trkpt>
   <trkpt lat="43.7337950" lon="-110.5839730">
    <ele>2195.8</ele>
   </trkpt>
   <trkpt lat="43.7337920" lon="-110.5839200">
    <ele>2195.8</ele>
   </trkpt>
   <trkpt lat="43.7337960" lon="-110.5838600">
    <ele>2195.8</ele>
   </trkpt>
   <trkpt lat="43.7338160" lon="-110.5838130">
    <ele>2195.8</ele>
   </trkpt>
   <trkpt lat="43.7338390" lon="-110.5837590">
    <ele>2195.8</ele>
   </trkpt>
   <trkpt lat="43.7338610" lon="-110.5837050">
    <ele>2195.8</ele>
   </trkpt>
   <trkpt lat="43.7338720" lon="-110.5836390">
    <ele>2195.8</ele>
   </trkpt>
   <trkpt lat="43.7338870" lon="-110.5836010">
    <ele>2195.8</ele>
   </trkpt>
   <trkpt lat="43.7338860" lon="-110.5835630">
    <ele>2195.8</ele>
   </trkpt>
   <trkpt lat="43.7338750" lon="-110.5835320">
    <ele>2195.8</ele>
   </trkpt>
   <trkpt lat="43.7338640" lon="-110.5834930">
    <ele>2195.8</ele>
   </trkpt>
   <trkpt lat="43.7338700" lon="-110.5834480">
    <ele>2196.0</ele>
   </trkpt>
   <trkpt lat="43.7339010" lon="-110.5834080">
    <ele>2196.0</ele>
   </trkpt>
   <trkpt lat="43.7339450" lon="-110.5833480">
    <ele>2196.0</ele>
   </trkpt>
   <trkpt lat="43.7339600" lon="-110.5832940">
    <ele>2196.0</ele>
   </trkpt>
   <trkpt lat="43.7339760" lon="-110.5832400">
    <ele>2196.0</ele>
   </trkpt>
   <trkpt lat="43.7339980" lon="-110.5831810">
    <ele>2196.0</ele>
   </trkpt>
   <trkpt lat="43.7340180" lon="-110.5831420">
    <ele>2196.2</ele>
   </trkpt>
   <trkpt lat="43.7340410" lon="-110.5830900">
    <ele>2196.2</ele>
   </trkpt>
   <trkpt lat="43.7340670" lon="-110.5830590">
    <ele>2196.2</ele>
   </trkpt>
   <trkpt lat="43.7340860" lon="-110.5830220">
    <ele>2196.2</ele>
   </trkpt>
   <trkpt lat="43.7341050" lon="-110.5829990">
    <ele>2196.2</ele>
   </trkpt>
   <trkpt lat="43.7341200" lon="-110.5829760">
    <ele>2196.2</ele>
   </trkpt>
   <trkpt lat="43.7341400" lon="-110.5829520">
    <ele>2196.4</ele>
   </trkpt>
   <trkpt lat="43.7341590" lon="-110.5829220">
    <ele>2196.4</ele>
   </trkpt>
   <trkpt lat="43.7341810" lon="-110.5828920">
    <ele>2196.4</ele>
   </trkpt>
   <trkpt lat="43.7342000" lon="-110.5828610">
    <ele>2196.6</ele>
   </trkpt>
   <trkpt lat="43.7342160" lon="-110.5828380">
    <ele>2196.6</ele>
   </trkpt>
   <trkpt lat="43.7342350" lon="-110.5828160">
    <ele>2196.8</ele>
   </trkpt>
   <trkpt lat="43.7342470" lon="-110.5828000">
    <ele>2196.8</ele>
   </trkpt>
   <trkpt lat="43.7342650" lon="-110.5827770">
    <ele>2197.0</ele>
   </trkpt>
   <trkpt lat="43.7342770" lon="-110.5827470">
    <ele>2197.2</ele>
   </trkpt>
   <trkpt lat="43.7342920" lon="-110.5827240">
    <ele>2197.2</ele>
   </trkpt>
   <trkpt lat="43.7343110" lon="-110.5826840">
    <ele>2197.4</ele>
   </trkpt>
   <trkpt lat="43.7343220" lon="-110.5826310">
    <ele>2197.6</ele>
   </trkpt>
   <trkpt lat="43.7343330" lon="-110.5825930">
    <ele>2197.6</ele>
   </trkpt>
   <trkpt lat="43.7343370" lon="-110.5825550">
    <ele>2197.8</ele>
   </trkpt>
   <trkpt lat="43.7343370" lon="-110.5825250">
    <ele>2197.8</ele>
   </trkpt>
   <trkpt lat="43.7343370" lon="-110.5824870">
    <ele>2198.0</ele>
   </trkpt>
   <trkpt lat="43.7343330" lon="-110.5824490">
    <ele>2198.0</ele>
   </trkpt>
   <trkpt lat="43.7343240" lon="-110.5824180">
    <ele>2198.2</ele>
   </trkpt>
   <trkpt lat="43.7343040" lon="-110.5823880">
    <ele>2198.2</ele>
   </trkpt>
   <trkpt lat="43.7342700" lon="-110.5823660">
    <ele>2198.2</ele>
   </trkpt>
   <trkpt lat="43.7342400" lon="-110.5823510">
    <ele>2198.4</ele>
   </trkpt>
   <trkpt lat="43.7342140" lon="-110.5823440">
    <ele>2198.4</ele>
   </trkpt>
   <trkpt lat="43.7341900" lon="-110.5823360">
    <ele>2198.6</ele>
   </trkpt>
   <trkpt lat="43.7341640" lon="-110.5823280">
    <ele>2198.6</ele>
   </trkpt>
   <trkpt lat="43.7341410" lon="-110.5823200">
    <ele>2198.8</ele>
   </trkpt>
   <trkpt lat="43.7341220" lon="-110.5823050">
    <ele>2199.0</ele>
   </trkpt>
   <trkpt lat="43.7340990" lon="-110.5822980">
    <ele>2199.2</ele>
   </trkpt>
   <trkpt lat="43.7340800" lon="-110.5822910">
    <ele>2199.2</ele>
   </trkpt>
   <trkpt lat="43.7340570" lon="-110.5822910">
    <ele>2199.4</ele>
   </trkpt>
   <trkpt lat="43.7340340" lon="-110.5822910">
    <ele>2199.6</ele>
   </trkpt>
   <trkpt lat="43.7340070" lon="-110.5822910">
    <ele>2199.8</ele>
   </trkpt>
   <trkpt lat="43.7339840" lon="-110.5822910">
    <ele>2200.0</ele>
   </trkpt>
   <trkpt lat="43.7339580" lon="-110.5822900">
    <ele>2200.0</ele>
   </trkpt>
   <trkpt lat="43.7339350" lon="-110.5822830">
    <ele>2200.2</ele>
   </trkpt>
   <trkpt lat="43.7339120" lon="-110.5822830">
    <ele>2200.4</ele>
   </trkpt>
   <trkpt lat="43.7338850" lon="-110.5822840">
    <ele>2200.6</ele>
   </trkpt>
   <trkpt lat="43.7338630" lon="-110.5822910">
    <ele>2200.8</ele>
   </trkpt>
   <trkpt lat="43.7338470" lon="-110.5822910">
    <ele>2201.0</ele>
   </trkpt>
   <trkpt lat="43.7338250" lon="-110.5822900">
    <ele>2201.2</ele>
   </trkpt>
   <trkpt lat="43.7338050" lon="-110.5822830">
    <ele>2201.4</ele>
   </trkpt>
   <trkpt lat="43.7337860" lon="-110.5822830">
    <ele>2201.6</ele>
   </trkpt>
   <trkpt lat="43.7337670" lon="-110.5822830">
    <ele>2202.0</ele>
   </trkpt>
   <trkpt lat="43.7337440" lon="-110.5822840">
    <ele>2202.2</ele>
   </trkpt>
   <trkpt lat="43.7337210" lon="-110.5822910">
    <ele>2202.4</ele>
   </trkpt>
   <trkpt lat="43.7337020" lon="-110.5822900">
    <ele>2202.6</ele>
   </trkpt>
   <trkpt lat="43.7336800" lon="-110.5822830">
    <ele>2202.8</ele>
   </trkpt>
   <trkpt lat="43.7336600" lon="-110.5822740">
    <ele>2203.0</ele>
   </trkpt>
   <trkpt lat="43.7336410" lon="-110.5822590">
    <ele>2203.2</ele>
   </trkpt>
   <trkpt lat="43.7336180" lon="-110.5822440">
    <ele>2203.6</ele>
   </trkpt>
   <trkpt lat="43.7335960" lon="-110.5822370">
    <ele>2203.8</ele>
   </trkpt>
   <trkpt lat="43.7335800" lon="-110.5822290">
    <ele>2204.0</ele>
   </trkpt>
   <trkpt lat="43.7335570" lon="-110.5822140">
    <ele>2204.2</ele>
   </trkpt>
   <trkpt lat="43.7335340" lon="-110.5822060">
    <ele>2204.4</ele>
   </trkpt>
   <trkpt lat="43.7335150" lon="-110.5821910">
    <ele>2204.6</ele>
   </trkpt>
   <trkpt lat="43.7334930" lon="-110.5821760">
    <ele>2204.6</ele>
   </trkpt>
   <trkpt lat="43.7334740" lon="-110.5821680">
    <ele>2204.8</ele>
   </trkpt>
   <trkpt lat="43.7334540" lon="-110.5821520">
    <ele>2205.2</ele>
   </trkpt>
   <trkpt lat="43.7334360" lon="-110.5821360">
    <ele>2205.4</ele>
   </trkpt>
   <trkpt lat="43.7334200" lon="-110.5821150">
    <ele>2205.4</ele>
   </trkpt>
   <trkpt lat="43.7333970" lon="-110.5821060">
    <ele>2205.6</ele>
   </trkpt>
   <trkpt lat="43.7333740" lon="-110.5820910">
    <ele>2205.8</ele>
   </trkpt>
   <trkpt lat="43.7333480" lon="-110.5820760">
    <ele>2206.0</ele>
   </trkpt>
   <trkpt lat="43.7333280" lon="-110.5820610">
    <ele>2206.2</ele>
   </trkpt>
   <trkpt lat="43.7333050" lon="-110.5820470">
    <ele>2206.4</ele>
   </trkpt>
   <trkpt lat="43.7332820" lon="-110.5820460">
    <ele>2206.6</ele>
   </trkpt>
   <trkpt lat="43.7332600" lon="-110.5820390">
    <ele>2206.8</ele>
   </trkpt>
   <trkpt lat="43.7332370" lon="-110.5820390">
    <ele>2207.0</ele>
   </trkpt>
   <trkpt lat="43.7332180" lon="-110.5820390">
    <ele>2207.2</ele>
   </trkpt>
   <trkpt lat="43.7331990" lon="-110.5820390">
    <ele>2207.4</ele>
   </trkpt>
   <trkpt lat="43.7331800" lon="-110.5820390">
    <ele>2207.6</ele>
   </trkpt>
   <trkpt lat="43.7331610" lon="-110.5820470">
    <ele>2207.8</ele>
   </trkpt>
   <trkpt lat="43.7331460" lon="-110.5820550">
    <ele>2208.0</ele>
   </trkpt>
   <trkpt lat="43.7331300" lon="-110.5820620">
    <ele>2208.2</ele>
   </trkpt>
   <trkpt lat="43.7331070" lon="-110.5820700">
    <ele>2208.4</ele>
   </trkpt>
   <trkpt lat="43.7330840" lon="-110.5820850">
    <ele>2208.4</ele>
   </trkpt>
   <trkpt lat="43.7330660" lon="-110.5820930">
    <ele>2208.6</ele>
   </trkpt>
   <trkpt lat="43.7330500" lon="-110.5821000">
    <ele>2208.8</ele>
   </trkpt>
   <trkpt lat="43.7330310" lon="-110.5821080">
    <ele>2209.0</ele>
   </trkpt>
   <trkpt lat="43.7330120" lon="-110.5821160">
    <ele>2209.2</ele>
   </trkpt>
   <trkpt lat="43.7329920" lon="-110.5821320">
    <ele>2209.4</ele>
   </trkpt>
   <trkpt lat="43.7329700" lon="-110.5821480">
    <ele>2209.6</ele>
   </trkpt>
   <trkpt lat="43.7329510" lon="-110.5821770">
    <ele>2209.8</ele>
   </trkpt>
   <trkpt lat="43.7329360" lon="-110.5821930">
    <ele>2210.0</ele>
   </trkpt>
   <trkpt lat="43.7329250" lon="-110.5822150">
    <ele>2210.2</ele>
   </trkpt>
   <trkpt lat="43.7329130" lon="-110.5822310">
    <ele>2210.4</ele>
   </trkpt>
   <trkpt lat="43.7328980" lon="-110.5822470">
    <ele>2210.6</ele>
   </trkpt>
   <trkpt lat="43.7328820" lon="-110.5822770">
    <ele>2210.8</ele>
   </trkpt>
   <trkpt lat="43.7328630" lon="-110.5823000">
    <ele>2211.0</ele>
   </trkpt>
   <trkpt lat="43.7328400" lon="-110.5823220">
    <ele>2211.2</ele>
   </trkpt>
   <trkpt lat="43.7328210" lon="-110.5823370">
    <ele>2211.2</ele>
   </trkpt>
   <trkpt lat="43.7328020" lon="-110.5823530">
    <ele>2211.4</ele>
   </trkpt>
   <trkpt lat="43.7327830" lon="-110.5823750">
    <ele>2211.6</ele>
   </trkpt>
   <trkpt lat="43.7327560" lon="-110.5823910">
    <ele>2211.6</ele>
   </trkpt>
   <trkpt lat="43.7327290" lon="-110.5824050">
    <ele>2211.8</ele>
   </trkpt>
   <trkpt lat="43.7327030" lon="-110.5824060">
    <ele>2211.8</ele>
   </trkpt>
   <trkpt lat="43.7326800" lon="-110.5824140">
    <ele>2212.0</ele>
   </trkpt>
   <trkpt lat="43.7326600" lon="-110.5824290">
    <ele>2212.0</ele>
   </trkpt>
   <trkpt lat="43.7326300" lon="-110.5824370">
    <ele>2212.2</ele>
   </trkpt>
   <trkpt lat="43.7325950" lon="-110.5824510">
    <ele>2212.4</ele>
   </trkpt>
   <trkpt lat="43.7325690" lon="-110.5824590">
    <ele>2212.4</ele>
   </trkpt>
   <trkpt lat="43.7325500" lon="-110.5824740">
    <ele>2212.6</ele>
   </trkpt>
   <trkpt lat="43.7325230" lon="-110.5824820">
    <ele>2212.8</ele>
   </trkpt>
   <trkpt lat="43.7324930" lon="-110.5824970">
    <ele>2212.8</ele>
   </trkpt>
   <trkpt lat="43.7324750" lon="-110.5825040">
    <ele>2213.0</ele>
   </trkpt>
   <trkpt lat="43.7324620" lon="-110.5825050">
    <ele>2213.2</ele>
   </trkpt>
   <trkpt lat="43.7324390" lon="-110.5825200">
    <ele>2213.6</ele>
   </trkpt>
   <trkpt lat="43.7324170" lon="-110.5825200">
    <ele>2213.8</ele>
   </trkpt>
   <trkpt lat="43.7323980" lon="-110.5825280">
    <ele>2213.8</ele>
   </trkpt>
   <trkpt lat="43.7323790" lon="-110.5825350">
    <ele>2214.2</ele>
   </trkpt>
   <trkpt lat="43.7323670" lon="-110.5825350">
    <ele>2214.2</ele>
   </trkpt>
   <trkpt lat="43.7323520" lon="-110.5825430">
    <ele>2214.4</ele>
   </trkpt>
   <trkpt lat="43.7323370" lon="-110.5825510">
    <ele>2214.6</ele>
   </trkpt>
   <trkpt lat="43.7323180" lon="-110.5825580">
    <ele>2215.0</ele>
   </trkpt>
   <trkpt lat="43.7323020" lon="-110.5825660">
    <ele>2215.0</ele>
   </trkpt>
   <trkpt lat="43.7322830" lon="-110.5825740">
    <ele>2215.2</ele>
   </trkpt>
   <trkpt lat="43.7322680" lon="-110.5825810">
    <ele>2215.4</ele>
   </trkpt>
   <trkpt lat="43.7322490" lon="-110.5825890">
    <ele>2215.6</ele>
   </trkpt>
   <trkpt lat="43.7322300" lon="-110.5826050">
    <ele>2215.8</ele>
   </trkpt>
   <trkpt lat="43.7322190" lon="-110.5826190">
    <ele>2216.0</ele>
   </trkpt>
   <trkpt lat="43.7322040" lon="-110.5826270">
    <ele>2216.0</ele>
   </trkpt>
   <trkpt lat="43.7321920" lon="-110.5826430">
    <ele>2216.2</ele>
   </trkpt>
   <trkpt lat="43.7321800" lon="-110.5826660">
    <ele>2216.4</ele>
   </trkpt>
   <trkpt lat="43.7321610" lon="-110.5826900">
    <ele>2216.4</ele>
   </trkpt>
   <trkpt lat="43.7321430" lon="-110.5827190">
    <ele>2216.4</ele>
   </trkpt>
   <trkpt lat="43.7321310" lon="-110.5827420">
    <ele>2216.6</ele>
   </trkpt>
   <trkpt lat="43.7321190" lon="-110.5827570">
    <ele>2216.6</ele>
   </trkpt>
   <trkpt lat="43.7321000" lon="-110.5827810">
    <ele>2216.8</ele>
   </trkpt>
   <trkpt lat="43.7320810" lon="-110.5828030">
    <ele>2216.8</ele>
   </trkpt>
   <trkpt lat="43.7320660" lon="-110.5828260">
    <ele>2217.0</ele>
   </trkpt>
   <trkpt lat="43.7320460" lon="-110.5828500">
    <ele>2217.0</ele>
   </trkpt>
   <trkpt lat="43.7320230" lon="-110.5828800">
    <ele>2217.0</ele>
   </trkpt>
   <trkpt lat="43.7319970" lon="-110.5829030">
    <ele>2217.2</ele>
   </trkpt>
   <trkpt lat="43.7319740" lon="-110.5829340">
    <ele>2217.4</ele>
   </trkpt>
   <trkpt lat="43.7319510" lon="-110.5829640">
    <ele>2217.4</ele>
   </trkpt>
   <trkpt lat="43.7319280" lon="-110.5829940">
    <ele>2217.6</ele>
   </trkpt>
   <trkpt lat="43.7319050" lon="-110.5830250">
    <ele>2217.6</ele>
   </trkpt>
   <trkpt lat="43.7318830" lon="-110.5830560">
    <ele>2217.8</ele>
   </trkpt>
   <trkpt lat="43.7318640" lon="-110.5830930">
    <ele>2218.0</ele>
   </trkpt>
   <trkpt lat="43.7318530" lon="-110.5831160">
    <ele>2218.0</ele>
   </trkpt>
   <trkpt lat="43.7318410" lon="-110.5831390">
    <ele>2218.2</ele>
   </trkpt>
   <trkpt lat="43.7318300" lon="-110.5831770">
    <ele>2218.2</ele>
   </trkpt>
   <trkpt lat="43.7318220" lon="-110.5832080">
    <ele>2218.4</ele>
   </trkpt>
   <trkpt lat="43.7318150" lon="-110.5832390">
    <ele>2218.4</ele>
   </trkpt>
   <trkpt lat="43.7318070" lon="-110.5832690">
    <ele>2218.4</ele>
   </trkpt>
   <trkpt lat="43.7317950" lon="-110.5833010">
    <ele>2218.6</ele>
   </trkpt>
   <trkpt lat="43.7317720" lon="-110.5833540">
    <ele>2218.6</ele>
   </trkpt>
   <trkpt lat="43.7317570" lon="-110.5833910">
    <ele>2218.6</ele>
   </trkpt>
   <trkpt lat="43.7317460" lon="-110.5834220">
    <ele>2218.8</ele>
   </trkpt>
   <trkpt lat="43.7317390" lon="-110.5834610">
    <ele>2218.8</ele>
   </trkpt>
   <trkpt lat="43.7317310" lon="-110.5834980">
    <ele>2219.0</ele>
   </trkpt>
   <trkpt lat="43.7317240" lon="-110.5835370">
    <ele>2219.2</ele>
   </trkpt>
   <trkpt lat="43.7317200" lon="-110.5835740">
    <ele>2219.2</ele>
   </trkpt>
   <trkpt lat="43.7317160" lon="-110.5836050">
    <ele>2219.4</ele>
   </trkpt>
   <trkpt lat="43.7317120" lon="-110.5836350">
    <ele>2219.8</ele>
   </trkpt>
   <trkpt lat="43.7317040" lon="-110.5836580">
    <ele>2220.0</ele>
   </trkpt>
   <trkpt lat="43.7316930" lon="-110.5836890">
    <ele>2220.2</ele>
   </trkpt>
   <trkpt lat="43.7316850" lon="-110.5837260">
    <ele>2220.6</ele>
   </trkpt>
   <trkpt lat="43.7316810" lon="-110.5837500">
    <ele>2220.8</ele>
   </trkpt>
   <trkpt lat="43.7316730" lon="-110.5837800">
    <ele>2221.2</ele>
   </trkpt>
   <trkpt lat="43.7316540" lon="-110.5838110">
    <ele>2221.4</ele>
   </trkpt>
   <trkpt lat="43.7316390" lon="-110.5838480">
    <ele>2221.8</ele>
   </trkpt>
   <trkpt lat="43.7316320" lon="-110.5838720">
    <ele>2222.0</ele>
   </trkpt>
   <trkpt lat="43.7316240" lon="-110.5839020">
    <ele>2222.2</ele>
   </trkpt>
   <trkpt lat="43.7316200" lon="-110.5839250">
    <ele>2222.4</ele>
   </trkpt>
   <trkpt lat="43.7316130" lon="-110.5839560">
    <ele>2222.6</ele>
   </trkpt>
   <trkpt lat="43.7316010" lon="-110.5839860">
    <ele>2222.8</ele>
   </trkpt>
   <trkpt lat="43.7315980" lon="-110.5840170">
    <ele>2223.0</ele>
   </trkpt>
   <trkpt lat="43.7315940" lon="-110.5840470">
    <ele>2223.0</ele>
   </trkpt>
   <trkpt lat="43.7315980" lon="-110.5840700">
    <ele>2223.2</ele>
   </trkpt>
   <trkpt lat="43.7316020" lon="-110.5841000">
    <ele>2223.4</ele>
   </trkpt>
   <trkpt lat="43.7316060" lon="-110.5841310">
    <ele>2223.6</ele>
   </trkpt>
   <trkpt lat="43.7316180" lon="-110.5841620">
    <ele>2223.8</ele>
   </trkpt>
   <trkpt lat="43.7316290" lon="-110.5841920">
    <ele>2223.8</ele>
   </trkpt>
   <trkpt lat="43.7316360" lon="-110.5842220">
    <ele>2224.0</ele>
   </trkpt>
   <trkpt lat="43.7316410" lon="-110.5842530">
    <ele>2224.2</ele>
   </trkpt>
   <trkpt lat="43.7316520" lon="-110.5842760">
    <ele>2224.4</ele>
   </trkpt>
   <trkpt lat="43.7316630" lon="-110.5842980">
    <ele>2224.6</ele>
   </trkpt>
   <trkpt lat="43.7316750" lon="-110.5843220">
    <ele>2224.6</ele>
   </trkpt>
   <trkpt lat="43.7316820" lon="-110.5843590">
    <ele>2224.8</ele>
   </trkpt>
   <trkpt lat="43.7316940" lon="-110.5843830">
    <ele>2225.0</ele>
   </trkpt>
   <trkpt lat="43.7317010" lon="-110.5844130">
    <ele>2225.2</ele>
   </trkpt>
   <trkpt lat="43.7317090" lon="-110.5844360">
    <ele>2225.2</ele>
   </trkpt>
   <trkpt lat="43.7317170" lon="-110.5844590">
    <ele>2225.4</ele>
   </trkpt>
   <trkpt lat="43.7317240" lon="-110.5844900">
    <ele>2225.6</ele>
   </trkpt>
   <trkpt lat="43.7317350" lon="-110.5845200">
    <ele>2225.8</ele>
   </trkpt>
   <trkpt lat="43.7317400" lon="-110.5845430">
    <ele>2225.8</ele>
   </trkpt>
   <trkpt lat="43.7317510" lon="-110.5845650">
    <ele>2226.0</ele>
   </trkpt>
   <trkpt lat="43.7317590" lon="-110.5845890">
    <ele>2226.2</ele>
   </trkpt>
   <trkpt lat="43.7317700" lon="-110.5846190">
    <ele>2226.4</ele>
   </trkpt>
   <trkpt lat="43.7317780" lon="-110.5846420">
    <ele>2226.6</ele>
   </trkpt>
   <trkpt lat="43.7317890" lon="-110.5846730">
    <ele>2226.6</ele>
   </trkpt>
   <trkpt lat="43.7317970" lon="-110.5847030">
    <ele>2226.8</ele>
   </trkpt>
   <trkpt lat="43.7318080" lon="-110.5847330">
    <ele>2226.8</ele>
   </trkpt>
   <trkpt lat="43.7318200" lon="-110.5847570">
    <ele>2227.0</ele>
   </trkpt>
   <trkpt lat="43.7318270" lon="-110.5847950">
    <ele>2227.0</ele>
   </trkpt>
   <trkpt lat="43.7318380" lon="-110.5848260">
    <ele>2227.2</ele>
   </trkpt>
   <trkpt lat="43.7318420" lon="-110.5848630">
    <ele>2227.2</ele>
   </trkpt>
   <trkpt lat="43.7318380" lon="-110.5848850">
    <ele>2227.4</ele>
   </trkpt>
   <trkpt lat="43.7318380" lon="-110.5848930">
    <ele>2227.4</ele>
   </trkpt>
   <trkpt lat="43.7318260" lon="-110.5849080">
    <ele>2227.6</ele>
   </trkpt>
   <trkpt lat="43.7318060" lon="-110.5849240">
    <ele>2227.6</ele>
   </trkpt>
   <trkpt lat="43.7317840" lon="-110.5849390">
    <ele>2227.8</ele>
   </trkpt>
   <trkpt lat="43.7317650" lon="-110.5849620">
    <ele>2228.0</ele>
   </trkpt>
   <trkpt lat="43.7317500" lon="-110.5849770">
    <ele>2228.2</ele>
   </trkpt>
   <trkpt lat="43.7317380" lon="-110.5849930">
    <ele>2228.4</ele>
   </trkpt>
   <trkpt lat="43.7317150" lon="-110.5850230">
    <ele>2228.8</ele>
   </trkpt>
   <trkpt lat="43.7316960" lon="-110.5850390">
    <ele>2229.0</ele>
   </trkpt>
   <trkpt lat="43.7316690" lon="-110.5850690">
    <ele>2229.4</ele>
   </trkpt>
   <trkpt lat="43.7316500" lon="-110.5850840">
    <ele>2229.6</ele>
   </trkpt>
   <trkpt lat="43.7316350" lon="-110.5850990">
    <ele>2230.0</ele>
   </trkpt>
   <trkpt lat="43.7316160" lon="-110.5851140">
    <ele>2230.2</ele>
   </trkpt>
   <trkpt lat="43.7316010" lon="-110.5851300">
    <ele>2230.4</ele>
   </trkpt>
   <trkpt lat="43.7315820" lon="-110.5851530">
    <ele>2230.6</ele>
   </trkpt>
   <trkpt lat="43.7315670" lon="-110.5851680">
    <ele>2230.8</ele>
   </trkpt>
   <trkpt lat="43.7315510" lon="-110.5851910">
    <ele>2231.2</ele>
   </trkpt>
   <trkpt lat="43.7315400" lon="-110.5852130">
    <ele>2231.4</ele>
   </trkpt>
   <trkpt lat="43.7315280" lon="-110.5852210">
    <ele>2231.6</ele>
   </trkpt>
   <trkpt lat="43.7315130" lon="-110.5852370">
    <ele>2231.8</ele>
   </trkpt>
   <trkpt lat="43.7314980" lon="-110.5852590">
    <ele>2232.0</ele>
   </trkpt>
   <trkpt lat="43.7314830" lon="-110.5852750">
    <ele>2232.2</ele>
   </trkpt>
   <trkpt lat="43.7314670" lon="-110.5853060">
    <ele>2232.4</ele>
   </trkpt>
   <trkpt lat="43.7314520" lon="-110.5853360">
    <ele>2232.6</ele>
   </trkpt>
   <trkpt lat="43.7314400" lon="-110.5853510">
    <ele>2232.8</ele>
   </trkpt>
   <trkpt lat="43.7314250" lon="-110.5853650">
    <ele>2233.0</ele>
   </trkpt>
   <trkpt lat="43.7314100" lon="-110.5853660">
    <ele>2233.2</ele>
   </trkpt>
   <trkpt lat="43.7313990" lon="-110.5853740">
    <ele>2233.6</ele>
   </trkpt>
   <trkpt lat="43.7313910" lon="-110.5853900">
    <ele>2233.8</ele>
   </trkpt>
   <trkpt lat="43.7313750" lon="-110.5854120">
    <ele>2234.0</ele>
   </trkpt>
   <trkpt lat="43.7313530" lon="-110.5854350">
    <ele>2234.2</ele>
   </trkpt>
   <trkpt lat="43.7313340" lon="-110.5854500">
    <ele>2234.4</ele>
   </trkpt>
   <trkpt lat="43.7313110" lon="-110.5854650">
    <ele>2234.6</ele>
   </trkpt>
   <trkpt lat="43.7313000" lon="-110.5854650">
    <ele>2234.8</ele>
   </trkpt>
   <trkpt lat="43.7312890" lon="-110.5854730">
    <ele>2235.0</ele>
   </trkpt>
   <trkpt lat="43.7312840" lon="-110.5854880">
    <ele>2235.2</ele>
   </trkpt>
   <trkpt lat="43.7312690" lon="-110.5855030">
    <ele>2235.4</ele>
   </trkpt>
   <trkpt lat="43.7312460" lon="-110.5855180">
    <ele>2235.6</ele>
   </trkpt>
   <trkpt lat="43.7312270" lon="-110.5855180">
    <ele>2235.8</ele>
   </trkpt>
   <trkpt lat="43.7312080" lon="-110.5855260">
    <ele>2236.0</ele>
   </trkpt>
   <trkpt lat="43.7311920" lon="-110.5855340">
    <ele>2236.2</ele>
   </trkpt>
   <trkpt lat="43.7311740" lon="-110.5855410">
    <ele>2236.4</ele>
   </trkpt>
   <trkpt lat="43.7311550" lon="-110.5855410">
    <ele>2236.6</ele>
   </trkpt>
   <trkpt lat="43.7311400" lon="-110.5855480">
    <ele>2236.8</ele>
   </trkpt>
   <trkpt lat="43.7311170" lon="-110.5855490">
    <ele>2236.8</ele>
   </trkpt>
   <trkpt lat="43.7310970" lon="-110.5855560">
    <ele>2237.0</ele>
   </trkpt>
   <trkpt lat="43.7310710" lon="-110.5855640">
    <ele>2237.2</ele>
   </trkpt>
   <trkpt lat="43.7310480" lon="-110.5855710">
    <ele>2237.4</ele>
   </trkpt>
   <trkpt lat="43.7310290" lon="-110.5855790">
    <ele>2237.4</ele>
   </trkpt>
   <trkpt lat="43.7310140" lon="-110.5855870">
    <ele>2237.6</ele>
   </trkpt>
   <trkpt lat="43.7309950" lon="-110.5856020">
    <ele>2237.8</ele>
   </trkpt>
   <trkpt lat="43.7309800" lon="-110.5856170">
    <ele>2238.0</ele>
   </trkpt>
   <trkpt lat="43.7309640" lon="-110.5856410">
    <ele>2238.0</ele>
   </trkpt>
   <trkpt lat="43.7309490" lon="-110.5856650">
    <ele>2238.2</ele>
   </trkpt>
   <trkpt lat="43.7309370" lon="-110.5856880">
    <ele>2238.4</ele>
   </trkpt>
   <trkpt lat="43.7309260" lon="-110.5857180">
    <ele>2238.4</ele>
   </trkpt>
   <trkpt lat="43.7309190" lon="-110.5857470">
    <ele>2238.6</ele>
   </trkpt>
   <trkpt lat="43.7309230" lon="-110.5857630">
    <ele>2238.8</ele>
   </trkpt>
   <trkpt lat="43.7309310" lon="-110.5857860">
    <ele>2238.8</ele>
   </trkpt>
   <trkpt lat="43.7309400" lon="-110.5858050">
    <ele>2239.0</ele>
   </trkpt>
   <trkpt lat="43.7309500" lon="-110.5858250">
    <ele>2239.2</ele>
   </trkpt>
   <trkpt lat="43.7309530" lon="-110.5858520">
    <ele>2239.4</ele>
   </trkpt>
   <trkpt lat="43.7309570" lon="-110.5858780">
    <ele>2239.6</ele>
   </trkpt>
   <trkpt lat="43.7309510" lon="-110.5859050">
    <ele>2239.8</ele>
   </trkpt>
   <trkpt lat="43.7309450" lon="-110.5859320">
    <ele>2240.0</ele>
   </trkpt>
   <trkpt lat="43.7309330" lon="-110.5859660">
    <ele>2240.2</ele>
   </trkpt>
   <trkpt lat="43.7309220" lon="-110.5860000">
    <ele>2240.4</ele>
   </trkpt>
   <trkpt lat="43.7309060" lon="-110.5860310">
    <ele>2240.6</ele>
   </trkpt>
   <trkpt lat="43.7308870" lon="-110.5860610">
    <ele>2240.8</ele>
   </trkpt>
   <trkpt lat="43.7308680" lon="-110.5860840">
    <ele>2241.0</ele>
   </trkpt>
   <trkpt lat="43.7308530" lon="-110.5861070">
    <ele>2241.2</ele>
   </trkpt>
   <trkpt lat="43.7308420" lon="-110.5861370">
    <ele>2241.4</ele>
   </trkpt>
   <trkpt lat="43.7308270" lon="-110.5861520">
    <ele>2241.6</ele>
   </trkpt>
   <trkpt lat="43.7308150" lon="-110.5861670">
    <ele>2241.8</ele>
   </trkpt>
   <trkpt lat="43.7308000" lon="-110.5861830">
    <ele>2242.0</ele>
   </trkpt>
   <trkpt lat="43.7307810" lon="-110.5862060">
    <ele>2242.2</ele>
   </trkpt>
   <trkpt lat="43.7307660" lon="-110.5862200">
    <ele>2242.4</ele>
   </trkpt>
   <trkpt lat="43.7307500" lon="-110.5862360">
    <ele>2242.6</ele>
   </trkpt>
   <trkpt lat="43.7307310" lon="-110.5862580">
    <ele>2242.8</ele>
   </trkpt>
   <trkpt lat="43.7307160" lon="-110.5862660">
    <ele>2243.0</ele>
   </trkpt>
   <trkpt lat="43.7307010" lon="-110.5862730">
    <ele>2243.2</ele>
   </trkpt>
   <trkpt lat="43.7306820" lon="-110.5862730">
    <ele>2243.4</ele>
   </trkpt>
   <trkpt lat="43.7306660" lon="-110.5862730">
    <ele>2243.6</ele>
   </trkpt>
   <trkpt lat="43.7306470" lon="-110.5862730">
    <ele>2244.0</ele>
   </trkpt>
   <trkpt lat="43.7306320" lon="-110.5862650">
    <ele>2244.2</ele>
   </trkpt>
   <trkpt lat="43.7306170" lon="-110.5862500">
    <ele>2244.4</ele>
   </trkpt>
   <trkpt lat="43.7306060" lon="-110.5862420">
    <ele>2244.6</ele>
   </trkpt>
   <trkpt lat="43.7305940" lon="-110.5862270">
    <ele>2244.8</ele>
   </trkpt>
   <trkpt lat="43.7305830" lon="-110.5862120">
    <ele>2245.0</ele>
   </trkpt>
   <trkpt lat="43.7305710" lon="-110.5861960">
    <ele>2245.2</ele>
   </trkpt>
   <trkpt lat="43.7305640" lon="-110.5861730">
    <ele>2245.4</ele>
   </trkpt>
   <trkpt lat="43.7305600" lon="-110.5861580">
    <ele>2245.6</ele>
   </trkpt>
   <trkpt lat="43.7305560" lon="-110.5861350">
    <ele>2245.8</ele>
   </trkpt>
   <trkpt lat="43.7305490" lon="-110.5861120">
    <ele>2246.0</ele>
   </trkpt>
   <trkpt lat="43.7305450" lon="-110.5860890">
    <ele>2246.2</ele>
   </trkpt>
   <trkpt lat="43.7305370" lon="-110.5860740">
    <ele>2246.6</ele>
   </trkpt>
   <trkpt lat="43.7305300" lon="-110.5860590">
    <ele>2246.8</ele>
   </trkpt>
   <trkpt lat="43.7305260" lon="-110.5860360">
    <ele>2247.0</ele>
   </trkpt>
   <trkpt lat="43.7305180" lon="-110.5860200">
    <ele>2247.2</ele>
   </trkpt>
   <trkpt lat="43.7305140" lon="-110.5859980">
    <ele>2247.4</ele>
   </trkpt>
   <trkpt lat="43.7305070" lon="-110.5859820">
    <ele>2247.6</ele>
   </trkpt>
   <trkpt lat="43.7305030" lon="-110.5859600">
    <ele>2247.8</ele>
   </trkpt>
   <trkpt lat="43.7304910" lon="-110.5859440">
    <ele>2248.0</ele>
   </trkpt>
   <trkpt lat="43.7304800" lon="-110.5859220">
    <ele>2248.2</ele>
   </trkpt>
   <trkpt lat="43.7304720" lon="-110.5859060">
    <ele>2248.4</ele>
   </trkpt>
   <trkpt lat="43.7304570" lon="-110.5858830">
    <ele>2248.6</ele>
   </trkpt>
   <trkpt lat="43.7304450" lon="-110.5858610">
    <ele>2248.8</ele>
   </trkpt>
   <trkpt lat="43.7304340" lon="-110.5858450">
    <ele>2249.0</ele>
   </trkpt>
   <trkpt lat="43.7304260" lon="-110.5858300">
    <ele>2249.2</ele>
   </trkpt>
   <trkpt lat="43.7304150" lon="-110.5858150">
    <ele>2249.4</ele>
   </trkpt>
   <trkpt lat="43.7304040" lon="-110.5858000">
    <ele>2249.6</ele>
   </trkpt>
   <trkpt lat="43.7303960" lon="-110.5857840">
    <ele>2249.8</ele>
   </trkpt>
   <trkpt lat="43.7303840" lon="-110.5857610">
    <ele>2250.0</ele>
   </trkpt>
   <trkpt lat="43.7303770" lon="-110.5857380">
    <ele>2250.2</ele>
   </trkpt>
   <trkpt lat="43.7303690" lon="-110.5857160">
    <ele>2250.4</ele>
   </trkpt>
   <trkpt lat="43.7303650" lon="-110.5856930">
    <ele>2250.6</ele>
   </trkpt>
   <trkpt lat="43.7303580" lon="-110.5856780">
    <ele>2250.6</ele>
   </trkpt>
   <trkpt lat="43.7303540" lon="-110.5856620">
    <ele>2250.8</ele>
   </trkpt>
   <trkpt lat="43.7303540" lon="-110.5856390">
    <ele>2251.0</ele>
   </trkpt>
   <trkpt lat="43.7303540" lon="-110.5856240">
    <ele>2251.2</ele>
   </trkpt>
   <trkpt lat="43.7303500" lon="-110.5856010">
    <ele>2251.2</ele>
   </trkpt>
   <trkpt lat="43.7303470" lon="-110.5855710">
    <ele>2251.4</ele>
   </trkpt>
   <trkpt lat="43.7303430" lon="-110.5855480">
    <ele>2251.6</ele>
   </trkpt>
   <trkpt lat="43.7303350" lon="-110.5855330">
    <ele>2251.6</ele>
   </trkpt>
   <trkpt lat="43.7303240" lon="-110.5855100">
    <ele>2251.8</ele>
   </trkpt>
   <trkpt lat="43.7303160" lon="-110.5854790">
    <ele>2251.8</ele>
   </trkpt>
   <trkpt lat="43.7303090" lon="-110.5854550">
    <ele>2252.0</ele>
   </trkpt>
   <trkpt lat="43.7303080" lon="-110.5854260">
    <ele>2252.2</ele>
   </trkpt>
   <trkpt lat="43.7303010" lon="-110.5854030">
    <ele>2252.2</ele>
   </trkpt>
   <trkpt lat="43.7302930" lon="-110.5853730">
    <ele>2252.4</ele>
   </trkpt>
   <trkpt lat="43.7302860" lon="-110.5853500">
    <ele>2252.4</ele>
   </trkpt>
   <trkpt lat="43.7302740" lon="-110.5853190">
    <ele>2252.6</ele>
   </trkpt>
   <trkpt lat="43.7302660" lon="-110.5852960">
    <ele>2252.8</ele>
   </trkpt>
   <trkpt lat="43.7302590" lon="-110.5852660">
    <ele>2253.0</ele>
   </trkpt>
   <trkpt lat="43.7302510" lon="-110.5852430">
    <ele>2253.0</ele>
   </trkpt>
   <trkpt lat="43.7302360" lon="-110.5852200">
    <ele>2253.2</ele>
   </trkpt>
   <trkpt lat="43.7302280" lon="-110.5851900">
    <ele>2253.4</ele>
   </trkpt>
   <trkpt lat="43.7302130" lon="-110.5851670">
    <ele>2253.6</ele>
   </trkpt>
   <trkpt lat="43.7301980" lon="-110.5851510">
    <ele>2253.8</ele>
   </trkpt>
   <trkpt lat="43.7301860" lon="-110.5851210">
    <ele>2253.8</ele>
   </trkpt>
   <trkpt lat="43.7301750" lon="-110.5850980">
    <ele>2254.0</ele>
   </trkpt>
   <trkpt lat="43.7301560" lon="-110.5850670">
    <ele>2254.2</ele>
   </trkpt>
   <trkpt lat="43.7301480" lon="-110.5850360">
    <ele>2254.2</ele>
   </trkpt>
   <trkpt lat="43.7301370" lon="-110.5850070">
    <ele>2254.4</ele>
   </trkpt>
   <trkpt lat="43.7301140" lon="-110.5849910">
    <ele>2254.6</ele>
   </trkpt>
   <trkpt lat="43.7300910" lon="-110.5849670">
    <ele>2254.8</ele>
   </trkpt>
   <trkpt lat="43.7300790" lon="-110.5849370">
    <ele>2255.0</ele>
   </trkpt>
   <trkpt lat="43.7300640" lon="-110.5849150">
    <ele>2255.2</ele>
   </trkpt>
   <trkpt lat="43.7300560" lon="-110.5848900">
    <ele>2255.4</ele>
   </trkpt>
   <trkpt lat="43.7300410" lon="-110.5848590">
    <ele>2255.4</ele>
   </trkpt>
   <trkpt lat="43.7300290" lon="-110.5848220">
    <ele>2255.6</ele>
   </trkpt>
   <trkpt lat="43.7300140" lon="-110.5847990">
    <ele>2255.6</ele>
   </trkpt>
   <trkpt lat="43.7299990" lon="-110.5847760">
    <ele>2255.8</ele>
   </trkpt>
   <trkpt lat="43.7299830" lon="-110.5847530">
    <ele>2255.8</ele>
   </trkpt>
   <trkpt lat="43.7299640" lon="-110.5847230">
    <ele>2256.0</ele>
   </trkpt>
   <trkpt lat="43.7299490" lon="-110.5847000">
    <ele>2256.0</ele>
   </trkpt>
   <trkpt lat="43.7299300" lon="-110.5846770">
    <ele>2256.2</ele>
   </trkpt>
   <trkpt lat="43.7299190" lon="-110.5846540">
    <ele>2256.2</ele>
   </trkpt>
   <trkpt lat="43.7299030" lon="-110.5846240">
    <ele>2256.2</ele>
   </trkpt>
   <trkpt lat="43.7298830" lon="-110.5846000">
    <ele>2256.4</ele>
   </trkpt>
   <trkpt lat="43.7298570" lon="-110.5845690">
    <ele>2256.2</ele>
   </trkpt>
   <trkpt lat="43.7298340" lon="-110.5845320">
    <ele>2256.2</ele>
   </trkpt>
   <trkpt lat="43.7298110" lon="-110.5845020">
    <ele>2256.2</ele>
   </trkpt>
   <trkpt lat="43.7297760" lon="-110.5844710">
    <ele>2256.0</ele>
   </trkpt>
   <trkpt lat="43.7297370" lon="-110.5844400">
    <ele>2256.0</ele>
   </trkpt>
   <trkpt lat="43.7296920" lon="-110.5844020">
    <ele>2256.0</ele>
   </trkpt>
   <trkpt lat="43.7296540" lon="-110.5843710">
    <ele>2255.8</ele>
   </trkpt>
   <trkpt lat="43.7296200" lon="-110.5843330">
    <ele>2256.0</ele>
   </trkpt>
   <trkpt lat="43.7295850" lon="-110.5842940">
    <ele>2256.0</ele>
   </trkpt>
   <trkpt lat="43.7295510" lon="-110.5842500">
    <ele>2256.2</ele>
   </trkpt>
   <trkpt lat="43.7295170" lon="-110.5842190">
    <ele>2256.4</ele>
   </trkpt>
   <trkpt lat="43.7294910" lon="-110.5841890">
    <ele>2256.8</ele>
   </trkpt>
   <trkpt lat="43.7294720" lon="-110.5841660">
    <ele>2257.0</ele>
   </trkpt>
   <trkpt lat="43.7294530" lon="-110.5841430">
    <ele>2257.4</ele>
   </trkpt>
   <trkpt lat="43.7294340" lon="-110.5841210">
    <ele>2257.6</ele>
   </trkpt>
   <trkpt lat="43.7294140" lon="-110.5841050">
    <ele>2257.8</ele>
   </trkpt>
   <trkpt lat="43.7293910" lon="-110.5840910">
    <ele>2258.2</ele>
   </trkpt>
   <trkpt lat="43.7293690" lon="-110.5840830">
    <ele>2258.4</ele>
   </trkpt>
   <trkpt lat="43.7293500" lon="-110.5840670">
    <ele>2258.6</ele>
   </trkpt>
   <trkpt lat="43.7293310" lon="-110.5840530">
    <ele>2258.8</ele>
   </trkpt>
   <trkpt lat="43.7293160" lon="-110.5840440">
    <ele>2259.0</ele>
   </trkpt>
   <trkpt lat="43.7293010" lon="-110.5840300">
    <ele>2259.2</ele>
   </trkpt>
   <trkpt lat="43.7292850" lon="-110.5840220">
    <ele>2259.4</ele>
   </trkpt>
   <trkpt lat="43.7292700" lon="-110.5840060">
    <ele>2259.6</ele>
   </trkpt>
   <trkpt lat="43.7292510" lon="-110.5839910">
    <ele>2259.8</ele>
   </trkpt>
   <trkpt lat="43.7292280" lon="-110.5839760">
    <ele>2260.0</ele>
   </trkpt>
   <trkpt lat="43.7292090" lon="-110.5839600">
    <ele>2260.0</ele>
   </trkpt>
   <trkpt lat="43.7291930" lon="-110.5839380">
    <ele>2260.2</ele>
   </trkpt>
   <trkpt lat="43.7291750" lon="-110.5839220">
    <ele>2260.4</ele>
   </trkpt>
   <trkpt lat="43.7291590" lon="-110.5838990">
    <ele>2260.6</ele>
   </trkpt>
   <trkpt lat="43.7291440" lon="-110.5838760">
    <ele>2260.6</ele>
   </trkpt>
   <trkpt lat="43.7291290" lon="-110.5838530">
    <ele>2260.8</ele>
   </trkpt>
   <trkpt lat="43.7291180" lon="-110.5838300">
    <ele>2261.0</ele>
   </trkpt>
   <trkpt lat="43.7291060" lon="-110.5838080">
    <ele>2261.2</ele>
   </trkpt>
   <trkpt lat="43.7290950" lon="-110.5837850">
    <ele>2261.4</ele>
   </trkpt>
   <trkpt lat="43.7290840" lon="-110.5837620">
    <ele>2261.6</ele>
   </trkpt>
   <trkpt lat="43.7290760" lon="-110.5837380">
    <ele>2261.6</ele>
   </trkpt>
   <trkpt lat="43.7290650" lon="-110.5837080">
    <ele>2261.8</ele>
   </trkpt>
   <trkpt lat="43.7290570" lon="-110.5836860">
    <ele>2262.0</ele>
   </trkpt>
   <trkpt lat="43.7290530" lon="-110.5836700">
    <ele>2262.2</ele>
   </trkpt>
   <trkpt lat="43.7290460" lon="-110.5836470">
    <ele>2262.4</ele>
   </trkpt>
   <trkpt lat="43.7290420" lon="-110.5836160">
    <ele>2262.4</ele>
   </trkpt>
   <trkpt lat="43.7290340" lon="-110.5835860">
    <ele>2262.6</ele>
   </trkpt>
   <trkpt lat="43.7290220" lon="-110.5835630">
    <ele>2262.8</ele>
   </trkpt>
   <trkpt lat="43.7290150" lon="-110.5835330">
    <ele>2263.0</ele>
   </trkpt>
   <trkpt lat="43.7290070" lon="-110.5835100">
    <ele>2263.0</ele>
   </trkpt>
   <trkpt lat="43.7290000" lon="-110.5834790">
    <ele>2263.2</ele>
   </trkpt>
   <trkpt lat="43.7289920" lon="-110.5834570">
    <ele>2263.4</ele>
   </trkpt>
   <trkpt lat="43.7289840" lon="-110.5834340">
    <ele>2263.6</ele>
   </trkpt>
   <trkpt lat="43.7289760" lon="-110.5834110">
    <ele>2263.8</ele>
   </trkpt>
   <trkpt lat="43.7289610" lon="-110.5833880">
    <ele>2264.0</ele>
   </trkpt>
   <trkpt lat="43.7289540" lon="-110.5833650">
    <ele>2264.2</ele>
   </trkpt>
   <trkpt lat="43.7289460" lon="-110.5833430">
    <ele>2264.4</ele>
   </trkpt>
   <trkpt lat="43.7289340" lon="-110.5833270">
    <ele>2264.6</ele>
   </trkpt>
   <trkpt lat="43.7289150" lon="-110.5833030">
    <ele>2264.8</ele>
   </trkpt>
   <trkpt lat="43.7289000" lon="-110.5832730">
    <ele>2265.0</ele>
   </trkpt>
   <trkpt lat="43.7288890" lon="-110.5832420">
    <ele>2265.2</ele>
   </trkpt>
   <trkpt lat="43.7288770" lon="-110.5832120">
    <ele>2265.4</ele>
   </trkpt>
   <trkpt lat="43.7288670" lon="-110.5831890">
    <ele>2265.6</ele>
   </trkpt>
   <trkpt lat="43.7288660" lon="-110.5831590">
    <ele>2265.8</ele>
   </trkpt>
   <trkpt lat="43.7288620" lon="-110.5831440">
    <ele>2266.0</ele>
   </trkpt>
   <trkpt lat="43.7288550" lon="-110.5831210">
    <ele>2266.2</ele>
   </trkpt>
   <trkpt lat="43.7288470" lon="-110.5830970">
    <ele>2266.4</ele>
   </trkpt>
   <trkpt lat="43.7288430" lon="-110.5830670">
    <ele>2266.6</ele>
   </trkpt>
   <trkpt lat="43.7288400" lon="-110.5830370">
    <ele>2266.8</ele>
   </trkpt>
   <trkpt lat="43.7288360" lon="-110.5830140">
    <ele>2267.0</ele>
   </trkpt>
   <trkpt lat="43.7288270" lon="-110.5829910">
    <ele>2267.2</ele>
   </trkpt>
   <trkpt lat="43.7288120" lon="-110.5829680">
    <ele>2267.4</ele>
   </trkpt>
   <trkpt lat="43.7288010" lon="-110.5829450">
    <ele>2267.6</ele>
   </trkpt>
   <trkpt lat="43.7287940" lon="-110.5829220">
    <ele>2267.8</ele>
   </trkpt>
   <trkpt lat="43.7287900" lon="-110.5829000">
    <ele>2268.0</ele>
   </trkpt>
   <trkpt lat="43.7287900" lon="-110.5828770">
    <ele>2268.2</ele>
   </trkpt>
   <trkpt lat="43.7287860" lon="-110.5828540">
    <ele>2268.4</ele>
   </trkpt>
   <trkpt lat="43.7287820" lon="-110.5828310">
    <ele>2268.6</ele>
   </trkpt>
   <trkpt lat="43.7287750" lon="-110.5828080">
    <ele>2268.8</ele>
   </trkpt>
   <trkpt lat="43.7287750" lon="-110.5827850">
    <ele>2268.8</ele>
   </trkpt>
   <trkpt lat="43.7287670" lon="-110.5827620">
    <ele>2269.0</ele>
   </trkpt>
   <trkpt lat="43.7287590" lon="-110.5827320">
    <ele>2269.2</ele>
   </trkpt>
   <trkpt lat="43.7287480" lon="-110.5827080">
    <ele>2269.4</ele>
   </trkpt>
   <trkpt lat="43.7287440" lon="-110.5826780">
    <ele>2269.4</ele>
   </trkpt>
   <trkpt lat="43.7287360" lon="-110.5826550">
    <ele>2269.6</ele>
   </trkpt>
   <trkpt lat="43.7287290" lon="-110.5826240">
    <ele>2269.6</ele>
   </trkpt>
   <trkpt lat="43.7287250" lon="-110.5825860">
    <ele>2269.8</ele>
   </trkpt>
   <trkpt lat="43.7287210" lon="-110.5825480">
    <ele>2270.0</ele>
   </trkpt>
   <trkpt lat="43.7287170" lon="-110.5825100">
    <ele>2270.0</ele>
   </trkpt>
   <trkpt lat="43.7287100" lon="-110.5824800">
    <ele>2270.2</ele>
   </trkpt>
   <trkpt lat="43.7287100" lon="-110.5824490">
    <ele>2270.4</ele>
   </trkpt>
   <trkpt lat="43.7287020" lon="-110.5824190">
    <ele>2270.6</ele>
   </trkpt>
   <trkpt lat="43.7286980" lon="-110.5823960">
    <ele>2270.6</ele>
   </trkpt>
   <trkpt lat="43.7286950" lon="-110.5823730">
    <ele>2270.8</ele>
   </trkpt>
   <trkpt lat="43.7286910" lon="-110.5823500">
    <ele>2271.0</ele>
   </trkpt>
   <trkpt lat="43.7286820" lon="-110.5823270">
    <ele>2271.2</ele>
   </trkpt>
   <trkpt lat="43.7286640" lon="-110.5823040">
    <ele>2271.4</ele>
   </trkpt>
   <trkpt lat="43.7286560" lon="-110.5822730">
    <ele>2271.6</ele>
   </trkpt>
   <trkpt lat="43.7286450" lon="-110.5822360">
    <ele>2271.8</ele>
   </trkpt>
   <trkpt lat="43.7286340" lon="-110.5822130">
    <ele>2272.0</ele>
   </trkpt>
   <trkpt lat="43.7286300" lon="-110.5821900">
    <ele>2272.2</ele>
   </trkpt>
   <trkpt lat="43.7286220" lon="-110.5821670">
    <ele>2272.4</ele>
   </trkpt>
   <trkpt lat="43.7286110" lon="-110.5821440">
    <ele>2272.6</ele>
   </trkpt>
   <trkpt lat="43.7286030" lon="-110.5821210">
    <ele>2272.8</ele>
   </trkpt>
   <trkpt lat="43.7285950" lon="-110.5820980">
    <ele>2273.0</ele>
   </trkpt>
   <trkpt lat="43.7285880" lon="-110.5820760">
    <ele>2273.2</ele>
   </trkpt>
   <trkpt lat="43.7285800" lon="-110.5820530">
    <ele>2273.4</ele>
   </trkpt>
   <trkpt lat="43.7285760" lon="-110.5820370">
    <ele>2273.6</ele>
   </trkpt>
   <trkpt lat="43.7285690" lon="-110.5820150">
    <ele>2273.8</ele>
   </trkpt>
   <trkpt lat="43.7285650" lon="-110.5819920">
    <ele>2273.8</ele>
   </trkpt>
   <trkpt lat="43.7285650" lon="-110.5819690">
    <ele>2274.0</ele>
   </trkpt>
   <trkpt lat="43.7285650" lon="-110.5819460">
    <ele>2274.2</ele>
   </trkpt>
   <trkpt lat="43.7285660" lon="-110.5819300">
    <ele>2274.4</ele>
   </trkpt>
   <trkpt lat="43.7285730" lon="-110.5819000">
    <ele>2274.6</ele>
   </trkpt>
   <trkpt lat="43.7285810" lon="-110.5818770">
    <ele>2274.8</ele>
   </trkpt>
   <trkpt lat="43.7285890" lon="-110.5818550">
    <ele>2274.8</ele>
   </trkpt>
   <trkpt lat="43.7285960" lon="-110.5818390">
    <ele>2275.0</ele>
   </trkpt>
   <trkpt lat="43.7286040" lon="-110.5818170">
    <ele>2275.2</ele>
   </trkpt>
   <trkpt lat="43.7286160" lon="-110.5818010">
    <ele>2275.4</ele>
   </trkpt>
   <trkpt lat="43.7286270" lon="-110.5817860">
    <ele>2275.6</ele>
   </trkpt>
   <trkpt lat="43.7286390" lon="-110.5817640">
    <ele>2275.8</ele>
   </trkpt>
   <trkpt lat="43.7286540" lon="-110.5817550">
    <ele>2276.0</ele>
   </trkpt>
   <trkpt lat="43.7286690" lon="-110.5817330">
    <ele>2276.2</ele>
   </trkpt>
   <trkpt lat="43.7286880" lon="-110.5817170">
    <ele>2276.4</ele>
   </trkpt>
   <trkpt lat="43.7287000" lon="-110.5817020">
    <ele>2276.6</ele>
   </trkpt>
   <trkpt lat="43.7287150" lon="-110.5816870">
    <ele>2276.8</ele>
   </trkpt>
   <trkpt lat="43.7287300" lon="-110.5816720">
    <ele>2277.0</ele>
   </trkpt>
   <trkpt lat="43.7287450" lon="-110.5816560">
    <ele>2277.2</ele>
   </trkpt>
   <trkpt lat="43.7287610" lon="-110.5816410">
    <ele>2277.4</ele>
   </trkpt>
   <trkpt lat="43.7287760" lon="-110.5816260">
    <ele>2277.6</ele>
   </trkpt>
   <trkpt lat="43.7287950" lon="-110.5816100">
    <ele>2277.8</ele>
   </trkpt>
   <trkpt lat="43.7288140" lon="-110.5815880">
    <ele>2278.0</ele>
   </trkpt>
   <trkpt lat="43.7288290" lon="-110.5815720">
    <ele>2278.2</ele>
   </trkpt>
   <trkpt lat="43.7288450" lon="-110.5815500">
    <ele>2278.4</ele>
   </trkpt>
   <trkpt lat="43.7288640" lon="-110.5815340">
    <ele>2278.4</ele>
   </trkpt>
   <trkpt lat="43.7288830" lon="-110.5815190">
    <ele>2278.6</ele>
   </trkpt>
   <trkpt lat="43.7288980" lon="-110.5815040">
    <ele>2278.8</ele>
   </trkpt>
   <trkpt lat="43.7289170" lon="-110.5814890">
    <ele>2279.0</ele>
   </trkpt>
   <trkpt lat="43.7289330" lon="-110.5814730">
    <ele>2279.0</ele>
   </trkpt>
   <trkpt lat="43.7289550" lon="-110.5814590">
    <ele>2279.2</ele>
   </trkpt>
   <trkpt lat="43.7289740" lon="-110.5814510">
    <ele>2279.4</ele>
   </trkpt>
   <trkpt lat="43.7289890" lon="-110.5814430">
    <ele>2279.6</ele>
   </trkpt>
   <trkpt lat="43.7290010" lon="-110.5814290">
    <ele>2279.6</ele>
   </trkpt>
   <trkpt lat="43.7290200" lon="-110.5814290">
    <ele>2279.8</ele>
   </trkpt>
   <trkpt lat="43.7290400" lon="-110.5814280">
    <ele>2280.0</ele>
   </trkpt>
   <trkpt lat="43.7290590" lon="-110.5814200">
    <ele>2280.4</ele>
   </trkpt>
   <trkpt lat="43.7290780" lon="-110.5814120">
    <ele>2280.6</ele>
   </trkpt>
   <trkpt lat="43.7290970" lon="-110.5813970">
    <ele>2280.8</ele>
   </trkpt>
   <trkpt lat="43.7291120" lon="-110.5813820">
    <ele>2281.0</ele>
   </trkpt>
   <trkpt lat="43.7291310" lon="-110.5813670">
    <ele>2281.2</ele>
   </trkpt>
   <trkpt lat="43.7291460" lon="-110.5813510">
    <ele>2281.4</ele>
   </trkpt>
   <trkpt lat="43.7291580" lon="-110.5813360">
    <ele>2281.8</ele>
   </trkpt>
   <trkpt lat="43.7291760" lon="-110.5813210">
    <ele>2282.0</ele>
   </trkpt>
   <trkpt lat="43.7291920" lon="-110.5813050">
    <ele>2282.2</ele>
   </trkpt>
   <trkpt lat="43.7292110" lon="-110.5812820">
    <ele>2282.4</ele>
   </trkpt>
   <trkpt lat="43.7292260" lon="-110.5812520">
    <ele>2282.6</ele>
   </trkpt>
   <trkpt lat="43.7292370" lon="-110.5812290">
    <ele>2282.8</ele>
   </trkpt>
   <trkpt lat="43.7292490" lon="-110.5812130">
    <ele>2283.0</ele>
   </trkpt>
   <trkpt lat="43.7292640" lon="-110.5811900">
    <ele>2283.2</ele>
   </trkpt>
   <trkpt lat="43.7292750" lon="-110.5811600">
    <ele>2283.4</ele>
   </trkpt>
   <trkpt lat="43.7292870" lon="-110.5811290">
    <ele>2283.6</ele>
   </trkpt>
   <trkpt lat="43.7292940" lon="-110.5811060">
    <ele>2283.8</ele>
   </trkpt>
   <trkpt lat="43.7292980" lon="-110.5810760">
    <ele>2284.0</ele>
   </trkpt>
   <trkpt lat="43.7292980" lon="-110.5810450">
    <ele>2284.0</ele>
   </trkpt>
   <trkpt lat="43.7292980" lon="-110.5810150">
    <ele>2284.2</ele>
   </trkpt>
   <trkpt lat="43.7293010" lon="-110.5809840">
    <ele>2284.4</ele>
   </trkpt>
   <trkpt lat="43.7293010" lon="-110.5809620">
    <ele>2284.6</ele>
   </trkpt>
   <trkpt lat="43.7292980" lon="-110.5809380">
    <ele>2284.6</ele>
   </trkpt>
   <trkpt lat="43.7292970" lon="-110.5809080">
    <ele>2284.8</ele>
   </trkpt>
   <trkpt lat="43.7292940" lon="-110.5808850">
    <ele>2285.0</ele>
   </trkpt>
   <trkpt lat="43.7292940" lon="-110.5808550">
    <ele>2285.2</ele>
   </trkpt>
   <trkpt lat="43.7292900" lon="-110.5808310">
    <ele>2285.4</ele>
   </trkpt>
   <trkpt lat="43.7292900" lon="-110.5808010">
    <ele>2285.6</ele>
   </trkpt>
   <trkpt lat="43.7292860" lon="-110.5807790">
    <ele>2285.8</ele>
   </trkpt>
   <trkpt lat="43.7292820" lon="-110.5807560">
    <ele>2286.0</ele>
   </trkpt>
   <trkpt lat="43.7292740" lon="-110.5807330">
    <ele>2286.2</ele>
   </trkpt>
   <trkpt lat="43.7292630" lon="-110.5807100">
    <ele>2286.4</ele>
   </trkpt>
   <trkpt lat="43.7292590" lon="-110.5806860">
    <ele>2286.6</ele>
   </trkpt>
   <trkpt lat="43.7292510" lon="-110.5806570">
    <ele>2286.6</ele>
   </trkpt>
   <trkpt lat="43.7292440" lon="-110.5806340">
    <ele>2286.8</ele>
   </trkpt>
   <trkpt lat="43.7292360" lon="-110.5806100">
    <ele>2287.0</ele>
   </trkpt>
   <trkpt lat="43.7292290" lon="-110.5805800">
    <ele>2287.4</ele>
   </trkpt>
   <trkpt lat="43.7292250" lon="-110.5805570">
    <ele>2287.6</ele>
   </trkpt>
   <trkpt lat="43.7292170" lon="-110.5805340">
    <ele>2287.8</ele>
   </trkpt>
   <trkpt lat="43.7292090" lon="-110.5805110">
    <ele>2288.0</ele>
   </trkpt>
   <trkpt lat="43.7291980" lon="-110.5804810">
    <ele>2288.2</ele>
   </trkpt>
   <trkpt lat="43.7291900" lon="-110.5804500">
    <ele>2288.2</ele>
   </trkpt>
   <trkpt lat="43.7291830" lon="-110.5804280">
    <ele>2288.4</ele>
   </trkpt>
   <trkpt lat="43.7291750" lon="-110.5804040">
    <ele>2288.6</ele>
   </trkpt>
   <trkpt lat="43.7291710" lon="-110.5803740">
    <ele>2288.6</ele>
   </trkpt>
   <trkpt lat="43.7291640" lon="-110.5803510">
    <ele>2288.8</ele>
   </trkpt>
   <trkpt lat="43.7291560" lon="-110.5803210">
    <ele>2289.0</ele>
   </trkpt>
   <trkpt lat="43.7291560" lon="-110.5802980">
    <ele>2289.2</ele>
   </trkpt>
   <trkpt lat="43.7291560" lon="-110.5802750">
    <ele>2289.4</ele>
   </trkpt>
   <trkpt lat="43.7291560" lon="-110.5802520">
    <ele>2289.6</ele>
   </trkpt>
   <trkpt lat="43.7291570" lon="-110.5802290">
    <ele>2290.0</ele>
   </trkpt>
   <trkpt lat="43.7291600" lon="-110.5802060">
    <ele>2290.2</ele>
   </trkpt>
   <trkpt lat="43.7291560" lon="-110.5801840">
    <ele>2290.4</ele>
   </trkpt>
   <trkpt lat="43.7291520" lon="-110.5801680">
    <ele>2290.8</ele>
   </trkpt>
   <trkpt lat="43.7291450" lon="-110.5801450">
    <ele>2291.0</ele>
   </trkpt>
   <trkpt lat="43.7291370" lon="-110.5801230">
    <ele>2291.4</ele>
   </trkpt>
   <trkpt lat="43.7291330" lon="-110.5800990">
    <ele>2291.6</ele>
   </trkpt>
   <trkpt lat="43.7291290" lon="-110.5800690">
    <ele>2291.8</ele>
   </trkpt>
   <trkpt lat="43.7291220" lon="-110.5800460">
    <ele>2292.0</ele>
   </trkpt>
   <trkpt lat="43.7291180" lon="-110.5800240">
    <ele>2292.4</ele>
   </trkpt>
   <trkpt lat="43.7291100" lon="-110.5800080">
    <ele>2292.6</ele>
   </trkpt>
   <trkpt lat="43.7291060" lon="-110.5799840">
    <ele>2292.8</ele>
   </trkpt>
   <trkpt lat="43.7290990" lon="-110.5799540">
    <ele>2292.8</ele>
   </trkpt>
   <trkpt lat="43.7290920" lon="-110.5799230">
    <ele>2293.0</ele>
   </trkpt>
   <trkpt lat="43.7290920" lon="-110.5798930">
    <ele>2293.2</ele>
   </trkpt>
   <trkpt lat="43.7290960" lon="-110.5798550">
    <ele>2293.4</ele>
   </trkpt>
   <trkpt lat="43.7291040" lon="-110.5798240">
    <ele>2293.4</ele>
   </trkpt>
   <trkpt lat="43.7291120" lon="-110.5797870">
    <ele>2293.6</ele>
   </trkpt>
   <trkpt lat="43.7291270" lon="-110.5797720">
    <ele>2293.6</ele>
   </trkpt>
   <trkpt lat="43.7291420" lon="-110.5797580">
    <ele>2293.8</ele>
   </trkpt>
   <trkpt lat="43.7291580" lon="-110.5797570">
    <ele>2294.0</ele>
   </trkpt>
   <trkpt lat="43.7291770" lon="-110.5797420">
    <ele>2294.2</ele>
   </trkpt>
   <trkpt lat="43.7291960" lon="-110.5797420">
    <ele>2294.4</ele>
   </trkpt>
   <trkpt lat="43.7292190" lon="-110.5797420">
    <ele>2294.6</ele>
   </trkpt>
   <trkpt lat="43.7292380" lon="-110.5797430">
    <ele>2294.6</ele>
   </trkpt>
   <trkpt lat="43.7292570" lon="-110.5797510">
    <ele>2294.8</ele>
   </trkpt>
   <trkpt lat="43.7292720" lon="-110.5797580">
    <ele>2294.8</ele>
   </trkpt>
   <trkpt lat="43.7292870" lon="-110.5797660">
    <ele>2295.0</ele>
   </trkpt>
   <trkpt lat="43.7293060" lon="-110.5797730">
    <ele>2295.2</ele>
   </trkpt>
   <trkpt lat="43.7293220" lon="-110.5797730">
    <ele>2295.2</ele>
   </trkpt>
   <trkpt lat="43.7293370" lon="-110.5797820">
    <ele>2295.4</ele>
   </trkpt>
   <trkpt lat="43.7293560" lon="-110.5797960">
    <ele>2295.4</ele>
   </trkpt>
   <trkpt lat="43.7293710" lon="-110.5798040">
    <ele>2295.6</ele>
   </trkpt>
   <trkpt lat="43.7293870" lon="-110.5798120">
    <ele>2295.6</ele>
   </trkpt>
   <trkpt lat="43.7294060" lon="-110.5798190">
    <ele>2295.8</ele>
   </trkpt>
   <trkpt lat="43.7294360" lon="-110.5798270">
    <ele>2296.0</ele>
   </trkpt>
   <trkpt lat="43.7294550" lon="-110.5798340">
    <ele>2296.0</ele>
   </trkpt>
   <trkpt lat="43.7294740" lon="-110.5798340">
    <ele>2296.2</ele>
   </trkpt>
   <trkpt lat="43.7294890" lon="-110.5798420">
    <ele>2296.4</ele>
   </trkpt>
   <trkpt lat="43.7295010" lon="-110.5798500">
    <ele>2296.4</ele>
   </trkpt>
   <trkpt lat="43.7295200" lon="-110.5798570">
    <ele>2296.6</ele>
   </trkpt>
   <trkpt lat="43.7295390" lon="-110.5798640">
    <ele>2296.8</ele>
   </trkpt>
   <trkpt lat="43.7295590" lon="-110.5798640">
    <ele>2297.0</ele>
   </trkpt>
   <trkpt lat="43.7295930" lon="-110.5798650">
    <ele>2297.2</ele>
   </trkpt>
   <trkpt lat="43.7296270" lon="-110.5798720">
    <ele>2297.4</ele>
   </trkpt>
   <trkpt lat="43.7296460" lon="-110.5798720">
    <ele>2297.4</ele>
   </trkpt>
   <trkpt lat="43.7296690" lon="-110.5798720">
    <ele>2297.6</ele>
   </trkpt>
   <trkpt lat="43.7296880" lon="-110.5798640">
    <ele>2297.8</ele>
   </trkpt>
   <trkpt lat="43.7297070" lon="-110.5798560">
    <ele>2297.8</ele>
   </trkpt>
   <trkpt lat="43.7297310" lon="-110.5798480">
    <ele>2298.0</ele>
   </trkpt>
   <trkpt lat="43.7297570" lon="-110.5798330">
    <ele>2298.0</ele>
   </trkpt>
   <trkpt lat="43.7297800" lon="-110.5798170">
    <ele>2298.2</ele>
   </trkpt>
   <trkpt lat="43.7298020" lon="-110.5797870">
    <ele>2298.2</ele>
   </trkpt>
   <trkpt lat="43.7298210" lon="-110.5797710">
    <ele>2298.4</ele>
   </trkpt>
   <trkpt lat="43.7298370" lon="-110.5797490">
    <ele>2298.4</ele>
   </trkpt>
   <trkpt lat="43.7298560" lon="-110.5797260">
    <ele>2298.6</ele>
   </trkpt>
   <trkpt lat="43.7298710" lon="-110.5797020">
    <ele>2298.6</ele>
   </trkpt>
   <trkpt lat="43.7298810" lon="-110.5796720">
    <ele>2298.8</ele>
   </trkpt>
   <trkpt lat="43.7298860" lon="-110.5796420">
    <ele>2299.0</ele>
   </trkpt>
   <trkpt lat="43.7298930" lon="-110.5796180">
    <ele>2299.0</ele>
   </trkpt>
   <trkpt lat="43.7299010" lon="-110.5795880">
    <ele>2299.2</ele>
   </trkpt>
   <trkpt lat="43.7299080" lon="-110.5795650">
    <ele>2299.4</ele>
   </trkpt>
   <trkpt lat="43.7299160" lon="-110.5795350">
    <ele>2299.6</ele>
   </trkpt>
   <trkpt lat="43.7299230" lon="-110.5795120">
    <ele>2299.8</ele>
   </trkpt>
   <trkpt lat="43.7299270" lon="-110.5794900">
    <ele>2300.0</ele>
   </trkpt>
   <trkpt lat="43.7299310" lon="-110.5794730">
    <ele>2300.2</ele>
   </trkpt>
   <trkpt lat="43.7299390" lon="-110.5794440">
    <ele>2300.4</ele>
   </trkpt>
   <trkpt lat="43.7299430" lon="-110.5794280">
    <ele>2300.6</ele>
   </trkpt>
   <trkpt lat="43.7299460" lon="-110.5794050">
    <ele>2300.8</ele>
   </trkpt>
   <trkpt lat="43.7299500" lon="-110.5793820">
    <ele>2301.0</ele>
   </trkpt>
   <trkpt lat="43.7299580" lon="-110.5793600">
    <ele>2301.2</ele>
   </trkpt>
   <trkpt lat="43.7299610" lon="-110.5793370">
    <ele>2301.6</ele>
   </trkpt>
   <trkpt lat="43.7299620" lon="-110.5793140">
    <ele>2301.8</ele>
   </trkpt>
   <trkpt lat="43.7299650" lon="-110.5792910">
    <ele>2302.0</ele>
   </trkpt>
   <trkpt lat="43.7299650" lon="-110.5792750">
    <ele>2302.2</ele>
   </trkpt>
   <trkpt lat="43.7299660" lon="-110.5792450">
    <ele>2302.4</ele>
   </trkpt>
   <trkpt lat="43.7299730" lon="-110.5792220">
    <ele>2302.6</ele>
   </trkpt>
   <trkpt lat="43.7299770" lon="-110.5791990">
    <ele>2302.8</ele>
   </trkpt>
   <trkpt lat="43.7299770" lon="-110.5791760">
    <ele>2303.0</ele>
   </trkpt>
   <trkpt lat="43.7299850" lon="-110.5791530">
    <ele>2303.2</ele>
   </trkpt>
   <trkpt lat="43.7299920" lon="-110.5791230">
    <ele>2303.4</ele>
   </trkpt>
   <trkpt lat="43.7299960" lon="-110.5791000">
    <ele>2303.4</ele>
   </trkpt>
   <trkpt lat="43.7300000" lon="-110.5790700">
    <ele>2303.6</ele>
   </trkpt>
   <trkpt lat="43.7300000" lon="-110.5790460">
    <ele>2303.8</ele>
   </trkpt>
   <trkpt lat="43.7300040" lon="-110.5790160">
    <ele>2304.0</ele>
   </trkpt>
   <trkpt lat="43.7300070" lon="-110.5789850">
    <ele>2304.2</ele>
   </trkpt>
   <trkpt lat="43.7300110" lon="-110.5789550">
    <ele>2304.4</ele>
   </trkpt>
   <trkpt lat="43.7300110" lon="-110.5789250">
    <ele>2304.4</ele>
   </trkpt>
   <trkpt lat="43.7300070" lon="-110.5789020">
    <ele>2304.6</ele>
   </trkpt>
   <trkpt lat="43.7300030" lon="-110.5788790">
    <ele>2304.8</ele>
   </trkpt>
   <trkpt lat="43.7299990" lon="-110.5788560">
    <ele>2305.0</ele>
   </trkpt>
   <trkpt lat="43.7299950" lon="-110.5788330">
    <ele>2305.2</ele>
   </trkpt>
   <trkpt lat="43.7299920" lon="-110.5788100">
    <ele>2305.4</ele>
   </trkpt>
   <trkpt lat="43.7299880" lon="-110.5787870">
    <ele>2305.6</ele>
   </trkpt>
   <trkpt lat="43.7299840" lon="-110.5787570">
    <ele>2305.6</ele>
   </trkpt>
   <trkpt lat="43.7299800" lon="-110.5787340">
    <ele>2305.8</ele>
   </trkpt>
   <trkpt lat="43.7299760" lon="-110.5787030">
    <ele>2306.0</ele>
   </trkpt>
   <trkpt lat="43.7299730" lon="-110.5786800">
    <ele>2306.2</ele>
   </trkpt>
   <trkpt lat="43.7299720" lon="-110.5786580">
    <ele>2306.4</ele>
   </trkpt>
   <trkpt lat="43.7299650" lon="-110.5786350">
    <ele>2306.6</ele>
   </trkpt>
   <trkpt lat="43.7299570" lon="-110.5786120">
    <ele>2306.8</ele>
   </trkpt>
   <trkpt lat="43.7299490" lon="-110.5785900">
    <ele>2307.0</ele>
   </trkpt>
   <trkpt lat="43.7299420" lon="-110.5785730">
    <ele>2307.2</ele>
   </trkpt>
   <trkpt lat="43.7299340" lon="-110.5785430">
    <ele>2307.4</ele>
   </trkpt>
   <trkpt lat="43.7299270" lon="-110.5785200">
    <ele>2307.8</ele>
   </trkpt>
   <trkpt lat="43.7299230" lon="-110.5784980">
    <ele>2308.0</ele>
   </trkpt>
   <trkpt lat="43.7299150" lon="-110.5784820">
    <ele>2308.2</ele>
   </trkpt>
   <trkpt lat="43.7299070" lon="-110.5784600">
    <ele>2308.4</ele>
   </trkpt>
   <trkpt lat="43.7298960" lon="-110.5784450">
    <ele>2308.6</ele>
   </trkpt>
   <trkpt lat="43.7298840" lon="-110.5784290">
    <ele>2308.8</ele>
   </trkpt>
   <trkpt lat="43.7298690" lon="-110.5784060">
    <ele>2309.0</ele>
   </trkpt>
   <trkpt lat="43.7298540" lon="-110.5783900">
    <ele>2309.2</ele>
   </trkpt>
   <trkpt lat="43.7298420" lon="-110.5783610">
    <ele>2309.4</ele>
   </trkpt>
   <trkpt lat="43.7298310" lon="-110.5783450">
    <ele>2309.4</ele>
   </trkpt>
   <trkpt lat="43.7298160" lon="-110.5783220">
    <ele>2309.6</ele>
   </trkpt>
   <trkpt lat="43.7298040" lon="-110.5783000">
    <ele>2309.8</ele>
   </trkpt>
   <trkpt lat="43.7297850" lon="-110.5782840">
    <ele>2309.8</ele>
   </trkpt>
   <trkpt lat="43.7297660" lon="-110.5782690">
    <ele>2310.0</ele>
   </trkpt>
   <trkpt lat="43.7297510" lon="-110.5782540">
    <ele>2310.0</ele>
   </trkpt>
   <trkpt lat="43.7297390" lon="-110.5782380">
    <ele>2310.2</ele>
   </trkpt>
   <trkpt lat="43.7297280" lon="-110.5782240">
    <ele>2310.4</ele>
   </trkpt>
   <trkpt lat="43.7297200" lon="-110.5782150">
    <ele>2310.4</ele>
   </trkpt>
   <trkpt lat="43.7297050" lon="-110.5781930">
    <ele>2310.6</ele>
   </trkpt>
   <trkpt lat="43.7296890" lon="-110.5781780">
    <ele>2310.8</ele>
   </trkpt>
   <trkpt lat="43.7296710" lon="-110.5781700">
    <ele>2311.0</ele>
   </trkpt>
   <trkpt lat="43.7296590" lon="-110.5781550">
    <ele>2311.2</ele>
   </trkpt>
   <trkpt lat="43.7296480" lon="-110.5781390">
    <ele>2311.4</ele>
   </trkpt>
   <trkpt lat="43.7296400" lon="-110.5781240">
    <ele>2311.6</ele>
   </trkpt>
   <trkpt lat="43.7296250" lon="-110.5781090">
    <ele>2311.8</ele>
   </trkpt>
   <trkpt lat="43.7296140" lon="-110.5780930">
    <ele>2312.0</ele>
   </trkpt>
   <trkpt lat="43.7296020" lon="-110.5780710">
    <ele>2312.2</ele>
   </trkpt>
   <trkpt lat="43.7295860" lon="-110.5780560">
    <ele>2312.4</ele>
   </trkpt>
   <trkpt lat="43.7295680" lon="-110.5780400">
    <ele>2312.8</ele>
   </trkpt>
   <trkpt lat="43.7295530" lon="-110.5780250">
    <ele>2313.0</ele>
   </trkpt>
   <trkpt lat="43.7295410" lon="-110.5780100">
    <ele>2313.2</ele>
   </trkpt>
   <trkpt lat="43.7295250" lon="-110.5780020">
    <ele>2313.4</ele>
   </trkpt>
   <trkpt lat="43.7295100" lon="-110.5779950">
    <ele>2313.6</ele>
   </trkpt>
   <trkpt lat="43.7294950" lon="-110.5779870">
    <ele>2313.8</ele>
   </trkpt>
   <trkpt lat="43.7294800" lon="-110.5779800">
    <ele>2314.0</ele>
   </trkpt>
   <trkpt lat="43.7294680" lon="-110.5779720">
    <ele>2314.2</ele>
   </trkpt>
   <trkpt lat="43.7294530" lon="-110.5779720">
    <ele>2314.4</ele>
   </trkpt>
   <trkpt lat="43.7294410" lon="-110.5779650">
    <ele>2314.8</ele>
   </trkpt>
   <trkpt lat="43.7294230" lon="-110.5779640">
    <ele>2315.0</ele>
   </trkpt>
   <trkpt lat="43.7294070" lon="-110.5779570">
    <ele>2315.2</ele>
   </trkpt>
   <trkpt lat="43.7293920" lon="-110.5779570">
    <ele>2315.4</ele>
   </trkpt>
   <trkpt lat="43.7293770" lon="-110.5779570">
    <ele>2315.4</ele>
   </trkpt>
   <trkpt lat="43.7293660" lon="-110.5779570">
    <ele>2315.6</ele>
   </trkpt>
   <trkpt lat="43.7293540" lon="-110.5779500">
    <ele>2315.8</ele>
   </trkpt>
   <trkpt lat="43.7293380" lon="-110.5779570">
    <ele>2315.8</ele>
   </trkpt>
   <trkpt lat="43.7293190" lon="-110.5779570">
    <ele>2316.0</ele>
   </trkpt>
   <trkpt lat="43.7292970" lon="-110.5779570">
    <ele>2316.0</ele>
   </trkpt>
   <trkpt lat="43.7292770" lon="-110.5779490">
    <ele>2316.2</ele>
   </trkpt>
   <trkpt lat="43.7292580" lon="-110.5779410">
    <ele>2316.2</ele>
   </trkpt>
   <trkpt lat="43.7292400" lon="-110.5779330">
    <ele>2316.4</ele>
   </trkpt>
   <trkpt lat="43.7292250" lon="-110.5779180">
    <ele>2316.6</ele>
   </trkpt>
   <trkpt lat="43.7292170" lon="-110.5779040">
    <ele>2316.8</ele>
   </trkpt>
   <trkpt lat="43.7292130" lon="-110.5779020">
    <ele>2317.0</ele>
   </trkpt>
   <trkpt lat="43.7292050" lon="-110.5778800">
    <ele>2317.2</ele>
   </trkpt>
   <trkpt lat="43.7291940" lon="-110.5778650">
    <ele>2317.4</ele>
   </trkpt>
   <trkpt lat="43.7291860" lon="-110.5778490">
    <ele>2317.6</ele>
   </trkpt>
   <trkpt lat="43.7291790" lon="-110.5778340">
    <ele>2317.8</ele>
   </trkpt>
   <trkpt lat="43.7291710" lon="-110.5778110">
    <ele>2318.0</ele>
   </trkpt>
   <trkpt lat="43.7291640" lon="-110.5777880">
    <ele>2318.0</ele>
   </trkpt>
   <trkpt lat="43.7291560" lon="-110.5777730">
    <ele>2318.2</ele>
   </trkpt>
   <trkpt lat="43.7291520" lon="-110.5777580">
    <ele>2318.4</ele>
   </trkpt>
   <trkpt lat="43.7291450" lon="-110.5777430">
    <ele>2318.6</ele>
   </trkpt>
   <trkpt lat="43.7291370" lon="-110.5777270">
    <ele>2318.8</ele>
   </trkpt>
   <trkpt lat="43.7291250" lon="-110.5777120">
    <ele>2318.8</ele>
   </trkpt>
   <trkpt lat="43.7291140" lon="-110.5776970">
    <ele>2319.0</ele>
   </trkpt>
   <trkpt lat="43.7290980" lon="-110.5776810">
    <ele>2319.2</ele>
   </trkpt>
   <trkpt lat="43.7290790" lon="-110.5776660">
    <ele>2319.2</ele>
   </trkpt>
   <trkpt lat="43.7290640" lon="-110.5776510">
    <ele>2319.4</ele>
   </trkpt>
   <trkpt lat="43.7290480" lon="-110.5776350">
    <ele>2319.4</ele>
   </trkpt>
   <trkpt lat="43.7290300" lon="-110.5776130">
    <ele>2319.6</ele>
   </trkpt>
   <trkpt lat="43.7290150" lon="-110.5775980">
    <ele>2319.8</ele>
   </trkpt>
   <trkpt lat="43.7290030" lon="-110.5775820">
    <ele>2320.0</ele>
   </trkpt>
   <trkpt lat="43.7289920" lon="-110.5775670">
    <ele>2320.2</ele>
   </trkpt>
   <trkpt lat="43.7289760" lon="-110.5775440">
    <ele>2320.2</ele>
   </trkpt>
   <trkpt lat="43.7289610" lon="-110.5775290">
    <ele>2320.4</ele>
   </trkpt>
   <trkpt lat="43.7289460" lon="-110.5775140">
    <ele>2320.6</ele>
   </trkpt>
   <trkpt lat="43.7289340" lon="-110.5774980">
    <ele>2320.8</ele>
   </trkpt>
   <trkpt lat="43.7289190" lon="-110.5774830">
    <ele>2321.0</ele>
   </trkpt>
   <trkpt lat="43.7289040" lon="-110.5774600">
    <ele>2321.2</ele>
   </trkpt>
   <trkpt lat="43.7288930" lon="-110.5774460">
    <ele>2321.4</ele>
   </trkpt>
   <trkpt lat="43.7288810" lon="-110.5774370">
    <ele>2321.6</ele>
   </trkpt>
   <trkpt lat="43.7288740" lon="-110.5774150">
    <ele>2321.6</ele>
   </trkpt>
   <trkpt lat="43.7288660" lon="-110.5774000">
    <ele>2321.8</ele>
   </trkpt>
   <trkpt lat="43.7288510" lon="-110.5773910">
    <ele>2322.0</ele>
   </trkpt>
   <trkpt lat="43.7288390" lon="-110.5773680">
    <ele>2322.2</ele>
   </trkpt>
   <trkpt lat="43.7288280" lon="-110.5773450">
    <ele>2322.4</ele>
   </trkpt>
   <trkpt lat="43.7288210" lon="-110.5773220">
    <ele>2322.4</ele>
   </trkpt>
   <trkpt lat="43.7288210" lon="-110.5772910">
    <ele>2322.6</ele>
   </trkpt>
   <trkpt lat="43.7288250" lon="-110.5772610">
    <ele>2322.8</ele>
   </trkpt>
   <trkpt lat="43.7288280" lon="-110.5772380">
    <ele>2323.0</ele>
   </trkpt>
   <trkpt lat="43.7288240" lon="-110.5771990">
    <ele>2323.0</ele>
   </trkpt>
   <trkpt lat="43.7288210" lon="-110.5771620">
    <ele>2323.2</ele>
   </trkpt>
   <trkpt lat="43.7288210" lon="-110.5771320">
    <ele>2323.4</ele>
   </trkpt>
   <trkpt lat="43.7288290" lon="-110.5771080">
    <ele>2323.4</ele>
   </trkpt>
   <trkpt lat="43.7288360" lon="-110.5770700">
    <ele>2323.6</ele>
   </trkpt>
   <trkpt lat="43.7288400" lon="-110.5770400">
    <ele>2323.8</ele>
   </trkpt>
   <trkpt lat="43.7288360" lon="-110.5770170">
    <ele>2323.8</ele>
   </trkpt>
   <trkpt lat="43.7288360" lon="-110.5769940">
    <ele>2324.0</ele>
   </trkpt>
   <trkpt lat="43.7288400" lon="-110.5769710">
    <ele>2324.2</ele>
   </trkpt>
   <trkpt lat="43.7288440" lon="-110.5769400">
    <ele>2324.2</ele>
   </trkpt>
   <trkpt lat="43.7288480" lon="-110.5769100">
    <ele>2324.4</ele>
   </trkpt>
   <trkpt lat="43.7288520" lon="-110.5768800">
    <ele>2324.6</ele>
   </trkpt>
   <trkpt lat="43.7288550" lon="-110.5768560">
    <ele>2324.6</ele>
   </trkpt>
   <trkpt lat="43.7288550" lon="-110.5768270">
    <ele>2324.8</ele>
   </trkpt>
   <trkpt lat="43.7288590" lon="-110.5768040">
    <ele>2325.0</ele>
   </trkpt>
   <trkpt lat="43.7288630" lon="-110.5767810">
    <ele>2325.2</ele>
   </trkpt>
   <trkpt lat="43.7288670" lon="-110.5767580">
    <ele>2325.4</ele>
   </trkpt>
   <trkpt lat="43.7288670" lon="-110.5767350">
    <ele>2325.6</ele>
   </trkpt>
   <trkpt lat="43.7288740" lon="-110.5767200">
    <ele>2325.8</ele>
   </trkpt>
   <trkpt lat="43.7288780" lon="-110.5766970">
    <ele>2326.2</ele>
   </trkpt>
   <trkpt lat="43.7288820" lon="-110.5766740">
    <ele>2326.4</ele>
   </trkpt>
   <trkpt lat="43.7288820" lon="-110.5766590">
    <ele>2326.8</ele>
   </trkpt>
   <trkpt lat="43.7288900" lon="-110.5766360">
    <ele>2327.0</ele>
   </trkpt>
   <trkpt lat="43.7288940" lon="-110.5766210">
    <ele>2327.2</ele>
   </trkpt>
   <trkpt lat="43.7288970" lon="-110.5766050">
    <ele>2327.6</ele>
   </trkpt>
   <trkpt lat="43.7289010" lon="-110.5765830">
    <ele>2327.8</ele>
   </trkpt>
   <trkpt lat="43.7289050" lon="-110.5765670">
    <ele>2328.0</ele>
   </trkpt>
   <trkpt lat="43.7289090" lon="-110.5765440">
    <ele>2328.2</ele>
   </trkpt>
   <trkpt lat="43.7289090" lon="-110.5765220">
    <ele>2328.4</ele>
   </trkpt>
   <trkpt lat="43.7289080" lon="-110.5765060">
    <ele>2328.6</ele>
   </trkpt>
   <trkpt lat="43.7289010" lon="-110.5764830">
    <ele>2328.8</ele>
   </trkpt>
   <trkpt lat="43.7288970" lon="-110.5764600">
    <ele>2329.0</ele>
   </trkpt>
   <trkpt lat="43.7288930" lon="-110.5764370">
    <ele>2329.2</ele>
   </trkpt>
   <trkpt lat="43.7288930" lon="-110.5764150">
    <ele>2329.4</ele>
   </trkpt>
   <trkpt lat="43.7288850" lon="-110.5764000">
    <ele>2329.4</ele>
   </trkpt>
   <trkpt lat="43.7288730" lon="-110.5763840">
    <ele>2329.6</ele>
   </trkpt>
   <trkpt lat="43.7288610" lon="-110.5763690">
    <ele>2329.8</ele>
   </trkpt>
   <trkpt lat="43.7288390" lon="-110.5763540">
    <ele>2329.8</ele>
   </trkpt>
   <trkpt lat="43.7288200" lon="-110.5763380">
    <ele>2330.0</ele>
   </trkpt>
   <trkpt lat="43.7288010" lon="-110.5763160">
    <ele>2330.0</ele>
   </trkpt>
   <trkpt lat="43.7287850" lon="-110.5763010">
    <ele>2330.2</ele>
   </trkpt>
   <trkpt lat="43.7287620" lon="-110.5762850">
    <ele>2330.2</ele>
   </trkpt>
   <trkpt lat="43.7287430" lon="-110.5762700">
    <ele>2330.4</ele>
   </trkpt>
   <trkpt lat="43.7287240" lon="-110.5762540">
    <ele>2330.4</ele>
   </trkpt>
   <trkpt lat="43.7287050" lon="-110.5762320">
    <ele>2330.6</ele>
   </trkpt>
   <trkpt lat="43.7286820" lon="-110.5762090">
    <ele>2330.8</ele>
   </trkpt>
   <trkpt lat="43.7286670" lon="-110.5761930">
    <ele>2330.8</ele>
   </trkpt>
   <trkpt lat="43.7286480" lon="-110.5761700">
    <ele>2331.0</ele>
   </trkpt>
   <trkpt lat="43.7286330" lon="-110.5761400">
    <ele>2331.2</ele>
   </trkpt>
   <trkpt lat="43.7286180" lon="-110.5761250">
    <ele>2331.2</ele>
   </trkpt>
   <trkpt lat="43.7286020" lon="-110.5761090">
    <ele>2331.4</ele>
   </trkpt>
   <trkpt lat="43.7285870" lon="-110.5760860">
    <ele>2331.6</ele>
   </trkpt>
   <trkpt lat="43.7285760" lon="-110.5760640">
    <ele>2331.8</ele>
   </trkpt>
   <trkpt lat="43.7285610" lon="-110.5760410">
    <ele>2332.0</ele>
   </trkpt>
   <trkpt lat="43.7285490" lon="-110.5760180">
    <ele>2332.0</ele>
   </trkpt>
   <trkpt lat="43.7285380" lon="-110.5759940">
    <ele>2332.2</ele>
   </trkpt>
   <trkpt lat="43.7285270" lon="-110.5759640">
    <ele>2332.4</ele>
   </trkpt>
   <trkpt lat="43.7285190" lon="-110.5759420">
    <ele>2332.6</ele>
   </trkpt>
   <trkpt lat="43.7285110" lon="-110.5759260">
    <ele>2332.8</ele>
   </trkpt>
   <trkpt lat="43.7285040" lon="-110.5759030">
    <ele>2333.0</ele>
   </trkpt>
   <trkpt lat="43.7284960" lon="-110.5758810">
    <ele>2333.2</ele>
   </trkpt>
   <trkpt lat="43.7284860" lon="-110.5758600">
    <ele>2333.4</ele>
   </trkpt>
   <trkpt lat="43.7284690" lon="-110.5758420">
    <ele>2333.4</ele>
   </trkpt>
   <trkpt lat="43.7284570" lon="-110.5758120">
    <ele>2333.6</ele>
   </trkpt>
   <trkpt lat="43.7284420" lon="-110.5757890">
    <ele>2333.8</ele>
   </trkpt>
   <trkpt lat="43.7284310" lon="-110.5757740">
    <ele>2334.0</ele>
   </trkpt>
   <trkpt lat="43.7284240" lon="-110.5757510">
    <ele>2334.2</ele>
   </trkpt>
   <trkpt lat="43.7284160" lon="-110.5757360">
    <ele>2334.4</ele>
   </trkpt>
   <trkpt lat="43.7284120" lon="-110.5757200">
    <ele>2334.6</ele>
   </trkpt>
   <trkpt lat="43.7284040" lon="-110.5756970">
    <ele>2334.8</ele>
   </trkpt>
   <trkpt lat="43.7283930" lon="-110.5756740">
    <ele>2335.2</ele>
   </trkpt>
   <trkpt lat="43.7283820" lon="-110.5756440">
    <ele>2335.4</ele>
   </trkpt>
   <trkpt lat="43.7283740" lon="-110.5756210">
    <ele>2335.6</ele>
   </trkpt>
   <trkpt lat="43.7283670" lon="-110.5755980">
    <ele>2335.8</ele>
   </trkpt>
   <trkpt lat="43.7283630" lon="-110.5755760">
    <ele>2336.2</ele>
   </trkpt>
   <trkpt lat="43.7283550" lon="-110.5755600">
    <ele>2336.4</ele>
   </trkpt>
   <trkpt lat="43.7283430" lon="-110.5755450">
    <ele>2336.6</ele>
   </trkpt>
   <trkpt lat="43.7283360" lon="-110.5755300">
    <ele>2336.8</ele>
   </trkpt>
   <trkpt lat="43.7283240" lon="-110.5755150">
    <ele>2337.2</ele>
   </trkpt>
   <trkpt lat="43.7283130" lon="-110.5754990">
    <ele>2337.4</ele>
   </trkpt>
   <trkpt lat="43.7283050" lon="-110.5754840">
    <ele>2337.8</ele>
   </trkpt>
   <trkpt lat="43.7282940" lon="-110.5754690">
    <ele>2338.0</ele>
   </trkpt>
   <trkpt lat="43.7282860" lon="-110.5754460">
    <ele>2338.2</ele>
   </trkpt>
   <trkpt lat="43.7282750" lon="-110.5754310">
    <ele>2338.6</ele>
   </trkpt>
   <trkpt lat="43.7282630" lon="-110.5754160">
    <ele>2338.8</ele>
   </trkpt>
   <trkpt lat="43.7282480" lon="-110.5754000">
    <ele>2339.0</ele>
   </trkpt>
   <trkpt lat="43.7282320" lon="-110.5753860">
    <ele>2339.4</ele>
   </trkpt>
   <trkpt lat="43.7282170" lon="-110.5753860">
    <ele>2339.6</ele>
   </trkpt>
   <trkpt lat="43.7282020" lon="-110.5753780">
    <ele>2339.8</ele>
   </trkpt>
   <trkpt lat="43.7281830" lon="-110.5753700">
    <ele>2340.0</ele>
   </trkpt>
   <trkpt lat="43.7281680" lon="-110.5753630">
    <ele>2340.2</ele>
   </trkpt>
   <trkpt lat="43.7281520" lon="-110.5753550">
    <ele>2340.4</ele>
   </trkpt>
   <trkpt lat="43.7281370" lon="-110.5753470">
    <ele>2340.6</ele>
   </trkpt>
   <trkpt lat="43.7281260" lon="-110.5753320">
    <ele>2340.8</ele>
   </trkpt>
   <trkpt lat="43.7281140" lon="-110.5753160">
    <ele>2341.0</ele>
   </trkpt>
   <trkpt lat="43.7280990" lon="-110.5753020">
    <ele>2341.0</ele>
   </trkpt>
   <trkpt lat="43.7280910" lon="-110.5752940">
    <ele>2341.2</ele>
   </trkpt>
   <trkpt lat="43.7280800" lon="-110.5752780">
    <ele>2341.4</ele>
   </trkpt>
   <trkpt lat="43.7280690" lon="-110.5752550">
    <ele>2341.4</ele>
   </trkpt>
   <trkpt lat="43.7280610" lon="-110.5752400">
    <ele>2341.6</ele>
   </trkpt>
   <trkpt lat="43.7280500" lon="-110.5752170">
    <ele>2341.6</ele>
   </trkpt>
   <trkpt lat="43.7280420" lon="-110.5752020">
    <ele>2341.8</ele>
   </trkpt>
   <trkpt lat="43.7280350" lon="-110.5751940">
    <ele>2342.0</ele>
   </trkpt>
   <trkpt lat="43.7280350" lon="-110.5751800">
    <ele>2342.0</ele>
   </trkpt>
   <trkpt lat="43.7280350" lon="-110.5751720">
    <ele>2342.2</ele>
   </trkpt>
   <trkpt lat="43.7280350" lon="-110.5751720">
    <ele>2342.2</ele>
   </trkpt>
   <trkpt lat="43.7280350" lon="-110.5751720">
    <ele>2342.2</ele>
   </trkpt>
   <trkpt lat="43.7280350" lon="-110.5751720">
    <ele>2342.4</ele>
   </trkpt>
   <trkpt lat="43.7280350" lon="-110.5751720">
    <ele>2342.4</ele>
   </trkpt>
   <trkpt lat="43.7280350" lon="-110.5751720">
    <ele>2342.4</ele>
   </trkpt>
   <trkpt lat="43.7280350" lon="-110.5751480">
    <ele>2342.4</ele>
   </trkpt>
   <trkpt lat="43.7280350" lon="-110.5751250">
    <ele>2342.4</ele>
   </trkpt>
   <trkpt lat="43.7280310" lon="-110.5751020">
    <ele>2342.4</ele>
   </trkpt>
   <trkpt lat="43.7280270" lon="-110.5750790">
    <ele>2342.6</ele>
   </trkpt>
   <trkpt lat="43.7280190" lon="-110.5750490">
    <ele>2342.6</ele>
   </trkpt>
   <trkpt lat="43.7280120" lon="-110.5750330">
    <ele>2342.6</ele>
   </trkpt>
   <trkpt lat="43.7280080" lon="-110.5750030">
    <ele>2342.8</ele>
   </trkpt>
   <trkpt lat="43.7280040" lon="-110.5749800">
    <ele>2342.8</ele>
   </trkpt>
   <trkpt lat="43.7280000" lon="-110.5749490">
    <ele>2342.8</ele>
   </trkpt>
   <trkpt lat="43.7279970" lon="-110.5749190">
    <ele>2343.0</ele>
   </trkpt>
   <trkpt lat="43.7279970" lon="-110.5748960">
    <ele>2343.0</ele>
   </trkpt>
   <trkpt lat="43.7279930" lon="-110.5748660">
    <ele>2343.0</ele>
   </trkpt>
   <trkpt lat="43.7279970" lon="-110.5748420">
    <ele>2343.2</ele>
   </trkpt>
   <trkpt lat="43.7280010" lon="-110.5748120">
    <ele>2343.2</ele>
   </trkpt>
   <trkpt lat="43.7280090" lon="-110.5747810">
    <ele>2343.4</ele>
   </trkpt>
   <trkpt lat="43.7280160" lon="-110.5747430">
    <ele>2343.4</ele>
   </trkpt>
   <trkpt lat="43.7280240" lon="-110.5747050">
    <ele>2343.6</ele>
   </trkpt>
   <trkpt lat="43.7280350" lon="-110.5746740">
    <ele>2343.8</ele>
   </trkpt>
   <trkpt lat="43.7280430" lon="-110.5746440">
    <ele>2344.0</ele>
   </trkpt>
   <trkpt lat="43.7280510" lon="-110.5746220">
    <ele>2344.2</ele>
   </trkpt>
   <trkpt lat="43.7280580" lon="-110.5745980">
    <ele>2344.4</ele>
   </trkpt>
   <trkpt lat="43.7280660" lon="-110.5745680">
    <ele>2344.6</ele>
   </trkpt>
   <trkpt lat="43.7280740" lon="-110.5745450">
    <ele>2344.8</ele>
   </trkpt>
   <trkpt lat="43.7280810" lon="-110.5745220">
    <ele>2345.0</ele>
   </trkpt>
   <trkpt lat="43.7280890" lon="-110.5744990">
    <ele>2345.2</ele>
   </trkpt>
   <trkpt lat="43.7281000" lon="-110.5744760">
    <ele>2345.4</ele>
   </trkpt>
   <trkpt lat="43.7281080" lon="-110.5744460">
    <ele>2345.6</ele>
   </trkpt>
   <trkpt lat="43.7281160" lon="-110.5744230">
    <ele>2345.8</ele>
   </trkpt>
   <trkpt lat="43.7281270" lon="-110.5744000">
    <ele>2346.0</ele>
   </trkpt>
   <trkpt lat="43.7281310" lon="-110.5743770">
    <ele>2346.2</ele>
   </trkpt>
   <trkpt lat="43.7281380" lon="-110.5743470">
    <ele>2346.4</ele>
   </trkpt>
   <trkpt lat="43.7281420" lon="-110.5743240">
    <ele>2346.6</ele>
   </trkpt>
   <trkpt lat="43.7281420" lon="-110.5743010">
    <ele>2346.8</ele>
   </trkpt>
   <trkpt lat="43.7281420" lon="-110.5742780">
    <ele>2347.0</ele>
   </trkpt>
   <trkpt lat="43.7281380" lon="-110.5742470">
    <ele>2347.2</ele>
   </trkpt>
   <trkpt lat="43.7281380" lon="-110.5742170">
    <ele>2347.4</ele>
   </trkpt>
   <trkpt lat="43.7281420" lon="-110.5741860">
    <ele>2347.6</ele>
   </trkpt>
   <trkpt lat="43.7281460" lon="-110.5741560">
    <ele>2347.6</ele>
   </trkpt>
   <trkpt lat="43.7281500" lon="-110.5741330">
    <ele>2347.8</ele>
   </trkpt>
   <trkpt lat="43.7281530" lon="-110.5741020">
    <ele>2348.0</ele>
   </trkpt>
   <trkpt lat="43.7281570" lon="-110.5740710">
    <ele>2348.0</ele>
   </trkpt>
   <trkpt lat="43.7281610" lon="-110.5740330">
    <ele>2348.2</ele>
   </trkpt>
   <trkpt lat="43.7281650" lon="-110.5740030">
    <ele>2348.2</ele>
   </trkpt>
   <trkpt lat="43.7281650" lon="-110.5739720">
    <ele>2348.4</ele>
   </trkpt>
   <trkpt lat="43.7281690" lon="-110.5739340">
    <ele>2348.4</ele>
   </trkpt>
   <trkpt lat="43.7281730" lon="-110.5738960">
    <ele>2348.6</ele>
   </trkpt>
   <trkpt lat="43.7281760" lon="-110.5738660">
    <ele>2348.6</ele>
   </trkpt>
   <trkpt lat="43.7281800" lon="-110.5738340">
    <ele>2348.8</ele>
   </trkpt>
   <trkpt lat="43.7281800" lon="-110.5737960">
    <ele>2348.8</ele>
   </trkpt>
   <trkpt lat="43.7281800" lon="-110.5737590">
    <ele>2349.0</ele>
   </trkpt>
   <trkpt lat="43.7281800" lon="-110.5737280">
    <ele>2349.0</ele>
   </trkpt>
   <trkpt lat="43.7281760" lon="-110.5736970">
    <ele>2349.0</ele>
   </trkpt>
   <trkpt lat="43.7281680" lon="-110.5736590">
    <ele>2349.2</ele>
   </trkpt>
   <trkpt lat="43.7281600" lon="-110.5736210">
    <ele>2349.2</ele>
   </trkpt>
   <trkpt lat="43.7281530" lon="-110.5735900">
    <ele>2349.2</ele>
   </trkpt>
   <trkpt lat="43.7281450" lon="-110.5735530">
    <ele>2349.4</ele>
   </trkpt>
   <trkpt lat="43.7281370" lon="-110.5735220">
    <ele>2349.4</ele>
   </trkpt>
   <trkpt lat="43.7281260" lon="-110.5734850">
    <ele>2349.6</ele>
   </trkpt>
   <trkpt lat="43.7281180" lon="-110.5734610">
    <ele>2349.6</ele>
   </trkpt>
   <trkpt lat="43.7281110" lon="-110.5734310">
    <ele>2349.8</ele>
   </trkpt>
   <trkpt lat="43.7281030" lon="-110.5734000">
    <ele>2350.0</ele>
   </trkpt>
   <trkpt lat="43.7280990" lon="-110.5733700">
    <ele>2350.2</ele>
   </trkpt>
   <trkpt lat="43.7280880" lon="-110.5733480">
    <ele>2350.2</ele>
   </trkpt>
   <trkpt lat="43.7280760" lon="-110.5733320">
    <ele>2350.4</ele>
   </trkpt>
   <trkpt lat="43.7280600" lon="-110.5733100">
    <ele>2350.6</ele>
   </trkpt>
   <trkpt lat="43.7280420" lon="-110.5732950">
    <ele>2351.0</ele>
   </trkpt>
   <trkpt lat="43.7280260" lon="-110.5732800">
    <ele>2351.2</ele>
   </trkpt>
   <trkpt lat="43.7280070" lon="-110.5732720">
    <ele>2351.4</ele>
   </trkpt>
   <trkpt lat="43.7279920" lon="-110.5732650">
    <ele>2351.6</ele>
   </trkpt>
   <trkpt lat="43.7279770" lon="-110.5732640">
    <ele>2352.0</ele>
   </trkpt>
   <trkpt lat="43.7279650" lon="-110.5732570">
    <ele>2352.2</ele>
   </trkpt>
   <trkpt lat="43.7279460" lon="-110.5732580">
    <ele>2352.4</ele>
   </trkpt>
   <trkpt lat="43.7279270" lon="-110.5732650">
    <ele>2352.6</ele>
   </trkpt>
   <trkpt lat="43.7279110" lon="-110.5732650">
    <ele>2352.8</ele>
   </trkpt>
   <trkpt lat="43.7278930" lon="-110.5732660">
    <ele>2353.0</ele>
   </trkpt>
   <trkpt lat="43.7278780" lon="-110.5732730">
    <ele>2353.2</ele>
   </trkpt>
   <trkpt lat="43.7278620" lon="-110.5732810">
    <ele>2353.4</ele>
   </trkpt>
   <trkpt lat="43.7278470" lon="-110.5732890">
    <ele>2353.6</ele>
   </trkpt>
   <trkpt lat="43.7278350" lon="-110.5733040">
    <ele>2353.8</ele>
   </trkpt>
   <trkpt lat="43.7278200" lon="-110.5733190">
    <ele>2354.0</ele>
   </trkpt>
   <trkpt lat="43.7278050" lon="-110.5733270">
    <ele>2354.2</ele>
   </trkpt>
   <trkpt lat="43.7277940" lon="-110.5733340">
    <ele>2354.2</ele>
   </trkpt>
   <trkpt lat="43.7277820" lon="-110.5733420">
    <ele>2354.4</ele>
   </trkpt>
   <trkpt lat="43.7277670" lon="-110.5733490">
    <ele>2354.6</ele>
   </trkpt>
   <trkpt lat="43.7277550" lon="-110.5733580">
    <ele>2354.8</ele>
   </trkpt>
   <trkpt lat="43.7277410" lon="-110.5733730">
    <ele>2354.8</ele>
   </trkpt>
   <trkpt lat="43.7277290" lon="-110.5733880">
    <ele>2355.0</ele>
   </trkpt>
   <trkpt lat="43.7277170" lon="-110.5733960">
    <ele>2355.2</ele>
   </trkpt>
   <trkpt lat="43.7277020" lon="-110.5734110">
    <ele>2355.6</ele>
   </trkpt>
   <trkpt lat="43.7276910" lon="-110.5734260">
    <ele>2355.8</ele>
   </trkpt>
   <trkpt lat="43.7276790" lon="-110.5734410">
    <ele>2356.0</ele>
   </trkpt>
   <trkpt lat="43.7276640" lon="-110.5734490">
    <ele>2356.2</ele>
   </trkpt>
   <trkpt lat="43.7276530" lon="-110.5734650">
    <ele>2356.4</ele>
   </trkpt>
   <trkpt lat="43.7276420" lon="-110.5734870">
    <ele>2356.6</ele>
   </trkpt>
   <trkpt lat="43.7276340" lon="-110.5735030">
    <ele>2356.8</ele>
   </trkpt>
   <trkpt lat="43.7276270" lon="-110.5735180">
    <ele>2357.0</ele>
   </trkpt>
   <trkpt lat="43.7276220" lon="-110.5735340">
    <ele>2357.2</ele>
   </trkpt>
   <trkpt lat="43.7276150" lon="-110.5735570">
    <ele>2357.4</ele>
   </trkpt>
   <trkpt lat="43.7276040" lon="-110.5735790">
    <ele>2357.6</ele>
   </trkpt>
   <trkpt lat="43.7276000" lon="-110.5736030">
    <ele>2357.8</ele>
   </trkpt>
   <trkpt lat="43.7276000" lon="-110.5736250">
    <ele>2358.0</ele>
   </trkpt>
   <trkpt lat="43.7275960" lon="-110.5736480">
    <ele>2358.2</ele>
   </trkpt>
   <trkpt lat="43.7275880" lon="-110.5736710">
    <ele>2358.4</ele>
   </trkpt>
   <trkpt lat="43.7275850" lon="-110.5737020">
    <ele>2358.6</ele>
   </trkpt>
   <trkpt lat="43.7275800" lon="-110.5737330">
    <ele>2358.6</ele>
   </trkpt>
   <trkpt lat="43.7275730" lon="-110.5737630">
    <ele>2358.8</ele>
   </trkpt>
   <trkpt lat="43.7275690" lon="-110.5737930">
    <ele>2358.8</ele>
   </trkpt>
   <trkpt lat="43.7275610" lon="-110.5738160">
    <ele>2359.0</ele>
   </trkpt>
   <trkpt lat="43.7275530" lon="-110.5738480">
    <ele>2359.0</ele>
   </trkpt>
   <trkpt lat="43.7275420" lon="-110.5738860">
    <ele>2359.2</ele>
   </trkpt>
   <trkpt lat="43.7275270" lon="-110.5739300">
    <ele>2359.2</ele>
   </trkpt>
   <trkpt lat="43.7275170" lon="-110.5739580">
    <ele>2359.4</ele>
   </trkpt>
   <trkpt lat="43.7275120" lon="-110.5739920">
    <ele>2359.4</ele>
   </trkpt>
   <trkpt lat="43.7275040" lon="-110.5740220">
    <ele>2359.6</ele>
   </trkpt>
   <trkpt lat="43.7275010" lon="-110.5740430">
    <ele>2359.6</ele>
   </trkpt>
   <trkpt lat="43.7275010" lon="-110.5740600">
    <ele>2359.6</ele>
   </trkpt>
   <trkpt lat="43.7274970" lon="-110.5740830">
    <ele>2359.8</ele>
   </trkpt>
   <trkpt lat="43.7274890" lon="-110.5741060">
    <ele>2359.8</ele>
   </trkpt>
   <trkpt lat="43.7274770" lon="-110.5741290">
    <ele>2359.8</ele>
   </trkpt>
   <trkpt lat="43.7274620" lon="-110.5741670">
    <ele>2360.0</ele>
   </trkpt>
   <trkpt lat="43.7274510" lon="-110.5742060">
    <ele>2360.0</ele>
   </trkpt>
   <trkpt lat="43.7274390" lon="-110.5742480">
    <ele>2360.2</ele>
   </trkpt>
   <trkpt lat="43.7274280" lon="-110.5742900">
    <ele>2360.2</ele>
   </trkpt>
   <trkpt lat="43.7274160" lon="-110.5743280">
    <ele>2360.2</ele>
   </trkpt>
   <trkpt lat="43.7274040" lon="-110.5743670">
    <ele>2360.4</ele>
   </trkpt>
   <trkpt lat="43.7273860" lon="-110.5744200">
    <ele>2360.4</ele>
   </trkpt>
   <trkpt lat="43.7273740" lon="-110.5744650">
    <ele>2360.6</ele>
   </trkpt>
   <trkpt lat="43.7273590" lon="-110.5744950">
    <ele>2360.6</ele>
   </trkpt>
   <trkpt lat="43.7273470" lon="-110.5745260">
    <ele>2360.8</ele>
   </trkpt>
   <trkpt lat="43.7273280" lon="-110.5745560">
    <ele>2360.8</ele>
   </trkpt>
   <trkpt lat="43.7273130" lon="-110.5745870">
    <ele>2361.0</ele>
   </trkpt>
   <trkpt lat="43.7273060" lon="-110.5746250">
    <ele>2361.0</ele>
   </trkpt>
   <trkpt lat="43.7272940" lon="-110.5746630">
    <ele>2361.2</ele>
   </trkpt>
   <trkpt lat="43.7272820" lon="-110.5746860">
    <ele>2361.2</ele>
   </trkpt>
   <trkpt lat="43.7272680" lon="-110.5747160">
    <ele>2361.4</ele>
   </trkpt>
   <trkpt lat="43.7272560" lon="-110.5747400">
    <ele>2361.6</ele>
   </trkpt>
   <trkpt lat="43.7272410" lon="-110.5747690">
    <ele>2361.8</ele>
   </trkpt>
   <trkpt lat="43.7272290" lon="-110.5747920">
    <ele>2361.8</ele>
   </trkpt>
   <trkpt lat="43.7272140" lon="-110.5748150">
    <ele>2362.0</ele>
   </trkpt>
   <trkpt lat="43.7271990" lon="-110.5748380">
    <ele>2362.2</ele>
   </trkpt>
   <trkpt lat="43.7271880" lon="-110.5748610">
    <ele>2362.4</ele>
   </trkpt>
   <trkpt lat="43.7271760" lon="-110.5748830">
    <ele>2362.6</ele>
   </trkpt>
   <trkpt lat="43.7271650" lon="-110.5748990">
    <ele>2362.8</ele>
   </trkpt>
   <trkpt lat="43.7271530" lon="-110.5749220">
    <ele>2363.0</ele>
   </trkpt>
   <trkpt lat="43.7271420" lon="-110.5749440">
    <ele>2363.2</ele>
   </trkpt>
   <trkpt lat="43.7271340" lon="-110.5749600">
    <ele>2363.4</ele>
   </trkpt>
   <trkpt lat="43.7271230" lon="-110.5749820">
    <ele>2363.6</ele>
   </trkpt>
   <trkpt lat="43.7271190" lon="-110.5749900">
    <ele>2363.8</ele>
   </trkpt>
   <trkpt lat="43.7271070" lon="-110.5750050">
    <ele>2364.0</ele>
   </trkpt>
   <trkpt lat="43.7270960" lon="-110.5750200">
    <ele>2364.2</ele>
   </trkpt>
   <trkpt lat="43.7270890" lon="-110.5750280">
    <ele>2364.4</ele>
   </trkpt>
   <trkpt lat="43.7270810" lon="-110.5750510">
    <ele>2364.6</ele>
   </trkpt>
   <trkpt lat="43.7270730" lon="-110.5750590">
    <ele>2365.0</ele>
   </trkpt>
   <trkpt lat="43.7270690" lon="-110.5750740">
    <ele>2365.2</ele>
   </trkpt>
   <trkpt lat="43.7270620" lon="-110.5750890">
    <ele>2365.4</ele>
   </trkpt>
   <trkpt lat="43.7270580" lon="-110.5750970">
    <ele>2365.6</ele>
   </trkpt>
   <trkpt lat="43.7270470" lon="-110.5751120">
    <ele>2366.0</ele>
   </trkpt>
   <trkpt lat="43.7270390" lon="-110.5751280">
    <ele>2366.2</ele>
   </trkpt>
   <trkpt lat="43.7270270" lon="-110.5751580">
    <ele>2366.4</ele>
   </trkpt>
   <trkpt lat="43.7270160" lon="-110.5751810">
    <ele>2366.6</ele>
   </trkpt>
   <trkpt lat="43.7270040" lon="-110.5751960">
    <ele>2366.8</ele>
   </trkpt>
   <trkpt lat="43.7269930" lon="-110.5752190">
    <ele>2367.0</ele>
   </trkpt>
   <trkpt lat="43.7269860" lon="-110.5752420">
    <ele>2367.2</ele>
   </trkpt>
   <trkpt lat="43.7269780" lon="-110.5752570">
    <ele>2367.4</ele>
   </trkpt>
   <trkpt lat="43.7269700" lon="-110.5752730">
    <ele>2367.6</ele>
   </trkpt>
   <trkpt lat="43.7269590" lon="-110.5752950">
    <ele>2367.8</ele>
   </trkpt>
   <trkpt lat="43.7269510" lon="-110.5753110">
    <ele>2368.2</ele>
   </trkpt>
   <trkpt lat="43.7269470" lon="-110.5753270">
    <ele>2368.2</ele>
   </trkpt>
   <trkpt lat="43.7269360" lon="-110.5753640">
    <ele>2368.4</ele>
   </trkpt>
   <trkpt lat="43.7269240" lon="-110.5753870">
    <ele>2368.6</ele>
   </trkpt>
   <trkpt lat="43.7269130" lon="-110.5754180">
    <ele>2368.8</ele>
   </trkpt>
   <trkpt lat="43.7268980" lon="-110.5754490">
    <ele>2369.0</ele>
   </trkpt>
   <trkpt lat="43.7268860" lon="-110.5754790">
    <ele>2369.2</ele>
   </trkpt>
   <trkpt lat="43.7268750" lon="-110.5755090">
    <ele>2369.4</ele>
   </trkpt>
   <trkpt lat="43.7268670" lon="-110.5755390">
    <ele>2369.6</ele>
   </trkpt>
   <trkpt lat="43.7268600" lon="-110.5755550">
    <ele>2369.8</ele>
   </trkpt>
   <trkpt lat="43.7268560" lon="-110.5755780">
    <ele>2369.8</ele>
   </trkpt>
   <trkpt lat="43.7268490" lon="-110.5756080">
    <ele>2370.0</ele>
   </trkpt>
   <trkpt lat="43.7268480" lon="-110.5756310">
    <ele>2370.2</ele>
   </trkpt>
   <trkpt lat="43.7268450" lon="-110.5756470">
    <ele>2370.4</ele>
   </trkpt>
   <trkpt lat="43.7268410" lon="-110.5756700">
    <ele>2370.6</ele>
   </trkpt>
   <trkpt lat="43.7268370" lon="-110.5756920">
    <ele>2370.8</ele>
   </trkpt>
   <trkpt lat="43.7268330" lon="-110.5757070">
    <ele>2370.8</ele>
   </trkpt>
   <trkpt lat="43.7268250" lon="-110.5757310">
    <ele>2371.0</ele>
   </trkpt>
   <trkpt lat="43.7268180" lon="-110.5757530">
    <ele>2371.2</ele>
   </trkpt>
   <trkpt lat="43.7268100" lon="-110.5757760">
    <ele>2371.2</ele>
   </trkpt>
   <trkpt lat="43.7268030" lon="-110.5757990">
    <ele>2371.4</ele>
   </trkpt>
   <trkpt lat="43.7267950" lon="-110.5758220">
    <ele>2371.6</ele>
   </trkpt>
   <trkpt lat="43.7267800" lon="-110.5758450">
    <ele>2371.6</ele>
   </trkpt>
   <trkpt lat="43.7267720" lon="-110.5758760">
    <ele>2371.8</ele>
   </trkpt>
   <trkpt lat="43.7267600" lon="-110.5759060">
    <ele>2372.0</ele>
   </trkpt>
   <trkpt lat="43.7267530" lon="-110.5759360">
    <ele>2372.0</ele>
   </trkpt>
   <trkpt lat="43.7267420" lon="-110.5759590">
    <ele>2372.2</ele>
   </trkpt>
   <trkpt lat="43.7267340" lon="-110.5759820">
    <ele>2372.4</ele>
   </trkpt>
   <trkpt lat="43.7267220" lon="-110.5760130">
    <ele>2372.4</ele>
   </trkpt>
   <trkpt lat="43.7267110" lon="-110.5760350">
    <ele>2372.6</ele>
   </trkpt>
   <trkpt lat="43.7267030" lon="-110.5760500">
    <ele>2372.8</ele>
   </trkpt>
   <trkpt lat="43.7266920" lon="-110.5760880">
    <ele>2372.8</ele>
   </trkpt>
   <trkpt lat="43.7266800" lon="-110.5761050">
    <ele>2373.0</ele>
   </trkpt>
   <trkpt lat="43.7266690" lon="-110.5761350">
    <ele>2373.2</ele>
   </trkpt>
   <trkpt lat="43.7266580" lon="-110.5761570">
    <ele>2373.2</ele>
   </trkpt>
   <trkpt lat="43.7266500" lon="-110.5761790">
    <ele>2373.4</ele>
   </trkpt>
   <trkpt lat="43.7266420" lon="-110.5762030">
    <ele>2373.4</ele>
   </trkpt>
   <trkpt lat="43.7266310" lon="-110.5762250">
    <ele>2373.6</ele>
   </trkpt>
   <trkpt lat="43.7266200" lon="-110.5762480">
    <ele>2373.8</ele>
   </trkpt>
   <trkpt lat="43.7266080" lon="-110.5762790">
    <ele>2373.8</ele>
   </trkpt>
   <trkpt lat="43.7265930" lon="-110.5763170">
    <ele>2374.0</ele>
   </trkpt>
   <trkpt lat="43.7265820" lon="-110.5763470">
    <ele>2374.2</ele>
   </trkpt>
   <trkpt lat="43.7265700" lon="-110.5763780">
    <ele>2374.2</ele>
   </trkpt>
   <trkpt lat="43.7265550" lon="-110.5764080">
    <ele>2374.4</ele>
   </trkpt>
   <trkpt lat="43.7265430" lon="-110.5764390">
    <ele>2374.4</ele>
   </trkpt>
   <trkpt lat="43.7265280" lon="-110.5764690">
    <ele>2374.6</ele>
   </trkpt>
   <trkpt lat="43.7265170" lon="-110.5765000">
    <ele>2374.6</ele>
   </trkpt>
   <trkpt lat="43.7265090" lon="-110.5765230">
    <ele>2374.8</ele>
   </trkpt>
   <trkpt lat="43.7265010" lon="-110.5765540">
    <ele>2375.0</ele>
   </trkpt>
   <trkpt lat="43.7264890" lon="-110.5765700">
    <ele>2375.0</ele>
   </trkpt>
   <trkpt lat="43.7264740" lon="-110.5765920">
    <ele>2375.2</ele>
   </trkpt>
   <trkpt lat="43.7264620" lon="-110.5766000">
    <ele>2375.4</ele>
   </trkpt>
   <trkpt lat="43.7264510" lon="-110.5766150">
    <ele>2375.6</ele>
   </trkpt>
   <trkpt lat="43.7264400" lon="-110.5766300">
    <ele>2375.6</ele>
   </trkpt>
   <trkpt lat="43.7264280" lon="-110.5766380">
    <ele>2375.8</ele>
   </trkpt>
   <trkpt lat="43.7264170" lon="-110.5766540">
    <ele>2376.0</ele>
   </trkpt>
   <trkpt lat="43.7264010" lon="-110.5766690">
    <ele>2376.0</ele>
   </trkpt>
   <trkpt lat="43.7263860" lon="-110.5766840">
    <ele>2376.2</ele>
   </trkpt>
   <trkpt lat="43.7263710" lon="-110.5767000">
    <ele>2376.4</ele>
   </trkpt>
   <trkpt lat="43.7263550" lon="-110.5767220">
    <ele>2376.6</ele>
   </trkpt>
   <trkpt lat="43.7263360" lon="-110.5767370">
    <ele>2376.8</ele>
   </trkpt>
   <trkpt lat="43.7263090" lon="-110.5767530">
    <ele>2377.0</ele>
   </trkpt>
   <trkpt lat="43.7262900" lon="-110.5767760">
    <ele>2377.2</ele>
   </trkpt>
   <trkpt lat="43.7262720" lon="-110.5767980">
    <ele>2377.4</ele>
   </trkpt>
   <trkpt lat="43.7262560" lon="-110.5768140">
    <ele>2377.6</ele>
   </trkpt>
   <trkpt lat="43.7262410" lon="-110.5768290">
    <ele>2377.8</ele>
   </trkpt>
   <trkpt lat="43.7262260" lon="-110.5768440">
    <ele>2378.0</ele>
   </trkpt>
   <trkpt lat="43.7262070" lon="-110.5768590">
    <ele>2378.2</ele>
   </trkpt>
   <trkpt lat="43.7261950" lon="-110.5768740">
    <ele>2378.6</ele>
   </trkpt>
   <trkpt lat="43.7261840" lon="-110.5768820">
    <ele>2378.8</ele>
   </trkpt>
   <trkpt lat="43.7261690" lon="-110.5768890">
    <ele>2379.0</ele>
   </trkpt>
   <trkpt lat="43.7261530" lon="-110.5768970">
    <ele>2379.2</ele>
   </trkpt>
   <trkpt lat="43.7261380" lon="-110.5769050">
    <ele>2379.4</ele>
   </trkpt>
   <trkpt lat="43.7261190" lon="-110.5769210">
    <ele>2379.6</ele>
   </trkpt>
   <trkpt lat="43.7261040" lon="-110.5769350">
    <ele>2379.8</ele>
   </trkpt>
   <trkpt lat="43.7260890" lon="-110.5769350">
    <ele>2380.0</ele>
   </trkpt>
   <trkpt lat="43.7260770" lon="-110.5769350">
    <ele>2380.2</ele>
   </trkpt>
   <trkpt lat="43.7260660" lon="-110.5769430">
    <ele>2380.4</ele>
   </trkpt>
   <trkpt lat="43.7260500" lon="-110.5769510">
    <ele>2380.4</ele>
   </trkpt>
   <trkpt lat="43.7260350" lon="-110.5769580">
    <ele>2380.6</ele>
   </trkpt>
   <trkpt lat="43.7260200" lon="-110.5769660">
    <ele>2380.8</ele>
   </trkpt>
   <trkpt lat="43.7260010" lon="-110.5769810">
    <ele>2381.0</ele>
   </trkpt>
   <trkpt lat="43.7259850" lon="-110.5769890">
    <ele>2381.0</ele>
   </trkpt>
   <trkpt lat="43.7259700" lon="-110.5770040">
    <ele>2381.2</ele>
   </trkpt>
   <trkpt lat="43.7259510" lon="-110.5770130">
    <ele>2381.4</ele>
   </trkpt>
   <trkpt lat="43.7259360" lon="-110.5770350">
    <ele>2381.4</ele>
   </trkpt>
   <trkpt lat="43.7259170" lon="-110.5770580">
    <ele>2381.6</ele>
   </trkpt>
   <trkpt lat="43.7259050" lon="-110.5770730">
    <ele>2381.8</ele>
   </trkpt>
   <trkpt lat="43.7258900" lon="-110.5770810">
    <ele>2382.0</ele>
   </trkpt>
   <trkpt lat="43.7258750" lon="-110.5770960">
    <ele>2382.0</ele>
   </trkpt>
   <trkpt lat="43.7258600" lon="-110.5771110">
    <ele>2382.2</ele>
   </trkpt>
   <trkpt lat="43.7258440" lon="-110.5771180">
    <ele>2382.4</ele>
   </trkpt>
   <trkpt lat="43.7258250" lon="-110.5771270">
    <ele>2382.6</ele>
   </trkpt>
   <trkpt lat="43.7258020" lon="-110.5771500">
    <ele>2382.8</ele>
   </trkpt>
   <trkpt lat="43.7257830" lon="-110.5771730">
    <ele>2382.8</ele>
   </trkpt>
   <trkpt lat="43.7257600" lon="-110.5771950">
    <ele>2383.0</ele>
   </trkpt>
   <trkpt lat="43.7257370" lon="-110.5772100">
    <ele>2383.2</ele>
   </trkpt>
   <trkpt lat="43.7257110" lon="-110.5772260">
    <ele>2383.4</ele>
   </trkpt>
   <trkpt lat="43.7256920" lon="-110.5772400">
    <ele>2383.6</ele>
   </trkpt>
   <trkpt lat="43.7256730" lon="-110.5772490">
    <ele>2383.8</ele>
   </trkpt>
   <trkpt lat="43.7256570" lon="-110.5772640">
    <ele>2384.0</ele>
   </trkpt>
   <trkpt lat="43.7256380" lon="-110.5772790">
    <ele>2384.2</ele>
   </trkpt>
   <trkpt lat="43.7256190" lon="-110.5772940">
    <ele>2384.4</ele>
   </trkpt>
   <trkpt lat="43.7256040" lon="-110.5773100">
    <ele>2384.6</ele>
   </trkpt>
   <trkpt lat="43.7255850" lon="-110.5773330">
    <ele>2384.8</ele>
   </trkpt>
   <trkpt lat="43.7255690" lon="-110.5773470">
    <ele>2385.0</ele>
   </trkpt>
   <trkpt lat="43.7255500" lon="-110.5773550">
    <ele>2385.2</ele>
   </trkpt>
   <trkpt lat="43.7255320" lon="-110.5773630">
    <ele>2385.6</ele>
   </trkpt>
   <trkpt lat="43.7255160" lon="-110.5773700">
    <ele>2385.8</ele>
   </trkpt>
   <trkpt lat="43.7255010" lon="-110.5773780">
    <ele>2386.0</ele>
   </trkpt>
   <trkpt lat="43.7254860" lon="-110.5773850">
    <ele>2386.2</ele>
   </trkpt>
   <trkpt lat="43.7254740" lon="-110.5773920">
    <ele>2386.4</ele>
   </trkpt>
   <trkpt lat="43.7254550" lon="-110.5773860">
    <ele>2386.6</ele>
   </trkpt>
   <trkpt lat="43.7254360" lon="-110.5774010">
    <ele>2386.8</ele>
   </trkpt>
   <trkpt lat="43.7254210" lon="-110.5774160">
    <ele>2386.8</ele>
   </trkpt>
   <trkpt lat="43.7254060" lon="-110.5774240">
    <ele>2387.0</ele>
   </trkpt>
   <trkpt lat="43.7253900" lon="-110.5774320">
    <ele>2387.0</ele>
   </trkpt>
   <trkpt lat="43.7253710" lon="-110.5774460">
    <ele>2387.2</ele>
   </trkpt>
   <trkpt lat="43.7253560" lon="-110.5774540">
    <ele>2387.4</ele>
   </trkpt>
   <trkpt lat="43.7253410" lon="-110.5774620">
    <ele>2387.4</ele>
   </trkpt>
   <trkpt lat="43.7253260" lon="-110.5774780">
    <ele>2387.6</ele>
   </trkpt>
   <trkpt lat="43.7253100" lon="-110.5774920">
    <ele>2387.8</ele>
   </trkpt>
   <trkpt lat="43.7252950" lon="-110.5775000">
    <ele>2387.8</ele>
   </trkpt>
   <trkpt lat="43.7252840" lon="-110.5775080">
    <ele>2388.0</ele>
   </trkpt>
   <trkpt lat="43.7252720" lon="-110.5775230">
    <ele>2388.2</ele>
   </trkpt>
   <trkpt lat="43.7252530" lon="-110.5775380">
    <ele>2388.4</ele>
   </trkpt>
   <trkpt lat="43.7252340" lon="-110.5775460">
    <ele>2388.4</ele>
   </trkpt>
   <trkpt lat="43.7252150" lon="-110.5775610">
    <ele>2388.6</ele>
   </trkpt>
   <trkpt lat="43.7251960" lon="-110.5775690">
    <ele>2388.8</ele>
   </trkpt>
   <trkpt lat="43.7251760" lon="-110.5775840">
    <ele>2389.0</ele>
   </trkpt>
   <trkpt lat="43.7251540" lon="-110.5776000">
    <ele>2389.0</ele>
   </trkpt>
   <trkpt lat="43.7251350" lon="-110.5776220">
    <ele>2389.2</ele>
   </trkpt>
   <trkpt lat="43.7251200" lon="-110.5776380">
    <ele>2389.4</ele>
   </trkpt>
   <trkpt lat="43.7251120" lon="-110.5776530">
    <ele>2389.6</ele>
   </trkpt>
   <trkpt lat="43.7251050" lon="-110.5776680">
    <ele>2389.6</ele>
   </trkpt>
   <trkpt lat="43.7251010" lon="-110.5776840">
    <ele>2389.8</ele>
   </trkpt>
   <trkpt lat="43.7250930" lon="-110.5777070">
    <ele>2390.0</ele>
   </trkpt>
   <trkpt lat="43.7250770" lon="-110.5777300">
    <ele>2390.0</ele>
   </trkpt>
   <trkpt lat="43.7250540" lon="-110.5777610">
    <ele>2390.2</ele>
   </trkpt>
   <trkpt lat="43.7250320" lon="-110.5777900">
    <ele>2390.2</ele>
   </trkpt>
   <trkpt lat="43.7250170" lon="-110.5778140">
    <ele>2390.4</ele>
   </trkpt>
   <trkpt lat="43.7250010" lon="-110.5778370">
    <ele>2390.6</ele>
   </trkpt>
   <trkpt lat="43.7249820" lon="-110.5778670">
    <ele>2390.6</ele>
   </trkpt>
   <trkpt lat="43.7249670" lon="-110.5778830">
    <ele>2390.8</ele>
   </trkpt>
   <trkpt lat="43.7249480" lon="-110.5779130">
    <ele>2391.0</ele>
   </trkpt>
   <trkpt lat="43.7249330" lon="-110.5779350">
    <ele>2391.2</ele>
   </trkpt>
   <trkpt lat="43.7249200" lon="-110.5779500">
    <ele>2391.2</ele>
   </trkpt>
   <trkpt lat="43.7248930" lon="-110.5779660">
    <ele>2391.4</ele>
   </trkpt>
   <trkpt lat="43.7248630" lon="-110.5779820">
    <ele>2391.6</ele>
   </trkpt>
   <trkpt lat="43.7248410" lon="-110.5780020">
    <ele>2391.6</ele>
   </trkpt>
   <trkpt lat="43.7248300" lon="-110.5779960">
    <ele>2391.8</ele>
   </trkpt>
   <trkpt lat="43.7248180" lon="-110.5780030">
    <ele>2392.0</ele>
   </trkpt>
   <trkpt lat="43.7247990" lon="-110.5780110">
    <ele>2392.0</ele>
   </trkpt>
   <trkpt lat="43.7247760" lon="-110.5780190">
    <ele>2392.2</ele>
   </trkpt>
   <trkpt lat="43.7247570" lon="-110.5780340">
    <ele>2392.4</ele>
   </trkpt>
   <trkpt lat="43.7247340" lon="-110.5780420">
    <ele>2392.6</ele>
   </trkpt>
   <trkpt lat="43.7247110" lon="-110.5780490">
    <ele>2392.8</ele>
   </trkpt>
   <trkpt lat="43.7246880" lon="-110.5780570">
    <ele>2393.0</ele>
   </trkpt>
   <trkpt lat="43.7246650" lon="-110.5780640">
    <ele>2393.2</ele>
   </trkpt>
   <trkpt lat="43.7246420" lon="-110.5780640">
    <ele>2393.2</ele>
   </trkpt>
   <trkpt lat="43.7246200" lon="-110.5780720">
    <ele>2393.4</ele>
   </trkpt>
   <trkpt lat="43.7246000" lon="-110.5780800">
    <ele>2393.4</ele>
   </trkpt>
   <trkpt lat="43.7245770" lon="-110.5780870">
    <ele>2393.6</ele>
   </trkpt>
   <trkpt lat="43.7245550" lon="-110.5780870">
    <ele>2393.6</ele>
   </trkpt>
   <trkpt lat="43.7245360" lon="-110.5780950">
    <ele>2393.8</ele>
   </trkpt>
   <trkpt lat="43.7245160" lon="-110.5781030">
    <ele>2394.0</ele>
   </trkpt>
   <trkpt lat="43.7244940" lon="-110.5781100">
    <ele>2394.2</ele>
   </trkpt>
   <trkpt lat="43.7244750" lon="-110.5781180">
    <ele>2394.4</ele>
   </trkpt>
   <trkpt lat="43.7244550" lon="-110.5781250">
    <ele>2394.4</ele>
   </trkpt>
   <trkpt lat="43.7244330" lon="-110.5781330">
    <ele>2394.6</ele>
   </trkpt>
   <trkpt lat="43.7244130" lon="-110.5781330">
    <ele>2394.8</ele>
   </trkpt>
   <trkpt lat="43.7243910" lon="-110.5781330">
    <ele>2394.8</ele>
   </trkpt>
   <trkpt lat="43.7243750" lon="-110.5781330">
    <ele>2395.0</ele>
   </trkpt>
   <trkpt lat="43.7243570" lon="-110.5781410">
    <ele>2395.2</ele>
   </trkpt>
   <trkpt lat="43.7243410" lon="-110.5781480">
    <ele>2395.4</ele>
   </trkpt>
   <trkpt lat="43.7243260" lon="-110.5781560">
    <ele>2395.4</ele>
   </trkpt>
   <trkpt lat="43.7243110" lon="-110.5781630">
    <ele>2395.6</ele>
   </trkpt>
   <trkpt lat="43.7242950" lon="-110.5781630">
    <ele>2395.8</ele>
   </trkpt>
   <trkpt lat="43.7242760" lon="-110.5781640">
    <ele>2396.0</ele>
   </trkpt>
   <trkpt lat="43.7242610" lon="-110.5781710">
    <ele>2396.2</ele>
   </trkpt>
   <trkpt lat="43.7242420" lon="-110.5781790">
    <ele>2396.4</ele>
   </trkpt>
   <trkpt lat="43.7242230" lon="-110.5781870">
    <ele>2396.6</ele>
   </trkpt>
   <trkpt lat="43.7242030" lon="-110.5782020">
    <ele>2396.6</ele>
   </trkpt>
   <trkpt lat="43.7241810" lon="-110.5782100">
    <ele>2396.8</ele>
   </trkpt>
   <trkpt lat="43.7241620" lon="-110.5782250">
    <ele>2396.8</ele>
   </trkpt>
   <trkpt lat="43.7241390" lon="-110.5782400">
    <ele>2397.0</ele>
   </trkpt>
   <trkpt lat="43.7241200" lon="-110.5782560">
    <ele>2397.0</ele>
   </trkpt>
   <trkpt lat="43.7241000" lon="-110.5782710">
    <ele>2397.2</ele>
   </trkpt>
   <trkpt lat="43.7240740" lon="-110.5782860">
    <ele>2397.2</ele>
   </trkpt>
   <trkpt lat="43.7240550" lon="-110.5782940">
    <ele>2397.4</ele>
   </trkpt>
   <trkpt lat="43.7240320" lon="-110.5783090">
    <ele>2397.6</ele>
   </trkpt>
   <trkpt lat="43.7240130" lon="-110.5783240">
    <ele>2397.8</ele>
   </trkpt>
   <trkpt lat="43.7239900" lon="-110.5783390">
    <ele>2398.0</ele>
   </trkpt>
   <trkpt lat="43.7239670" lon="-110.5783390">
    <ele>2398.2</ele>
   </trkpt>
   <trkpt lat="43.7239480" lon="-110.5783470">
    <ele>2398.2</ele>
   </trkpt>
   <trkpt lat="43.7239330" lon="-110.5783550">
    <ele>2398.4</ele>
   </trkpt>
   <trkpt lat="43.7239140" lon="-110.5783700">
    <ele>2398.6</ele>
   </trkpt>
   <trkpt lat="43.7238990" lon="-110.5783850">
    <ele>2398.8</ele>
   </trkpt>
   <trkpt lat="43.7238830" lon="-110.5784010">
    <ele>2399.0</ele>
   </trkpt>
   <trkpt lat="43.7238640" lon="-110.5784160">
    <ele>2399.0</ele>
   </trkpt>
   <trkpt lat="43.7238450" lon="-110.5784310">
    <ele>2399.2</ele>
   </trkpt>
   <trkpt lat="43.7238300" lon="-110.5784460">
    <ele>2399.4</ele>
   </trkpt>
   <trkpt lat="43.7238110" lon="-110.5784540">
    <ele>2399.6</ele>
   </trkpt>
   <trkpt lat="43.7237920" lon="-110.5784610">
    <ele>2399.6</ele>
   </trkpt>
   <trkpt lat="43.7237690" lon="-110.5784690">
    <ele>2399.8</ele>
   </trkpt>
   <trkpt lat="43.7237500" lon="-110.5784840">
    <ele>2399.8</ele>
   </trkpt>
   <trkpt lat="43.7237300" lon="-110.5784990">
    <ele>2400.0</ele>
   </trkpt>
   <trkpt lat="43.7237080" lon="-110.5785070">
    <ele>2400.0</ele>
   </trkpt>
   <trkpt lat="43.7236850" lon="-110.5785230">
    <ele>2400.0</ele>
   </trkpt>
   <trkpt lat="43.7236610" lon="-110.5785380">
    <ele>2400.2</ele>
   </trkpt>
   <trkpt lat="43.7236350" lon="-110.5785540">
    <ele>2400.2</ele>
   </trkpt>
   <trkpt lat="43.7236080" lon="-110.5785770">
    <ele>2400.4</ele>
   </trkpt>
   <trkpt lat="43.7235810" lon="-110.5785990">
    <ele>2400.2</ele>
   </trkpt>
   <trkpt lat="43.7235540" lon="-110.5786140">
    <ele>2400.2</ele>
   </trkpt>
   <trkpt lat="43.7235240" lon="-110.5786290">
    <ele>2400.2</ele>
   </trkpt>
   <trkpt lat="43.7234940" lon="-110.5786440">
    <ele>2400.2</ele>
   </trkpt>
   <trkpt lat="43.7234630" lon="-110.5786520">
    <ele>2400.2</ele>
   </trkpt>
   <trkpt lat="43.7234290" lon="-110.5786680">
    <ele>2400.2</ele>
   </trkpt>
   <trkpt lat="43.7233980" lon="-110.5786830">
    <ele>2400.4</ele>
   </trkpt>
   <trkpt lat="43.7233720" lon="-110.5786980">
    <ele>2400.4</ele>
   </trkpt>
   <trkpt lat="43.7233450" lon="-110.5787140">
    <ele>2400.6</ele>
   </trkpt>
   <trkpt lat="43.7233190" lon="-110.5787360">
    <ele>2400.8</ele>
   </trkpt>
   <trkpt lat="43.7232960" lon="-110.5787520">
    <ele>2401.0</ele>
   </trkpt>
   <trkpt lat="43.7232720" lon="-110.5787680">
    <ele>2401.0</ele>
   </trkpt>
   <trkpt lat="43.7232460" lon="-110.5787890">
    <ele>2401.2</ele>
   </trkpt>
   <trkpt lat="43.7232230" lon="-110.5787970">
    <ele>2401.4</ele>
   </trkpt>
   <trkpt lat="43.7232000" lon="-110.5788130">
    <ele>2401.6</ele>
   </trkpt>
   <trkpt lat="43.7231740" lon="-110.5788280">
    <ele>2401.8</ele>
   </trkpt>
   <trkpt lat="43.7231550" lon="-110.5788430">
    <ele>2402.0</ele>
   </trkpt>
   <trkpt lat="43.7231320" lon="-110.5788580">
    <ele>2402.0</ele>
   </trkpt>
   <trkpt lat="43.7231090" lon="-110.5788660">
    <ele>2402.2</ele>
   </trkpt>
   <trkpt lat="43.7230860" lon="-110.5788800">
    <ele>2402.4</ele>
   </trkpt>
   <trkpt lat="43.7230670" lon="-110.5788810">
    <ele>2402.6</ele>
   </trkpt>
   <trkpt lat="43.7230440" lon="-110.5788880">
    <ele>2402.8</ele>
   </trkpt>
   <trkpt lat="43.7230250" lon="-110.5788880">
    <ele>2403.0</ele>
   </trkpt>
   <trkpt lat="43.7230100" lon="-110.5788960">
    <ele>2403.2</ele>
   </trkpt>
   <trkpt lat="43.7229910" lon="-110.5789030">
    <ele>2403.4</ele>
   </trkpt>
   <trkpt lat="43.7229720" lon="-110.5789040">
    <ele>2403.6</ele>
   </trkpt>
   <trkpt lat="43.7229530" lon="-110.5789110">
    <ele>2403.8</ele>
   </trkpt>
   <trkpt lat="43.7229330" lon="-110.5789180">
    <ele>2404.0</ele>
   </trkpt>
   <trkpt lat="43.7229140" lon="-110.5789190">
    <ele>2404.2</ele>
   </trkpt>
   <trkpt lat="43.7228950" lon="-110.5789270">
    <ele>2404.2</ele>
   </trkpt>
   <trkpt lat="43.7228760" lon="-110.5789340">
    <ele>2404.4</ele>
   </trkpt>
   <trkpt lat="43.7228570" lon="-110.5789420">
    <ele>2404.6</ele>
   </trkpt>
   <trkpt lat="43.7228340" lon="-110.5789580">
    <ele>2404.8</ele>
   </trkpt>
   <trkpt lat="43.7228070" lon="-110.5789730">
    <ele>2404.8</ele>
   </trkpt>
   <trkpt lat="43.7227840" lon="-110.5789880">
    <ele>2405.0</ele>
   </trkpt>
   <trkpt lat="43.7227580" lon="-110.5789960">
    <ele>2405.0</ele>
   </trkpt>
   <trkpt lat="43.7227310" lon="-110.5790110">
    <ele>2405.0</ele>
   </trkpt>
   <trkpt lat="43.7227040" lon="-110.5790190">
    <ele>2405.2</ele>
   </trkpt>
   <trkpt lat="43.7226770" lon="-110.5790330">
    <ele>2405.2</ele>
   </trkpt>
   <trkpt lat="43.7226510" lon="-110.5790410">
    <ele>2405.4</ele>
   </trkpt>
   <trkpt lat="43.7226240" lon="-110.5790490">
    <ele>2405.4</ele>
   </trkpt>
   <trkpt lat="43.7225970" lon="-110.5790650">
    <ele>2405.6</ele>
   </trkpt>
   <trkpt lat="43.7225710" lon="-110.5790790">
    <ele>2405.8</ele>
   </trkpt>
   <trkpt lat="43.7225480" lon="-110.5790870">
    <ele>2405.8</ele>
   </trkpt>
   <trkpt lat="43.7225210" lon="-110.5790940">
    <ele>2406.0</ele>
   </trkpt>
   <trkpt lat="43.7224990" lon="-110.5791020">
    <ele>2406.2</ele>
   </trkpt>
   <trkpt lat="43.7224720" lon="-110.5791100">
    <ele>2406.4</ele>
   </trkpt>
   <trkpt lat="43.7224530" lon="-110.5791170">
    <ele>2406.6</ele>
   </trkpt>
   <trkpt lat="43.7224340" lon="-110.5791170">
    <ele>2407.0</ele>
   </trkpt>
   <trkpt lat="43.7224110" lon="-110.5791240">
    <ele>2407.2</ele>
   </trkpt>
   <trkpt lat="43.7223920" lon="-110.5791250">
    <ele>2407.4</ele>
   </trkpt>
   <trkpt lat="43.7223730" lon="-110.5791320">
    <ele>2407.6</ele>
   </trkpt>
   <trkpt lat="43.7223540" lon="-110.5791330">
    <ele>2407.8</ele>
   </trkpt>
   <trkpt lat="43.7223350" lon="-110.5791400">
    <ele>2408.0</ele>
   </trkpt>
   <trkpt lat="43.7223150" lon="-110.5791400">
    <ele>2408.2</ele>
   </trkpt>
   <trkpt lat="43.7222920" lon="-110.5791400">
    <ele>2408.6</ele>
   </trkpt>
   <trkpt lat="43.7222730" lon="-110.5791400">
    <ele>2408.8</ele>
   </trkpt>
   <trkpt lat="43.7222500" lon="-110.5791400">
    <ele>2409.0</ele>
   </trkpt>
   <trkpt lat="43.7222280" lon="-110.5791480">
    <ele>2409.2</ele>
   </trkpt>
   <trkpt lat="43.7222090" lon="-110.5791550">
    <ele>2409.4</ele>
   </trkpt>
   <trkpt lat="43.7221900" lon="-110.5791550">
    <ele>2409.4</ele>
   </trkpt>
   <trkpt lat="43.7221700" lon="-110.5791630">
    <ele>2409.6</ele>
   </trkpt>
   <trkpt lat="43.7221510" lon="-110.5791710">
    <ele>2409.8</ele>
   </trkpt>
   <trkpt lat="43.7221280" lon="-110.5791780">
    <ele>2409.8</ele>
   </trkpt>
   <trkpt lat="43.7221060" lon="-110.5791850">
    <ele>2410.0</ele>
   </trkpt>
   <trkpt lat="43.7220830" lon="-110.5791860">
    <ele>2410.2</ele>
   </trkpt>
   <trkpt lat="43.7220640" lon="-110.5791930">
    <ele>2410.4</ele>
   </trkpt>
   <trkpt lat="43.7220480" lon="-110.5791930">
    <ele>2410.6</ele>
   </trkpt>
   <trkpt lat="43.7220250" lon="-110.5791940">
    <ele>2410.8</ele>
   </trkpt>
   <trkpt lat="43.7219990" lon="-110.5792010">
    <ele>2411.0</ele>
   </trkpt>
   <trkpt lat="43.7219800" lon="-110.5792010">
    <ele>2411.2</ele>
   </trkpt>
   <trkpt lat="43.7219570" lon="-110.5792010">
    <ele>2411.4</ele>
   </trkpt>
   <trkpt lat="43.7219380" lon="-110.5792010">
    <ele>2411.8</ele>
   </trkpt>
   <trkpt lat="43.7219190" lon="-110.5792010">
    <ele>2412.0</ele>
   </trkpt>
   <trkpt lat="43.7219000" lon="-110.5792010">
    <ele>2412.2</ele>
   </trkpt>
   <trkpt lat="43.7218810" lon="-110.5792010">
    <ele>2412.4</ele>
   </trkpt>
   <trkpt lat="43.7218620" lon="-110.5792010">
    <ele>2412.8</ele>
   </trkpt>
   <trkpt lat="43.7218430" lon="-110.5792010">
    <ele>2413.0</ele>
   </trkpt>
   <trkpt lat="43.7218270" lon="-110.5792010">
    <ele>2413.2</ele>
   </trkpt>
   <trkpt lat="43.7218080" lon="-110.5792010">
    <ele>2413.4</ele>
   </trkpt>
   <trkpt lat="43.7217930" lon="-110.5792010">
    <ele>2413.6</ele>
   </trkpt>
   <trkpt lat="43.7217740" lon="-110.5792010">
    <ele>2413.8</ele>
   </trkpt>
   <trkpt lat="43.7217550" lon="-110.5792010">
    <ele>2414.0</ele>
   </trkpt>
   <trkpt lat="43.7217360" lon="-110.5792010">
    <ele>2414.2</ele>
   </trkpt>
   <trkpt lat="43.7217160" lon="-110.5792010">
    <ele>2414.4</ele>
   </trkpt>
   <trkpt lat="43.7216940" lon="-110.5792010">
    <ele>2414.4</ele>
   </trkpt>
   <trkpt lat="43.7216750" lon="-110.5792080">
    <ele>2414.6</ele>
   </trkpt>
   <trkpt lat="43.7216550" lon="-110.5792080">
    <ele>2414.8</ele>
   </trkpt>
   <trkpt lat="43.7216360" lon="-110.5792080">
    <ele>2415.0</ele>
   </trkpt>
   <trkpt lat="43.7216180" lon="-110.5792080">
    <ele>2415.2</ele>
   </trkpt>
   <trkpt lat="43.7216020" lon="-110.5792080">
    <ele>2415.4</ele>
   </trkpt>
   <trkpt lat="43.7215830" lon="-110.5792090">
    <ele>2415.6</ele>
   </trkpt>
   <trkpt lat="43.7215680" lon="-110.5792160">
    <ele>2415.8</ele>
   </trkpt>
   <trkpt lat="43.7215490" lon="-110.5792160">
    <ele>2416.0</ele>
   </trkpt>
   <trkpt lat="43.7215340" lon="-110.5792160">
    <ele>2416.2</ele>
   </trkpt>
   <trkpt lat="43.7215180" lon="-110.5792160">
    <ele>2416.4</ele>
   </trkpt>
   <trkpt lat="43.7214990" lon="-110.5792160">
    <ele>2416.6</ele>
   </trkpt>
   <trkpt lat="43.7214840" lon="-110.5792240">
    <ele>2416.6</ele>
   </trkpt>
   <trkpt lat="43.7214690" lon="-110.5792240">
    <ele>2416.8</ele>
   </trkpt>
   <trkpt lat="43.7214530" lon="-110.5792240">
    <ele>2417.0</ele>
   </trkpt>
   <trkpt lat="43.7214350" lon="-110.5792240">
    <ele>2417.2</ele>
   </trkpt>
   <trkpt lat="43.7214190" lon="-110.5792240">
    <ele>2417.4</ele>
   </trkpt>
   <trkpt lat="43.7214040" lon="-110.5792310">
    <ele>2417.6</ele>
   </trkpt>
   <trkpt lat="43.7213890" lon="-110.5792320">
    <ele>2417.8</ele>
   </trkpt>
   <trkpt lat="43.7213700" lon="-110.5792390">
    <ele>2418.0</ele>
   </trkpt>
   <trkpt lat="43.7213540" lon="-110.5792390">
    <ele>2418.2</ele>
   </trkpt>
   <trkpt lat="43.7213350" lon="-110.5792460">
    <ele>2418.4</ele>
   </trkpt>
   <trkpt lat="43.7213160" lon="-110.5792460">
    <ele>2418.6</ele>
   </trkpt>
   <trkpt lat="43.7212970" lon="-110.5792460">
    <ele>2418.6</ele>
   </trkpt>
   <trkpt lat="43.7212740" lon="-110.5792460">
    <ele>2418.8</ele>
   </trkpt>
   <trkpt lat="43.7212550" lon="-110.5792460">
    <ele>2419.0</ele>
   </trkpt>
   <trkpt lat="43.7212400" lon="-110.5792460">
    <ele>2419.0</ele>
   </trkpt>
   <trkpt lat="43.7212210" lon="-110.5792470">
    <ele>2419.2</ele>
   </trkpt>
   <trkpt lat="43.7211980" lon="-110.5792550">
    <ele>2419.4</ele>
   </trkpt>
   <trkpt lat="43.7211750" lon="-110.5792700">
    <ele>2419.4</ele>
   </trkpt>
   <trkpt lat="43.7211520" lon="-110.5792850">
    <ele>2419.6</ele>
   </trkpt>
   <trkpt lat="43.7211370" lon="-110.5792930">
    <ele>2420.0</ele>
   </trkpt>
   <trkpt lat="43.7211180" lon="-110.5793000">
    <ele>2420.2</ele>
   </trkpt>
   <trkpt lat="43.7210990" lon="-110.5793000">
    <ele>2420.4</ele>
   </trkpt>
   <trkpt lat="43.7210870" lon="-110.5793010">
    <ele>2420.6</ele>
   </trkpt>
   <trkpt lat="43.7210720" lon="-110.5793150">
    <ele>2420.8</ele>
   </trkpt>
   <trkpt lat="43.7210610" lon="-110.5793160">
    <ele>2421.0</ele>
   </trkpt>
   <trkpt lat="43.7210460" lon="-110.5793230">
    <ele>2421.4</ele>
   </trkpt>
   <trkpt lat="43.7210340" lon="-110.5793230">
    <ele>2421.6</ele>
   </trkpt>
   <trkpt lat="43.7210190" lon="-110.5793310">
    <ele>2421.8</ele>
   </trkpt>
   <trkpt lat="43.7210070" lon="-110.5793390">
    <ele>2422.0</ele>
   </trkpt>
   <trkpt lat="43.7209920" lon="-110.5793460">
    <ele>2422.2</ele>
   </trkpt>
   <trkpt lat="43.7209770" lon="-110.5793540">
    <ele>2422.4</ele>
   </trkpt>
   <trkpt lat="43.7209620" lon="-110.5793610">
    <ele>2422.6</ele>
   </trkpt>
   <trkpt lat="43.7209460" lon="-110.5793690">
    <ele>2422.6</ele>
   </trkpt>
   <trkpt lat="43.7209310" lon="-110.5793770">
    <ele>2422.8</ele>
   </trkpt>
   <trkpt lat="43.7209160" lon="-110.5793840">
    <ele>2423.2</ele>
   </trkpt>
   <trkpt lat="43.7209000" lon="-110.5793920">
    <ele>2423.4</ele>
   </trkpt>
   <trkpt lat="43.7208810" lon="-110.5793990">
    <ele>2423.6</ele>
   </trkpt>
   <trkpt lat="43.7208620" lon="-110.5793990">
    <ele>2423.8</ele>
   </trkpt>
   <trkpt lat="43.7208470" lon="-110.5793990">
    <ele>2424.0</ele>
   </trkpt>
   <trkpt lat="43.7208320" lon="-110.5793990">
    <ele>2424.2</ele>
   </trkpt>
   <trkpt lat="43.7208130" lon="-110.5794000">
    <ele>2424.2</ele>
   </trkpt>
   <trkpt lat="43.7207970" lon="-110.5794070">
    <ele>2424.4</ele>
   </trkpt>
   <trkpt lat="43.7207780" lon="-110.5794070">
    <ele>2424.6</ele>
   </trkpt>
   <trkpt lat="43.7207630" lon="-110.5794070">
    <ele>2424.8</ele>
   </trkpt>
   <trkpt lat="43.7207480" lon="-110.5794150">
    <ele>2424.8</ele>
   </trkpt>
   <trkpt lat="43.7207360" lon="-110.5794220">
    <ele>2425.0</ele>
   </trkpt>
   <trkpt lat="43.7207170" lon="-110.5794220">
    <ele>2425.2</ele>
   </trkpt>
   <trkpt lat="43.7207020" lon="-110.5794300">
    <ele>2425.4</ele>
   </trkpt>
   <trkpt lat="43.7206870" lon="-110.5794300">
    <ele>2425.6</ele>
   </trkpt>
   <trkpt lat="43.7206680" lon="-110.5794380">
    <ele>2425.8</ele>
   </trkpt>
   <trkpt lat="43.7206530" lon="-110.5794450">
    <ele>2426.0</ele>
   </trkpt>
   <trkpt lat="43.7206370" lon="-110.5794530">
    <ele>2426.2</ele>
   </trkpt>
   <trkpt lat="43.7206180" lon="-110.5794610">
    <ele>2426.4</ele>
   </trkpt>
   <trkpt lat="43.7206030" lon="-110.5794680">
    <ele>2426.6</ele>
   </trkpt>
   <trkpt lat="43.7205920" lon="-110.5794760">
    <ele>2426.6</ele>
   </trkpt>
   <trkpt lat="43.7205760" lon="-110.5794840">
    <ele>2426.8</ele>
   </trkpt>
   <trkpt lat="43.7205610" lon="-110.5794990">
    <ele>2427.0</ele>
   </trkpt>
   <trkpt lat="43.7205450" lon="-110.5795060">
    <ele>2427.2</ele>
   </trkpt>
   <trkpt lat="43.7205260" lon="-110.5795140">
    <ele>2427.4</ele>
   </trkpt>
   <trkpt lat="43.7205070" lon="-110.5795220">
    <ele>2427.6</ele>
   </trkpt>
   <trkpt lat="43.7204880" lon="-110.5795290">
    <ele>2427.8</ele>
   </trkpt>
   <trkpt lat="43.7204690" lon="-110.5795370">
    <ele>2427.8</ele>
   </trkpt>
   <trkpt lat="43.7204540" lon="-110.5795440">
    <ele>2428.0</ele>
   </trkpt>
   <trkpt lat="43.7204350" lon="-110.5795440">
    <ele>2428.2</ele>
   </trkpt>
   <trkpt lat="43.7204170" lon="-110.5795440">
    <ele>2428.4</ele>
   </trkpt>
   <trkpt lat="43.7204000" lon="-110.5795520">
    <ele>2428.6</ele>
   </trkpt>
   <trkpt lat="43.7203770" lon="-110.5795530">
    <ele>2428.8</ele>
   </trkpt>
   <trkpt lat="43.7203540" lon="-110.5795680">
    <ele>2428.8</ele>
   </trkpt>
   <trkpt lat="43.7203320" lon="-110.5795760">
    <ele>2429.0</ele>
   </trkpt>
   <trkpt lat="43.7203130" lon="-110.5795900">
    <ele>2429.2</ele>
   </trkpt>
   <trkpt lat="43.7202940" lon="-110.5795980">
    <ele>2429.4</ele>
   </trkpt>
   <trkpt lat="43.7202750" lon="-110.5796060">
    <ele>2429.6</ele>
   </trkpt>
   <trkpt lat="43.7202560" lon="-110.5796130">
    <ele>2429.8</ele>
   </trkpt>
   <trkpt lat="43.7202410" lon="-110.5796210">
    <ele>2430.0</ele>
   </trkpt>
   <trkpt lat="43.7202250" lon="-110.5796290">
    <ele>2430.2</ele>
   </trkpt>
   <trkpt lat="43.7202060" lon="-110.5796440">
    <ele>2430.4</ele>
   </trkpt>
   <trkpt lat="43.7201870" lon="-110.5796510">
    <ele>2430.6</ele>
   </trkpt>
   <trkpt lat="43.7201710" lon="-110.5796590">
    <ele>2430.6</ele>
   </trkpt>
   <trkpt lat="43.7201490" lon="-110.5796670">
    <ele>2430.8</ele>
   </trkpt>
   <trkpt lat="43.7201300" lon="-110.5796740">
    <ele>2431.0</ele>
   </trkpt>
   <trkpt lat="43.7201110" lon="-110.5796740">
    <ele>2431.2</ele>
   </trkpt>
   <trkpt lat="43.7200910" lon="-110.5796810">
    <ele>2431.2</ele>
   </trkpt>
   <trkpt lat="43.7200690" lon="-110.5796820">
    <ele>2431.4</ele>
   </trkpt>
   <trkpt lat="43.7200530" lon="-110.5796890">
    <ele>2431.6</ele>
   </trkpt>
   <trkpt lat="43.7200340" lon="-110.5796900">
    <ele>2431.6</ele>
   </trkpt>
   <trkpt lat="43.7200110" lon="-110.5796980">
    <ele>2431.8</ele>
   </trkpt>
   <trkpt lat="43.7199840" lon="-110.5797120">
    <ele>2432.0</ele>
   </trkpt>
   <trkpt lat="43.7199570" lon="-110.5797200">
    <ele>2432.0</ele>
   </trkpt>
   <trkpt lat="43.7199310" lon="-110.5797280">
    <ele>2432.0</ele>
   </trkpt>
   <trkpt lat="43.7199040" lon="-110.5797360">
    <ele>2432.2</ele>
   </trkpt>
   <trkpt lat="43.7198810" lon="-110.5797510">
    <ele>2432.2</ele>
   </trkpt>
   <trkpt lat="43.7198550" lon="-110.5797660">
    <ele>2432.4</ele>
   </trkpt>
   <trkpt lat="43.7198280" lon="-110.5797820">
    <ele>2432.4</ele>
   </trkpt>
   <trkpt lat="43.7198090" lon="-110.5797970">
    <ele>2432.6</ele>
   </trkpt>
   <trkpt lat="43.7197900" lon="-110.5798200">
    <ele>2432.6</ele>
   </trkpt>
   <trkpt lat="43.7197680" lon="-110.5798350">
    <ele>2432.8</ele>
   </trkpt>
   <trkpt lat="43.7197520" lon="-110.5798500">
    <ele>2433.0</ele>
   </trkpt>
   <trkpt lat="43.7197410" lon="-110.5798650">
    <ele>2433.2</ele>
   </trkpt>
   <trkpt lat="43.7197300" lon="-110.5798810">
    <ele>2433.4</ele>
   </trkpt>
   <trkpt lat="43.7197180" lon="-110.5798950">
    <ele>2433.6</ele>
   </trkpt>
   <trkpt lat="43.7197070" lon="-110.5799040">
    <ele>2433.8</ele>
   </trkpt>
   <trkpt lat="43.7196990" lon="-110.5799190">
    <ele>2434.2</ele>
   </trkpt>
   <trkpt lat="43.7196880" lon="-110.5799350">
    <ele>2434.4</ele>
   </trkpt>
   <trkpt lat="43.7196760" lon="-110.5799570">
    <ele>2434.6</ele>
   </trkpt>
   <trkpt lat="43.7196650" lon="-110.5799650">
    <ele>2434.8</ele>
   </trkpt>
   <trkpt lat="43.7196570" lon="-110.5799800">
    <ele>2435.0</ele>
   </trkpt>
   <trkpt lat="43.7196460" lon="-110.5800020">
    <ele>2435.2</ele>
   </trkpt>
   <trkpt lat="43.7196380" lon="-110.5800100">
    <ele>2435.4</ele>
   </trkpt>
   <trkpt lat="43.7196270" lon="-110.5800250">
    <ele>2435.6</ele>
   </trkpt>
   <trkpt lat="43.7196150" lon="-110.5800340">
    <ele>2435.8</ele>
   </trkpt>
   <trkpt lat="43.7196040" lon="-110.5800570">
    <ele>2436.0</ele>
   </trkpt>
   <trkpt lat="43.7195880" lon="-110.5800790">
    <ele>2436.2</ele>
   </trkpt>
   <trkpt lat="43.7195730" lon="-110.5800940">
    <ele>2436.6</ele>
   </trkpt>
   <trkpt lat="43.7195540" lon="-110.5801100">
    <ele>2436.6</ele>
   </trkpt>
   <trkpt lat="43.7195380" lon="-110.5801250">
    <ele>2436.8</ele>
   </trkpt>
   <trkpt lat="43.7195200" lon="-110.5801400">
    <ele>2437.0</ele>
   </trkpt>
   <trkpt lat="43.7195080" lon="-110.5801550">
    <ele>2437.2</ele>
   </trkpt>
   <trkpt lat="43.7194970" lon="-110.5801630">
    <ele>2437.4</ele>
   </trkpt>
   <trkpt lat="43.7194810" lon="-110.5801710">
    <ele>2437.6</ele>
   </trkpt>
   <trkpt lat="43.7194620" lon="-110.5801870">
    <ele>2437.8</ele>
   </trkpt>
   <trkpt lat="43.7194430" lon="-110.5802170">
    <ele>2438.0</ele>
   </trkpt>
   <trkpt lat="43.7194280" lon="-110.5802390">
    <ele>2438.2</ele>
   </trkpt>
   <trkpt lat="43.7194100" lon="-110.5802540">
    <ele>2438.4</ele>
   </trkpt>
   <trkpt lat="43.7194060" lon="-110.5802610">
    <ele>2438.6</ele>
   </trkpt>
   <trkpt lat="43.7193980" lon="-110.5802610">
    <ele>2438.8</ele>
   </trkpt>
   <trkpt lat="43.7193940" lon="-110.5802620">
    <ele>2439.0</ele>
   </trkpt>
   <trkpt lat="43.7193900" lon="-110.5802690">
    <ele>2439.0</ele>
   </trkpt>
   <trkpt lat="43.7193830" lon="-110.5802770">
    <ele>2439.2</ele>
   </trkpt>
   <trkpt lat="43.7193710" lon="-110.5802930">
    <ele>2439.4</ele>
   </trkpt>
   <trkpt lat="43.7193510" lon="-110.5803170">
    <ele>2439.4</ele>
   </trkpt>
   <trkpt lat="43.7193280" lon="-110.5803470">
    <ele>2439.6</ele>
   </trkpt>
   <trkpt lat="43.7193060" lon="-110.5803690">
    <ele>2439.6</ele>
   </trkpt>
   <trkpt lat="43.7192910" lon="-110.5803920">
    <ele>2439.8</ele>
   </trkpt>
   <trkpt lat="43.7192760" lon="-110.5804080">
    <ele>2439.8</ele>
   </trkpt>
   <trkpt lat="43.7192640" lon="-110.5804310">
    <ele>2440.0</ele>
   </trkpt>
   <trkpt lat="43.7192450" lon="-110.5804610">
    <ele>2440.0</ele>
   </trkpt>
   <trkpt lat="43.7192260" lon="-110.5804840">
    <ele>2440.0</ele>
   </trkpt>
   <trkpt lat="43.7192070" lon="-110.5805150">
    <ele>2440.2</ele>
   </trkpt>
   <trkpt lat="43.7191910" lon="-110.5805380">
    <ele>2440.4</ele>
   </trkpt>
   <trkpt lat="43.7191720" lon="-110.5805680">
    <ele>2440.4</ele>
   </trkpt>
   <trkpt lat="43.7191530" lon="-110.5805990">
    <ele>2440.4</ele>
   </trkpt>
   <trkpt lat="43.7191300" lon="-110.5806380">
    <ele>2440.6</ele>
   </trkpt>
   <trkpt lat="43.7191150" lon="-110.5806750">
    <ele>2440.8</ele>
   </trkpt>
   <trkpt lat="43.7191040" lon="-110.5807050">
    <ele>2440.8</ele>
   </trkpt>
   <trkpt lat="43.7190960" lon="-110.5807290">
    <ele>2441.0</ele>
   </trkpt>
   <trkpt lat="43.7190850" lon="-110.5807590">
    <ele>2441.2</ele>
   </trkpt>
   <trkpt lat="43.7190810" lon="-110.5807890">
    <ele>2441.4</ele>
   </trkpt>
   <trkpt lat="43.7190690" lon="-110.5808200">
    <ele>2441.6</ele>
   </trkpt>
   <trkpt lat="43.7190550" lon="-110.5808500">
    <ele>2441.8</ele>
   </trkpt>
   <trkpt lat="43.7190470" lon="-110.5808730">
    <ele>2442.0</ele>
   </trkpt>
   <trkpt lat="43.7190390" lon="-110.5808960">
    <ele>2442.2</ele>
   </trkpt>
   <trkpt lat="43.7190320" lon="-110.5809110">
    <ele>2442.4</ele>
   </trkpt>
   <trkpt lat="43.7190200" lon="-110.5809270">
    <ele>2442.6</ele>
   </trkpt>
   <trkpt lat="43.7190090" lon="-110.5809480">
    <ele>2442.8</ele>
   </trkpt>
   <trkpt lat="43.7190090" lon="-110.5809480">
    <ele>2443.0</ele>
   </trkpt>
   <trkpt lat="43.7190050" lon="-110.5809560">
    <ele>2443.2</ele>
   </trkpt>
   <trkpt lat="43.7189970" lon="-110.5809640">
    <ele>2443.2</ele>
   </trkpt>
   <trkpt lat="43.7189820" lon="-110.5809800">
    <ele>2443.4</ele>
   </trkpt>
   <trkpt lat="43.7189710" lon="-110.5810020">
    <ele>2443.6</ele>
   </trkpt>
   <trkpt lat="43.7189630" lon="-110.5810100">
    <ele>2443.8</ele>
   </trkpt>
   <trkpt lat="43.7189590" lon="-110.5810250">
    <ele>2444.0</ele>
   </trkpt>
   <trkpt lat="43.7189480" lon="-110.5810320">
    <ele>2444.2</ele>
   </trkpt>
   <trkpt lat="43.7189360" lon="-110.5810400">
    <ele>2444.4</ele>
   </trkpt>
   <trkpt lat="43.7189210" lon="-110.5810560">
    <ele>2444.8</ele>
   </trkpt>
   <trkpt lat="43.7189100" lon="-110.5810790">
    <ele>2445.0</ele>
   </trkpt>
   <trkpt lat="43.7189020" lon="-110.5810940">
    <ele>2445.2</ele>
   </trkpt>
   <trkpt lat="43.7188950" lon="-110.5811090">
    <ele>2445.4</ele>
   </trkpt>
   <trkpt lat="43.7188910" lon="-110.5811240">
    <ele>2445.6</ele>
   </trkpt>
   <trkpt lat="43.7188830" lon="-110.5811320">
    <ele>2445.8</ele>
   </trkpt>
   <trkpt lat="43.7188750" lon="-110.5811550">
    <ele>2446.0</ele>
   </trkpt>
   <trkpt lat="43.7188630" lon="-110.5811780">
    <ele>2446.2</ele>
   </trkpt>
   <trkpt lat="43.7188440" lon="-110.5812000">
    <ele>2446.4</ele>
   </trkpt>
   <trkpt lat="43.7188300" lon="-110.5812080">
    <ele>2446.6</ele>
   </trkpt>
   <trkpt lat="43.7188300" lon="-110.5812150">
    <ele>2446.6</ele>
   </trkpt>
   <trkpt lat="43.7188260" lon="-110.5812150">
    <ele>2446.8</ele>
   </trkpt>
   <trkpt lat="43.7188140" lon="-110.5812240">
    <ele>2447.0</ele>
   </trkpt>
   <trkpt lat="43.7187990" lon="-110.5812460">
    <ele>2447.2</ele>
   </trkpt>
   <trkpt lat="43.7187840" lon="-110.5812540">
    <ele>2447.4</ele>
   </trkpt>
   <trkpt lat="43.7187720" lon="-110.5812690">
    <ele>2447.4</ele>
   </trkpt>
   <trkpt lat="43.7187650" lon="-110.5812840">
    <ele>2447.6</ele>
   </trkpt>
   <trkpt lat="43.7187570" lon="-110.5812930">
    <ele>2447.6</ele>
   </trkpt>
   <trkpt lat="43.7187490" lon="-110.5813150">
    <ele>2447.8</ele>
   </trkpt>
   <trkpt lat="43.7187380" lon="-110.5813300">
    <ele>2447.8</ele>
   </trkpt>
   <trkpt lat="43.7187260" lon="-110.5813460">
    <ele>2448.0</ele>
   </trkpt>
   <trkpt lat="43.7187140" lon="-110.5813620">
    <ele>2448.0</ele>
   </trkpt>
   <trkpt lat="43.7186960" lon="-110.5813920">
    <ele>2448.0</ele>
   </trkpt>
   <trkpt lat="43.7186810" lon="-110.5814150">
    <ele>2448.2</ele>
   </trkpt>
   <trkpt lat="43.7186690" lon="-110.5814370">
    <ele>2448.2</ele>
   </trkpt>
   <trkpt lat="43.7186540" lon="-110.5814520">
    <ele>2448.4</ele>
   </trkpt>
   <trkpt lat="43.7186420" lon="-110.5814680">
    <ele>2448.4</ele>
   </trkpt>
   <trkpt lat="43.7186270" lon="-110.5814920">
    <ele>2448.4</ele>
   </trkpt>
   <trkpt lat="43.7186120" lon="-110.5815220">
    <ele>2448.6</ele>
   </trkpt>
   <trkpt lat="43.7185960" lon="-110.5815520">
    <ele>2448.6</ele>
   </trkpt>
   <trkpt lat="43.7185810" lon="-110.5815750">
    <ele>2448.6</ele>
   </trkpt>
   <trkpt lat="43.7185700" lon="-110.5815980">
    <ele>2448.8</ele>
   </trkpt>
   <trkpt lat="43.7185590" lon="-110.5816210">
    <ele>2448.8</ele>
   </trkpt>
   <trkpt lat="43.7185510" lon="-110.5816510">
    <ele>2449.0</ele>
   </trkpt>
   <trkpt lat="43.7185400" lon="-110.5816750">
    <ele>2449.0</ele>
   </trkpt>
   <trkpt lat="43.7185320" lon="-110.5817050">
    <ele>2449.0</ele>
   </trkpt>
   <trkpt lat="43.7185160" lon="-110.5817280">
    <ele>2449.2</ele>
   </trkpt>
   <trkpt lat="43.7185020" lon="-110.5817500">
    <ele>2449.4</ele>
   </trkpt>
   <trkpt lat="43.7184980" lon="-110.5817730">
    <ele>2449.4</ele>
   </trkpt>
   <trkpt lat="43.7184900" lon="-110.5817880">
    <ele>2449.6</ele>
   </trkpt>
   <trkpt lat="43.7184860" lon="-110.5818040">
    <ele>2449.6</ele>
   </trkpt>
   <trkpt lat="43.7184790" lon="-110.5818260">
    <ele>2449.8</ele>
   </trkpt>
   <trkpt lat="43.7184750" lon="-110.5818420">
    <ele>2449.8</ele>
   </trkpt>
   <trkpt lat="43.7184710" lon="-110.5818640">
    <ele>2450.0</ele>
   </trkpt>
   <trkpt lat="43.7184590" lon="-110.5818800">
    <ele>2450.0</ele>
   </trkpt>
   <trkpt lat="43.7184480" lon="-110.5819030">
    <ele>2450.2</ele>
   </trkpt>
   <trkpt lat="43.7184360" lon="-110.5819260">
    <ele>2450.2</ele>
   </trkpt>
   <trkpt lat="43.7184250" lon="-110.5819400">
    <ele>2450.4</ele>
   </trkpt>
   <trkpt lat="43.7184170" lon="-110.5819480">
    <ele>2450.6</ele>
   </trkpt>
   <trkpt lat="43.7184060" lon="-110.5819640">
    <ele>2450.8</ele>
   </trkpt>
   <trkpt lat="43.7183990" lon="-110.5819790">
    <ele>2451.0</ele>
   </trkpt>
   <trkpt lat="43.7183940" lon="-110.5819950">
    <ele>2451.2</ele>
   </trkpt>
   <trkpt lat="43.7183830" lon="-110.5820180">
    <ele>2451.4</ele>
   </trkpt>
   <trkpt lat="43.7183760" lon="-110.5820400">
    <ele>2451.6</ele>
   </trkpt>
   <trkpt lat="43.7183690" lon="-110.5820640">
    <ele>2451.8</ele>
   </trkpt>
   <trkpt lat="43.7183680" lon="-110.5820940">
    <ele>2452.2</ele>
   </trkpt>
   <trkpt lat="43.7183600" lon="-110.5821170">
    <ele>2452.4</ele>
   </trkpt>
   <trkpt lat="43.7183530" lon="-110.5821470">
    <ele>2452.6</ele>
   </trkpt>
   <trkpt lat="43.7183450" lon="-110.5821620">
    <ele>2452.8</ele>
   </trkpt>
   <trkpt lat="43.7183410" lon="-110.5821770">
    <ele>2453.0</ele>
   </trkpt>
   <trkpt lat="43.7183300" lon="-110.5821850">
    <ele>2453.2</ele>
   </trkpt>
   <trkpt lat="43.7183260" lon="-110.5822010">
    <ele>2453.4</ele>
   </trkpt>
   <trkpt lat="43.7183150" lon="-110.5822230">
    <ele>2453.6</ele>
   </trkpt>
   <trkpt lat="43.7183070" lon="-110.5822390">
    <ele>2453.8</ele>
   </trkpt>
   <trkpt lat="43.7183030" lon="-110.5822610">
    <ele>2454.0</ele>
   </trkpt>
   <trkpt lat="43.7183000" lon="-110.5822760">
    <ele>2454.2</ele>
   </trkpt>
   <trkpt lat="43.7182960" lon="-110.5822920">
    <ele>2454.4</ele>
   </trkpt>
   <trkpt lat="43.7182870" lon="-110.5823060">
    <ele>2454.4</ele>
   </trkpt>
   <trkpt lat="43.7182720" lon="-110.5823150">
    <ele>2454.6</ele>
   </trkpt>
   <trkpt lat="43.7182600" lon="-110.5823300">
    <ele>2454.6</ele>
   </trkpt>
   <trkpt lat="43.7182410" lon="-110.5823450">
    <ele>2454.8</ele>
   </trkpt>
   <trkpt lat="43.7182230" lon="-110.5823520">
    <ele>2454.8</ele>
   </trkpt>
   <trkpt lat="43.7181990" lon="-110.5823600">
    <ele>2454.8</ele>
   </trkpt>
   <trkpt lat="43.7181760" lon="-110.5823670">
    <ele>2455.0</ele>
   </trkpt>
   <trkpt lat="43.7181530" lon="-110.5823750">
    <ele>2455.0</ele>
   </trkpt>
   <trkpt lat="43.7181310" lon="-110.5823750">
    <ele>2455.0</ele>
   </trkpt>
   <trkpt lat="43.7181160" lon="-110.5823750">
    <ele>2455.0</ele>
   </trkpt>
   <trkpt lat="43.7181010" lon="-110.5823830">
    <ele>2455.2</ele>
   </trkpt>
   <trkpt lat="43.7180890" lon="-110.5823900">
    <ele>2455.2</ele>
   </trkpt>
   <trkpt lat="43.7180780" lon="-110.5823980">
    <ele>2455.4</ele>
   </trkpt>
   <trkpt lat="43.7180710" lon="-110.5824060">
    <ele>2455.4</ele>
   </trkpt>
   <trkpt lat="43.7180670" lon="-110.5824220">
    <ele>2455.6</ele>
   </trkpt>
   <trkpt lat="43.7180630" lon="-110.5824450">
    <ele>2455.8</ele>
   </trkpt>
   <trkpt lat="43.7180600" lon="-110.5824680">
    <ele>2455.8</ele>
   </trkpt>
   <trkpt lat="43.7180670" lon="-110.5824910">
    <ele>2456.0</ele>
   </trkpt>
   <trkpt lat="43.7180710" lon="-110.5825140">
    <ele>2456.0</ele>
   </trkpt>
   <trkpt lat="43.7180750" lon="-110.5825360">
    <ele>2456.2</ele>
   </trkpt>
   <trkpt lat="43.7180750" lon="-110.5825590">
    <ele>2456.4</ele>
   </trkpt>
   <trkpt lat="43.7180790" lon="-110.5825750">
    <ele>2456.4</ele>
   </trkpt>
   <trkpt lat="43.7180780" lon="-110.5825970">
    <ele>2456.6</ele>
   </trkpt>
   <trkpt lat="43.7180750" lon="-110.5826120">
    <ele>2456.8</ele>
   </trkpt>
   <trkpt lat="43.7180740" lon="-110.5826200">
    <ele>2457.0</ele>
   </trkpt>
   <trkpt lat="43.7180630" lon="-110.5826350">
    <ele>2457.2</ele>
   </trkpt>
   <trkpt lat="43.7180550" lon="-110.5826510">
    <ele>2457.4</ele>
   </trkpt>
   <trkpt lat="43.7180430" lon="-110.5826730">
    <ele>2457.8</ele>
   </trkpt>
   <trkpt lat="43.7180320" lon="-110.5826810">
    <ele>2458.0</ele>
   </trkpt>
   <trkpt lat="43.7180240" lon="-110.5826950">
    <ele>2458.0</ele>
   </trkpt>
   <trkpt lat="43.7180130" lon="-110.5827030">
    <ele>2458.4</ele>
   </trkpt>
   <trkpt lat="43.7179980" lon="-110.5827110">
    <ele>2458.6</ele>
   </trkpt>
   <trkpt lat="43.7179860" lon="-110.5827190">
    <ele>2458.6</ele>
   </trkpt>
   <trkpt lat="43.7179700" lon="-110.5827340">
    <ele>2458.8</ele>
   </trkpt>
   <trkpt lat="43.7179520" lon="-110.5827410">
    <ele>2459.0</ele>
   </trkpt>
   <trkpt lat="43.7179360" lon="-110.5827480">
    <ele>2459.2</ele>
   </trkpt>
   <trkpt lat="43.7179170" lon="-110.5827490">
    <ele>2459.4</ele>
   </trkpt>
   <trkpt lat="43.7178980" lon="-110.5827570">
    <ele>2459.6</ele>
   </trkpt>
   <trkpt lat="43.7178790" lon="-110.5827720">
    <ele>2460.0</ele>
   </trkpt>
   <trkpt lat="43.7178640" lon="-110.5827790">
    <ele>2460.2</ele>
   </trkpt>
   <trkpt lat="43.7178440" lon="-110.5827880">
    <ele>2460.4</ele>
   </trkpt>
   <trkpt lat="43.7178260" lon="-110.5828020">
    <ele>2460.6</ele>
   </trkpt>
   <trkpt lat="43.7178110" lon="-110.5828030">
    <ele>2460.8</ele>
   </trkpt>
   <trkpt lat="43.7177950" lon="-110.5828170">
    <ele>2461.0</ele>
   </trkpt>
   <trkpt lat="43.7177800" lon="-110.5828180">
    <ele>2461.2</ele>
   </trkpt>
   <trkpt lat="43.7177610" lon="-110.5828330">
    <ele>2461.4</ele>
   </trkpt>
   <trkpt lat="43.7177460" lon="-110.5828410">
    <ele>2461.4</ele>
   </trkpt>
   <trkpt lat="43.7177300" lon="-110.5828480">
    <ele>2461.6</ele>
   </trkpt>
   <trkpt lat="43.7177150" lon="-110.5828560">
    <ele>2461.8</ele>
   </trkpt>
   <trkpt lat="43.7176960" lon="-110.5828720">
    <ele>2462.0</ele>
   </trkpt>
   <trkpt lat="43.7176770" lon="-110.5828940">
    <ele>2462.2</ele>
   </trkpt>
   <trkpt lat="43.7176580" lon="-110.5829020">
    <ele>2462.4</ele>
   </trkpt>
   <trkpt lat="43.7176430" lon="-110.5829170">
    <ele>2462.4</ele>
   </trkpt>
   <trkpt lat="43.7176270" lon="-110.5829320">
    <ele>2462.6</ele>
   </trkpt>
   <trkpt lat="43.7176120" lon="-110.5829400">
    <ele>2462.8</ele>
   </trkpt>
   <trkpt lat="43.7176010" lon="-110.5829550">
    <ele>2463.0</ele>
   </trkpt>
   <trkpt lat="43.7175860" lon="-110.5829630">
    <ele>2463.2</ele>
   </trkpt>
   <trkpt lat="43.7175710" lon="-110.5829780">
    <ele>2463.4</ele>
   </trkpt>
   <trkpt lat="43.7175590" lon="-110.5829860">
    <ele>2463.6</ele>
   </trkpt>
   <trkpt lat="43.7175440" lon="-110.5830000">
    <ele>2463.8</ele>
   </trkpt>
   <trkpt lat="43.7175320" lon="-110.5830090">
    <ele>2464.0</ele>
   </trkpt>
   <trkpt lat="43.7175170" lon="-110.5830230">
    <ele>2464.2</ele>
   </trkpt>
   <trkpt lat="43.7175020" lon="-110.5830320">
    <ele>2464.2</ele>
   </trkpt>
   <trkpt lat="43.7174910" lon="-110.5830460">
    <ele>2464.4</ele>
   </trkpt>
   <trkpt lat="43.7174790" lon="-110.5830540">
    <ele>2464.6</ele>
   </trkpt>
   <trkpt lat="43.7174680" lon="-110.5830620">
    <ele>2464.8</ele>
   </trkpt>
   <trkpt lat="43.7174560" lon="-110.5830770">
    <ele>2465.0</ele>
   </trkpt>
   <trkpt lat="43.7174410" lon="-110.5830930">
    <ele>2465.2</ele>
   </trkpt>
   <trkpt lat="43.7174290" lon="-110.5831150">
    <ele>2465.2</ele>
   </trkpt>
   <trkpt lat="43.7174140" lon="-110.5831300">
    <ele>2465.4</ele>
   </trkpt>
   <trkpt lat="43.7173990" lon="-110.5831380">
    <ele>2465.6</ele>
   </trkpt>
   <trkpt lat="43.7173880" lon="-110.5831460">
    <ele>2465.8</ele>
   </trkpt>
   <trkpt lat="43.7173760" lon="-110.5831610">
    <ele>2466.0</ele>
   </trkpt>
   <trkpt lat="43.7173610" lon="-110.5831680">
    <ele>2466.2</ele>
   </trkpt>
   <trkpt lat="43.7173450" lon="-110.5831760">
    <ele>2466.4</ele>
   </trkpt>
   <trkpt lat="43.7173300" lon="-110.5831840">
    <ele>2466.4</ele>
   </trkpt>
   <trkpt lat="43.7173150" lon="-110.5831990">
    <ele>2466.6</ele>
   </trkpt>
   <trkpt lat="43.7172950" lon="-110.5832070">
    <ele>2466.8</ele>
   </trkpt>
   <trkpt lat="43.7172760" lon="-110.5832220">
    <ele>2467.0</ele>
   </trkpt>
   <trkpt lat="43.7172580" lon="-110.5832290">
    <ele>2467.2</ele>
   </trkpt>
   <trkpt lat="43.7172420" lon="-110.5832370">
    <ele>2467.2</ele>
   </trkpt>
   <trkpt lat="43.7172190" lon="-110.5832450">
    <ele>2467.4</ele>
   </trkpt>
   <trkpt lat="43.7172040" lon="-110.5832520">
    <ele>2467.6</ele>
   </trkpt>
   <trkpt lat="43.7171850" lon="-110.5832520">
    <ele>2467.6</ele>
   </trkpt>
   <trkpt lat="43.7171660" lon="-110.5832600">
    <ele>2467.8</ele>
   </trkpt>
   <trkpt lat="43.7171470" lon="-110.5832750">
    <ele>2468.0</ele>
   </trkpt>
   <trkpt lat="43.7171280" lon="-110.5832830">
    <ele>2468.2</ele>
   </trkpt>
   <trkpt lat="43.7171090" lon="-110.5832910">
    <ele>2468.2</ele>
   </trkpt>
   <trkpt lat="43.7170930" lon="-110.5832980">
    <ele>2468.4</ele>
   </trkpt>
   <trkpt lat="43.7170780" lon="-110.5832980">
    <ele>2468.6</ele>
   </trkpt>
   <trkpt lat="43.7170590" lon="-110.5833060">
    <ele>2468.8</ele>
   </trkpt>
   <trkpt lat="43.7170400" lon="-110.5833140">
    <ele>2468.8</ele>
   </trkpt>
   <trkpt lat="43.7170240" lon="-110.5833210">
    <ele>2469.0</ele>
   </trkpt>
   <trkpt lat="43.7170060" lon="-110.5833290">
    <ele>2469.2</ele>
   </trkpt>
   <trkpt lat="43.7169870" lon="-110.5833370">
    <ele>2469.4</ele>
   </trkpt>
   <trkpt lat="43.7169710" lon="-110.5833520">
    <ele>2469.4</ele>
   </trkpt>
   <trkpt lat="43.7169520" lon="-110.5833600">
    <ele>2469.6</ele>
   </trkpt>
   <trkpt lat="43.7169330" lon="-110.5833750">
    <ele>2469.8</ele>
   </trkpt>
   <trkpt lat="43.7169180" lon="-110.5833820">
    <ele>2470.0</ele>
   </trkpt>
   <trkpt lat="43.7169030" lon="-110.5833820">
    <ele>2470.0</ele>
   </trkpt>
   <trkpt lat="43.7168880" lon="-110.5833900">
    <ele>2470.2</ele>
   </trkpt>
   <trkpt lat="43.7168740" lon="-110.5833970">
    <ele>2470.4</ele>
   </trkpt>
   <trkpt lat="43.7168610" lon="-110.5834050">
    <ele>2470.6</ele>
   </trkpt>
   <trkpt lat="43.7168490" lon="-110.5834130">
    <ele>2470.6</ele>
   </trkpt>
   <trkpt lat="43.7168320" lon="-110.5834290">
    <ele>2470.8</ele>
   </trkpt>
   <trkpt lat="43.7168150" lon="-110.5834430">
    <ele>2471.0</ele>
   </trkpt>
   <trkpt lat="43.7168000" lon="-110.5834500">
    <ele>2471.2</ele>
   </trkpt>
   <trkpt lat="43.7167840" lon="-110.5834510">
    <ele>2471.2</ele>
   </trkpt>
   <trkpt lat="43.7167690" lon="-110.5834590">
    <ele>2471.4</ele>
   </trkpt>
   <trkpt lat="43.7167500" lon="-110.5834660">
    <ele>2471.6</ele>
   </trkpt>
   <trkpt lat="43.7167310" lon="-110.5834740">
    <ele>2471.6</ele>
   </trkpt>
   <trkpt lat="43.7167120" lon="-110.5834810">
    <ele>2471.8</ele>
   </trkpt>
   <trkpt lat="43.7166940" lon="-110.5834890">
    <ele>2471.8</ele>
   </trkpt>
   <trkpt lat="43.7166770" lon="-110.5834970">
    <ele>2472.0</ele>
   </trkpt>
   <trkpt lat="43.7166580" lon="-110.5835040">
    <ele>2472.0</ele>
   </trkpt>
   <trkpt lat="43.7166390" lon="-110.5835040">
    <ele>2472.2</ele>
   </trkpt>
   <trkpt lat="43.7166160" lon="-110.5835040">
    <ele>2472.4</ele>
   </trkpt>
   <trkpt lat="43.7165970" lon="-110.5835040">
    <ele>2472.4</ele>
   </trkpt>
   <trkpt lat="43.7165740" lon="-110.5835040">
    <ele>2472.6</ele>
   </trkpt>
   <trkpt lat="43.7165550" lon="-110.5835030">
    <ele>2472.8</ele>
   </trkpt>
   <trkpt lat="43.7165320" lon="-110.5834960">
    <ele>2473.0</ele>
   </trkpt>
   <trkpt lat="43.7165090" lon="-110.5834880">
    <ele>2473.2</ele>
   </trkpt>
   <trkpt lat="43.7164900" lon="-110.5834800">
    <ele>2473.2</ele>
   </trkpt>
   <trkpt lat="43.7164670" lon="-110.5834720">
    <ele>2473.4</ele>
   </trkpt>
   <trkpt lat="43.7164480" lon="-110.5834570">
    <ele>2473.6</ele>
   </trkpt>
   <trkpt lat="43.7164290" lon="-110.5834490">
    <ele>2473.8</ele>
   </trkpt>
   <trkpt lat="43.7164100" lon="-110.5834260">
    <ele>2474.0</ele>
   </trkpt>
   <trkpt lat="43.7163950" lon="-110.5834110">
    <ele>2474.0</ele>
   </trkpt>
   <trkpt lat="43.7163760" lon="-110.5833960">
    <ele>2474.2</ele>
   </trkpt>
   <trkpt lat="43.7163530" lon="-110.5833890">
    <ele>2474.2</ele>
   </trkpt>
   <trkpt lat="43.7163300" lon="-110.5833810">
    <ele>2474.4</ele>
   </trkpt>
   <trkpt lat="43.7163070" lon="-110.5833730">
    <ele>2474.6</ele>
   </trkpt>
   <trkpt lat="43.7162840" lon="-110.5833660">
    <ele>2474.6</ele>
   </trkpt>
   <trkpt lat="43.7162660" lon="-110.5833590">
    <ele>2474.8</ele>
   </trkpt>
   <trkpt lat="43.7162460" lon="-110.5833580">
    <ele>2474.8</ele>
   </trkpt>
   <trkpt lat="43.7162230" lon="-110.5833550">
    <ele>2475.0</ele>
   </trkpt>
   <trkpt lat="43.7162010" lon="-110.5833510">
    <ele>2475.0</ele>
   </trkpt>
   <trkpt lat="43.7161810" lon="-110.5833430">
    <ele>2475.2</ele>
   </trkpt>
   <trkpt lat="43.7161580" lon="-110.5833430">
    <ele>2475.2</ele>
   </trkpt>
   <trkpt lat="43.7161360" lon="-110.5833440">
    <ele>2475.4</ele>
   </trkpt>
   <trkpt lat="43.7161170" lon="-110.5833510">
    <ele>2475.6</ele>
   </trkpt>
   <trkpt lat="43.7160980" lon="-110.5833510">
    <ele>2475.6</ele>
   </trkpt>
   <trkpt lat="43.7160860" lon="-110.5833510">
    <ele>2475.8</ele>
   </trkpt>
   <trkpt lat="43.7160670" lon="-110.5833510">
    <ele>2476.0</ele>
   </trkpt>
   <trkpt lat="43.7160520" lon="-110.5833520">
    <ele>2476.2</ele>
   </trkpt>
   <trkpt lat="43.7160290" lon="-110.5833590">
    <ele>2476.4</ele>
   </trkpt>
   <trkpt lat="43.7160140" lon="-110.5833590">
    <ele>2476.6</ele>
   </trkpt>
   <trkpt lat="43.7160000" lon="-110.5833660">
    <ele>2476.8</ele>
   </trkpt>
   <trkpt lat="43.7159800" lon="-110.5833670">
    <ele>2477.0</ele>
   </trkpt>
   <trkpt lat="43.7159640" lon="-110.5833740">
    <ele>2477.2</ele>
   </trkpt>
   <trkpt lat="43.7159490" lon="-110.5833820">
    <ele>2477.4</ele>
   </trkpt>
   <trkpt lat="43.7159380" lon="-110.5833900">
    <ele>2477.6</ele>
   </trkpt>
   <trkpt lat="43.7159260" lon="-110.5833970">
    <ele>2477.8</ele>
   </trkpt>
   <trkpt lat="43.7159110" lon="-110.5834050">
    <ele>2478.0</ele>
   </trkpt>
   <trkpt lat="43.7158960" lon="-110.5834120">
    <ele>2478.2</ele>
   </trkpt>
   <trkpt lat="43.7158810" lon="-110.5834210">
    <ele>2478.4</ele>
   </trkpt>
   <trkpt lat="43.7158690" lon="-110.5834360">
    <ele>2478.6</ele>
   </trkpt>
   <trkpt lat="43.7158540" lon="-110.5834430">
    <ele>2479.0</ele>
   </trkpt>
   <trkpt lat="43.7158430" lon="-110.5834510">
    <ele>2479.2</ele>
   </trkpt>
   <trkpt lat="43.7158310" lon="-110.5834580">
    <ele>2479.4</ele>
   </trkpt>
   <trkpt lat="43.7158240" lon="-110.5834660">
    <ele>2479.6</ele>
   </trkpt>
   <trkpt lat="43.7158120" lon="-110.5834740">
    <ele>2480.0</ele>
   </trkpt>
   <trkpt lat="43.7158040" lon="-110.5834890">
    <ele>2480.2</ele>
   </trkpt>
   <trkpt lat="43.7157930" lon="-110.5835040">
    <ele>2480.4</ele>
   </trkpt>
   <trkpt lat="43.7157780" lon="-110.5835120">
    <ele>2480.6</ele>
   </trkpt>
   <trkpt lat="43.7157660" lon="-110.5835200">
    <ele>2480.8</ele>
   </trkpt>
   <trkpt lat="43.7157550" lon="-110.5835350">
    <ele>2481.0</ele>
   </trkpt>
   <trkpt lat="43.7157430" lon="-110.5835500">
    <ele>2481.2</ele>
   </trkpt>
   <trkpt lat="43.7157280" lon="-110.5835580">
    <ele>2481.4</ele>
   </trkpt>
   <trkpt lat="43.7157170" lon="-110.5835730">
    <ele>2481.6</ele>
   </trkpt>
   <trkpt lat="43.7157060" lon="-110.5835880">
    <ele>2481.8</ele>
   </trkpt>
   <trkpt lat="43.7156980" lon="-110.5835960">
    <ele>2482.0</ele>
   </trkpt>
   <trkpt lat="43.7156860" lon="-110.5836110">
    <ele>2482.2</ele>
   </trkpt>
   <trkpt lat="43.7156750" lon="-110.5836260">
    <ele>2482.4</ele>
   </trkpt>
   <trkpt lat="43.7156600" lon="-110.5836350">
    <ele>2482.6</ele>
   </trkpt>
   <trkpt lat="43.7156480" lon="-110.5836570">
    <ele>2482.8</ele>
   </trkpt>
   <trkpt lat="43.7156330" lon="-110.5836790">
    <ele>2483.0</ele>
   </trkpt>
   <trkpt lat="43.7156180" lon="-110.5836950">
    <ele>2483.2</ele>
   </trkpt>
   <trkpt lat="43.7156060" lon="-110.5837100">
    <ele>2483.4</ele>
   </trkpt>
   <trkpt lat="43.7155910" lon="-110.5837250">
    <ele>2483.4</ele>
   </trkpt>
   <trkpt lat="43.7155760" lon="-110.5837400">
    <ele>2483.6</ele>
   </trkpt>
   <trkpt lat="43.7155610" lon="-110.5837560">
    <ele>2483.8</ele>
   </trkpt>
   <trkpt lat="43.7155450" lon="-110.5837710">
    <ele>2484.0</ele>
   </trkpt>
   <trkpt lat="43.7155300" lon="-110.5837940">
    <ele>2484.2</ele>
   </trkpt>
   <trkpt lat="43.7155190" lon="-110.5838090">
    <ele>2484.4</ele>
   </trkpt>
   <trkpt lat="43.7155040" lon="-110.5838240">
    <ele>2484.6</ele>
   </trkpt>
   <trkpt lat="43.7154920" lon="-110.5838400">
    <ele>2484.6</ele>
   </trkpt>
   <trkpt lat="43.7154770" lon="-110.5838470">
    <ele>2484.8</ele>
   </trkpt>
   <trkpt lat="43.7154650" lon="-110.5838630">
    <ele>2485.0</ele>
   </trkpt>
   <trkpt lat="43.7154500" lon="-110.5838780">
    <ele>2485.2</ele>
   </trkpt>
   <trkpt lat="43.7154350" lon="-110.5838930">
    <ele>2485.2</ele>
   </trkpt>
   <trkpt lat="43.7154230" lon="-110.5839090">
    <ele>2485.4</ele>
   </trkpt>
   <trkpt lat="43.7154150" lon="-110.5839240">
    <ele>2485.6</ele>
   </trkpt>
   <trkpt lat="43.7154040" lon="-110.5839320">
    <ele>2485.8</ele>
   </trkpt>
   <trkpt lat="43.7153960" lon="-110.5839470">
    <ele>2486.0</ele>
   </trkpt>
   <trkpt lat="43.7153810" lon="-110.5839620">
    <ele>2486.2</ele>
   </trkpt>
   <trkpt lat="43.7153690" lon="-110.5839780">
    <ele>2486.2</ele>
   </trkpt>
   <trkpt lat="43.7153580" lon="-110.5839920">
    <ele>2486.4</ele>
   </trkpt>
   <trkpt lat="43.7153500" lon="-110.5840010">
    <ele>2486.6</ele>
   </trkpt>
   <trkpt lat="43.7153390" lon="-110.5840160">
    <ele>2486.8</ele>
   </trkpt>
   <trkpt lat="43.7153280" lon="-110.5840310">
    <ele>2487.0</ele>
   </trkpt>
   <trkpt lat="43.7153240" lon="-110.5840390">
    <ele>2487.0</ele>
   </trkpt>
   <trkpt lat="43.7153160" lon="-110.5840540">
    <ele>2487.2</ele>
   </trkpt>
   <trkpt lat="43.7153050" lon="-110.5840610">
    <ele>2487.4</ele>
   </trkpt>
   <trkpt lat="43.7152930" lon="-110.5840690">
    <ele>2487.6</ele>
   </trkpt>
   <trkpt lat="43.7152820" lon="-110.5840850">
    <ele>2487.8</ele>
   </trkpt>
   <trkpt lat="43.7152700" lon="-110.5841070">
    <ele>2488.0</ele>
   </trkpt>
   <trkpt lat="43.7152590" lon="-110.5841230">
    <ele>2488.2</ele>
   </trkpt>
   <trkpt lat="43.7152440" lon="-110.5841370">
    <ele>2488.4</ele>
   </trkpt>
   <trkpt lat="43.7152360" lon="-110.5841450">
    <ele>2488.6</ele>
   </trkpt>
   <trkpt lat="43.7152290" lon="-110.5841530">
    <ele>2488.8</ele>
   </trkpt>
   <trkpt lat="43.7152250" lon="-110.5841610">
    <ele>2489.0</ele>
   </trkpt>
   <trkpt lat="43.7152170" lon="-110.5841760">
    <ele>2489.2</ele>
   </trkpt>
   <trkpt lat="43.7152090" lon="-110.5841910">
    <ele>2489.4</ele>
   </trkpt>
   <trkpt lat="43.7151970" lon="-110.5842070">
    <ele>2489.6</ele>
   </trkpt>
   <trkpt lat="43.7151820" lon="-110.5842210">
    <ele>2489.8</ele>
   </trkpt>
   <trkpt lat="43.7151670" lon="-110.5842300">
    <ele>2490.0</ele>
   </trkpt>
   <trkpt lat="43.7151520" lon="-110.5842440">
    <ele>2490.2</ele>
   </trkpt>
   <trkpt lat="43.7151370" lon="-110.5842520">
    <ele>2490.4</ele>
   </trkpt>
   <trkpt lat="43.7151210" lon="-110.5842670">
    <ele>2490.4</ele>
   </trkpt>
   <trkpt lat="43.7151060" lon="-110.5842750">
    <ele>2490.6</ele>
   </trkpt>
   <trkpt lat="43.7150910" lon="-110.5842900">
    <ele>2490.8</ele>
   </trkpt>
   <trkpt lat="43.7150750" lon="-110.5843050">
    <ele>2491.0</ele>
   </trkpt>
   <trkpt lat="43.7150600" lon="-110.5843130">
    <ele>2491.0</ele>
   </trkpt>
   <trkpt lat="43.7150450" lon="-110.5843200">
    <ele>2491.2</ele>
   </trkpt>
   <trkpt lat="43.7150260" lon="-110.5843210">
    <ele>2491.4</ele>
   </trkpt>
   <trkpt lat="43.7150110" lon="-110.5843280">
    <ele>2491.6</ele>
   </trkpt>
   <trkpt lat="43.7149950" lon="-110.5843350">
    <ele>2491.8</ele>
   </trkpt>
   <trkpt lat="43.7149770" lon="-110.5843360">
    <ele>2491.8</ele>
   </trkpt>
   <trkpt lat="43.7149650" lon="-110.5843430">
    <ele>2492.0</ele>
   </trkpt>
   <trkpt lat="43.7149500" lon="-110.5843430">
    <ele>2492.4</ele>
   </trkpt>
   <trkpt lat="43.7149340" lon="-110.5843430">
    <ele>2492.6</ele>
   </trkpt>
   <trkpt lat="43.7149190" lon="-110.5843510">
    <ele>2492.6</ele>
   </trkpt>
   <trkpt lat="43.7149040" lon="-110.5843580">
    <ele>2492.8</ele>
   </trkpt>
   <trkpt lat="43.7148880" lon="-110.5843590">
    <ele>2493.0</ele>
   </trkpt>
   <trkpt lat="43.7148730" lon="-110.5843660">
    <ele>2493.0</ele>
   </trkpt>
   <trkpt lat="43.7148580" lon="-110.5843660">
    <ele>2493.2</ele>
   </trkpt>
   <trkpt lat="43.7148430" lon="-110.5843730">
    <ele>2493.4</ele>
   </trkpt>
   <trkpt lat="43.7148270" lon="-110.5843730">
    <ele>2493.6</ele>
   </trkpt>
   <trkpt lat="43.7148080" lon="-110.5843730">
    <ele>2493.6</ele>
   </trkpt>
   <trkpt lat="43.7147930" lon="-110.5843740">
    <ele>2493.8</ele>
   </trkpt>
   <trkpt lat="43.7147780" lon="-110.5843810">
    <ele>2494.0</ele>
   </trkpt>
   <trkpt lat="43.7147630" lon="-110.5843810">
    <ele>2494.0</ele>
   </trkpt>
   <trkpt lat="43.7147470" lon="-110.5843810">
    <ele>2494.2</ele>
   </trkpt>
   <trkpt lat="43.7147280" lon="-110.5843810">
    <ele>2494.2</ele>
   </trkpt>
   <trkpt lat="43.7147130" lon="-110.5843820">
    <ele>2494.4</ele>
   </trkpt>
   <trkpt lat="43.7146940" lon="-110.5843890">
    <ele>2494.6</ele>
   </trkpt>
   <trkpt lat="43.7146790" lon="-110.5843890">
    <ele>2494.6</ele>
   </trkpt>
   <trkpt lat="43.7146630" lon="-110.5843890">
    <ele>2494.8</ele>
   </trkpt>
   <trkpt lat="43.7146440" lon="-110.5843890">
    <ele>2495.0</ele>
   </trkpt>
   <trkpt lat="43.7146290" lon="-110.5843890">
    <ele>2495.0</ele>
   </trkpt>
   <trkpt lat="43.7146140" lon="-110.5843970">
    <ele>2495.2</ele>
   </trkpt>
   <trkpt lat="43.7145990" lon="-110.5844040">
    <ele>2495.4</ele>
   </trkpt>
   <trkpt lat="43.7145830" lon="-110.5844040">
    <ele>2495.6</ele>
   </trkpt>
   <trkpt lat="43.7145680" lon="-110.5844040">
    <ele>2495.8</ele>
   </trkpt>
   <trkpt lat="43.7145490" lon="-110.5844040">
    <ele>2496.0</ele>
   </trkpt>
   <trkpt lat="43.7145340" lon="-110.5844120">
    <ele>2496.2</ele>
   </trkpt>
   <trkpt lat="43.7145190" lon="-110.5844120">
    <ele>2496.2</ele>
   </trkpt>
   <trkpt lat="43.7145030" lon="-110.5844120">
    <ele>2496.4</ele>
   </trkpt>
   <trkpt lat="43.7144880" lon="-110.5844190">
    <ele>2496.4</ele>
   </trkpt>
   <trkpt lat="43.7144690" lon="-110.5844200">
    <ele>2496.6</ele>
   </trkpt>
   <trkpt lat="43.7144530" lon="-110.5844270">
    <ele>2496.8</ele>
   </trkpt>
   <trkpt lat="43.7144340" lon="-110.5844270">
    <ele>2496.8</ele>
   </trkpt>
   <trkpt lat="43.7144190" lon="-110.5844270">
    <ele>2496.8</ele>
   </trkpt>
   <trkpt lat="43.7144040" lon="-110.5844340">
    <ele>2497.0</ele>
   </trkpt>
   <trkpt lat="43.7143850" lon="-110.5844270">
    <ele>2497.0</ele>
   </trkpt>
   <trkpt lat="43.7143650" lon="-110.5844270">
    <ele>2497.0</ele>
   </trkpt>
   <trkpt lat="43.7143460" lon="-110.5844260">
    <ele>2497.0</ele>
   </trkpt>
   <trkpt lat="43.7143240" lon="-110.5844190">
    <ele>2497.2</ele>
   </trkpt>
   <trkpt lat="43.7143040" lon="-110.5844110">
    <ele>2497.2</ele>
   </trkpt>
   <trkpt lat="43.7142810" lon="-110.5844030">
    <ele>2497.2</ele>
   </trkpt>
   <trkpt lat="43.7142550" lon="-110.5843890">
    <ele>2497.2</ele>
   </trkpt>
   <trkpt lat="43.7142320" lon="-110.5843880">
    <ele>2497.4</ele>
   </trkpt>
   <trkpt lat="43.7142090" lon="-110.5843810">
    <ele>2497.4</ele>
   </trkpt>
   <trkpt lat="43.7141900" lon="-110.5843730">
    <ele>2497.4</ele>
   </trkpt>
   <trkpt lat="43.7141710" lon="-110.5843650">
    <ele>2497.6</ele>
   </trkpt>
   <trkpt lat="43.7141440" lon="-110.5843580">
    <ele>2497.6</ele>
   </trkpt>
   <trkpt lat="43.7141250" lon="-110.5843580">
    <ele>2497.6</ele>
   </trkpt>
   <trkpt lat="43.7141020" lon="-110.5843500">
    <ele>2497.6</ele>
   </trkpt>
   <trkpt lat="43.7140830" lon="-110.5843420">
    <ele>2497.8</ele>
   </trkpt>
   <trkpt lat="43.7140610" lon="-110.5843350">
    <ele>2498.0</ele>
   </trkpt>
   <trkpt lat="43.7140450" lon="-110.5843270">
    <ele>2498.0</ele>
   </trkpt>
   <trkpt lat="43.7140260" lon="-110.5843200">
    <ele>2498.2</ele>
   </trkpt>
   <trkpt lat="43.7140070" lon="-110.5843120">
    <ele>2498.4</ele>
   </trkpt>
   <trkpt lat="43.7139920" lon="-110.5843040">
    <ele>2498.6</ele>
   </trkpt>
   <trkpt lat="43.7139730" lon="-110.5842960">
    <ele>2498.6</ele>
   </trkpt>
   <trkpt lat="43.7139540" lon="-110.5842820">
    <ele>2498.8</ele>
   </trkpt>
   <trkpt lat="43.7139350" lon="-110.5842810">
    <ele>2499.0</ele>
   </trkpt>
   <trkpt lat="43.7139160" lon="-110.5842740">
    <ele>2499.2</ele>
   </trkpt>
   <trkpt lat="43.7139000" lon="-110.5842660">
    <ele>2499.2</ele>
   </trkpt>
   <trkpt lat="43.7138770" lon="-110.5842600">
    <ele>2499.4</ele>
   </trkpt>
   <trkpt lat="43.7138580" lon="-110.5842670">
    <ele>2499.6</ele>
   </trkpt>
   <trkpt lat="43.7138390" lon="-110.5842670">
    <ele>2499.6</ele>
   </trkpt>
   <trkpt lat="43.7138200" lon="-110.5842740">
    <ele>2499.8</ele>
   </trkpt>
   <trkpt lat="43.7138010" lon="-110.5842670">
    <ele>2500.0</ele>
   </trkpt>
   <trkpt lat="43.7137780" lon="-110.5842660">
    <ele>2500.2</ele>
   </trkpt>
   <trkpt lat="43.7137600" lon="-110.5842590">
    <ele>2500.2</ele>
   </trkpt>
   <trkpt lat="43.7137440" lon="-110.5842520">
    <ele>2500.4</ele>
   </trkpt>
   <trkpt lat="43.7137290" lon="-110.5842590">
    <ele>2500.6</ele>
   </trkpt>
   <trkpt lat="43.7137130" lon="-110.5842590">
    <ele>2500.6</ele>
   </trkpt>
   <trkpt lat="43.7136940" lon="-110.5842510">
    <ele>2500.8</ele>
   </trkpt>
   <trkpt lat="43.7136750" lon="-110.5842510">
    <ele>2500.8</ele>
   </trkpt>
   <trkpt lat="43.7136530" lon="-110.5842510">
    <ele>2501.0</ele>
   </trkpt>
   <trkpt lat="43.7136370" lon="-110.5842510">
    <ele>2501.0</ele>
   </trkpt>
   <trkpt lat="43.7136180" lon="-110.5842510">
    <ele>2501.2</ele>
   </trkpt>
   <trkpt lat="43.7135990" lon="-110.5842510">
    <ele>2501.2</ele>
   </trkpt>
   <trkpt lat="43.7135760" lon="-110.5842510">
    <ele>2501.4</ele>
   </trkpt>
   <trkpt lat="43.7135570" lon="-110.5842520">
    <ele>2501.4</ele>
   </trkpt>
   <trkpt lat="43.7135300" lon="-110.5842590">
    <ele>2501.6</ele>
   </trkpt>
   <trkpt lat="43.7135070" lon="-110.5842590">
    <ele>2501.6</ele>
   </trkpt>
   <trkpt lat="43.7134880" lon="-110.5842590">
    <ele>2501.8</ele>
   </trkpt>
   <trkpt lat="43.7134690" lon="-110.5842590">
    <ele>2502.0</ele>
   </trkpt>
   <trkpt lat="43.7134500" lon="-110.5842510">
    <ele>2502.0</ele>
   </trkpt>
   <trkpt lat="43.7134310" lon="-110.5842510">
    <ele>2502.2</ele>
   </trkpt>
   <trkpt lat="43.7134120" lon="-110.5842520">
    <ele>2502.4</ele>
   </trkpt>
   <trkpt lat="43.7133900" lon="-110.5842600">
    <ele>2502.6</ele>
   </trkpt>
   <trkpt lat="43.7133780" lon="-110.5842670">
    <ele>2502.8</ele>
   </trkpt>
   <trkpt lat="43.7133590" lon="-110.5842670">
    <ele>2502.8</ele>
   </trkpt>
   <trkpt lat="43.7133440" lon="-110.5842750">
    <ele>2503.0</ele>
   </trkpt>
   <trkpt lat="43.7133280" lon="-110.5842910">
    <ele>2503.0</ele>
   </trkpt>
   <trkpt lat="43.7133130" lon="-110.5843060">
    <ele>2503.2</ele>
   </trkpt>
   <trkpt lat="43.7132980" lon="-110.5843210">
    <ele>2503.2</ele>
   </trkpt>
   <trkpt lat="43.7132820" lon="-110.5843360">
    <ele>2503.4</ele>
   </trkpt>
   <trkpt lat="43.7132630" lon="-110.5843510">
    <ele>2503.6</ele>
   </trkpt>
   <trkpt lat="43.7132480" lon="-110.5843590">
    <ele>2503.6</ele>
   </trkpt>
   <trkpt lat="43.7132300" lon="-110.5843660">
    <ele>2503.8</ele>
   </trkpt>
   <trkpt lat="43.7132140" lon="-110.5843740">
    <ele>2504.0</ele>
   </trkpt>
   <trkpt lat="43.7131950" lon="-110.5843820">
    <ele>2504.2</ele>
   </trkpt>
   <trkpt lat="43.7131760" lon="-110.5843890">
    <ele>2504.4</ele>
   </trkpt>
   <trkpt lat="43.7131560" lon="-110.5843890">
    <ele>2504.6</ele>
   </trkpt>
   <trkpt lat="43.7131370" lon="-110.5843970">
    <ele>2504.6</ele>
   </trkpt>
   <trkpt lat="43.7131180" lon="-110.5844050">
    <ele>2504.8</ele>
   </trkpt>
   <trkpt lat="43.7131000" lon="-110.5844130">
    <ele>2504.8</ele>
   </trkpt>
   <trkpt lat="43.7130840" lon="-110.5844280">
    <ele>2505.0</ele>
   </trkpt>
   <trkpt lat="43.7130690" lon="-110.5844430">
    <ele>2505.2</ele>
   </trkpt>
   <trkpt lat="43.7130540" lon="-110.5844590">
    <ele>2505.2</ele>
   </trkpt>
   <trkpt lat="43.7130380" lon="-110.5844810">
    <ele>2505.4</ele>
   </trkpt>
   <trkpt lat="43.7130230" lon="-110.5844960">
    <ele>2505.4</ele>
   </trkpt>
   <trkpt lat="43.7130110" lon="-110.5845120">
    <ele>2505.4</ele>
   </trkpt>
   <trkpt lat="43.7129890" lon="-110.5845350">
    <ele>2505.4</ele>
   </trkpt>
   <trkpt lat="43.7129730" lon="-110.5845580">
    <ele>2505.4</ele>
   </trkpt>
   <trkpt lat="43.7129540" lon="-110.5845800">
    <ele>2505.4</ele>
   </trkpt>
   <trkpt lat="43.7129390" lon="-110.5845960">
    <ele>2505.4</ele>
   </trkpt>
   <trkpt lat="43.7129200" lon="-110.5846190">
    <ele>2505.6</ele>
   </trkpt>
   <trkpt lat="43.7129010" lon="-110.5846420">
    <ele>2505.6</ele>
   </trkpt>
   <trkpt lat="43.7128860" lon="-110.5846650">
    <ele>2505.6</ele>
   </trkpt>
   <trkpt lat="43.7128660" lon="-110.5846880">
    <ele>2505.8</ele>
   </trkpt>
   <trkpt lat="43.7128480" lon="-110.5847100">
    <ele>2506.0</ele>
   </trkpt>
   <trkpt lat="43.7128320" lon="-110.5847250">
    <ele>2506.0</ele>
   </trkpt>
   <trkpt lat="43.7128170" lon="-110.5847410">
    <ele>2506.2</ele>
   </trkpt>
   <trkpt lat="43.7127980" lon="-110.5847560">
    <ele>2506.2</ele>
   </trkpt>
   <trkpt lat="43.7127870" lon="-110.5847720">
    <ele>2506.4</ele>
   </trkpt>
   <trkpt lat="43.7127720" lon="-110.5847950">
    <ele>2506.6</ele>
   </trkpt>
   <trkpt lat="43.7127640" lon="-110.5848180">
    <ele>2506.6</ele>
   </trkpt>
   <trkpt lat="43.7127530" lon="-110.5848410">
    <ele>2506.6</ele>
   </trkpt>
   <trkpt lat="43.7127450" lon="-110.5848710">
    <ele>2506.8</ele>
   </trkpt>
   <trkpt lat="43.7127340" lon="-110.5849020">
    <ele>2506.8</ele>
   </trkpt>
   <trkpt lat="43.7127260" lon="-110.5849320">
    <ele>2506.8</ele>
   </trkpt>
   <trkpt lat="43.7127140" lon="-110.5849550">
    <ele>2507.0</ele>
   </trkpt>
   <trkpt lat="43.7126990" lon="-110.5849860">
    <ele>2507.0</ele>
   </trkpt>
   <trkpt lat="43.7126880" lon="-110.5850160">
    <ele>2507.0</ele>
   </trkpt>
   <trkpt lat="43.7126760" lon="-110.5850470">
    <ele>2507.0</ele>
   </trkpt>
   <trkpt lat="43.7126640" lon="-110.5850700">
    <ele>2506.8</ele>
   </trkpt>
   <trkpt lat="43.7126450" lon="-110.5851000">
    <ele>2506.8</ele>
   </trkpt>
   <trkpt lat="43.7126260" lon="-110.5851310">
    <ele>2506.8</ele>
   </trkpt>
   <trkpt lat="43.7125990" lon="-110.5851680">
    <ele>2506.6</ele>
   </trkpt>
   <trkpt lat="43.7125760" lon="-110.5851920">
    <ele>2506.6</ele>
   </trkpt>
   <trkpt lat="43.7125490" lon="-110.5852220">
    <ele>2506.4</ele>
   </trkpt>
   <trkpt lat="43.7125190" lon="-110.5852450">
    <ele>2506.2</ele>
   </trkpt>
   <trkpt lat="43.7124910" lon="-110.5852770">
    <ele>2506.2</ele>
   </trkpt>
   <trkpt lat="43.7124530" lon="-110.5853220">
    <ele>2506.0</ele>
   </trkpt>
   <trkpt lat="43.7124190" lon="-110.5853610">
    <ele>2506.0</ele>
   </trkpt>
   <trkpt lat="43.7123810" lon="-110.5854060">
    <ele>2505.8</ele>
   </trkpt>
   <trkpt lat="43.7123430" lon="-110.5854450">
    <ele>2505.8</ele>
   </trkpt>
   <trkpt lat="43.7123120" lon="-110.5854900">
    <ele>2505.8</ele>
   </trkpt>
   <trkpt lat="43.7122780" lon="-110.5855280">
    <ele>2505.8</ele>
   </trkpt>
   <trkpt lat="43.7122470" lon="-110.5855650">
    <ele>2506.0</ele>
   </trkpt>
   <trkpt lat="43.7122140" lon="-110.5855880">
    <ele>2506.0</ele>
   </trkpt>
   <trkpt lat="43.7121980" lon="-110.5856120">
    <ele>2506.0</ele>
   </trkpt>
   <trkpt lat="43.7121730" lon="-110.5856420">
    <ele>2506.2</ele>
   </trkpt>
   <trkpt lat="43.7121570" lon="-110.5856720">
    <ele>2506.2</ele>
   </trkpt>
   <trkpt lat="43.7121340" lon="-110.5856870">
    <ele>2506.4</ele>
   </trkpt>
   <trkpt lat="43.7121190" lon="-110.5857100">
    <ele>2506.6</ele>
   </trkpt>
   <trkpt lat="43.7121030" lon="-110.5857250">
    <ele>2506.6</ele>
   </trkpt>
   <trkpt lat="43.7120810" lon="-110.5857400">
    <ele>2506.6</ele>
   </trkpt>
   <trkpt lat="43.7120620" lon="-110.5857470">
    <ele>2506.8</ele>
   </trkpt>
   <trkpt lat="43.7120510" lon="-110.5857540">
    <ele>2506.8</ele>
   </trkpt>
   <trkpt lat="43.7120310" lon="-110.5857700">
    <ele>2507.2</ele>
   </trkpt>
   <trkpt lat="43.7120160" lon="-110.5857780">
    <ele>2507.2</ele>
   </trkpt>
   <trkpt lat="43.7120000" lon="-110.5857850">
    <ele>2507.2</ele>
   </trkpt>
   <trkpt lat="43.7119810" lon="-110.5857930">
    <ele>2507.2</ele>
   </trkpt>
   <trkpt lat="43.7119580" lon="-110.5857930">
    <ele>2507.2</ele>
   </trkpt>
   <trkpt lat="43.7119320" lon="-110.5857930">
    <ele>2507.2</ele>
   </trkpt>
   <trkpt lat="43.7119120" lon="-110.5857930">
    <ele>2507.2</ele>
   </trkpt>
   <trkpt lat="43.7118820" lon="-110.5857930">
    <ele>2507.2</ele>
   </trkpt>
   <trkpt lat="43.7118550" lon="-110.5858000">
    <ele>2507.4</ele>
   </trkpt>
   <trkpt lat="43.7118290" lon="-110.5857930">
    <ele>2507.4</ele>
   </trkpt>
   <trkpt lat="43.7118060" lon="-110.5857930">
    <ele>2507.4</ele>
   </trkpt>
   <trkpt lat="43.7117830" lon="-110.5857930">
    <ele>2507.4</ele>
   </trkpt>
   <trkpt lat="43.7117600" lon="-110.5857930">
    <ele>2507.6</ele>
   </trkpt>
   <trkpt lat="43.7117330" lon="-110.5857930">
    <ele>2507.6</ele>
   </trkpt>
   <trkpt lat="43.7117030" lon="-110.5858000">
    <ele>2507.6</ele>
   </trkpt>
   <trkpt lat="43.7116790" lon="-110.5858010">
    <ele>2507.6</ele>
   </trkpt>
   <trkpt lat="43.7116410" lon="-110.5858090">
    <ele>2507.6</ele>
   </trkpt>
   <trkpt lat="43.7116110" lon="-110.5858240">
    <ele>2507.6</ele>
   </trkpt>
   <trkpt lat="43.7115810" lon="-110.5858310">
    <ele>2507.6</ele>
   </trkpt>
   <trkpt lat="43.7115530" lon="-110.5858390">
    <ele>2507.8</ele>
   </trkpt>
   <trkpt lat="43.7115230" lon="-110.5858460">
    <ele>2507.8</ele>
   </trkpt>
   <trkpt lat="43.7114890" lon="-110.5858540">
    <ele>2507.8</ele>
   </trkpt>
   <trkpt lat="43.7114580" lon="-110.5858620">
    <ele>2508.0</ele>
   </trkpt>
   <trkpt lat="43.7114320" lon="-110.5858690">
    <ele>2508.0</ele>
   </trkpt>
   <trkpt lat="43.7114050" lon="-110.5858770">
    <ele>2508.2</ele>
   </trkpt>
   <trkpt lat="43.7113810" lon="-110.5858850">
    <ele>2508.2</ele>
   </trkpt>
   <trkpt lat="43.7113430" lon="-110.5859000">
    <ele>2508.2</ele>
   </trkpt>
   <trkpt lat="43.7113090" lon="-110.5859160">
    <ele>2508.2</ele>
   </trkpt>
   <trkpt lat="43.7112750" lon="-110.5859390">
    <ele>2508.2</ele>
   </trkpt>
   <trkpt lat="43.7112440" lon="-110.5859550">
    <ele>2508.0</ele>
   </trkpt>
   <trkpt lat="43.7112060" lon="-110.5859850">
    <ele>2508.0</ele>
   </trkpt>
   <trkpt lat="43.7111680" lon="-110.5860150">
    <ele>2507.8</ele>
   </trkpt>
   <trkpt lat="43.7111340" lon="-110.5860380">
    <ele>2507.8</ele>
   </trkpt>
   <trkpt lat="43.7110980" lon="-110.5860610">
    <ele>2507.6</ele>
   </trkpt>
   <trkpt lat="43.7110500" lon="-110.5860850">
    <ele>2507.6</ele>
   </trkpt>
   <trkpt lat="43.7110150" lon="-110.5861150">
    <ele>2507.4</ele>
   </trkpt>
   <trkpt lat="43.7109770" lon="-110.5861380">
    <ele>2507.4</ele>
   </trkpt>
   <trkpt lat="43.7109430" lon="-110.5861600">
    <ele>2507.2</ele>
   </trkpt>
   <trkpt lat="43.7109120" lon="-110.5861750">
    <ele>2507.0</ele>
   </trkpt>
   <trkpt lat="43.7108700" lon="-110.5861990">
    <ele>2506.6</ele>
   </trkpt>
   <trkpt lat="43.7108330" lon="-110.5862210">
    <ele>2506.2</ele>
   </trkpt>
   <trkpt lat="43.7108060" lon="-110.5862440">
    <ele>2505.8</ele>
   </trkpt>
   <trkpt lat="43.7107670" lon="-110.5862680">
    <ele>2505.4</ele>
   </trkpt>
   <trkpt lat="43.7107250" lon="-110.5863060">
    <ele>2504.8</ele>
   </trkpt>
   <trkpt lat="43.7106870" lon="-110.5863360">
    <ele>2504.4</ele>
   </trkpt>
   <trkpt lat="43.7106520" lon="-110.5863670">
    <ele>2503.8</ele>
   </trkpt>
   <trkpt lat="43.7106110" lon="-110.5863980">
    <ele>2503.2</ele>
   </trkpt>
   <trkpt lat="43.7105730" lon="-110.5864360">
    <ele>2502.6</ele>
   </trkpt>
   <trkpt lat="43.7105340" lon="-110.5864740">
    <ele>2502.0</ele>
   </trkpt>
   <trkpt lat="43.7104930" lon="-110.5865130">
    <ele>2501.4</ele>
   </trkpt>
   <trkpt lat="43.7104590" lon="-110.5865660">
    <ele>2500.8</ele>
   </trkpt>
   <trkpt lat="43.7104310" lon="-110.5866140">
    <ele>2500.2</ele>
   </trkpt>
   <trkpt lat="43.7103940" lon="-110.5866890">
    <ele>2499.6</ele>
   </trkpt>
   <trkpt lat="43.7103680" lon="-110.5867500">
    <ele>2499.0</ele>
   </trkpt>
   <trkpt lat="43.7103450" lon="-110.5868110">
    <ele>2498.6</ele>
   </trkpt>
   <trkpt lat="43.7103300" lon="-110.5868720">
    <ele>2498.0</ele>
   </trkpt>
   <trkpt lat="43.7103110" lon="-110.5869320">
    <ele>2497.6</ele>
   </trkpt>
   <trkpt lat="43.7102960" lon="-110.5869770">
    <ele>2497.2</ele>
   </trkpt>
   <trkpt lat="43.7102840" lon="-110.5870150">
    <ele>2497.0</ele>
   </trkpt>
   <trkpt lat="43.7102730" lon="-110.5870380">
    <ele>2496.8</ele>
   </trkpt>
   <trkpt lat="43.7102570" lon="-110.5870690">
    <ele>2496.6</ele>
   </trkpt>
   <trkpt lat="43.7102340" lon="-110.5870990">
    <ele>2496.4</ele>
   </trkpt>
   <trkpt lat="43.7102150" lon="-110.5871220">
    <ele>2496.2</ele>
   </trkpt>
   <trkpt lat="43.7101930" lon="-110.5871510">
    <ele>2496.0</ele>
   </trkpt>
   <trkpt lat="43.7101770" lon="-110.5871680">
    <ele>2496.0</ele>
   </trkpt>
   <trkpt lat="43.7101500" lon="-110.5872060">
    <ele>2495.8</ele>
   </trkpt>
   <trkpt lat="43.7101310" lon="-110.5872290">
    <ele>2495.6</ele>
   </trkpt>
   <trkpt lat="43.7101080" lon="-110.5872600">
    <ele>2495.4</ele>
   </trkpt>
   <trkpt lat="43.7100850" lon="-110.5872900">
    <ele>2495.0</ele>
   </trkpt>
   <trkpt lat="43.7100550" lon="-110.5873200">
    <ele>2494.8</ele>
   </trkpt>
   <trkpt lat="43.7100310" lon="-110.5873440">
    <ele>2494.4</ele>
   </trkpt>
   <trkpt lat="43.7099970" lon="-110.5873820">
    <ele>2494.0</ele>
   </trkpt>
   <trkpt lat="43.7099670" lon="-110.5874120">
    <ele>2493.8</ele>
   </trkpt>
   <trkpt lat="43.7099370" lon="-110.5874420">
    <ele>2493.4</ele>
   </trkpt>
   <trkpt lat="43.7099130" lon="-110.5874660">
    <ele>2493.0</ele>
   </trkpt>
   <trkpt lat="43.7098790" lon="-110.5875040">
    <ele>2492.6</ele>
   </trkpt>
   <trkpt lat="43.7098520" lon="-110.5875430">
    <ele>2492.2</ele>
   </trkpt>
   <trkpt lat="43.7098260" lon="-110.5875870">
    <ele>2491.6</ele>
   </trkpt>
   <trkpt lat="43.7097980" lon="-110.5876200">
    <ele>2491.2</ele>
   </trkpt>
   <trkpt lat="43.7097640" lon="-110.5876720">
    <ele>2490.8</ele>
   </trkpt>
   <trkpt lat="43.7097340" lon="-110.5877100">
    <ele>2490.0</ele>
   </trkpt>
   <trkpt lat="43.7097030" lon="-110.5877490">
    <ele>2489.4</ele>
   </trkpt>
   <trkpt lat="43.7096730" lon="-110.5877940">
    <ele>2488.8</ele>
   </trkpt>
   <trkpt lat="43.7096500" lon="-110.5878330">
    <ele>2488.4</ele>
   </trkpt>
   <trkpt lat="43.7096190" lon="-110.5878780">
    <ele>2487.8</ele>
   </trkpt>
   <trkpt lat="43.7095900" lon="-110.5879240">
    <ele>2487.6</ele>
   </trkpt>
   <trkpt lat="43.7095700" lon="-110.5879620">
    <ele>2487.2</ele>
   </trkpt>
   <trkpt lat="43.7095390" lon="-110.5880080">
    <ele>2486.8</ele>
   </trkpt>
   <trkpt lat="43.7095120" lon="-110.5880470">
    <ele>2486.2</ele>
   </trkpt>
   <trkpt lat="43.7094790" lon="-110.5880990">
    <ele>2485.8</ele>
   </trkpt>
   <trkpt lat="43.7094550" lon="-110.5881300">
    <ele>2485.2</ele>
   </trkpt>
   <trkpt lat="43.7094250" lon="-110.5881760">
    <ele>2484.8</ele>
   </trkpt>
   <trkpt lat="43.7093930" lon="-110.5882220">
    <ele>2484.2</ele>
   </trkpt>
   <trkpt lat="43.7093520" lon="-110.5882750">
    <ele>2483.6</ele>
   </trkpt>
   <trkpt lat="43.7093170" lon="-110.5883130">
    <ele>2483.0</ele>
   </trkpt>
   <trkpt lat="43.7092680" lon="-110.5883580">
    <ele>2482.4</ele>
   </trkpt>
   <trkpt lat="43.7092330" lon="-110.5883890">
    <ele>2481.8</ele>
   </trkpt>
   <trkpt lat="43.7091870" lon="-110.5884190">
    <ele>2481.0</ele>
   </trkpt>
   <trkpt lat="43.7091410" lon="-110.5884420">
    <ele>2480.4</ele>
   </trkpt>
   <trkpt lat="43.7090880" lon="-110.5884720">
    <ele>2479.6</ele>
   </trkpt>
   <trkpt lat="43.7090410" lon="-110.5885010">
    <ele>2479.0</ele>
   </trkpt>
   <trkpt lat="43.7090040" lon="-110.5885180">
    <ele>2478.4</ele>
   </trkpt>
   <trkpt lat="43.7089580" lon="-110.5885490">
    <ele>2477.8</ele>
   </trkpt>
   <trkpt lat="43.7089060" lon="-110.5885790">
    <ele>2477.2</ele>
   </trkpt>
   <trkpt lat="43.7088670" lon="-110.5886020">
    <ele>2476.6</ele>
   </trkpt>
   <trkpt lat="43.7088250" lon="-110.5886330">
    <ele>2476.0</ele>
   </trkpt>
   <trkpt lat="43.7087830" lon="-110.5886630">
    <ele>2475.4</ele>
   </trkpt>
   <trkpt lat="43.7087410" lon="-110.5886950">
    <ele>2474.8</ele>
   </trkpt>
   <trkpt lat="43.7086950" lon="-110.5887400">
    <ele>2474.2</ele>
   </trkpt>
   <trkpt lat="43.7086530" lon="-110.5887780">
    <ele>2473.6</ele>
   </trkpt>
   <trkpt lat="43.7086110" lon="-110.5888170">
    <ele>2473.0</ele>
   </trkpt>
   <trkpt lat="43.7085710" lon="-110.5888530">
    <ele>2472.4</ele>
   </trkpt>
   <trkpt lat="43.7085390" lon="-110.5888770">
    <ele>2472.0</ele>
   </trkpt>
   <trkpt lat="43.7084980" lon="-110.5889150">
    <ele>2471.6</ele>
   </trkpt>
   <trkpt lat="43.7084680" lon="-110.5889370">
    <ele>2471.2</ele>
   </trkpt>
   <trkpt lat="43.7084450" lon="-110.5889520">
    <ele>2470.8</ele>
   </trkpt>
   <trkpt lat="43.7084260" lon="-110.5889670">
    <ele>2470.6</ele>
   </trkpt>
   <trkpt lat="43.7084080" lon="-110.5889820">
    <ele>2470.4</ele>
   </trkpt>
   <trkpt lat="43.7084050" lon="-110.5889820">
    <ele>2470.2</ele>
   </trkpt>
   <trkpt lat="43.7083880" lon="-110.5889900">
    <ele>2469.6</ele>
   </trkpt>
   <trkpt lat="43.7083680" lon="-110.5889980">
    <ele>2469.6</ele>
   </trkpt>
   <trkpt lat="43.7083420" lon="-110.5890130">
    <ele>2469.4</ele>
   </trkpt>
   <trkpt lat="43.7083100" lon="-110.5890290">
    <ele>2469.2</ele>
   </trkpt>
   <trkpt lat="43.7082760" lon="-110.5890440">
    <ele>2469.0</ele>
   </trkpt>
   <trkpt lat="43.7082420" lon="-110.5890670">
    <ele>2468.6</ele>
   </trkpt>
   <trkpt lat="43.7082080" lon="-110.5890890">
    <ele>2468.4</ele>
   </trkpt>
   <trkpt lat="43.7081690" lon="-110.5891050">
    <ele>2468.0</ele>
   </trkpt>
   <trkpt lat="43.7081350" lon="-110.5891280">
    <ele>2467.8</ele>
   </trkpt>
   <trkpt lat="43.7081040" lon="-110.5891430">
    <ele>2467.2</ele>
   </trkpt>
   <trkpt lat="43.7080580" lon="-110.5891660">
    <ele>2466.8</ele>
   </trkpt>
   <trkpt lat="43.7080130" lon="-110.5891810">
    <ele>2466.6</ele>
   </trkpt>
   <trkpt lat="43.7079710" lon="-110.5892040">
    <ele>2466.2</ele>
   </trkpt>
   <trkpt lat="43.7079400" lon="-110.5892190">
    <ele>2466.0</ele>
   </trkpt>
   <trkpt lat="43.7078980" lon="-110.5892350">
    <ele>2465.8</ele>
   </trkpt>
   <trkpt lat="43.7078520" lon="-110.5892580">
    <ele>2465.6</ele>
   </trkpt>
   <trkpt lat="43.7078110" lon="-110.5892800">
    <ele>2465.4</ele>
   </trkpt>
   <trkpt lat="43.7077790" lon="-110.5892880">
    <ele>2465.0</ele>
   </trkpt>
   <trkpt lat="43.7077310" lon="-110.5893030">
    <ele>2464.8</ele>
   </trkpt>
   <trkpt lat="43.7076890" lon="-110.5893180">
    <ele>2464.4</ele>
   </trkpt>
   <trkpt lat="43.7076500" lon="-110.5893250">
    <ele>2464.0</ele>
   </trkpt>
   <trkpt lat="43.7076040" lon="-110.5893330">
    <ele>2463.8</ele>
   </trkpt>
   <trkpt lat="43.7075580" lon="-110.5893410">
    <ele>2463.4</ele>
   </trkpt>
   <trkpt lat="43.7074970" lon="-110.5893480">
    <ele>2463.0</ele>
   </trkpt>
   <trkpt lat="43.7074480" lon="-110.5893480">
    <ele>2462.8</ele>
   </trkpt>
   <trkpt lat="43.7074030" lon="-110.5893480">
    <ele>2462.6</ele>
   </trkpt>
   <trkpt lat="43.7073670" lon="-110.5893480">
    <ele>2462.4</ele>
   </trkpt>
   <trkpt lat="43.7073140" lon="-110.5893470">
    <ele>2462.2</ele>
   </trkpt>
   <trkpt lat="43.7072690" lon="-110.5893400">
    <ele>2462.0</ele>
   </trkpt>
   <trkpt lat="43.7072270" lon="-110.5893400">
    <ele>2461.8</ele>
   </trkpt>
   <trkpt lat="43.7071850" lon="-110.5893400">
    <ele>2461.8</ele>
   </trkpt>
   <trkpt lat="43.7071470" lon="-110.5893330">
    <ele>2461.6</ele>
   </trkpt>
   <trkpt lat="43.7071120" lon="-110.5893330">
    <ele>2461.4</ele>
   </trkpt>
   <trkpt lat="43.7070750" lon="-110.5893320">
    <ele>2461.4</ele>
   </trkpt>
   <trkpt lat="43.7070400" lon="-110.5893250">
    <ele>2461.2</ele>
   </trkpt>
   <trkpt lat="43.7070060" lon="-110.5893250">
    <ele>2461.0</ele>
   </trkpt>
   <trkpt lat="43.7069760" lon="-110.5893240">
    <ele>2461.0</ele>
   </trkpt>
   <trkpt lat="43.7069490" lon="-110.5893170">
    <ele>2460.8</ele>
   </trkpt>
   <trkpt lat="43.7069220" lon="-110.5893090">
    <ele>2460.6</ele>
   </trkpt>
   <trkpt lat="43.7068920" lon="-110.5893020">
    <ele>2460.2</ele>
   </trkpt>
   <trkpt lat="43.7068620" lon="-110.5892930">
    <ele>2460.0</ele>
   </trkpt>
   <trkpt lat="43.7068390" lon="-110.5892790">
    <ele>2459.8</ele>
   </trkpt>
   <trkpt lat="43.7068120" lon="-110.5892710">
    <ele>2459.6</ele>
   </trkpt>
   <trkpt lat="43.7067900" lon="-110.5892630">
    <ele>2459.4</ele>
   </trkpt>
   <trkpt lat="43.7067710" lon="-110.5892560">
    <ele>2459.0</ele>
   </trkpt>
   <trkpt lat="43.7067550" lon="-110.5892470">
    <ele>2458.8</ele>
   </trkpt>
   <trkpt lat="43.7067290" lon="-110.5892250">
    <ele>2458.6</ele>
   </trkpt>
   <trkpt lat="43.7067140" lon="-110.5892090">
    <ele>2458.4</ele>
   </trkpt>
   <trkpt lat="43.7066980" lon="-110.5891940">
    <ele>2458.2</ele>
   </trkpt>
   <trkpt lat="43.7066780" lon="-110.5891710">
    <ele>2457.8</ele>
   </trkpt>
   <trkpt lat="43.7066520" lon="-110.5891550">
    <ele>2457.6</ele>
   </trkpt>
   <trkpt lat="43.7066240" lon="-110.5891330">
    <ele>2457.2</ele>
   </trkpt>
   <trkpt lat="43.7065900" lon="-110.5891100">
    <ele>2457.0</ele>
   </trkpt>
   <trkpt lat="43.7065560" lon="-110.5890870">
    <ele>2456.6</ele>
   </trkpt>
   <trkpt lat="43.7065170" lon="-110.5890630">
    <ele>2456.2</ele>
   </trkpt>
   <trkpt lat="43.7064830" lon="-110.5890330">
    <ele>2455.8</ele>
   </trkpt>
   <trkpt lat="43.7064450" lon="-110.5890030">
    <ele>2455.4</ele>
   </trkpt>
   <trkpt lat="43.7064120" lon="-110.5889810">
    <ele>2455.0</ele>
   </trkpt>
   <trkpt lat="43.7063880" lon="-110.5889650">
    <ele>2454.6</ele>
   </trkpt>
   <trkpt lat="43.7063570" lon="-110.5889420">
    <ele>2454.2</ele>
   </trkpt>
   <trkpt lat="43.7063220" lon="-110.5889190">
    <ele>2453.8</ele>
   </trkpt>
   <trkpt lat="43.7062840" lon="-110.5888960">
    <ele>2453.4</ele>
   </trkpt>
   <trkpt lat="43.7062460" lon="-110.5888740">
    <ele>2453.0</ele>
   </trkpt>
   <trkpt lat="43.7062040" lon="-110.5888590">
    <ele>2452.6</ele>
   </trkpt>
   <trkpt lat="43.7061580" lon="-110.5888510">
    <ele>2452.2</ele>
   </trkpt>
   <trkpt lat="43.7061170" lon="-110.5888370">
    <ele>2451.8</ele>
   </trkpt>
   <trkpt lat="43.7060740" lon="-110.5888370">
    <ele>2451.4</ele>
   </trkpt>
   <trkpt lat="43.7060290" lon="-110.5888450">
    <ele>2451.0</ele>
   </trkpt>
   <trkpt lat="43.7059940" lon="-110.5888540">
    <ele>2450.6</ele>
   </trkpt>
   <trkpt lat="43.7059450" lon="-110.5888770">
    <ele>2450.2</ele>
   </trkpt>
   <trkpt lat="43.7059070" lon="-110.5889070">
    <ele>2449.8</ele>
   </trkpt>
   <trkpt lat="43.7058690" lon="-110.5889310">
    <ele>2449.4</ele>
   </trkpt>
   <trkpt lat="43.7058270" lon="-110.5889680">
    <ele>2449.0</ele>
   </trkpt>
   <trkpt lat="43.7057850" lon="-110.5889990">
    <ele>2448.6</ele>
   </trkpt>
   <trkpt lat="43.7057420" lon="-110.5890380">
    <ele>2448.0</ele>
   </trkpt>
   <trkpt lat="43.7056970" lon="-110.5890760">
    <ele>2447.6</ele>
   </trkpt>
   <trkpt lat="43.7056580" lon="-110.5891070">
    <ele>2447.0</ele>
   </trkpt>
   <trkpt lat="43.7056120" lon="-110.5891450">
    <ele>2446.6</ele>
   </trkpt>
   <trkpt lat="43.7055510" lon="-110.5891900">
    <ele>2446.0</ele>
   </trkpt>
   <trkpt lat="43.7054980" lon="-110.5892210">
    <ele>2445.4</ele>
   </trkpt>
   <trkpt lat="43.7054440" lon="-110.5892590">
    <ele>2444.8</ele>
   </trkpt>
   <trkpt lat="43.7053950" lon="-110.5892970">
    <ele>2444.0</ele>
   </trkpt>
   <trkpt lat="43.7053410" lon="-110.5893440">
    <ele>2443.2</ele>
   </trkpt>
   <trkpt lat="43.7052920" lon="-110.5893890">
    <ele>2442.6</ele>
   </trkpt>
   <trkpt lat="43.7052430" lon="-110.5894350">
    <ele>2441.8</ele>
   </trkpt>
   <trkpt lat="43.7052040" lon="-110.5894810">
    <ele>2441.2</ele>
   </trkpt>
   <trkpt lat="43.7051580" lon="-110.5895280">
    <ele>2440.6</ele>
   </trkpt>
   <trkpt lat="43.7051060" lon="-110.5895950">
    <ele>2440.0</ele>
   </trkpt>
   <trkpt lat="43.7050640" lon="-110.5896410">
    <ele>2439.6</ele>
   </trkpt>
   <trkpt lat="43.7050260" lon="-110.5896860">
    <ele>2439.0</ele>
   </trkpt>
   <trkpt lat="43.7049990" lon="-110.5897250">
    <ele>2438.6</ele>
   </trkpt>
   <trkpt lat="43.7049650" lon="-110.5897710">
    <ele>2438.2</ele>
   </trkpt>
   <trkpt lat="43.7049280" lon="-110.5898250">
    <ele>2437.8</ele>
   </trkpt>
   <trkpt lat="43.7049050" lon="-110.5898780">
    <ele>2437.6</ele>
   </trkpt>
   <trkpt lat="43.7048820" lon="-110.5899240">
    <ele>2437.2</ele>
   </trkpt>
   <trkpt lat="43.7048600" lon="-110.5899670">
    <ele>2437.0</ele>
   </trkpt>
   <trkpt lat="43.7048400" lon="-110.5900000">
    <ele>2436.6</ele>
   </trkpt>
   <trkpt lat="43.7048170" lon="-110.5900440">
    <ele>2436.4</ele>
   </trkpt>
   <trkpt lat="43.7047980" lon="-110.5900750">
    <ele>2436.2</ele>
   </trkpt>
   <trkpt lat="43.7047790" lon="-110.5901050">
    <ele>2436.0</ele>
   </trkpt>
   <trkpt lat="43.7047640" lon="-110.5901280">
    <ele>2435.8</ele>
   </trkpt>
   <trkpt lat="43.7047530" lon="-110.5901500">
    <ele>2435.4</ele>
   </trkpt>
   <trkpt lat="43.7047460" lon="-110.5901650">
    <ele>2435.2</ele>
   </trkpt>
   <trkpt lat="43.7047390" lon="-110.5901720">
    <ele>2435.2</ele>
   </trkpt>
   <trkpt lat="43.7047390" lon="-110.5901720">
    <ele>2435.0</ele>
   </trkpt>
   <trkpt lat="43.7047260" lon="-110.5901920">
    <ele>2434.4</ele>
   </trkpt>
   <trkpt lat="43.7047150" lon="-110.5902030">
    <ele>2434.4</ele>
   </trkpt>
   <trkpt lat="43.7046990" lon="-110.5902190">
    <ele>2434.2</ele>
   </trkpt>
   <trkpt lat="43.7046800" lon="-110.5902410">
    <ele>2434.0</ele>
   </trkpt>
   <trkpt lat="43.7046610" lon="-110.5902570">
    <ele>2433.8</ele>
   </trkpt>
   <trkpt lat="43.7046340" lon="-110.5902790">
    <ele>2433.6</ele>
   </trkpt>
   <trkpt lat="43.7046110" lon="-110.5902950">
    <ele>2433.4</ele>
   </trkpt>
   <trkpt lat="43.7045770" lon="-110.5903180">
    <ele>2433.2</ele>
   </trkpt>
   <trkpt lat="43.7045460" lon="-110.5903320">
    <ele>2432.8</ele>
   </trkpt>
   <trkpt lat="43.7045200" lon="-110.5903400">
    <ele>2432.4</ele>
   </trkpt>
   <trkpt lat="43.7044890" lon="-110.5903560">
    <ele>2432.2</ele>
   </trkpt>
   <trkpt lat="43.7044510" lon="-110.5903790">
    <ele>2431.8</ele>
   </trkpt>
   <trkpt lat="43.7044210" lon="-110.5903940">
    <ele>2431.6</ele>
   </trkpt>
   <trkpt lat="43.7043940" lon="-110.5904090">
    <ele>2431.4</ele>
   </trkpt>
   <trkpt lat="43.7043710" lon="-110.5904250">
    <ele>2431.0</ele>
   </trkpt>
   <trkpt lat="43.7043410" lon="-110.5904550">
    <ele>2430.6</ele>
   </trkpt>
   <trkpt lat="43.7043140" lon="-110.5904710">
    <ele>2430.2</ele>
   </trkpt>
   <trkpt lat="43.7042830" lon="-110.5905010">
    <ele>2429.8</ele>
   </trkpt>
   <trkpt lat="43.7042450" lon="-110.5905240">
    <ele>2429.4</ele>
   </trkpt>
   <trkpt lat="43.7042110" lon="-110.5905540">
    <ele>2429.0</ele>
   </trkpt>
   <trkpt lat="43.7041760" lon="-110.5905780">
    <ele>2428.6</ele>
   </trkpt>
   <trkpt lat="43.7041420" lon="-110.5906080">
    <ele>2428.0</ele>
   </trkpt>
   <trkpt lat="43.7041030" lon="-110.5906310">
    <ele>2427.6</ele>
   </trkpt>
   <trkpt lat="43.7040650" lon="-110.5906540">
    <ele>2427.2</ele>
   </trkpt>
   <trkpt lat="43.7040270" lon="-110.5906760">
    <ele>2426.8</ele>
   </trkpt>
   <trkpt lat="43.7039820" lon="-110.5906990">
    <ele>2426.4</ele>
   </trkpt>
   <trkpt lat="43.7039430" lon="-110.5907220">
    <ele>2425.8</ele>
   </trkpt>
   <trkpt lat="43.7039010" lon="-110.5907370">
    <ele>2425.4</ele>
   </trkpt>
   <trkpt lat="43.7038600" lon="-110.5907520">
    <ele>2425.0</ele>
   </trkpt>
   <trkpt lat="43.7038250" lon="-110.5907680">
    <ele>2424.6</ele>
   </trkpt>
   <trkpt lat="43.7037750" lon="-110.5907910">
    <ele>2424.0</ele>
   </trkpt>
   <trkpt lat="43.7037290" lon="-110.5908140">
    <ele>2423.6</ele>
   </trkpt>
   <trkpt lat="43.7036840" lon="-110.5908360">
    <ele>2423.0</ele>
   </trkpt>
   <trkpt lat="43.7036450" lon="-110.5908520">
    <ele>2422.4</ele>
   </trkpt>
   <trkpt lat="43.7035990" lon="-110.5908750">
    <ele>2421.8</ele>
   </trkpt>
   <trkpt lat="43.7035420" lon="-110.5908980">
    <ele>2421.2</ele>
   </trkpt>
   <trkpt lat="43.7034940" lon="-110.5909280">
    <ele>2420.6</ele>
   </trkpt>
   <trkpt lat="43.7034590" lon="-110.5909430">
    <ele>2420.2</ele>
   </trkpt>
   <trkpt lat="43.7034090" lon="-110.5909660">
    <ele>2419.6</ele>
   </trkpt>
   <trkpt lat="43.7033630" lon="-110.5909810">
    <ele>2419.2</ele>
   </trkpt>
   <trkpt lat="43.7033060" lon="-110.5909890">
    <ele>2418.6</ele>
   </trkpt>
   <trkpt lat="43.7032680" lon="-110.5909960">
    <ele>2418.0</ele>
   </trkpt>
   <trkpt lat="43.7032260" lon="-110.5910040">
    <ele>2417.6</ele>
   </trkpt>
   <trkpt lat="43.7031760" lon="-110.5910110">
    <ele>2417.0</ele>
   </trkpt>
   <trkpt lat="43.7031300" lon="-110.5910190">
    <ele>2416.6</ele>
   </trkpt>
   <trkpt lat="43.7030810" lon="-110.5910260">
    <ele>2416.2</ele>
   </trkpt>
   <trkpt lat="43.7030270" lon="-110.5910260">
    <ele>2415.8</ele>
   </trkpt>
   <trkpt lat="43.7029790" lon="-110.5910260">
    <ele>2415.4</ele>
   </trkpt>
   <trkpt lat="43.7029260" lon="-110.5910260">
    <ele>2415.2</ele>
   </trkpt>
   <trkpt lat="43.7028590" lon="-110.5910260">
    <ele>2414.8</ele>
   </trkpt>
   <trkpt lat="43.7028160" lon="-110.5910260">
    <ele>2414.6</ele>
   </trkpt>
   <trkpt lat="43.7027670" lon="-110.5910260">
    <ele>2414.0</ele>
   </trkpt>
   <trkpt lat="43.7027170" lon="-110.5910260">
    <ele>2413.8</ele>
   </trkpt>
   <trkpt lat="43.7026610" lon="-110.5910180">
    <ele>2413.4</ele>
   </trkpt>
   <trkpt lat="43.7026190" lon="-110.5910120">
    <ele>2413.0</ele>
   </trkpt>
   <trkpt lat="43.7025800" lon="-110.5910180">
    <ele>2412.8</ele>
   </trkpt>
   <trkpt lat="43.7025350" lon="-110.5910110">
    <ele>2412.4</ele>
   </trkpt>
   <trkpt lat="43.7024780" lon="-110.5910110">
    <ele>2412.2</ele>
   </trkpt>
   <trkpt lat="43.7024380" lon="-110.5910120">
    <ele>2412.0</ele>
   </trkpt>
   <trkpt lat="43.7023780" lon="-110.5910190">
    <ele>2411.8</ele>
   </trkpt>
   <trkpt lat="43.7023350" lon="-110.5910190">
    <ele>2411.6</ele>
   </trkpt>
   <trkpt lat="43.7022820" lon="-110.5910190">
    <ele>2411.4</ele>
   </trkpt>
   <trkpt lat="43.7022280" lon="-110.5910180">
    <ele>2411.0</ele>
   </trkpt>
   <trkpt lat="43.7021640" lon="-110.5910020">
    <ele>2410.8</ele>
   </trkpt>
   <trkpt lat="43.7021150" lon="-110.5909870">
    <ele>2410.8</ele>
   </trkpt>
   <trkpt lat="43.7020730" lon="-110.5909710">
    <ele>2410.6</ele>
   </trkpt>
   <trkpt lat="43.7020230" lon="-110.5909490">
    <ele>2410.6</ele>
   </trkpt>
   <trkpt lat="43.7019730" lon="-110.5909250">
    <ele>2410.4</ele>
   </trkpt>
   <trkpt lat="43.7019210" lon="-110.5908960">
    <ele>2410.4</ele>
   </trkpt>
   <trkpt lat="43.7018860" lon="-110.5908800">
    <ele>2410.4</ele>
   </trkpt>
   <trkpt lat="43.7018440" lon="-110.5908570">
    <ele>2410.4</ele>
   </trkpt>
   <trkpt lat="43.7017900" lon="-110.5908420">
    <ele>2410.4</ele>
   </trkpt>
   <trkpt lat="43.7017450" lon="-110.5908270">
    <ele>2410.2</ele>
   </trkpt>
   <trkpt lat="43.7016990" lon="-110.5908120">
    <ele>2410.2</ele>
   </trkpt>
   <trkpt lat="43.7016610" lon="-110.5908050">
    <ele>2410.0</ele>
   </trkpt>
   <trkpt lat="43.7016100" lon="-110.5907970">
    <ele>2409.8</ele>
   </trkpt>
   <trkpt lat="43.7015460" lon="-110.5907890">
    <ele>2409.6</ele>
   </trkpt>
   <trkpt lat="43.7014940" lon="-110.5907820">
    <ele>2409.4</ele>
   </trkpt>
   <trkpt lat="43.7014550" lon="-110.5907740">
    <ele>2409.4</ele>
   </trkpt>
   <trkpt lat="43.7014050" lon="-110.5907590">
    <ele>2409.2</ele>
   </trkpt>
   <trkpt lat="43.7013550" lon="-110.5907510">
    <ele>2409.2</ele>
   </trkpt>
   <trkpt lat="43.7013060" lon="-110.5907440">
    <ele>2409.0</ele>
   </trkpt>
   <trkpt lat="43.7012600" lon="-110.5907370">
    <ele>2409.0</ele>
   </trkpt>
   <trkpt lat="43.7012110" lon="-110.5907440">
    <ele>2408.8</ele>
   </trkpt>
   <trkpt lat="43.7011610" lon="-110.5907450">
    <ele>2408.8</ele>
   </trkpt>
   <trkpt lat="43.7011150" lon="-110.5907520">
    <ele>2408.6</ele>
   </trkpt>
   <trkpt lat="43.7010700" lon="-110.5907520">
    <ele>2408.6</ele>
   </trkpt>
   <trkpt lat="43.7010240" lon="-110.5907600">
    <ele>2408.4</ele>
   </trkpt>
   <trkpt lat="43.7009780" lon="-110.5907750">
    <ele>2408.2</ele>
   </trkpt>
   <trkpt lat="43.7009330" lon="-110.5907830">
    <ele>2408.0</ele>
   </trkpt>
   <trkpt lat="43.7008900" lon="-110.5907900">
    <ele>2407.6</ele>
   </trkpt>
   <trkpt lat="43.7008370" lon="-110.5907980">
    <ele>2407.4</ele>
   </trkpt>
   <trkpt lat="43.7007990" lon="-110.5908060">
    <ele>2407.0</ele>
   </trkpt>
   <trkpt lat="43.7007490" lon="-110.5908210">
    <ele>2406.8</ele>
   </trkpt>
   <trkpt lat="43.7007020" lon="-110.5908290">
    <ele>2406.4</ele>
   </trkpt>
   <trkpt lat="43.7006420" lon="-110.5908440">
    <ele>2406.2</ele>
   </trkpt>
   <trkpt lat="43.7005960" lon="-110.5908510">
    <ele>2405.8</ele>
   </trkpt>
   <trkpt lat="43.7005470" lon="-110.5908590">
    <ele>2405.6</ele>
   </trkpt>
   <trkpt lat="43.7004930" lon="-110.5908750">
    <ele>2405.4</ele>
   </trkpt>
   <trkpt lat="43.7004400" lon="-110.5908900">
    <ele>2405.0</ele>
   </trkpt>
   <trkpt lat="43.7003910" lon="-110.5909050">
    <ele>2404.8</ele>
   </trkpt>
   <trkpt lat="43.7003480" lon="-110.5909210">
    <ele>2404.4</ele>
   </trkpt>
   <trkpt lat="43.7002940" lon="-110.5909360">
    <ele>2404.0</ele>
   </trkpt>
   <trkpt lat="43.7002360" lon="-110.5909520">
    <ele>2403.6</ele>
   </trkpt>
   <trkpt lat="43.7001650" lon="-110.5909750">
    <ele>2403.0</ele>
   </trkpt>
   <trkpt lat="43.7001100" lon="-110.5910040">
    <ele>2402.8</ele>
   </trkpt>
   <trkpt lat="43.7000590" lon="-110.5910280">
    <ele>2402.4</ele>
   </trkpt>
   <trkpt lat="43.6999970" lon="-110.5910590">
    <ele>2402.0</ele>
   </trkpt>
   <trkpt lat="43.6999400" lon="-110.5910890">
    <ele>2402.0</ele>
   </trkpt>
   <trkpt lat="43.6998860" lon="-110.5911200">
    <ele>2401.8</ele>
   </trkpt>
   <trkpt lat="43.6998300" lon="-110.5911580">
    <ele>2401.6</ele>
   </trkpt>
   <trkpt lat="43.6997920" lon="-110.5911890">
    <ele>2401.6</ele>
   </trkpt>
   <trkpt lat="43.6997500" lon="-110.5912190">
    <ele>2401.6</ele>
   </trkpt>
   <trkpt lat="43.6997120" lon="-110.5912420">
    <ele>2401.8</ele>
   </trkpt>
   <trkpt lat="43.6996660" lon="-110.5912720">
    <ele>2401.8</ele>
   </trkpt>
   <trkpt lat="43.6996290" lon="-110.5912870">
    <ele>2401.8</ele>
   </trkpt>
   <trkpt lat="43.6996020" lon="-110.5913010">
    <ele>2401.8</ele>
   </trkpt>
   <trkpt lat="43.6995670" lon="-110.5913090">
    <ele>2401.8</ele>
   </trkpt>
   <trkpt lat="43.6995320" lon="-110.5913170">
    <ele>2401.8</ele>
   </trkpt>
   <trkpt lat="43.6994880" lon="-110.5913240">
    <ele>2401.8</ele>
   </trkpt>
   <trkpt lat="43.6994600" lon="-110.5913320">
    <ele>2401.8</ele>
   </trkpt>
   <trkpt lat="43.6994220" lon="-110.5913310">
    <ele>2401.8</ele>
   </trkpt>
   <trkpt lat="43.6993840" lon="-110.5913240">
    <ele>2401.8</ele>
   </trkpt>
   <trkpt lat="43.6993460" lon="-110.5913240">
    <ele>2401.6</ele>
   </trkpt>
   <trkpt lat="43.6993040" lon="-110.5913240">
    <ele>2401.6</ele>
   </trkpt>
   <trkpt lat="43.6992660" lon="-110.5913320">
    <ele>2401.4</ele>
   </trkpt>
   <trkpt lat="43.6992230" lon="-110.5913400">
    <ele>2401.2</ele>
   </trkpt>
   <trkpt lat="43.6991710" lon="-110.5913550">
    <ele>2401.2</ele>
   </trkpt>
   <trkpt lat="43.6991360" lon="-110.5913710">
    <ele>2401.0</ele>
   </trkpt>
   <trkpt lat="43.6990930" lon="-110.5913860">
    <ele>2400.8</ele>
   </trkpt>
   <trkpt lat="43.6990410" lon="-110.5914010">
    <ele>2400.6</ele>
   </trkpt>
   <trkpt lat="43.6990060" lon="-110.5914170">
    <ele>2400.4</ele>
   </trkpt>
   <trkpt lat="43.6989630" lon="-110.5914330">
    <ele>2400.0</ele>
   </trkpt>
   <trkpt lat="43.6989110" lon="-110.5914620">
    <ele>2399.8</ele>
   </trkpt>
   <trkpt lat="43.6988760" lon="-110.5914780">
    <ele>2399.6</ele>
   </trkpt>
   <trkpt lat="43.6988290" lon="-110.5915010">
    <ele>2399.2</ele>
   </trkpt>
   <trkpt lat="43.6987770" lon="-110.5915240">
    <ele>2399.0</ele>
   </trkpt>
   <trkpt lat="43.6987370" lon="-110.5915460">
    <ele>2398.6</ele>
   </trkpt>
   <trkpt lat="43.6986960" lon="-110.5915620">
    <ele>2398.4</ele>
   </trkpt>
   <trkpt lat="43.6986360" lon="-110.5915840">
    <ele>2398.0</ele>
   </trkpt>
   <trkpt lat="43.6985930" lon="-110.5916010">
    <ele>2397.6</ele>
   </trkpt>
   <trkpt lat="43.6985320" lon="-110.5916310">
    <ele>2397.2</ele>
   </trkpt>
   <trkpt lat="43.6984840" lon="-110.5916530">
    <ele>2397.0</ele>
   </trkpt>
   <trkpt lat="43.6984440" lon="-110.5916690">
    <ele>2396.6</ele>
   </trkpt>
   <trkpt lat="43.6983900" lon="-110.5916920">
    <ele>2396.4</ele>
   </trkpt>
   <trkpt lat="43.6983300" lon="-110.5917230">
    <ele>2396.2</ele>
   </trkpt>
   <trkpt lat="43.6982810" lon="-110.5917530">
    <ele>2396.0</ele>
   </trkpt>
   <trkpt lat="43.6982350" lon="-110.5917760">
    <ele>2396.0</ele>
   </trkpt>
   <trkpt lat="43.6981930" lon="-110.5917990">
    <ele>2396.0</ele>
   </trkpt>
   <trkpt lat="43.6981510" lon="-110.5918210">
    <ele>2395.8</ele>
   </trkpt>
   <trkpt lat="43.6981100" lon="-110.5918370">
    <ele>2395.8</ele>
   </trkpt>
   <trkpt lat="43.6980720" lon="-110.5918600">
    <ele>2395.6</ele>
   </trkpt>
   <trkpt lat="43.6980380" lon="-110.5918820">
    <ele>2395.6</ele>
   </trkpt>
   <trkpt lat="43.6980110" lon="-110.5919060">
    <ele>2395.6</ele>
   </trkpt>
   <trkpt lat="43.6979730" lon="-110.5919370">
    <ele>2395.6</ele>
   </trkpt>
   <trkpt lat="43.6979390" lon="-110.5919660">
    <ele>2395.6</ele>
   </trkpt>
   <trkpt lat="43.6979080" lon="-110.5919890">
    <ele>2395.6</ele>
   </trkpt>
   <trkpt lat="43.6978810" lon="-110.5920120">
    <ele>2395.4</ele>
   </trkpt>
   <trkpt lat="43.6978510" lon="-110.5920350">
    <ele>2395.4</ele>
   </trkpt>
   <trkpt lat="43.6978200" lon="-110.5920590">
    <ele>2395.4</ele>
   </trkpt>
   <trkpt lat="43.6977860" lon="-110.5920890">
    <ele>2395.4</ele>
   </trkpt>
   <trkpt lat="43.6977590" lon="-110.5921190">
    <ele>2395.2</ele>
   </trkpt>
   <trkpt lat="43.6977280" lon="-110.5921510">
    <ele>2395.2</ele>
   </trkpt>
   <trkpt lat="43.6976900" lon="-110.5921960">
    <ele>2395.0</ele>
   </trkpt>
   <trkpt lat="43.6976600" lon="-110.5922260">
    <ele>2395.0</ele>
   </trkpt>
   <trkpt lat="43.6976310" lon="-110.5922560">
    <ele>2394.8</ele>
   </trkpt>
   <trkpt lat="43.6976030" lon="-110.5922800">
    <ele>2394.6</ele>
   </trkpt>
   <trkpt lat="43.6975720" lon="-110.5923110">
    <ele>2394.6</ele>
   </trkpt>
   <trkpt lat="43.6975350" lon="-110.5923480">
    <ele>2394.4</ele>
   </trkpt>
   <trkpt lat="43.6975080" lon="-110.5923790">
    <ele>2394.0</ele>
   </trkpt>
   <trkpt lat="43.6974810" lon="-110.5924160">
    <ele>2393.8</ele>
   </trkpt>
   <trkpt lat="43.6974540" lon="-110.5924410">
    <ele>2393.6</ele>
   </trkpt>
   <trkpt lat="43.6974230" lon="-110.5924790">
    <ele>2393.4</ele>
   </trkpt>
   <trkpt lat="43.6973810" lon="-110.5925240">
    <ele>2393.0</ele>
   </trkpt>
   <trkpt lat="43.6973470" lon="-110.5925550">
    <ele>2392.6</ele>
   </trkpt>
   <trkpt lat="43.6973170" lon="-110.5925920">
    <ele>2392.2</ele>
   </trkpt>
   <trkpt lat="43.6972860" lon="-110.5926240">
    <ele>2391.8</ele>
   </trkpt>
   <trkpt lat="43.6972560" lon="-110.5926620">
    <ele>2391.6</ele>
   </trkpt>
   <trkpt lat="43.6972250" lon="-110.5927000">
    <ele>2391.0</ele>
   </trkpt>
   <trkpt lat="43.6971950" lon="-110.5927380">
    <ele>2390.8</ele>
   </trkpt>
   <trkpt lat="43.6971640" lon="-110.5927760">
    <ele>2390.4</ele>
   </trkpt>
   <trkpt lat="43.6971300" lon="-110.5928140">
    <ele>2390.0</ele>
   </trkpt>
   <trkpt lat="43.6970990" lon="-110.5928520">
    <ele>2389.8</ele>
   </trkpt>
   <trkpt lat="43.6970650" lon="-110.5928910">
    <ele>2389.4</ele>
   </trkpt>
   <trkpt lat="43.6970350" lon="-110.5929280">
    <ele>2389.2</ele>
   </trkpt>
   <trkpt lat="43.6970030" lon="-110.5929600">
    <ele>2388.8</ele>
   </trkpt>
   <trkpt lat="43.6969660" lon="-110.5930050">
    <ele>2388.6</ele>
   </trkpt>
   <trkpt lat="43.6969310" lon="-110.5930440">
    <ele>2388.2</ele>
   </trkpt>
   <trkpt lat="43.6968970" lon="-110.5930900">
    <ele>2388.0</ele>
   </trkpt>
   <trkpt lat="43.6968630" lon="-110.5931350">
    <ele>2387.8</ele>
   </trkpt>
   <trkpt lat="43.6968320" lon="-110.5931730">
    <ele>2387.4</ele>
   </trkpt>
   <trkpt lat="43.6967980" lon="-110.5932120">
    <ele>2387.2</ele>
   </trkpt>
   <trkpt lat="43.6967680" lon="-110.5932570">
    <ele>2387.0</ele>
   </trkpt>
   <trkpt lat="43.6967380" lon="-110.5933010">
    <ele>2386.8</ele>
   </trkpt>
   <trkpt lat="43.6967110" lon="-110.5933490">
    <ele>2386.6</ele>
   </trkpt>
   <trkpt lat="43.6966880" lon="-110.5933870">
    <ele>2386.4</ele>
   </trkpt>
   <trkpt lat="43.6966650" lon="-110.5934320">
    <ele>2386.2</ele>
   </trkpt>
   <trkpt lat="43.6966420" lon="-110.5934710">
    <ele>2386.0</ele>
   </trkpt>
   <trkpt lat="43.6966240" lon="-110.5935160">
    <ele>2385.6</ele>
   </trkpt>
   <trkpt lat="43.6966080" lon="-110.5935470">
    <ele>2385.6</ele>
   </trkpt>
   <trkpt lat="43.6965930" lon="-110.5935850">
    <ele>2385.4</ele>
   </trkpt>
   <trkpt lat="43.6965740" lon="-110.5936310">
    <ele>2385.2</ele>
   </trkpt>
   <trkpt lat="43.6965590" lon="-110.5936680">
    <ele>2384.8</ele>
   </trkpt>
   <trkpt lat="43.6965470" lon="-110.5936920">
    <ele>2384.6</ele>
   </trkpt>
   <trkpt lat="43.6965290" lon="-110.5937370">
    <ele>2384.2</ele>
   </trkpt>
   <trkpt lat="43.6965170" lon="-110.5937760">
    <ele>2384.0</ele>
   </trkpt>
   <trkpt lat="43.6965060" lon="-110.5938130">
    <ele>2383.8</ele>
   </trkpt>
   <trkpt lat="43.6964980" lon="-110.5938450">
    <ele>2383.4</ele>
   </trkpt>
   <trkpt lat="43.6964910" lon="-110.5938910">
    <ele>2383.2</ele>
   </trkpt>
   <trkpt lat="43.6964920" lon="-110.5939370">
    <ele>2383.0</ele>
   </trkpt>
   <trkpt lat="43.6965000" lon="-110.5939820">
    <ele>2382.6</ele>
   </trkpt>
   <trkpt lat="43.6965150" lon="-110.5940190">
    <ele>2382.4</ele>
   </trkpt>
   <trkpt lat="43.6965310" lon="-110.5940490">
    <ele>2382.2</ele>
   </trkpt>
   <trkpt lat="43.6965550" lon="-110.5940720">
    <ele>2382.0</ele>
   </trkpt>
   <trkpt lat="43.6965850" lon="-110.5940940">
    <ele>2382.0</ele>
   </trkpt>
   <trkpt lat="43.6966110" lon="-110.5941090">
    <ele>2381.8</ele>
   </trkpt>
   <trkpt lat="43.6966380" lon="-110.5941160">
    <ele>2381.6</ele>
   </trkpt>
   <trkpt lat="43.6966570" lon="-110.5941170">
    <ele>2381.4</ele>
   </trkpt>
   <trkpt lat="43.6966800" lon="-110.5941240">
    <ele>2381.2</ele>
   </trkpt>
   <trkpt lat="43.6967100" lon="-110.5941320">
    <ele>2381.0</ele>
   </trkpt>
   <trkpt lat="43.6967360" lon="-110.5941390">
    <ele>2380.8</ele>
   </trkpt>
   <trkpt lat="43.6967600" lon="-110.5941470">
    <ele>2380.8</ele>
   </trkpt>
   <trkpt lat="43.6967870" lon="-110.5941540">
    <ele>2380.6</ele>
   </trkpt>
   <trkpt lat="43.6968140" lon="-110.5941550">
    <ele>2380.4</ele>
   </trkpt>
   <trkpt lat="43.6968480" lon="-110.5941620">
    <ele>2380.0</ele>
   </trkpt>
   <trkpt lat="43.6968790" lon="-110.5941620">
    <ele>2379.8</ele>
   </trkpt>
   <trkpt lat="43.6969090" lon="-110.5941630">
    <ele>2379.6</ele>
   </trkpt>
   <trkpt lat="43.6969400" lon="-110.5941700">
    <ele>2379.4</ele>
   </trkpt>
   <trkpt lat="43.6969820" lon="-110.5941700">
    <ele>2379.0</ele>
   </trkpt>
   <trkpt lat="43.6970200" lon="-110.5941770">
    <ele>2378.8</ele>
   </trkpt>
   <trkpt lat="43.6970620" lon="-110.5941780">
    <ele>2378.6</ele>
   </trkpt>
   <trkpt lat="43.6971010" lon="-110.5941850">
    <ele>2378.2</ele>
   </trkpt>
   <trkpt lat="43.6971390" lon="-110.5941850">
    <ele>2378.0</ele>
   </trkpt>
   <trkpt lat="43.6971810" lon="-110.5941850">
    <ele>2377.6</ele>
   </trkpt>
   <trkpt lat="43.6972190" lon="-110.5941850">
    <ele>2377.4</ele>
   </trkpt>
   <trkpt lat="43.6972570" lon="-110.5941840">
    <ele>2377.2</ele>
   </trkpt>
   <trkpt lat="43.6972990" lon="-110.5941770">
    <ele>2377.0</ele>
   </trkpt>
   <trkpt lat="43.6973410" lon="-110.5941770">
    <ele>2376.8</ele>
   </trkpt>
   <trkpt lat="43.6973830" lon="-110.5941770">
    <ele>2376.4</ele>
   </trkpt>
   <trkpt lat="43.6974330" lon="-110.5941700">
    <ele>2376.4</ele>
   </trkpt>
   <trkpt lat="43.6974790" lon="-110.5941700">
    <ele>2376.2</ele>
   </trkpt>
   <trkpt lat="43.6975240" lon="-110.5941700">
    <ele>2376.0</ele>
   </trkpt>
   <trkpt lat="43.6975660" lon="-110.5941700">
    <ele>2375.8</ele>
   </trkpt>
   <trkpt lat="43.6976080" lon="-110.5941690">
    <ele>2375.6</ele>
   </trkpt>
   <trkpt lat="43.6976570" lon="-110.5941620">
    <ele>2375.4</ele>
   </trkpt>
   <trkpt lat="43.6976930" lon="-110.5941610">
    <ele>2375.2</ele>
   </trkpt>
   <trkpt lat="43.6977460" lon="-110.5941530">
    <ele>2375.2</ele>
   </trkpt>
   <trkpt lat="43.6977920" lon="-110.5941390">
    <ele>2375.0</ele>
   </trkpt>
   <trkpt lat="43.6978420" lon="-110.5941300">
    <ele>2374.8</ele>
   </trkpt>
   <trkpt lat="43.6978900" lon="-110.5941160">
    <ele>2374.6</ele>
   </trkpt>
   <trkpt lat="43.6979260" lon="-110.5941070">
    <ele>2374.4</ele>
   </trkpt>
   <trkpt lat="43.6979780" lon="-110.5940930">
    <ele>2374.2</ele>
   </trkpt>
   <trkpt lat="43.6980120" lon="-110.5940850">
    <ele>2374.2</ele>
   </trkpt>
   <trkpt lat="43.6980460" lon="-110.5940780">
    <ele>2374.0</ele>
   </trkpt>
   <trkpt lat="43.6980760" lon="-110.5940700">
    <ele>2373.8</ele>
   </trkpt>
   <trkpt lat="43.6980990" lon="-110.5940620">
    <ele>2373.6</ele>
   </trkpt>
   <trkpt lat="43.6981220" lon="-110.5940550">
    <ele>2373.4</ele>
   </trkpt>
   <trkpt lat="43.6981440" lon="-110.5940470">
    <ele>2373.4</ele>
   </trkpt>
   <trkpt lat="43.6981550" lon="-110.5940390">
    <ele>2373.2</ele>
   </trkpt>
   <trkpt lat="43.6981660" lon="-110.5940320">
    <ele>2373.2</ele>
   </trkpt>
   <trkpt lat="43.6981740" lon="-110.5940320">
    <ele>2373.0</ele>
   </trkpt>
   <trkpt lat="43.6981740" lon="-110.5940320">
    <ele>2373.0</ele>
   </trkpt>
   <trkpt lat="43.6981740" lon="-110.5940710">
    <ele>2372.8</ele>
   </trkpt>
   <trkpt lat="43.6981740" lon="-110.5940780">
    <ele>2372.8</ele>
   </trkpt>
   <trkpt lat="43.6981740" lon="-110.5940780">
    <ele>2372.8</ele>
   </trkpt>
   <trkpt lat="43.6981740" lon="-110.5940780">
    <ele>2372.8</ele>
   </trkpt>
   <trkpt lat="43.6981740" lon="-110.5940780">
    <ele>2372.8</ele>
   </trkpt>
   <trkpt lat="43.6981740" lon="-110.5940780">
    <ele>2372.8</ele>
   </trkpt>
   <trkpt lat="43.6981740" lon="-110.5940780">
    <ele>2373.0</ele>
   </trkpt>
   <trkpt lat="43.6981980" lon="-110.5940390">
    <ele>2372.8</ele>
   </trkpt>
   <trkpt lat="43.6982180" lon="-110.5940320">
    <ele>2372.8</ele>
   </trkpt>
   <trkpt lat="43.6982440" lon="-110.5940240">
    <ele>2372.8</ele>
   </trkpt>
   <trkpt lat="43.6982750" lon="-110.5940160">
    <ele>2372.6</ele>
   </trkpt>
   <trkpt lat="43.6983050" lon="-110.5940090">
    <ele>2372.4</ele>
   </trkpt>
   <trkpt lat="43.6983290" lon="-110.5940090">
    <ele>2372.2</ele>
   </trkpt>
   <trkpt lat="43.6983660" lon="-110.5940010">
    <ele>2372.0</ele>
   </trkpt>
   <trkpt lat="43.6983970" lon="-110.5939930">
    <ele>2371.6</ele>
   </trkpt>
   <trkpt lat="43.6984350" lon="-110.5939780">
    <ele>2371.2</ele>
   </trkpt>
   <trkpt lat="43.6984670" lon="-110.5939710">
    <ele>2371.0</ele>
   </trkpt>
   <trkpt lat="43.6985150" lon="-110.5939640">
    <ele>2370.6</ele>
   </trkpt>
   <trkpt lat="43.6985500" lon="-110.5939630">
    <ele>2370.2</ele>
   </trkpt>
   <trkpt lat="43.6985880" lon="-110.5939560">
    <ele>2369.8</ele>
   </trkpt>
   <trkpt lat="43.6986230" lon="-110.5939550">
    <ele>2369.6</ele>
   </trkpt>
   <trkpt lat="43.6986650" lon="-110.5939480">
    <ele>2369.2</ele>
   </trkpt>
   <trkpt lat="43.6987030" lon="-110.5939490">
    <ele>2368.8</ele>
   </trkpt>
   <trkpt lat="43.6987410" lon="-110.5939560">
    <ele>2368.4</ele>
   </trkpt>
   <trkpt lat="43.6987830" lon="-110.5939570">
    <ele>2368.0</ele>
   </trkpt>
   <trkpt lat="43.6988180" lon="-110.5939640">
    <ele>2367.6</ele>
   </trkpt>
   <trkpt lat="43.6988710" lon="-110.5939720">
    <ele>2367.4</ele>
   </trkpt>
   <trkpt lat="43.6989130" lon="-110.5939870">
    <ele>2367.0</ele>
   </trkpt>
   <trkpt lat="43.6989500" lon="-110.5939950">
    <ele>2366.6</ele>
   </trkpt>
   <trkpt lat="43.6989860" lon="-110.5940100">
    <ele>2366.2</ele>
   </trkpt>
   <trkpt lat="43.6990390" lon="-110.5940260">
    <ele>2365.8</ele>
   </trkpt>
   <trkpt lat="43.6990850" lon="-110.5940420">
    <ele>2365.4</ele>
   </trkpt>
   <trkpt lat="43.6991260" lon="-110.5940640">
    <ele>2365.0</ele>
   </trkpt>
   <trkpt lat="43.6991630" lon="-110.5940790">
    <ele>2364.6</ele>
   </trkpt>
   <trkpt lat="43.6992110" lon="-110.5940950">
    <ele>2364.2</ele>
   </trkpt>
   <trkpt lat="43.6992640" lon="-110.5941170">
    <ele>2363.8</ele>
   </trkpt>
   <trkpt lat="43.6993090" lon="-110.5941320">
    <ele>2363.6</ele>
   </trkpt>
   <trkpt lat="43.6993510" lon="-110.5941480">
    <ele>2363.2</ele>
   </trkpt>
   <trkpt lat="43.6993860" lon="-110.5941630">
    <ele>2362.8</ele>
   </trkpt>
   <trkpt lat="43.6994280" lon="-110.5941790">
    <ele>2362.6</ele>
   </trkpt>
   <trkpt lat="43.6994770" lon="-110.5942010">
    <ele>2362.2</ele>
   </trkpt>
   <trkpt lat="43.6995190" lon="-110.5942160">
    <ele>2362.0</ele>
   </trkpt>
   <trkpt lat="43.6995570" lon="-110.5942320">
    <ele>2361.6</ele>
   </trkpt>
   <trkpt lat="43.6995910" lon="-110.5942480">
    <ele>2361.4</ele>
   </trkpt>
   <trkpt lat="43.6996170" lon="-110.5942700">
    <ele>2361.0</ele>
   </trkpt>
   <trkpt lat="43.6996400" lon="-110.5942860">
    <ele>2360.8</ele>
   </trkpt>
   <trkpt lat="43.6996670" lon="-110.5943090">
    <ele>2360.4</ele>
   </trkpt>
   <trkpt lat="43.6996980" lon="-110.5943390">
    <ele>2360.0</ele>
   </trkpt>
   <trkpt lat="43.6997320" lon="-110.5943630">
    <ele>2359.8</ele>
   </trkpt>
   <trkpt lat="43.6997670" lon="-110.5944010">
    <ele>2359.4</ele>
   </trkpt>
   <trkpt lat="43.6998010" lon="-110.5944310">
    <ele>2359.0</ele>
   </trkpt>
   <trkpt lat="43.6998390" lon="-110.5944620">
    <ele>2358.6</ele>
   </trkpt>
   <trkpt lat="43.6998770" lon="-110.5944920">
    <ele>2358.2</ele>
   </trkpt>
   <trkpt lat="43.6999120" lon="-110.5945230">
    <ele>2357.8</ele>
   </trkpt>
   <trkpt lat="43.6999500" lon="-110.5945610">
    <ele>2357.2</ele>
   </trkpt>
   <trkpt lat="43.6999890" lon="-110.5946000">
    <ele>2356.8</ele>
   </trkpt>
   <trkpt lat="43.7000310" lon="-110.5946380">
    <ele>2356.4</ele>
   </trkpt>
   <trkpt lat="43.7000760" lon="-110.5946840">
    <ele>2356.0</ele>
   </trkpt>
   <trkpt lat="43.7001190" lon="-110.5947220">
    <ele>2355.6</ele>
   </trkpt>
   <trkpt lat="43.7001600" lon="-110.5947600">
    <ele>2355.2</ele>
   </trkpt>
   <trkpt lat="43.7002020" lon="-110.5947980">
    <ele>2354.6</ele>
   </trkpt>
   <trkpt lat="43.7002440" lon="-110.5948360">
    <ele>2354.2</ele>
   </trkpt>
   <trkpt lat="43.7002780" lon="-110.5948740">
    <ele>2353.8</ele>
   </trkpt>
   <trkpt lat="43.7003160" lon="-110.5949130">
    <ele>2353.2</ele>
   </trkpt>
   <trkpt lat="43.7003420" lon="-110.5949590">
    <ele>2352.8</ele>
   </trkpt>
   <trkpt lat="43.7003650" lon="-110.5950050">
    <ele>2352.4</ele>
   </trkpt>
   <trkpt lat="43.7003910" lon="-110.5950580">
    <ele>2352.0</ele>
   </trkpt>
   <trkpt lat="43.7004060" lon="-110.5951120">
    <ele>2351.6</ele>
   </trkpt>
   <trkpt lat="43.7004210" lon="-110.5951660">
    <ele>2351.0</ele>
   </trkpt>
   <trkpt lat="43.7004330" lon="-110.5952180">
    <ele>2350.6</ele>
   </trkpt>
   <trkpt lat="43.7004440" lon="-110.5952650">
    <ele>2350.2</ele>
   </trkpt>
   <trkpt lat="43.7004550" lon="-110.5953270">
    <ele>2349.6</ele>
   </trkpt>
   <trkpt lat="43.7004590" lon="-110.5953950">
    <ele>2349.2</ele>
   </trkpt>
   <trkpt lat="43.7004670" lon="-110.5954560">
    <ele>2348.8</ele>
   </trkpt>
   <trkpt lat="43.7004740" lon="-110.5955160">
    <ele>2348.2</ele>
   </trkpt>
   <trkpt lat="43.7004820" lon="-110.5955780">
    <ele>2347.6</ele>
   </trkpt>
   <trkpt lat="43.7004940" lon="-110.5956390">
    <ele>2347.2</ele>
   </trkpt>
   <trkpt lat="43.7005050" lon="-110.5956990">
    <ele>2346.8</ele>
   </trkpt>
   <trkpt lat="43.7005160" lon="-110.5957530">
    <ele>2346.2</ele>
   </trkpt>
   <trkpt lat="43.7005240" lon="-110.5958140">
    <ele>2345.8</ele>
   </trkpt>
   <trkpt lat="43.7005270" lon="-110.5958680">
    <ele>2345.4</ele>
   </trkpt>
   <trkpt lat="43.7005310" lon="-110.5959290">
    <ele>2345.0</ele>
   </trkpt>
   <trkpt lat="43.7005310" lon="-110.5959900">
    <ele>2344.6</ele>
   </trkpt>
   <trkpt lat="43.7005310" lon="-110.5960510">
    <ele>2344.2</ele>
   </trkpt>
   <trkpt lat="43.7005270" lon="-110.5961200">
    <ele>2343.6</ele>
   </trkpt>
   <trkpt lat="43.7005190" lon="-110.5961810">
    <ele>2343.2</ele>
   </trkpt>
   <trkpt lat="43.7005070" lon="-110.5962490">
    <ele>2342.8</ele>
   </trkpt>
   <trkpt lat="43.7004960" lon="-110.5963100">
    <ele>2342.2</ele>
   </trkpt>
   <trkpt lat="43.7004800" lon="-110.5963630">
    <ele>2341.8</ele>
   </trkpt>
   <trkpt lat="43.7004650" lon="-110.5964160">
    <ele>2341.4</ele>
   </trkpt>
   <trkpt lat="43.7004460" lon="-110.5964690">
    <ele>2341.0</ele>
   </trkpt>
   <trkpt lat="43.7004260" lon="-110.5965230">
    <ele>2340.8</ele>
   </trkpt>
   <trkpt lat="43.7003990" lon="-110.5965690">
    <ele>2340.4</ele>
   </trkpt>
   <trkpt lat="43.7003730" lon="-110.5966140">
    <ele>2340.2</ele>
   </trkpt>
   <trkpt lat="43.7003500" lon="-110.5966600">
    <ele>2339.8</ele>
   </trkpt>
   <trkpt lat="43.7003230" lon="-110.5967060">
    <ele>2339.4</ele>
   </trkpt>
   <trkpt lat="43.7003010" lon="-110.5967510">
    <ele>2339.0</ele>
   </trkpt>
   <trkpt lat="43.7002850" lon="-110.5967820">
    <ele>2338.6</ele>
   </trkpt>
   <trkpt lat="43.7002590" lon="-110.5968280">
    <ele>2338.2</ele>
   </trkpt>
   <trkpt lat="43.7002400" lon="-110.5968660">
    <ele>2337.8</ele>
   </trkpt>
   <trkpt lat="43.7002250" lon="-110.5969040">
    <ele>2337.4</ele>
   </trkpt>
   <trkpt lat="43.7002100" lon="-110.5969500">
    <ele>2337.0</ele>
   </trkpt>
   <trkpt lat="43.7002020" lon="-110.5969890">
    <ele>2336.6</ele>
   </trkpt>
   <trkpt lat="43.7001910" lon="-110.5970420">
    <ele>2336.2</ele>
   </trkpt>
   <trkpt lat="43.7001790" lon="-110.5970960">
    <ele>2335.6</ele>
   </trkpt>
   <trkpt lat="43.7001640" lon="-110.5971490">
    <ele>2335.2</ele>
   </trkpt>
   <trkpt lat="43.7001480" lon="-110.5972030">
    <ele>2334.8</ele>
   </trkpt>
   <trkpt lat="43.7001330" lon="-110.5972640">
    <ele>2334.4</ele>
   </trkpt>
   <trkpt lat="43.7001140" lon="-110.5973250">
    <ele>2333.8</ele>
   </trkpt>
   <trkpt lat="43.7000950" lon="-110.5973860">
    <ele>2333.4</ele>
   </trkpt>
   <trkpt lat="43.7000750" lon="-110.5974470">
    <ele>2333.0</ele>
   </trkpt>
   <trkpt lat="43.7000520" lon="-110.5975090">
    <ele>2332.6</ele>
   </trkpt>
   <trkpt lat="43.7000290" lon="-110.5975770">
    <ele>2332.2</ele>
   </trkpt>
   <trkpt lat="43.7000030" lon="-110.5976380">
    <ele>2331.8</ele>
   </trkpt>
   <trkpt lat="43.6999760" lon="-110.5976990">
    <ele>2331.6</ele>
   </trkpt>
   <trkpt lat="43.6999530" lon="-110.5977530">
    <ele>2331.2</ele>
   </trkpt>
   <trkpt lat="43.6999220" lon="-110.5978210">
    <ele>2330.8</ele>
   </trkpt>
   <trkpt lat="43.6998960" lon="-110.5978810">
    <ele>2330.4</ele>
   </trkpt>
   <trkpt lat="43.6998700" lon="-110.5979330">
    <ele>2330.0</ele>
   </trkpt>
   <trkpt lat="43.6998500" lon="-110.5979810">
    <ele>2329.6</ele>
   </trkpt>
   <trkpt lat="43.6998230" lon="-110.5980350">
    <ele>2329.2</ele>
   </trkpt>
   <trkpt lat="43.6997930" lon="-110.5980950">
    <ele>2328.8</ele>
   </trkpt>
   <trkpt lat="43.6997660" lon="-110.5981490">
    <ele>2328.4</ele>
   </trkpt>
   <trkpt lat="43.6997400" lon="-110.5982010">
    <ele>2328.0</ele>
   </trkpt>
   <trkpt lat="43.6997200" lon="-110.5982480">
    <ele>2327.4</ele>
   </trkpt>
   <trkpt lat="43.6996930" lon="-110.5983020">
    <ele>2327.0</ele>
   </trkpt>
   <trkpt lat="43.6996590" lon="-110.5983780">
    <ele>2326.4</ele>
   </trkpt>
   <trkpt lat="43.6996320" lon="-110.5984320">
    <ele>2325.8</ele>
   </trkpt>
   <trkpt lat="43.6996020" lon="-110.5984930">
    <ele>2325.2</ele>
   </trkpt>
   <trkpt lat="43.6995710" lon="-110.5985530">
    <ele>2324.6</ele>
   </trkpt>
   <trkpt lat="43.6995400" lon="-110.5986160">
    <ele>2324.0</ele>
   </trkpt>
   <trkpt lat="43.6995060" lon="-110.5986830">
    <ele>2323.4</ele>
   </trkpt>
   <trkpt lat="43.6994760" lon="-110.5987450">
    <ele>2322.8</ele>
   </trkpt>
   <trkpt lat="43.6994450" lon="-110.5988130">
    <ele>2322.2</ele>
   </trkpt>
   <trkpt lat="43.6994150" lon="-110.5988750">
    <ele>2321.8</ele>
   </trkpt>
   <trkpt lat="43.6993840" lon="-110.5989440">
    <ele>2321.4</ele>
   </trkpt>
   <trkpt lat="43.6993580" lon="-110.5990120">
    <ele>2320.8</ele>
   </trkpt>
   <trkpt lat="43.6993310" lon="-110.5990800">
    <ele>2320.4</ele>
   </trkpt>
   <trkpt lat="43.6993080" lon="-110.5991430">
    <ele>2320.0</ele>
   </trkpt>
   <trkpt lat="43.6992770" lon="-110.5992250">
    <ele>2319.6</ele>
   </trkpt>
   <trkpt lat="43.6992470" lon="-110.5992870">
    <ele>2319.2</ele>
   </trkpt>
   <trkpt lat="43.6992210" lon="-110.5993560">
    <ele>2318.8</ele>
   </trkpt>
   <trkpt lat="43.6991980" lon="-110.5994230">
    <ele>2318.2</ele>
   </trkpt>
   <trkpt lat="43.6991750" lon="-110.5994850">
    <ele>2317.8</ele>
   </trkpt>
   <trkpt lat="43.6991480" lon="-110.5995530">
    <ele>2317.4</ele>
   </trkpt>
   <trkpt lat="43.6991250" lon="-110.5996140">
    <ele>2316.8</ele>
   </trkpt>
   <trkpt lat="43.6991030" lon="-110.5996740">
    <ele>2316.2</ele>
   </trkpt>
   <trkpt lat="43.6990840" lon="-110.5997270">
    <ele>2315.8</ele>
   </trkpt>
   <trkpt lat="43.6990560" lon="-110.5998060">
    <ele>2315.2</ele>
   </trkpt>
   <trkpt lat="43.6990300" lon="-110.5998730">
    <ele>2314.8</ele>
   </trkpt>
   <trkpt lat="43.6990080" lon="-110.5999340">
    <ele>2314.4</ele>
   </trkpt>
   <trkpt lat="43.6989880" lon="-110.5999950">
    <ele>2314.0</ele>
   </trkpt>
   <trkpt lat="43.6989660" lon="-110.6000560">
    <ele>2313.4</ele>
   </trkpt>
   <trkpt lat="43.6989510" lon="-110.6001090">
    <ele>2313.0</ele>
   </trkpt>
   <trkpt lat="43.6989400" lon="-110.6001710">
    <ele>2312.6</ele>
   </trkpt>
   <trkpt lat="43.6989360" lon="-110.6002310">
    <ele>2312.0</ele>
   </trkpt>
   <trkpt lat="43.6989330" lon="-110.6002920">
    <ele>2311.6</ele>
   </trkpt>
   <trkpt lat="43.6989370" lon="-110.6003600">
    <ele>2311.0</ele>
   </trkpt>
   <trkpt lat="43.6989480" lon="-110.6004140">
    <ele>2310.6</ele>
   </trkpt>
   <trkpt lat="43.6989560" lon="-110.6004750">
    <ele>2310.0</ele>
   </trkpt>
   <trkpt lat="43.6989600" lon="-110.6005430">
    <ele>2309.6</ele>
   </trkpt>
   <trkpt lat="43.6989640" lon="-110.6006050">
    <ele>2309.0</ele>
   </trkpt>
   <trkpt lat="43.6989750" lon="-110.6006650">
    <ele>2308.6</ele>
   </trkpt>
   <trkpt lat="43.6989830" lon="-110.6007260">
    <ele>2308.2</ele>
   </trkpt>
   <trkpt lat="43.6989900" lon="-110.6007730">
    <ele>2307.8</ele>
   </trkpt>
   <trkpt lat="43.6990020" lon="-110.6008420">
    <ele>2307.4</ele>
   </trkpt>
   <trkpt lat="43.6990130" lon="-110.6009170">
    <ele>2307.0</ele>
   </trkpt>
   <trkpt lat="43.6990250" lon="-110.6009800">
    <ele>2306.6</ele>
   </trkpt>
   <trkpt lat="43.6990360" lon="-110.6010550">
    <ele>2306.4</ele>
   </trkpt>
   <trkpt lat="43.6990480" lon="-110.6011240">
    <ele>2306.0</ele>
   </trkpt>
   <trkpt lat="43.6990590" lon="-110.6012010">
    <ele>2305.8</ele>
   </trkpt>
   <trkpt lat="43.6990700" lon="-110.6012770">
    <ele>2305.4</ele>
   </trkpt>
   <trkpt lat="43.6990780" lon="-110.6013450">
    <ele>2305.2</ele>
   </trkpt>
   <trkpt lat="43.6990860" lon="-110.6014140">
    <ele>2304.8</ele>
   </trkpt>
   <trkpt lat="43.6990930" lon="-110.6014820">
    <ele>2304.4</ele>
   </trkpt>
   <trkpt lat="43.6991050" lon="-110.6015510">
    <ele>2304.2</ele>
   </trkpt>
   <trkpt lat="43.6991120" lon="-110.6016120">
    <ele>2303.8</ele>
   </trkpt>
   <trkpt lat="43.6991160" lon="-110.6016880">
    <ele>2303.4</ele>
   </trkpt>
   <trkpt lat="43.6991240" lon="-110.6017560">
    <ele>2303.2</ele>
   </trkpt>
   <trkpt lat="43.6991270" lon="-110.6018190">
    <ele>2302.8</ele>
   </trkpt>
   <trkpt lat="43.6991310" lon="-110.6019020">
    <ele>2302.6</ele>
   </trkpt>
   <trkpt lat="43.6991310" lon="-110.6019700">
    <ele>2302.4</ele>
   </trkpt>
   <trkpt lat="43.6991310" lon="-110.6020390">
    <ele>2302.2</ele>
   </trkpt>
   <trkpt lat="43.6991230" lon="-110.6021080">
    <ele>2302.0</ele>
   </trkpt>
   <trkpt lat="43.6991190" lon="-110.6021690">
    <ele>2301.8</ele>
   </trkpt>
   <trkpt lat="43.6991080" lon="-110.6022380">
    <ele>2301.4</ele>
   </trkpt>
   <trkpt lat="43.6991000" lon="-110.6022980">
    <ele>2301.2</ele>
   </trkpt>
   <trkpt lat="43.6990850" lon="-110.6023520">
    <ele>2300.8</ele>
   </trkpt>
   <trkpt lat="43.6990730" lon="-110.6024200">
    <ele>2300.4</ele>
   </trkpt>
   <trkpt lat="43.6990620" lon="-110.6024810">
    <ele>2300.2</ele>
   </trkpt>
   <trkpt lat="43.6990500" lon="-110.6025420">
    <ele>2299.8</ele>
   </trkpt>
   <trkpt lat="43.6990390" lon="-110.6026040">
    <ele>2299.4</ele>
   </trkpt>
   <trkpt lat="43.6990270" lon="-110.6026740">
    <ele>2298.8</ele>
   </trkpt>
   <trkpt lat="43.6990160" lon="-110.6027420">
    <ele>2298.4</ele>
   </trkpt>
   <trkpt lat="43.6990000" lon="-110.6028100">
    <ele>2298.0</ele>
   </trkpt>
   <trkpt lat="43.6989850" lon="-110.6028710">
    <ele>2297.6</ele>
   </trkpt>
   <trkpt lat="43.6989660" lon="-110.6029310">
    <ele>2297.2</ele>
   </trkpt>
   <trkpt lat="43.6989470" lon="-110.6029840">
    <ele>2296.8</ele>
   </trkpt>
   <trkpt lat="43.6989280" lon="-110.6030300">
    <ele>2296.4</ele>
   </trkpt>
   <trkpt lat="43.6989050" lon="-110.6030750">
    <ele>2295.8</ele>
   </trkpt>
   <trkpt lat="43.6988850" lon="-110.6031210">
    <ele>2295.4</ele>
   </trkpt>
   <trkpt lat="43.6988600" lon="-110.6031660">
    <ele>2295.0</ele>
   </trkpt>
   <trkpt lat="43.6988400" lon="-110.6032210">
    <ele>2294.4</ele>
   </trkpt>
   <trkpt lat="43.6988210" lon="-110.6032660">
    <ele>2294.0</ele>
   </trkpt>
   <trkpt lat="43.6988080" lon="-110.6033000">
    <ele>2293.6</ele>
   </trkpt>
   <trkpt lat="43.6987950" lon="-110.6033360">
    <ele>2293.0</ele>
   </trkpt>
   <trkpt lat="43.6987870" lon="-110.6033900">
    <ele>2292.6</ele>
   </trkpt>
   <trkpt lat="43.6987800" lon="-110.6034580">
    <ele>2292.2</ele>
   </trkpt>
   <trkpt lat="43.6987720" lon="-110.6035190">
    <ele>2291.8</ele>
   </trkpt>
   <trkpt lat="43.6987720" lon="-110.6035720">
    <ele>2291.4</ele>
   </trkpt>
   <trkpt lat="43.6987720" lon="-110.6036100">
    <ele>2290.8</ele>
   </trkpt>
   <trkpt lat="43.6987720" lon="-110.6036560">
    <ele>2290.4</ele>
   </trkpt>
   <trkpt lat="43.6987720" lon="-110.6037080">
    <ele>2290.0</ele>
   </trkpt>
   <trkpt lat="43.6987690" lon="-110.6037470">
    <ele>2289.8</ele>
   </trkpt>
   <trkpt lat="43.6987680" lon="-110.6037850">
    <ele>2289.4</ele>
   </trkpt>
   <trkpt lat="43.6987650" lon="-110.6038310">
    <ele>2289.2</ele>
   </trkpt>
   <trkpt lat="43.6987650" lon="-110.6038610">
    <ele>2289.0</ele>
   </trkpt>
   <trkpt lat="43.6987650" lon="-110.6038900">
    <ele>2288.8</ele>
   </trkpt>
   <trkpt lat="43.6987650" lon="-110.6039050">
    <ele>2288.6</ele>
   </trkpt>
   <trkpt lat="43.6987770" lon="-110.6039210">
    <ele>2288.2</ele>
   </trkpt>
   <trkpt lat="43.6987880" lon="-110.6039360">
    <ele>2288.2</ele>
   </trkpt>
   <trkpt lat="43.6988040" lon="-110.6039510">
    <ele>2288.0</ele>
   </trkpt>
   <trkpt lat="43.6988230" lon="-110.6039670">
    <ele>2288.0</ele>
   </trkpt>
   <trkpt lat="43.6988420" lon="-110.6039890">
    <ele>2287.8</ele>
   </trkpt>
   <trkpt lat="43.6988610" lon="-110.6040040">
    <ele>2287.6</ele>
   </trkpt>
   <trkpt lat="43.6988770" lon="-110.6040120">
    <ele>2287.6</ele>
   </trkpt>
   <trkpt lat="43.6988990" lon="-110.6040120">
    <ele>2287.4</ele>
   </trkpt>
   <trkpt lat="43.6989190" lon="-110.6040110">
    <ele>2287.2</ele>
   </trkpt>
   <trkpt lat="43.6989460" lon="-110.6040030">
    <ele>2287.2</ele>
   </trkpt>
   <trkpt lat="43.6989720" lon="-110.6039880">
    <ele>2287.0</ele>
   </trkpt>
   <trkpt lat="43.6990030" lon="-110.6039730">
    <ele>2287.0</ele>
   </trkpt>
   <trkpt lat="43.6990260" lon="-110.6039570">
    <ele>2286.8</ele>
   </trkpt>
   <trkpt lat="43.6990560" lon="-110.6039340">
    <ele>2286.8</ele>
   </trkpt>
   <trkpt lat="43.6990830" lon="-110.6039110">
    <ele>2286.6</ele>
   </trkpt>
   <trkpt lat="43.6991090" lon="-110.6038800">
    <ele>2286.6</ele>
   </trkpt>
   <trkpt lat="43.6991240" lon="-110.6038500">
    <ele>2286.6</ele>
   </trkpt>
   <trkpt lat="43.6991430" lon="-110.6038110">
    <ele>2286.4</ele>
   </trkpt>
   <trkpt lat="43.6991630" lon="-110.6037730">
    <ele>2286.4</ele>
   </trkpt>
   <trkpt lat="43.6991900" lon="-110.6037350">
    <ele>2286.4</ele>
   </trkpt>
   <trkpt lat="43.6992160" lon="-110.6036980">
    <ele>2286.4</ele>
   </trkpt>
   <trkpt lat="43.6992440" lon="-110.6036650">
    <ele>2286.2</ele>
   </trkpt>
   <trkpt lat="43.6992710" lon="-110.6036280">
    <ele>2286.2</ele>
   </trkpt>
   <trkpt lat="43.6993050" lon="-110.6035970">
    <ele>2286.2</ele>
   </trkpt>
   <trkpt lat="43.6993400" lon="-110.6035680">
    <ele>2286.0</ele>
   </trkpt>
   <trkpt lat="43.6993780" lon="-110.6035530">
    <ele>2286.0</ele>
   </trkpt>
   <trkpt lat="43.6994160" lon="-110.6035460">
    <ele>2286.0</ele>
   </trkpt>
   <trkpt lat="43.6994550" lon="-110.6035460">
    <ele>2285.8</ele>
   </trkpt>
   <trkpt lat="43.6995000" lon="-110.6035470">
    <ele>2285.8</ele>
   </trkpt>
   <trkpt lat="43.6995380" lon="-110.6035550">
    <ele>2285.6</ele>
   </trkpt>
   <trkpt lat="43.6995770" lon="-110.6035700">
    <ele>2285.6</ele>
   </trkpt>
   <trkpt lat="43.6996190" lon="-110.6035850">
    <ele>2285.4</ele>
   </trkpt>
   <trkpt lat="43.6996650" lon="-110.6035920">
    <ele>2285.2</ele>
   </trkpt>
   <trkpt lat="43.6997110" lon="-110.6036010">
    <ele>2285.0</ele>
   </trkpt>
   <trkpt lat="43.6997600" lon="-110.6036160">
    <ele>2284.8</ele>
   </trkpt>
   <trkpt lat="43.6998010" lon="-110.6036320">
    <ele>2284.6</ele>
   </trkpt>
   <trkpt lat="43.6998440" lon="-110.6036540">
    <ele>2284.4</ele>
   </trkpt>
   <trkpt lat="43.6998900" lon="-110.6036690">
    <ele>2284.2</ele>
   </trkpt>
   <trkpt lat="43.6999350" lon="-110.6036850">
    <ele>2284.0</ele>
   </trkpt>
   <trkpt lat="43.6999850" lon="-110.6037000">
    <ele>2283.6</ele>
   </trkpt>
   <trkpt lat="43.7000310" lon="-110.6037230">
    <ele>2283.4</ele>
   </trkpt>
   <trkpt lat="43.7000810" lon="-110.6037390">
    <ele>2283.0</ele>
   </trkpt>
   <trkpt lat="43.7001300" lon="-110.6037620">
    <ele>2282.6</ele>
   </trkpt>
   <trkpt lat="43.7001750" lon="-110.6037920">
    <ele>2282.4</ele>
   </trkpt>
   <trkpt lat="43.7002100" lon="-110.6038160">
    <ele>2282.2</ele>
   </trkpt>
   <trkpt lat="43.7002550" lon="-110.6038550">
    <ele>2281.8</ele>
   </trkpt>
   <trkpt lat="43.7002890" lon="-110.6039000">
    <ele>2281.6</ele>
   </trkpt>
   <trkpt lat="43.7003240" lon="-110.6039390">
    <ele>2281.2</ele>
   </trkpt>
   <trkpt lat="43.7003500" lon="-110.6039840">
    <ele>2281.0</ele>
   </trkpt>
   <trkpt lat="43.7003800" lon="-110.6040280">
    <ele>2280.6</ele>
   </trkpt>
   <trkpt lat="43.7004150" lon="-110.6040760">
    <ele>2280.2</ele>
   </trkpt>
   <trkpt lat="43.7004450" lon="-110.6041310">
    <ele>2279.6</ele>
   </trkpt>
   <trkpt lat="43.7004720" lon="-110.6041920">
    <ele>2279.2</ele>
   </trkpt>
   <trkpt lat="43.7004980" lon="-110.6042610">
    <ele>2278.8</ele>
   </trkpt>
   <trkpt lat="43.7005170" lon="-110.6043290">
    <ele>2278.4</ele>
   </trkpt>
   <trkpt lat="43.7005280" lon="-110.6043970">
    <ele>2278.0</ele>
   </trkpt>
   <trkpt lat="43.7005350" lon="-110.6044580">
    <ele>2277.6</ele>
   </trkpt>
   <trkpt lat="43.7005430" lon="-110.6045120">
    <ele>2277.2</ele>
   </trkpt>
   <trkpt lat="43.7005550" lon="-110.6045800">
    <ele>2276.8</ele>
   </trkpt>
   <trkpt lat="43.7005660" lon="-110.6046330">
    <ele>2276.6</ele>
   </trkpt>
   <trkpt lat="43.7005730" lon="-110.6046870">
    <ele>2276.2</ele>
   </trkpt>
   <trkpt lat="43.7005770" lon="-110.6047480">
    <ele>2275.8</ele>
   </trkpt>
   <trkpt lat="43.7005840" lon="-110.6048020">
    <ele>2275.6</ele>
   </trkpt>
   <trkpt lat="43.7005840" lon="-110.6048640">
    <ele>2275.2</ele>
   </trkpt>
   <trkpt lat="43.7005750" lon="-110.6049320">
    <ele>2274.8</ele>
   </trkpt>
   <trkpt lat="43.7005560" lon="-110.6049910">
    <ele>2274.4</ele>
   </trkpt>
   <trkpt lat="43.7005330" lon="-110.6050370">
    <ele>2274.0</ele>
   </trkpt>
   <trkpt lat="43.7005100" lon="-110.6050830">
    <ele>2273.6</ele>
   </trkpt>
   <trkpt lat="43.7004830" lon="-110.6051290">
    <ele>2273.2</ele>
   </trkpt>
   <trkpt lat="43.7004570" lon="-110.6051740">
    <ele>2272.8</ele>
   </trkpt>
   <trkpt lat="43.7004340" lon="-110.6052200">
    <ele>2272.4</ele>
   </trkpt>
   <trkpt lat="43.7004150" lon="-110.6052580">
    <ele>2272.0</ele>
   </trkpt>
   <trkpt lat="43.7003960" lon="-110.6053040">
    <ele>2271.6</ele>
   </trkpt>
   <trkpt lat="43.7003730" lon="-110.6053420">
    <ele>2271.0</ele>
   </trkpt>
   <trkpt lat="43.7003500" lon="-110.6053880">
    <ele>2270.8</ele>
   </trkpt>
   <trkpt lat="43.7003230" lon="-110.6054250">
    <ele>2270.4</ele>
   </trkpt>
   <trkpt lat="43.7003000" lon="-110.6054560">
    <ele>2269.8</ele>
   </trkpt>
   <trkpt lat="43.7002770" lon="-110.6054860">
    <ele>2269.4</ele>
   </trkpt>
   <trkpt lat="43.7002500" lon="-110.6055080">
    <ele>2269.0</ele>
   </trkpt>
   <trkpt lat="43.7002190" lon="-110.6055300">
    <ele>2268.6</ele>
   </trkpt>
   <trkpt lat="43.7001850" lon="-110.6055370">
    <ele>2268.2</ele>
   </trkpt>
   <trkpt lat="43.7001470" lon="-110.6055360">
    <ele>2268.0</ele>
   </trkpt>
   <trkpt lat="43.7001060" lon="-110.6055210">
    <ele>2267.6</ele>
   </trkpt>
   <trkpt lat="43.7000660" lon="-110.6054970">
    <ele>2267.2</ele>
   </trkpt>
   <trkpt lat="43.7000280" lon="-110.6054660">
    <ele>2266.8</ele>
   </trkpt>
   <trkpt lat="43.6999910" lon="-110.6054360">
    <ele>2266.6</ele>
   </trkpt>
   <trkpt lat="43.6999570" lon="-110.6054050">
    <ele>2266.2</ele>
   </trkpt>
   <trkpt lat="43.6999260" lon="-110.6053670">
    <ele>2266.0</ele>
   </trkpt>
   <trkpt lat="43.6999000" lon="-110.6053360">
    <ele>2265.6</ele>
   </trkpt>
   <trkpt lat="43.6998730" lon="-110.6052990">
    <ele>2265.4</ele>
   </trkpt>
   <trkpt lat="43.6998460" lon="-110.6052680">
    <ele>2265.0</ele>
   </trkpt>
   <trkpt lat="43.6998230" lon="-110.6052380">
    <ele>2264.8</ele>
   </trkpt>
   <trkpt lat="43.6997930" lon="-110.6052080">
    <ele>2264.4</ele>
   </trkpt>
   <trkpt lat="43.6997700" lon="-110.6051850">
    <ele>2264.2</ele>
   </trkpt>
   <trkpt lat="43.6997430" lon="-110.6051700">
    <ele>2263.8</ele>
   </trkpt>
   <trkpt lat="43.6997130" lon="-110.6051560">
    <ele>2263.6</ele>
   </trkpt>
   <trkpt lat="43.6996810" lon="-110.6051570">
    <ele>2263.2</ele>
   </trkpt>
   <trkpt lat="43.6996430" lon="-110.6051730">
    <ele>2262.8</ele>
   </trkpt>
   <trkpt lat="43.6996100" lon="-110.6051960">
    <ele>2262.4</ele>
   </trkpt>
   <trkpt lat="43.6995780" lon="-110.6052260">
    <ele>2262.2</ele>
   </trkpt>
   <trkpt lat="43.6995400" lon="-110.6052490">
    <ele>2261.8</ele>
   </trkpt>
   <trkpt lat="43.6995020" lon="-110.6052730">
    <ele>2261.4</ele>
   </trkpt>
   <trkpt lat="43.6994590" lon="-110.6053030">
    <ele>2261.0</ele>
   </trkpt>
   <trkpt lat="43.6994140" lon="-110.6053340">
    <ele>2260.6</ele>
   </trkpt>
   <trkpt lat="43.6993670" lon="-110.6053640">
    <ele>2260.0</ele>
   </trkpt>
   <trkpt lat="43.6993180" lon="-110.6053940">
    <ele>2259.6</ele>
   </trkpt>
   <trkpt lat="43.6992720" lon="-110.6054170">
    <ele>2259.2</ele>
   </trkpt>
   <trkpt lat="43.6992180" lon="-110.6054480">
    <ele>2258.8</ele>
   </trkpt>
   <trkpt lat="43.6991690" lon="-110.6054780">
    <ele>2258.4</ele>
   </trkpt>
   <trkpt lat="43.6991160" lon="-110.6055010">
    <ele>2257.8</ele>
   </trkpt>
   <trkpt lat="43.6990690" lon="-110.6055230">
    <ele>2257.4</ele>
   </trkpt>
   <trkpt lat="43.6990250" lon="-110.6055460">
    <ele>2257.2</ele>
   </trkpt>
   <trkpt lat="43.6989870" lon="-110.6055610">
    <ele>2256.8</ele>
   </trkpt>
   <trkpt lat="43.6989490" lon="-110.6055770">
    <ele>2256.4</ele>
   </trkpt>
   <trkpt lat="43.6989070" lon="-110.6055930">
    <ele>2256.2</ele>
   </trkpt>
   <trkpt lat="43.6988730" lon="-110.6056240">
    <ele>2255.8</ele>
   </trkpt>
   <trkpt lat="43.6988430" lon="-110.6056620">
    <ele>2255.4</ele>
   </trkpt>
   <trkpt lat="43.6988120" lon="-110.6056930">
    <ele>2255.0</ele>
   </trkpt>
   <trkpt lat="43.6987820" lon="-110.6057310">
    <ele>2254.8</ele>
   </trkpt>
   <trkpt lat="43.6987560" lon="-110.6057690">
    <ele>2254.4</ele>
   </trkpt>
   <trkpt lat="43.6987370" lon="-110.6058070">
    <ele>2254.2</ele>
   </trkpt>
   <trkpt lat="43.6987180" lon="-110.6058380">
    <ele>2253.8</ele>
   </trkpt>
   <trkpt lat="43.6987070" lon="-110.6058840">
    <ele>2253.4</ele>
   </trkpt>
   <trkpt lat="43.6987040" lon="-110.6059220">
    <ele>2253.2</ele>
   </trkpt>
   <trkpt lat="43.6987040" lon="-110.6059590">
    <ele>2252.8</ele>
   </trkpt>
   <trkpt lat="43.6987120" lon="-110.6059900">
    <ele>2252.4</ele>
   </trkpt>
   <trkpt lat="43.6987280" lon="-110.6060200">
    <ele>2252.0</ele>
   </trkpt>
   <trkpt lat="43.6987520" lon="-110.6060510">
    <ele>2251.6</ele>
   </trkpt>
   <trkpt lat="43.6987870" lon="-110.6060810">
    <ele>2251.0</ele>
   </trkpt>
   <trkpt lat="43.6988290" lon="-110.6061110">
    <ele>2250.6</ele>
   </trkpt>
   <trkpt lat="43.6988790" lon="-110.6061340">
    <ele>2250.0</ele>
   </trkpt>
   <trkpt lat="43.6989330" lon="-110.6061570">
    <ele>2249.4</ele>
   </trkpt>
   <trkpt lat="43.6989940" lon="-110.6061720">
    <ele>2248.8</ele>
   </trkpt>
   <trkpt lat="43.6990510" lon="-110.6061880">
    <ele>2248.4</ele>
   </trkpt>
   <trkpt lat="43.6991040" lon="-110.6062110">
    <ele>2248.0</ele>
   </trkpt>
   <trkpt lat="43.6991530" lon="-110.6062330">
    <ele>2247.8</ele>
   </trkpt>
   <trkpt lat="43.6991950" lon="-110.6062570">
    <ele>2247.6</ele>
   </trkpt>
   <trkpt lat="43.6992330" lon="-110.6062870">
    <ele>2247.6</ele>
   </trkpt>
   <trkpt lat="43.6992660" lon="-110.6063180">
    <ele>2247.2</ele>
   </trkpt>
   <trkpt lat="43.6992930" lon="-110.6063490">
    <ele>2247.0</ele>
   </trkpt>
   <trkpt lat="43.6993200" lon="-110.6063870">
    <ele>2246.8</ele>
   </trkpt>
   <trkpt lat="43.6993430" lon="-110.6064180">
    <ele>2246.6</ele>
   </trkpt>
   <trkpt lat="43.6993690" lon="-110.6064560">
    <ele>2246.4</ele>
   </trkpt>
   <trkpt lat="43.6993880" lon="-110.6065020">
    <ele>2246.0</ele>
   </trkpt>
   <trkpt lat="43.6994110" lon="-110.6065480">
    <ele>2245.6</ele>
   </trkpt>
   <trkpt lat="43.6994300" lon="-110.6065940">
    <ele>2245.2</ele>
   </trkpt>
   <trkpt lat="43.6994480" lon="-110.6066480">
    <ele>2244.6</ele>
   </trkpt>
   <trkpt lat="43.6994600" lon="-110.6067160">
    <ele>2244.0</ele>
   </trkpt>
   <trkpt lat="43.6994670" lon="-110.6067780">
    <ele>2243.6</ele>
   </trkpt>
   <trkpt lat="43.6994710" lon="-110.6068470">
    <ele>2243.0</ele>
   </trkpt>
   <trkpt lat="43.6994780" lon="-110.6069160">
    <ele>2242.4</ele>
   </trkpt>
   <trkpt lat="43.6994820" lon="-110.6069930">
    <ele>2241.8</ele>
   </trkpt>
   <trkpt lat="43.6994820" lon="-110.6070690">
    <ele>2241.4</ele>
   </trkpt>
   <trkpt lat="43.6994860" lon="-110.6071450">
    <ele>2240.8</ele>
   </trkpt>
   <trkpt lat="43.6994900" lon="-110.6072210">
    <ele>2240.4</ele>
   </trkpt>
   <trkpt lat="43.6994940" lon="-110.6072970">
    <ele>2239.8</ele>
   </trkpt>
   <trkpt lat="43.6995010" lon="-110.6073660">
    <ele>2239.4</ele>
   </trkpt>
   <trkpt lat="43.6994970" lon="-110.6074340">
    <ele>2239.0</ele>
   </trkpt>
   <trkpt lat="43.6994890" lon="-110.6075030">
    <ele>2238.6</ele>
   </trkpt>
   <trkpt lat="43.6994730" lon="-110.6075720">
    <ele>2238.0</ele>
   </trkpt>
   <trkpt lat="43.6994500" lon="-110.6076400">
    <ele>2237.6</ele>
   </trkpt>
   <trkpt lat="43.6994270" lon="-110.6077090">
    <ele>2237.0</ele>
   </trkpt>
   <trkpt lat="43.6994080" lon="-110.6077770">
    <ele>2236.6</ele>
   </trkpt>
   <trkpt lat="43.6993810" lon="-110.6078390">
    <ele>2236.0</ele>
   </trkpt>
   <trkpt lat="43.6993540" lon="-110.6079000">
    <ele>2235.4</ele>
   </trkpt>
   <trkpt lat="43.6993280" lon="-110.6079680">
    <ele>2235.0</ele>
   </trkpt>
   <trkpt lat="43.6993050" lon="-110.6080290">
    <ele>2234.4</ele>
   </trkpt>
   <trkpt lat="43.6992830" lon="-110.6080900">
    <ele>2234.0</ele>
   </trkpt>
   <trkpt lat="43.6992670" lon="-110.6081510">
    <ele>2233.6</ele>
   </trkpt>
   <trkpt lat="43.6992480" lon="-110.6082200">
    <ele>2233.2</ele>
   </trkpt>
   <trkpt lat="43.6992330" lon="-110.6082800">
    <ele>2233.0</ele>
   </trkpt>
   <trkpt lat="43.6992220" lon="-110.6083350">
    <ele>2232.6</ele>
   </trkpt>
   <trkpt lat="43.6992140" lon="-110.6084030">
    <ele>2232.2</ele>
   </trkpt>
   <trkpt lat="43.6992070" lon="-110.6084640">
    <ele>2231.8</ele>
   </trkpt>
   <trkpt lat="43.6992030" lon="-110.6085250">
    <ele>2231.2</ele>
   </trkpt>
   <trkpt lat="43.6991950" lon="-110.6085940">
    <ele>2230.8</ele>
   </trkpt>
   <trkpt lat="43.6991840" lon="-110.6086630">
    <ele>2230.2</ele>
   </trkpt>
   <trkpt lat="43.6991720" lon="-110.6087310">
    <ele>2229.8</ele>
   </trkpt>
   <trkpt lat="43.6991650" lon="-110.6088000">
    <ele>2229.2</ele>
   </trkpt>
   <trkpt lat="43.6991570" lon="-110.6088690">
    <ele>2228.6</ele>
   </trkpt>
   <trkpt lat="43.6991460" lon="-110.6089380">
    <ele>2228.0</ele>
   </trkpt>
   <trkpt lat="43.6991380" lon="-110.6090140">
    <ele>2227.6</ele>
   </trkpt>
   <trkpt lat="43.6991340" lon="-110.6090830">
    <ele>2227.0</ele>
   </trkpt>
   <trkpt lat="43.6991310" lon="-110.6091520">
    <ele>2226.6</ele>
   </trkpt>
   <trkpt lat="43.6991270" lon="-110.6092270">
    <ele>2226.0</ele>
   </trkpt>
   <trkpt lat="43.6991190" lon="-110.6092950">
    <ele>2225.6</ele>
   </trkpt>
   <trkpt lat="43.6991150" lon="-110.6093570">
    <ele>2225.0</ele>
   </trkpt>
   <trkpt lat="43.6991120" lon="-110.6094270">
    <ele>2224.6</ele>
   </trkpt>
   <trkpt lat="43.6991080" lon="-110.6095030">
    <ele>2224.2</ele>
   </trkpt>
   <trkpt lat="43.6991040" lon="-110.6095790">
    <ele>2223.8</ele>
   </trkpt>
   <trkpt lat="43.6990960" lon="-110.6096480">
    <ele>2223.4</ele>
   </trkpt>
   <trkpt lat="43.6990880" lon="-110.6097230">
    <ele>2223.0</ele>
   </trkpt>
   <trkpt lat="43.6990810" lon="-110.6097840">
    <ele>2222.8</ele>
   </trkpt>
   <trkpt lat="43.6990690" lon="-110.6098520">
    <ele>2222.4</ele>
   </trkpt>
   <trkpt lat="43.6990570" lon="-110.6099060">
    <ele>2222.0</ele>
   </trkpt>
   <trkpt lat="43.6990420" lon="-110.6099590">
    <ele>2221.6</ele>
   </trkpt>
   <trkpt lat="43.6990230" lon="-110.6100200">
    <ele>2221.2</ele>
   </trkpt>
   <trkpt lat="43.6989990" lon="-110.6100740">
    <ele>2220.8</ele>
   </trkpt>
   <trkpt lat="43.6989730" lon="-110.6101350">
    <ele>2220.4</ele>
   </trkpt>
   <trkpt lat="43.6989460" lon="-110.6101970">
    <ele>2219.8</ele>
   </trkpt>
   <trkpt lat="43.6989190" lon="-110.6102650">
    <ele>2219.2</ele>
   </trkpt>
   <trkpt lat="43.6988930" lon="-110.6103260">
    <ele>2218.8</ele>
   </trkpt>
   <trkpt lat="43.6988710" lon="-110.6103940">
    <ele>2218.2</ele>
   </trkpt>
   <trkpt lat="43.6988550" lon="-110.6104550">
    <ele>2217.8</ele>
   </trkpt>
   <trkpt lat="43.6988410" lon="-110.6105160">
    <ele>2217.6</ele>
   </trkpt>
   <trkpt lat="43.6988340" lon="-110.6105760">
    <ele>2217.2</ele>
   </trkpt>
   <trkpt lat="43.6988340" lon="-110.6106210">
    <ele>2217.0</ele>
   </trkpt>
   <trkpt lat="43.6988340" lon="-110.6106600">
    <ele>2216.6</ele>
   </trkpt>
   <trkpt lat="43.6988340" lon="-110.6106980">
    <ele>2216.4</ele>
   </trkpt>
   <trkpt lat="43.6988410" lon="-110.6107430">
    <ele>2216.0</ele>
   </trkpt>
   <trkpt lat="43.6988460" lon="-110.6107820">
    <ele>2215.8</ele>
   </trkpt>
   <trkpt lat="43.6988570" lon="-110.6108270">
    <ele>2215.6</ele>
   </trkpt>
   <trkpt lat="43.6988610" lon="-110.6108570">
    <ele>2215.4</ele>
   </trkpt>
   <trkpt lat="43.6988690" lon="-110.6108890">
    <ele>2215.2</ele>
   </trkpt>
   <trkpt lat="43.6988800" lon="-110.6109260">
    <ele>2215.2</ele>
   </trkpt>
   <trkpt lat="43.6988920" lon="-110.6109570">
    <ele>2214.8</ele>
   </trkpt>
   <trkpt lat="43.6989030" lon="-110.6109940">
    <ele>2214.6</ele>
   </trkpt>
   <trkpt lat="43.6989100" lon="-110.6110170">
    <ele>2214.4</ele>
   </trkpt>
   <trkpt lat="43.6989140" lon="-110.6110390">
    <ele>2214.2</ele>
   </trkpt>
   <trkpt lat="43.6989140" lon="-110.6110460">
    <ele>2214.0</ele>
   </trkpt>
   <trkpt lat="43.6989140" lon="-110.6110460">
    <ele>2214.0</ele>
   </trkpt>
   <trkpt lat="43.6989180" lon="-110.6110790">
    <ele>2213.4</ele>
   </trkpt>
   <trkpt lat="43.6989220" lon="-110.6111100">
    <ele>2213.4</ele>
   </trkpt>
   <trkpt lat="43.6989290" lon="-110.6111490">
    <ele>2213.2</ele>
   </trkpt>
   <trkpt lat="43.6989370" lon="-110.6112030">
    <ele>2213.0</ele>
   </trkpt>
   <trkpt lat="43.6989450" lon="-110.6112570">
    <ele>2212.8</ele>
   </trkpt>
   <trkpt lat="43.6989570" lon="-110.6113170">
    <ele>2212.4</ele>
   </trkpt>
   <trkpt lat="43.6989720" lon="-110.6113700">
    <ele>2212.0</ele>
   </trkpt>
   <trkpt lat="43.6989910" lon="-110.6114230">
    <ele>2211.6</ele>
   </trkpt>
   <trkpt lat="43.6990100" lon="-110.6114770">
    <ele>2211.2</ele>
   </trkpt>
   <trkpt lat="43.6990260" lon="-110.6115310">
    <ele>2210.8</ele>
   </trkpt>
   <trkpt lat="43.6990450" lon="-110.6115920">
    <ele>2210.2</ele>
   </trkpt>
   <trkpt lat="43.6990640" lon="-110.6116530">
    <ele>2209.6</ele>
   </trkpt>
   <trkpt lat="43.6990870" lon="-110.6117060">
    <ele>2209.2</ele>
   </trkpt>
   <trkpt lat="43.6991100" lon="-110.6117590">
    <ele>2208.8</ele>
   </trkpt>
   <trkpt lat="43.6991290" lon="-110.6118140">
    <ele>2208.4</ele>
   </trkpt>
   <trkpt lat="43.6991520" lon="-110.6118750">
    <ele>2208.0</ele>
   </trkpt>
   <trkpt lat="43.6991700" lon="-110.6119360">
    <ele>2207.4</ele>
   </trkpt>
   <trkpt lat="43.6991850" lon="-110.6120040">
    <ele>2206.8</ele>
   </trkpt>
   <trkpt lat="43.6991970" lon="-110.6120730">
    <ele>2206.2</ele>
   </trkpt>
   <trkpt lat="43.6992080" lon="-110.6121410">
    <ele>2205.6</ele>
   </trkpt>
   <trkpt lat="43.6992200" lon="-110.6122030">
    <ele>2205.0</ele>
   </trkpt>
   <trkpt lat="43.6992400" lon="-110.6122720">
    <ele>2204.4</ele>
   </trkpt>
   <trkpt lat="43.6992620" lon="-110.6123410">
    <ele>2203.8</ele>
   </trkpt>
   <trkpt lat="43.6992850" lon="-110.6124090">
    <ele>2203.2</ele>
   </trkpt>
   <trkpt lat="43.6993090" lon="-110.6124690">
    <ele>2202.8</ele>
   </trkpt>
   <trkpt lat="43.6993390" lon="-110.6125220">
    <ele>2202.4</ele>
   </trkpt>
   <trkpt lat="43.6993660" lon="-110.6125750">
    <ele>2202.0</ele>
   </trkpt>
   <trkpt lat="43.6993970" lon="-110.6126220">
    <ele>2201.6</ele>
   </trkpt>
   <trkpt lat="43.6994270" lon="-110.6126750">
    <ele>2201.2</ele>
   </trkpt>
   <trkpt lat="43.6994540" lon="-110.6127290">
    <ele>2200.8</ele>
   </trkpt>
   <trkpt lat="43.6994800" lon="-110.6127890">
    <ele>2200.6</ele>
   </trkpt>
   <trkpt lat="43.6994990" lon="-110.6128430">
    <ele>2200.4</ele>
   </trkpt>
   <trkpt lat="43.6995170" lon="-110.6128980">
    <ele>2200.0</ele>
   </trkpt>
   <trkpt lat="43.6995290" lon="-110.6129660">
    <ele>2199.6</ele>
   </trkpt>
   <trkpt lat="43.6995400" lon="-110.6130340">
    <ele>2199.2</ele>
   </trkpt>
   <trkpt lat="43.6995480" lon="-110.6130960">
    <ele>2198.8</ele>
   </trkpt>
   <trkpt lat="43.6995590" lon="-110.6131650">
    <ele>2198.4</ele>
   </trkpt>
   <trkpt lat="43.6995740" lon="-110.6132420">
    <ele>2197.8</ele>
   </trkpt>
   <trkpt lat="43.6995820" lon="-110.6133180">
    <ele>2197.2</ele>
   </trkpt>
   <trkpt lat="43.6995900" lon="-110.6133940">
    <ele>2196.6</ele>
   </trkpt>
   <trkpt lat="43.6996010" lon="-110.6134720">
    <ele>2196.0</ele>
   </trkpt>
   <trkpt lat="43.6996050" lon="-110.6135540">
    <ele>2195.6</ele>
   </trkpt>
   <trkpt lat="43.6996120" lon="-110.6136300">
    <ele>2194.8</ele>
   </trkpt>
   <trkpt lat="43.6996160" lon="-110.6137060">
    <ele>2194.2</ele>
   </trkpt>
   <trkpt lat="43.6996240" lon="-110.6137830">
    <ele>2193.6</ele>
   </trkpt>
   <trkpt lat="43.6996310" lon="-110.6138590">
    <ele>2193.0</ele>
   </trkpt>
   <trkpt lat="43.6996390" lon="-110.6139280">
    <ele>2192.4</ele>
   </trkpt>
   <trkpt lat="43.6996460" lon="-110.6140010">
    <ele>2192.0</ele>
   </trkpt>
   <trkpt lat="43.6996540" lon="-110.6140810">
    <ele>2191.4</ele>
   </trkpt>
   <trkpt lat="43.6996620" lon="-110.6141570">
    <ele>2190.8</ele>
   </trkpt>
   <trkpt lat="43.6996700" lon="-110.6142330">
    <ele>2190.2</ele>
   </trkpt>
   <trkpt lat="43.6996770" lon="-110.6143030">
    <ele>2189.6</ele>
   </trkpt>
   <trkpt lat="43.6996850" lon="-110.6143850">
    <ele>2189.0</ele>
   </trkpt>
   <trkpt lat="43.6996930" lon="-110.6144550">
    <ele>2188.4</ele>
   </trkpt>
   <trkpt lat="43.6997040" lon="-110.6145300">
    <ele>2187.8</ele>
   </trkpt>
   <trkpt lat="43.6997150" lon="-110.6145990">
    <ele>2187.4</ele>
   </trkpt>
   <trkpt lat="43.6997230" lon="-110.6146670">
    <ele>2186.8</ele>
   </trkpt>
   <trkpt lat="43.6997390" lon="-110.6147280">
    <ele>2186.2</ele>
   </trkpt>
   <trkpt lat="43.6997580" lon="-110.6147890">
    <ele>2185.6</ele>
   </trkpt>
   <trkpt lat="43.6997770" lon="-110.6148500">
    <ele>2185.2</ele>
   </trkpt>
   <trkpt lat="43.6997960" lon="-110.6149030">
    <ele>2184.8</ele>
   </trkpt>
   <trkpt lat="43.6998110" lon="-110.6149560">
    <ele>2184.4</ele>
   </trkpt>
   <trkpt lat="43.6998230" lon="-110.6150020">
    <ele>2184.2</ele>
   </trkpt>
   <trkpt lat="43.6998380" lon="-110.6150550">
    <ele>2183.8</ele>
   </trkpt>
   <trkpt lat="43.6998490" lon="-110.6151000">
    <ele>2183.6</ele>
   </trkpt>
   <trkpt lat="43.6998610" lon="-110.6151380">
    <ele>2183.4</ele>
   </trkpt>
   <trkpt lat="43.6998720" lon="-110.6151760">
    <ele>2183.2</ele>
   </trkpt>
   <trkpt lat="43.6998790" lon="-110.6152060">
    <ele>2183.2</ele>
   </trkpt>
   <trkpt lat="43.6998870" lon="-110.6152280">
    <ele>2183.0</ele>
   </trkpt>
   <trkpt lat="43.6998900" lon="-110.6152420">
    <ele>2182.8</ele>
   </trkpt>
   <trkpt lat="43.6998940" lon="-110.6152420">
    <ele>2182.6</ele>
   </trkpt>
   <trkpt lat="43.6999020" lon="-110.6152670">
    <ele>2182.2</ele>
   </trkpt>
   <trkpt lat="43.6999060" lon="-110.6152970">
    <ele>2182.2</ele>
   </trkpt>
   <trkpt lat="43.6999180" lon="-110.6153280">
    <ele>2182.2</ele>
   </trkpt>
   <trkpt lat="43.6999290" lon="-110.6153580">
    <ele>2182.0</ele>
   </trkpt>
   <trkpt lat="43.6999400" lon="-110.6153970">
    <ele>2182.0</ele>
   </trkpt>
   <trkpt lat="43.6999520" lon="-110.6154420">
    <ele>2181.8</ele>
   </trkpt>
   <trkpt lat="43.6999590" lon="-110.6154810">
    <ele>2181.6</ele>
   </trkpt>
   <trkpt lat="43.6999670" lon="-110.6155270">
    <ele>2181.6</ele>
   </trkpt>
   <trkpt lat="43.6999700" lon="-110.6155730">
    <ele>2181.4</ele>
   </trkpt>
   <trkpt lat="43.6999700" lon="-110.6156260">
    <ele>2181.2</ele>
   </trkpt>
   <trkpt lat="43.6999700" lon="-110.6156640">
    <ele>2181.2</ele>
   </trkpt>
   <trkpt lat="43.6999570" lon="-110.6157020">
    <ele>2181.2</ele>
   </trkpt>
   <trkpt lat="43.6999380" lon="-110.6157330">
    <ele>2181.0</ele>
   </trkpt>
   <trkpt lat="43.6999180" lon="-110.6157620">
    <ele>2180.8</ele>
   </trkpt>
   <trkpt lat="43.6998920" lon="-110.6157770">
    <ele>2180.6</ele>
   </trkpt>
   <trkpt lat="43.6998650" lon="-110.6157840">
    <ele>2180.6</ele>
   </trkpt>
   <trkpt lat="43.6998340" lon="-110.6157830">
    <ele>2180.4</ele>
   </trkpt>
   <trkpt lat="43.6998030" lon="-110.6157750">
    <ele>2180.2</ele>
   </trkpt>
   <trkpt lat="43.6997700" lon="-110.6157670">
    <ele>2180.0</ele>
   </trkpt>
   <trkpt lat="43.6997430" lon="-110.6157440">
    <ele>2179.8</ele>
   </trkpt>
   <trkpt lat="43.6997120" lon="-110.6157200">
    <ele>2179.6</ele>
   </trkpt>
   <trkpt lat="43.6996820" lon="-110.6156940">
    <ele>2179.2</ele>
   </trkpt>
   <trkpt lat="43.6996510" lon="-110.6156670">
    <ele>2179.0</ele>
   </trkpt>
   <trkpt lat="43.6996200" lon="-110.6156360">
    <ele>2178.6</ele>
   </trkpt>
   <trkpt lat="43.6995860" lon="-110.6155970">
    <ele>2178.2</ele>
   </trkpt>
   <trkpt lat="43.6995480" lon="-110.6155590">
    <ele>2177.8</ele>
   </trkpt>
   <trkpt lat="43.6995130" lon="-110.6155210">
    <ele>2177.6</ele>
   </trkpt>
   <trkpt lat="43.6994790" lon="-110.6154830">
    <ele>2177.2</ele>
   </trkpt>
   <trkpt lat="43.6994490" lon="-110.6154440">
    <ele>2176.8</ele>
   </trkpt>
   <trkpt lat="43.6994150" lon="-110.6153980">
    <ele>2176.4</ele>
   </trkpt>
   <trkpt lat="43.6993840" lon="-110.6153530">
    <ele>2176.2</ele>
   </trkpt>
   <trkpt lat="43.6993580" lon="-110.6153150">
    <ele>2175.8</ele>
   </trkpt>
   <trkpt lat="43.6993320" lon="-110.6152710">
    <ele>2175.4</ele>
   </trkpt>
   <trkpt lat="43.6993090" lon="-110.6152280">
    <ele>2175.0</ele>
   </trkpt>
   <trkpt lat="43.6992850" lon="-110.6151850">
    <ele>2174.6</ele>
   </trkpt>
   <trkpt lat="43.6992580" lon="-110.6151470">
    <ele>2174.4</ele>
   </trkpt>
   <trkpt lat="43.6992320" lon="-110.6151100">
    <ele>2174.0</ele>
   </trkpt>
   <trkpt lat="43.6992020" lon="-110.6150720">
    <ele>2173.6</ele>
   </trkpt>
   <trkpt lat="43.6991730" lon="-110.6150290">
    <ele>2173.2</ele>
   </trkpt>
   <trkpt lat="43.6991440" lon="-110.6149870">
    <ele>2172.8</ele>
   </trkpt>
   <trkpt lat="43.6991140" lon="-110.6149500">
    <ele>2172.4</ele>
   </trkpt>
   <trkpt lat="43.6990800" lon="-110.6149120">
    <ele>2172.0</ele>
   </trkpt>
   <trkpt lat="43.6990500" lon="-110.6148750">
    <ele>2171.6</ele>
   </trkpt>
   <trkpt lat="43.6990150" lon="-110.6148440">
    <ele>2171.2</ele>
   </trkpt>
   <trkpt lat="43.6989810" lon="-110.6148060">
    <ele>2170.8</ele>
   </trkpt>
   <trkpt lat="43.6989460" lon="-110.6147750">
    <ele>2170.6</ele>
   </trkpt>
   <trkpt lat="43.6989080" lon="-110.6147530">
    <ele>2170.2</ele>
   </trkpt>
   <trkpt lat="43.6988660" lon="-110.6147460">
    <ele>2169.8</ele>
   </trkpt>
   <trkpt lat="43.6988270" lon="-110.6147390">
    <ele>2169.6</ele>
   </trkpt>
   <trkpt lat="43.6987860" lon="-110.6147550">
    <ele>2169.2</ele>
   </trkpt>
   <trkpt lat="43.6987520" lon="-110.6147780">
    <ele>2168.8</ele>
   </trkpt>
   <trkpt lat="43.6987170" lon="-110.6148090">
    <ele>2168.4</ele>
   </trkpt>
   <trkpt lat="43.6986870" lon="-110.6148470">
    <ele>2168.2</ele>
   </trkpt>
   <trkpt lat="43.6986560" lon="-110.6148940">
    <ele>2167.8</ele>
   </trkpt>
   <trkpt lat="43.6986260" lon="-110.6149550">
    <ele>2167.4</ele>
   </trkpt>
   <trkpt lat="43.6986000" lon="-110.6150080">
    <ele>2167.0</ele>
   </trkpt>
   <trkpt lat="43.6985770" lon="-110.6150690">
    <ele>2166.6</ele>
   </trkpt>
   <trkpt lat="43.6985620" lon="-110.6151230">
    <ele>2166.0</ele>
   </trkpt>
   <trkpt lat="43.6985430" lon="-110.6151840">
    <ele>2165.6</ele>
   </trkpt>
   <trkpt lat="43.6985320" lon="-110.6152380">
    <ele>2165.2</ele>
   </trkpt>
   <trkpt lat="43.6985240" lon="-110.6152980">
    <ele>2164.8</ele>
   </trkpt>
   <trkpt lat="43.6985170" lon="-110.6153520">
    <ele>2164.4</ele>
   </trkpt>
   <trkpt lat="43.6985210" lon="-110.6154050">
    <ele>2164.0</ele>
   </trkpt>
   <trkpt lat="43.6985250" lon="-110.6154580">
    <ele>2163.6</ele>
   </trkpt>
   <trkpt lat="43.6985330" lon="-110.6155120">
    <ele>2163.2</ele>
   </trkpt>
   <trkpt lat="43.6985480" lon="-110.6155650">
    <ele>2162.6</ele>
   </trkpt>
   <trkpt lat="43.6985670" lon="-110.6156180">
    <ele>2162.4</ele>
   </trkpt>
   <trkpt lat="43.6985870" lon="-110.6156800">
    <ele>2162.0</ele>
   </trkpt>
   <trkpt lat="43.6986060" lon="-110.6157410">
    <ele>2161.4</ele>
   </trkpt>
   <trkpt lat="43.6986290" lon="-110.6157950">
    <ele>2161.0</ele>
   </trkpt>
   <trkpt lat="43.6986480" lon="-110.6158490">
    <ele>2160.6</ele>
   </trkpt>
   <trkpt lat="43.6986710" lon="-110.6159010">
    <ele>2160.4</ele>
   </trkpt>
   <trkpt lat="43.6986980" lon="-110.6159480">
    <ele>2159.8</ele>
   </trkpt>
   <trkpt lat="43.6987250" lon="-110.6160020">
    <ele>2159.2</ele>
   </trkpt>
   <trkpt lat="43.6987560" lon="-110.6160550">
    <ele>2158.8</ele>
   </trkpt>
   <trkpt lat="43.6987860" lon="-110.6161150">
    <ele>2158.2</ele>
   </trkpt>
   <trkpt lat="43.6988160" lon="-110.6161610">
    <ele>2157.8</ele>
   </trkpt>
   <trkpt lat="43.6988430" lon="-110.6162060">
    <ele>2157.4</ele>
   </trkpt>
   <trkpt lat="43.6988740" lon="-110.6162450">
    <ele>2157.0</ele>
   </trkpt>
   <trkpt lat="43.6989130" lon="-110.6162910">
    <ele>2156.6</ele>
   </trkpt>
   <trkpt lat="43.6989510" lon="-110.6163360">
    <ele>2156.2</ele>
   </trkpt>
   <trkpt lat="43.6989890" lon="-110.6163820">
    <ele>2155.8</ele>
   </trkpt>
   <trkpt lat="43.6990270" lon="-110.6164360">
    <ele>2155.2</ele>
   </trkpt>
   <trkpt lat="43.6990660" lon="-110.6164830">
    <ele>2154.8</ele>
   </trkpt>
   <trkpt lat="43.6991030" lon="-110.6165440">
    <ele>2154.4</ele>
   </trkpt>
   <trkpt lat="43.6991330" lon="-110.6166040">
    <ele>2153.8</ele>
   </trkpt>
   <trkpt lat="43.6991590" lon="-110.6166660">
    <ele>2153.6</ele>
   </trkpt>
   <trkpt lat="43.6991780" lon="-110.6167270">
    <ele>2153.2</ele>
   </trkpt>
   <trkpt lat="43.6991970" lon="-110.6167960">
    <ele>2152.8</ele>
   </trkpt>
   <trkpt lat="43.6992120" lon="-110.6168640">
    <ele>2152.6</ele>
   </trkpt>
   <trkpt lat="43.6992280" lon="-110.6169260">
    <ele>2152.2</ele>
   </trkpt>
   <trkpt lat="43.6992430" lon="-110.6169950">
    <ele>2151.6</ele>
   </trkpt>
   <trkpt lat="43.6992540" lon="-110.6170640">
    <ele>2151.2</ele>
   </trkpt>
   <trkpt lat="43.6992700" lon="-110.6171410">
    <ele>2150.6</ele>
   </trkpt>
   <trkpt lat="43.6992850" lon="-110.6172260">
    <ele>2150.2</ele>
   </trkpt>
   <trkpt lat="43.6993000" lon="-110.6173170">
    <ele>2149.8</ele>
   </trkpt>
   <trkpt lat="43.6993150" lon="-110.6174000">
    <ele>2149.6</ele>
   </trkpt>
   <trkpt lat="43.6993260" lon="-110.6174910">
    <ele>2149.2</ele>
   </trkpt>
   <trkpt lat="43.6993380" lon="-110.6175670">
    <ele>2149.0</ele>
   </trkpt>
   <trkpt lat="43.6993490" lon="-110.6176430">
    <ele>2148.8</ele>
   </trkpt>
   <trkpt lat="43.6993610" lon="-110.6177200">
    <ele>2148.4</ele>
   </trkpt>
   <trkpt lat="43.6993720" lon="-110.6177960">
    <ele>2148.2</ele>
   </trkpt>
   <trkpt lat="43.6993880" lon="-110.6178720">
    <ele>2147.8</ele>
   </trkpt>
   <trkpt lat="43.6994030" lon="-110.6179410">
    <ele>2147.4</ele>
   </trkpt>
   <trkpt lat="43.6994140" lon="-110.6180100">
    <ele>2147.2</ele>
   </trkpt>
   <trkpt lat="43.6994290" lon="-110.6180860">
    <ele>2146.8</ele>
   </trkpt>
   <trkpt lat="43.6994410" lon="-110.6181540">
    <ele>2146.6</ele>
   </trkpt>
   <trkpt lat="43.6994560" lon="-110.6182220">
    <ele>2146.4</ele>
   </trkpt>
   <trkpt lat="43.6994720" lon="-110.6182830">
    <ele>2146.0</ele>
   </trkpt>
   <trkpt lat="43.6994910" lon="-110.6183440">
    <ele>2145.8</ele>
   </trkpt>
   <trkpt lat="43.6995100" lon="-110.6184050">
    <ele>2145.6</ele>
   </trkpt>
   <trkpt lat="43.6995330" lon="-110.6184590">
    <ele>2145.4</ele>
   </trkpt>
   <trkpt lat="43.6995520" lon="-110.6185190">
    <ele>2145.2</ele>
   </trkpt>
   <trkpt lat="43.6995750" lon="-110.6185730">
    <ele>2144.8</ele>
   </trkpt>
   <trkpt lat="43.6995980" lon="-110.6186340">
    <ele>2144.4</ele>
   </trkpt>
   <trkpt lat="43.6996170" lon="-110.6186940">
    <ele>2143.8</ele>
   </trkpt>
   <trkpt lat="43.6996400" lon="-110.6187480">
    <ele>2143.4</ele>
   </trkpt>
   <trkpt lat="43.6996670" lon="-110.6188090">
    <ele>2143.0</ele>
   </trkpt>
   <trkpt lat="43.6996900" lon="-110.6188620">
    <ele>2142.6</ele>
   </trkpt>
   <trkpt lat="43.6997120" lon="-110.6189140">
    <ele>2142.2</ele>
   </trkpt>
   <trkpt lat="43.6997360" lon="-110.6189530">
    <ele>2141.8</ele>
   </trkpt>
   <trkpt lat="43.6997620" lon="-110.6189980">
    <ele>2141.6</ele>
   </trkpt>
   <trkpt lat="43.6997890" lon="-110.6190370">
    <ele>2141.2</ele>
   </trkpt>
   <trkpt lat="43.6998160" lon="-110.6190830">
    <ele>2141.0</ele>
   </trkpt>
   <trkpt lat="43.6998470" lon="-110.6191210">
    <ele>2140.8</ele>
   </trkpt>
   <trkpt lat="43.6998780" lon="-110.6191600">
    <ele>2140.4</ele>
   </trkpt>
   <trkpt lat="43.6999120" lon="-110.6192060">
    <ele>2140.2</ele>
   </trkpt>
   <trkpt lat="43.6999460" lon="-110.6192510">
    <ele>2140.0</ele>
   </trkpt>
   <trkpt lat="43.6999770" lon="-110.6192960">
    <ele>2139.6</ele>
   </trkpt>
   <trkpt lat="43.7000100" lon="-110.6193330">
    <ele>2139.4</ele>
   </trkpt>
   <trkpt lat="43.7000490" lon="-110.6193810">
    <ele>2139.0</ele>
   </trkpt>
   <trkpt lat="43.7000800" lon="-110.6194270">
    <ele>2138.6</ele>
   </trkpt>
   <trkpt lat="43.7001140" lon="-110.6194800">
    <ele>2138.4</ele>
   </trkpt>
   <trkpt lat="43.7001480" lon="-110.6195260">
    <ele>2137.8</ele>
   </trkpt>
   <trkpt lat="43.7001820" lon="-110.6195720">
    <ele>2137.4</ele>
   </trkpt>
   <trkpt lat="43.7002090" lon="-110.6196250">
    <ele>2137.0</ele>
   </trkpt>
   <trkpt lat="43.7002430" lon="-110.6196710">
    <ele>2136.6</ele>
   </trkpt>
   <trkpt lat="43.7002740" lon="-110.6197240">
    <ele>2136.2</ele>
   </trkpt>
   <trkpt lat="43.7003080" lon="-110.6197700">
    <ele>2135.8</ele>
   </trkpt>
   <trkpt lat="43.7003380" lon="-110.6198150">
    <ele>2135.4</ele>
   </trkpt>
   <trkpt lat="43.7003650" lon="-110.6198610">
    <ele>2135.0</ele>
   </trkpt>
   <trkpt lat="43.7003930" lon="-110.6199070">
    <ele>2134.6</ele>
   </trkpt>
   <trkpt lat="43.7004270" lon="-110.6199450">
    <ele>2134.2</ele>
   </trkpt>
   <trkpt lat="43.7004650" lon="-110.6199830">
    <ele>2133.8</ele>
   </trkpt>
   <trkpt lat="43.7004990" lon="-110.6200290">
    <ele>2133.4</ele>
   </trkpt>
   <trkpt lat="43.7005300" lon="-110.6200670">
    <ele>2133.0</ele>
   </trkpt>
   <trkpt lat="43.7005600" lon="-110.6201050">
    <ele>2132.6</ele>
   </trkpt>
   <trkpt lat="43.7005900" lon="-110.6201420">
    <ele>2132.2</ele>
   </trkpt>
   <trkpt lat="43.7006170" lon="-110.6201740">
    <ele>2132.0</ele>
   </trkpt>
   <trkpt lat="43.7006440" lon="-110.6202120">
    <ele>2131.6</ele>
   </trkpt>
   <trkpt lat="43.7006700" lon="-110.6202570">
    <ele>2131.2</ele>
   </trkpt>
   <trkpt lat="43.7006930" lon="-110.6202960">
    <ele>2130.8</ele>
   </trkpt>
   <trkpt lat="43.7007160" lon="-110.6203410">
    <ele>2130.4</ele>
   </trkpt>
   <trkpt lat="43.7007340" lon="-110.6203800">
    <ele>2130.0</ele>
   </trkpt>
   <trkpt lat="43.7007490" lon="-110.6204170">
    <ele>2129.8</ele>
   </trkpt>
   <trkpt lat="43.7007610" lon="-110.6204470">
    <ele>2129.4</ele>
   </trkpt>
   <trkpt lat="43.7007710" lon="-110.6204690">
    <ele>2129.0</ele>
   </trkpt>
   <trkpt lat="43.7007710" lon="-110.6204830">
    <ele>2128.8</ele>
   </trkpt>
   <trkpt lat="43.7007880" lon="-110.6205230">
    <ele>2128.0</ele>
   </trkpt>
   <trkpt lat="43.7008030" lon="-110.6205470">
    <ele>2128.0</ele>
   </trkpt>
   <trkpt lat="43.7008220" lon="-110.6205860">
    <ele>2127.8</ele>
   </trkpt>
   <trkpt lat="43.7008420" lon="-110.6206320">
    <ele>2127.4</ele>
   </trkpt>
   <trkpt lat="43.7008640" lon="-110.6206780">
    <ele>2127.2</ele>
   </trkpt>
   <trkpt lat="43.7008830" lon="-110.6207230">
    <ele>2126.8</ele>
   </trkpt>
   <trkpt lat="43.7009020" lon="-110.6207700">
    <ele>2126.4</ele>
   </trkpt>
   <trkpt lat="43.7009220" lon="-110.6208220">
    <ele>2126.0</ele>
   </trkpt>
   <trkpt lat="43.7009440" lon="-110.6208690">
    <ele>2125.6</ele>
   </trkpt>
   <trkpt lat="43.7009640" lon="-110.6209220">
    <ele>2125.2</ele>
   </trkpt>
   <trkpt lat="43.7009860" lon="-110.6209680">
    <ele>2124.8</ele>
   </trkpt>
   <trkpt lat="43.7010050" lon="-110.6210210">
    <ele>2124.2</ele>
   </trkpt>
   <trkpt lat="43.7010210" lon="-110.6210670">
    <ele>2123.8</ele>
   </trkpt>
   <trkpt lat="43.7010360" lon="-110.6211130">
    <ele>2123.4</ele>
   </trkpt>
   <trkpt lat="43.7010510" lon="-110.6211570">
    <ele>2122.8</ele>
   </trkpt>
   <trkpt lat="43.7010620" lon="-110.6211960">
    <ele>2122.4</ele>
   </trkpt>
   <trkpt lat="43.7010690" lon="-110.6212340">
    <ele>2122.0</ele>
   </trkpt>
   <trkpt lat="43.7010770" lon="-110.6212720">
    <ele>2121.4</ele>
   </trkpt>
   <trkpt lat="43.7010850" lon="-110.6213110">
    <ele>2121.0</ele>
   </trkpt>
   <trkpt lat="43.7010920" lon="-110.6213480">
    <ele>2120.6</ele>
   </trkpt>
   <trkpt lat="43.7010960" lon="-110.6213780">
    <ele>2120.2</ele>
   </trkpt>
   <trkpt lat="43.7011080" lon="-110.6214090">
    <ele>2119.8</ele>
   </trkpt>
   <trkpt lat="43.7011190" lon="-110.6214480">
    <ele>2119.2</ele>
   </trkpt>
   <trkpt lat="43.7011310" lon="-110.6214850">
    <ele>2118.8</ele>
   </trkpt>
   <trkpt lat="43.7011460" lon="-110.6215160">
    <ele>2118.4</ele>
   </trkpt>
   <trkpt lat="43.7011620" lon="-110.6215540">
    <ele>2118.0</ele>
   </trkpt>
   <trkpt lat="43.7011810" lon="-110.6215840">
    <ele>2117.6</ele>
   </trkpt>
   <trkpt lat="43.7012080" lon="-110.6216150">
    <ele>2117.2</ele>
   </trkpt>
   <trkpt lat="43.7012350" lon="-110.6216530">
    <ele>2116.6</ele>
   </trkpt>
   <trkpt lat="43.7012660" lon="-110.6216750">
    <ele>2116.2</ele>
   </trkpt>
   <trkpt lat="43.7013010" lon="-110.6216980">
    <ele>2115.8</ele>
   </trkpt>
   <trkpt lat="43.7013430" lon="-110.6217210">
    <ele>2115.2</ele>
   </trkpt>
   <trkpt lat="43.7013850" lon="-110.6217350">
    <ele>2114.8</ele>
   </trkpt>
   <trkpt lat="43.7014310" lon="-110.6217430">
    <ele>2114.4</ele>
   </trkpt>
   <trkpt lat="43.7014720" lon="-110.6217500">
    <ele>2114.0</ele>
   </trkpt>
   <trkpt lat="43.7015100" lon="-110.6217500">
    <ele>2113.8</ele>
   </trkpt>
   <trkpt lat="43.7015440" lon="-110.6217570">
    <ele>2113.6</ele>
   </trkpt>
   <trkpt lat="43.7015750" lon="-110.6217570">
    <ele>2113.4</ele>
   </trkpt>
   <trkpt lat="43.7016050" lon="-110.6217570">
    <ele>2113.2</ele>
   </trkpt>
   <trkpt lat="43.7016320" lon="-110.6217570">
    <ele>2113.0</ele>
   </trkpt>
   <trkpt lat="43.7016580" lon="-110.6217490">
    <ele>2112.8</ele>
   </trkpt>
   <trkpt lat="43.7016850" lon="-110.6217410">
    <ele>2112.6</ele>
   </trkpt>
   <trkpt lat="43.7017070" lon="-110.6217260">
    <ele>2112.4</ele>
   </trkpt>
   <trkpt lat="43.7017270" lon="-110.6217180">
    <ele>2112.2</ele>
   </trkpt>
   <trkpt lat="43.7017540" lon="-110.6217030">
    <ele>2111.8</ele>
   </trkpt>
   <trkpt lat="43.7017810" lon="-110.6216870">
    <ele>2111.6</ele>
   </trkpt>
   <trkpt lat="43.7018080" lon="-110.6216630">
    <ele>2111.2</ele>
   </trkpt>
   <trkpt lat="43.7018380" lon="-110.6216330">
    <ele>2110.8</ele>
   </trkpt>
   <trkpt lat="43.7018640" lon="-110.6216030">
    <ele>2110.6</ele>
   </trkpt>
   <trkpt lat="43.7018820" lon="-110.6215790">
    <ele>2110.2</ele>
   </trkpt>
   <trkpt lat="43.7018980" lon="-110.6215410">
    <ele>2109.8</ele>
   </trkpt>
   <trkpt lat="43.7019130" lon="-110.6215030">
    <ele>2109.2</ele>
   </trkpt>
   <trkpt lat="43.7019290" lon="-110.6214640">
    <ele>2108.8</ele>
   </trkpt>
   <trkpt lat="43.7019520" lon="-110.6214180">
    <ele>2108.4</ele>
   </trkpt>
   <trkpt lat="43.7019750" lon="-110.6213650">
    <ele>2107.8</ele>
   </trkpt>
   <trkpt lat="43.7019980" lon="-110.6213190">
    <ele>2107.4</ele>
   </trkpt>
   <trkpt lat="43.7020240" lon="-110.6212660">
    <ele>2106.8</ele>
   </trkpt>
   <trkpt lat="43.7020510" lon="-110.6212200">
    <ele>2106.4</ele>
   </trkpt>
   <trkpt lat="43.7020710" lon="-110.6211740">
    <ele>2105.8</ele>
   </trkpt>
   <trkpt lat="43.7020970" lon="-110.6211290">
    <ele>2105.4</ele>
   </trkpt>
   <trkpt lat="43.7021200" lon="-110.6210910">
    <ele>2105.0</ele>
   </trkpt>
   <trkpt lat="43.7021470" lon="-110.6210530">
    <ele>2104.6</ele>
   </trkpt>
   <trkpt lat="43.7021780" lon="-110.6210150">
    <ele>2104.2</ele>
   </trkpt>
   <trkpt lat="43.7022120" lon="-110.6209850">
    <ele>2103.6</ele>
   </trkpt>
   <trkpt lat="43.7022460" lon="-110.6209550">
    <ele>2103.2</ele>
   </trkpt>
   <trkpt lat="43.7022810" lon="-110.6209320">
    <ele>2102.8</ele>
   </trkpt>
   <trkpt lat="43.7023150" lon="-110.6209090">
    <ele>2102.4</ele>
   </trkpt>
   <trkpt lat="43.7023490" lon="-110.6208870">
    <ele>2102.0</ele>
   </trkpt>
   <trkpt lat="43.7023840" lon="-110.6208730">
    <ele>2101.6</ele>
   </trkpt>
   <trkpt lat="43.7024220" lon="-110.6208730">
    <ele>2101.2</ele>
   </trkpt>
   <trkpt lat="43.7024560" lon="-110.6208740">
    <ele>2100.8</ele>
   </trkpt>
   <trkpt lat="43.7024950" lon="-110.6208890">
    <ele>2100.4</ele>
   </trkpt>
   <trkpt lat="43.7025370" lon="-110.6209140">
    <ele>2099.8</ele>
   </trkpt>
   <trkpt lat="43.7025830" lon="-110.6209520">
    <ele>2099.4</ele>
   </trkpt>
   <trkpt lat="43.7026250" lon="-110.6209980">
    <ele>2099.0</ele>
   </trkpt>
   <trkpt lat="43.7026630" lon="-110.6210440">
    <ele>2098.6</ele>
   </trkpt>
   <trkpt lat="43.7027000" lon="-110.6210900">
    <ele>2098.2</ele>
   </trkpt>
   <trkpt lat="43.7027350" lon="-110.6211360">
    <ele>2097.8</ele>
   </trkpt>
   <trkpt lat="43.7027690" lon="-110.6211890">
    <ele>2097.4</ele>
   </trkpt>
   <trkpt lat="43.7028030" lon="-110.6212420">
    <ele>2097.0</ele>
   </trkpt>
   <trkpt lat="43.7028380" lon="-110.6212960">
    <ele>2096.6</ele>
   </trkpt>
   <trkpt lat="43.7028730" lon="-110.6213500">
    <ele>2096.2</ele>
   </trkpt>
   <trkpt lat="43.7029140" lon="-110.6214020">
    <ele>2095.8</ele>
   </trkpt>
   <trkpt lat="43.7029570" lon="-110.6214480">
    <ele>2095.4</ele>
   </trkpt>
   <trkpt lat="43.7030020" lon="-110.6214940">
    <ele>2095.2</ele>
   </trkpt>
   <trkpt lat="43.7030480" lon="-110.6215390">
    <ele>2094.8</ele>
   </trkpt>
   <trkpt lat="43.7030940" lon="-110.6215780">
    <ele>2094.6</ele>
   </trkpt>
   <trkpt lat="43.7031400" lon="-110.6216150">
    <ele>2094.2</ele>
   </trkpt>
   <trkpt lat="43.7031860" lon="-110.6216540">
    <ele>2094.0</ele>
   </trkpt>
   <trkpt lat="43.7032360" lon="-110.6216990">
    <ele>2093.6</ele>
   </trkpt>
   <trkpt lat="43.7032890" lon="-110.6217380">
    <ele>2093.4</ele>
   </trkpt>
   <trkpt lat="43.7033380" lon="-110.6217840">
    <ele>2093.0</ele>
   </trkpt>
   <trkpt lat="43.7033800" lon="-110.6218290">
    <ele>2092.8</ele>
   </trkpt>
   <trkpt lat="43.7034170" lon="-110.6218680">
    <ele>2092.6</ele>
   </trkpt>
   <trkpt lat="43.7034520" lon="-110.6219130">
    <ele>2092.6</ele>
   </trkpt>
   <trkpt lat="43.7034860" lon="-110.6219590">
    <ele>2092.4</ele>
   </trkpt>
   <trkpt lat="43.7035160" lon="-110.6220050">
    <ele>2092.2</ele>
   </trkpt>
   <trkpt lat="43.7035470" lon="-110.6220510">
    <ele>2092.2</ele>
   </trkpt>
   <trkpt lat="43.7035780" lon="-110.6220960">
    <ele>2092.0</ele>
   </trkpt>
   <trkpt lat="43.7036120" lon="-110.6221350">
    <ele>2092.0</ele>
   </trkpt>
   <trkpt lat="43.7036460" lon="-110.6221800">
    <ele>2091.8</ele>
   </trkpt>
   <trkpt lat="43.7036810" lon="-110.6222170">
    <ele>2091.8</ele>
   </trkpt>
   <trkpt lat="43.7037190" lon="-110.6222480">
    <ele>2091.6</ele>
   </trkpt>
   <trkpt lat="43.7037540" lon="-110.6222780">
    <ele>2091.4</ele>
   </trkpt>
   <trkpt lat="43.7037880" lon="-110.6223010">
    <ele>2091.4</ele>
   </trkpt>
   <trkpt lat="43.7038170" lon="-110.6223240">
    <ele>2091.4</ele>
   </trkpt>
   <trkpt lat="43.7038390" lon="-110.6223450">
    <ele>2091.2</ele>
   </trkpt>
   <trkpt lat="43.7038630" lon="-110.6223620">
    <ele>2091.0</ele>
   </trkpt>
   <trkpt lat="43.7038820" lon="-110.6223850">
    <ele>2091.0</ele>
   </trkpt>
   <trkpt lat="43.7038970" lon="-110.6224070">
    <ele>2090.8</ele>
   </trkpt>
   <trkpt lat="43.7039080" lon="-110.6224220">
    <ele>2090.8</ele>
   </trkpt>
   <trkpt lat="43.7039190" lon="-110.6224370">
    <ele>2090.6</ele>
   </trkpt>
   <trkpt lat="43.7039230" lon="-110.6224450">
    <ele>2090.6</ele>
   </trkpt>
   <trkpt lat="43.7039260" lon="-110.6224520">
    <ele>2090.4</ele>
   </trkpt>
   <trkpt lat="43.7039140" lon="-110.6224840">
    <ele>2090.2</ele>
   </trkpt>
   <trkpt lat="43.7039020" lon="-110.6225070">
    <ele>2090.2</ele>
   </trkpt>
   <trkpt lat="43.7038860" lon="-110.6225300">
    <ele>2090.0</ele>
   </trkpt>
   <trkpt lat="43.7038630" lon="-110.6225610">
    <ele>2090.0</ele>
   </trkpt>
   <trkpt lat="43.7038400" lon="-110.6225910">
    <ele>2089.8</ele>
   </trkpt>
   <trkpt lat="43.7038170" lon="-110.6226220">
    <ele>2089.6</ele>
   </trkpt>
   <trkpt lat="43.7037940" lon="-110.6226530">
    <ele>2089.4</ele>
   </trkpt>
   <trkpt lat="43.7037670" lon="-110.6226830">
    <ele>2089.4</ele>
   </trkpt>
   <trkpt lat="43.7037370" lon="-110.6227130">
    <ele>2089.2</ele>
   </trkpt>
   <trkpt lat="43.7037030" lon="-110.6227350">
    <ele>2089.0</ele>
   </trkpt>
   <trkpt lat="43.7036670" lon="-110.6227590">
    <ele>2089.0</ele>
   </trkpt>
   <trkpt lat="43.7036290" lon="-110.6227820">
    <ele>2088.8</ele>
   </trkpt>
   <trkpt lat="43.7035910" lon="-110.6228120">
    <ele>2088.6</ele>
   </trkpt>
   <trkpt lat="43.7035450" lon="-110.6228270">
    <ele>2088.6</ele>
   </trkpt>
   <trkpt lat="43.7035030" lon="-110.6228500">
    <ele>2088.4</ele>
   </trkpt>
   <trkpt lat="43.7034570" lon="-110.6228730">
    <ele>2088.2</ele>
   </trkpt>
   <trkpt lat="43.7034110" lon="-110.6228870">
    <ele>2088.2</ele>
   </trkpt>
   <trkpt lat="43.7033660" lon="-110.6228960">
    <ele>2088.0</ele>
   </trkpt>
   <trkpt lat="43.7033200" lon="-110.6229180">
    <ele>2088.0</ele>
   </trkpt>
   <trkpt lat="43.7032740" lon="-110.6229340">
    <ele>2087.8</ele>
   </trkpt>
   <trkpt lat="43.7032330" lon="-110.6229570">
    <ele>2087.6</ele>
   </trkpt>
   <trkpt lat="43.7031910" lon="-110.6229800">
    <ele>2087.6</ele>
   </trkpt>
   <trkpt lat="43.7031490" lon="-110.6230030">
    <ele>2087.4</ele>
   </trkpt>
   <trkpt lat="43.7031100" lon="-110.6230340">
    <ele>2087.4</ele>
   </trkpt>
   <trkpt lat="43.7030690" lon="-110.6230650">
    <ele>2087.2</ele>
   </trkpt>
   <trkpt lat="43.7030300" lon="-110.6230950">
    <ele>2087.0</ele>
   </trkpt>
   <trkpt lat="43.7029880" lon="-110.6231260">
    <ele>2086.8</ele>
   </trkpt>
   <trkpt lat="43.7029500" lon="-110.6231650">
    <ele>2086.6</ele>
   </trkpt>
   <trkpt lat="43.7029130" lon="-110.6232100">
    <ele>2086.4</ele>
   </trkpt>
   <trkpt lat="43.7028780" lon="-110.6232490">
    <ele>2086.0</ele>
   </trkpt>
   <trkpt lat="43.7028440" lon="-110.6232940">
    <ele>2086.0</ele>
   </trkpt>
   <trkpt lat="43.7028100" lon="-110.6233410">
    <ele>2085.8</ele>
   </trkpt>
   <trkpt lat="43.7027790" lon="-110.6233940">
    <ele>2085.6</ele>
   </trkpt>
   <trkpt lat="43.7027450" lon="-110.6234480">
    <ele>2085.4</ele>
   </trkpt>
   <trkpt lat="43.7027190" lon="-110.6235020">
    <ele>2085.2</ele>
   </trkpt>
   <trkpt lat="43.7026920" lon="-110.6235630">
    <ele>2085.0</ele>
   </trkpt>
   <trkpt lat="43.7026700" lon="-110.6236240">
    <ele>2084.8</ele>
   </trkpt>
   <trkpt lat="43.7026510" lon="-110.6236930">
    <ele>2084.6</ele>
   </trkpt>
   <trkpt lat="43.7026310" lon="-110.6237610">
    <ele>2084.4</ele>
   </trkpt>
   <trkpt lat="43.7026120" lon="-110.6238220">
    <ele>2084.2</ele>
   </trkpt>
   <trkpt lat="43.7025940" lon="-110.6238830">
    <ele>2084.2</ele>
   </trkpt>
   <trkpt lat="43.7025750" lon="-110.6239500">
    <ele>2084.0</ele>
   </trkpt>
   <trkpt lat="43.7025550" lon="-110.6240220">
    <ele>2083.8</ele>
   </trkpt>
   <trkpt lat="43.7025400" lon="-110.6240970">
    <ele>2083.6</ele>
   </trkpt>
   <trkpt lat="43.7025210" lon="-110.6241660">
    <ele>2083.4</ele>
   </trkpt>
   <trkpt lat="43.7025020" lon="-110.6242350">
    <ele>2083.4</ele>
   </trkpt>
   <trkpt lat="43.7024870" lon="-110.6243110">
    <ele>2083.2</ele>
   </trkpt>
   <trkpt lat="43.7024710" lon="-110.6243800">
    <ele>2083.0</ele>
   </trkpt>
   <trkpt lat="43.7024560" lon="-110.6244490">
    <ele>2083.0</ele>
   </trkpt>
   <trkpt lat="43.7024450" lon="-110.6245180">
    <ele>2082.8</ele>
   </trkpt>
   <trkpt lat="43.7024290" lon="-110.6245930">
    <ele>2082.8</ele>
   </trkpt>
   <trkpt lat="43.7024110" lon="-110.6246620">
    <ele>2082.8</ele>
   </trkpt>
   <trkpt lat="43.7023990" lon="-110.6247300">
    <ele>2082.6</ele>
   </trkpt>
   <trkpt lat="43.7023840" lon="-110.6247980">
    <ele>2082.6</ele>
   </trkpt>
   <trkpt lat="43.7023690" lon="-110.6248600">
    <ele>2082.4</ele>
   </trkpt>
   <trkpt lat="43.7023530" lon="-110.6249290">
    <ele>2082.4</ele>
   </trkpt>
   <trkpt lat="43.7023420" lon="-110.6249890">
    <ele>2082.2</ele>
   </trkpt>
   <trkpt lat="43.7023310" lon="-110.6250500">
    <ele>2082.2</ele>
   </trkpt>
   <trkpt lat="43.7023190" lon="-110.6251110">
    <ele>2082.2</ele>
   </trkpt>
   <trkpt lat="43.7023080" lon="-110.6251720">
    <ele>2082.2</ele>
   </trkpt>
   <trkpt lat="43.7023000" lon="-110.6252250">
    <ele>2082.2</ele>
   </trkpt>
   <trkpt lat="43.7022890" lon="-110.6252790">
    <ele>2082.0</ele>
   </trkpt>
   <trkpt lat="43.7022730" lon="-110.6253390">
    <ele>2082.0</ele>
   </trkpt>
   <trkpt lat="43.7022580" lon="-110.6253920">
    <ele>2082.0</ele>
   </trkpt>
   <trkpt lat="43.7022420" lon="-110.6254380">
    <ele>2082.0</ele>
   </trkpt>
   <trkpt lat="43.7022230" lon="-110.6254850">
    <ele>2081.8</ele>
   </trkpt>
   <trkpt lat="43.7022000" lon="-110.6255380">
    <ele>2081.8</ele>
   </trkpt>
   <trkpt lat="43.7021730" lon="-110.6255840">
    <ele>2081.6</ele>
   </trkpt>
   <trkpt lat="43.7021420" lon="-110.6256290">
    <ele>2081.6</ele>
   </trkpt>
   <trkpt lat="43.7021070" lon="-110.6256750">
    <ele>2081.4</ele>
   </trkpt>
   <trkpt lat="43.7020690" lon="-110.6257200">
    <ele>2081.4</ele>
   </trkpt>
   <trkpt lat="43.7020290" lon="-110.6257570">
    <ele>2081.2</ele>
   </trkpt>
   <trkpt lat="43.7019850" lon="-110.6258040">
    <ele>2081.0</ele>
   </trkpt>
   <trkpt lat="43.7019430" lon="-110.6258410">
    <ele>2081.0</ele>
   </trkpt>
   <trkpt lat="43.7019010" lon="-110.6258730">
    <ele>2080.8</ele>
   </trkpt>
   <trkpt lat="43.7018550" lon="-110.6259110">
    <ele>2080.6</ele>
   </trkpt>
   <trkpt lat="43.7018090" lon="-110.6259490">
    <ele>2080.6</ele>
   </trkpt>
   <trkpt lat="43.7017630" lon="-110.6259880">
    <ele>2080.4</ele>
   </trkpt>
   <trkpt lat="43.7017170" lon="-110.6260330">
    <ele>2080.4</ele>
   </trkpt>
   <trkpt lat="43.7016720" lon="-110.6260710">
    <ele>2080.4</ele>
   </trkpt>
   <trkpt lat="43.7016220" lon="-110.6261080">
    <ele>2080.4</ele>
   </trkpt>
   <trkpt lat="43.7015760" lon="-110.6261400">
    <ele>2080.2</ele>
   </trkpt>
   <trkpt lat="43.7015270" lon="-110.6261780">
    <ele>2080.2</ele>
   </trkpt>
   <trkpt lat="43.7014810" lon="-110.6262240">
    <ele>2080.0</ele>
   </trkpt>
   <trkpt lat="43.7014310" lon="-110.6262620">
    <ele>2080.0</ele>
   </trkpt>
   <trkpt lat="43.7013820" lon="-110.6263000">
    <ele>2079.8</ele>
   </trkpt>
   <trkpt lat="43.7013320" lon="-110.6263380">
    <ele>2079.6</ele>
   </trkpt>
   <trkpt lat="43.7012820" lon="-110.6263840">
    <ele>2079.6</ele>
   </trkpt>
   <trkpt lat="43.7012330" lon="-110.6264230">
    <ele>2079.6</ele>
   </trkpt>
   <trkpt lat="43.7011830" lon="-110.6264680">
    <ele>2079.6</ele>
   </trkpt>
   <trkpt lat="43.7011340" lon="-110.6265060">
    <ele>2079.8</ele>
   </trkpt>
   <trkpt lat="43.7010840" lon="-110.6265450">
    <ele>2079.6</ele>
   </trkpt>
   <trkpt lat="43.7010350" lon="-110.6265900">
    <ele>2079.4</ele>
   </trkpt>
   <trkpt lat="43.7009890" lon="-110.6266280">
    <ele>2079.4</ele>
   </trkpt>
   <trkpt lat="43.7009430" lon="-110.6266660">
    <ele>2079.2</ele>
   </trkpt>
   <trkpt lat="43.7008930" lon="-110.6267050">
    <ele>2079.0</ele>
   </trkpt>
   <trkpt lat="43.7008470" lon="-110.6267430">
    <ele>2078.8</ele>
   </trkpt>
   <trkpt lat="43.7007980" lon="-110.6267810">
    <ele>2078.8</ele>
   </trkpt>
   <trkpt lat="43.7007490" lon="-110.6268180">
    <ele>2078.6</ele>
   </trkpt>
   <trkpt lat="43.7007030" lon="-110.6268570">
    <ele>2078.4</ele>
   </trkpt>
   <trkpt lat="43.7006540" lon="-110.6268940">
    <ele>2078.2</ele>
   </trkpt>
   <trkpt lat="43.7006020" lon="-110.6269320">
    <ele>2078.2</ele>
   </trkpt>
   <trkpt lat="43.7005500" lon="-110.6269720">
    <ele>2078.0</ele>
   </trkpt>
   <trkpt lat="43.7005000" lon="-110.6270170">
    <ele>2078.2</ele>
   </trkpt>
   <trkpt lat="43.7004470" lon="-110.6270550">
    <ele>2078.0</ele>
   </trkpt>
   <trkpt lat="43.7003980" lon="-110.6270930">
    <ele>2078.0</ele>
   </trkpt>
   <trkpt lat="43.7003480" lon="-110.6271320">
    <ele>2077.8</ele>
   </trkpt>
   <trkpt lat="43.7003020" lon="-110.6271700">
    <ele>2077.6</ele>
   </trkpt>
   <trkpt lat="43.7002520" lon="-110.6272080">
    <ele>2077.4</ele>
   </trkpt>
   <trkpt lat="43.7002030" lon="-110.6272450">
    <ele>2077.2</ele>
   </trkpt>
   <trkpt lat="43.7001530" lon="-110.6272760">
    <ele>2077.0</ele>
   </trkpt>
   <trkpt lat="43.7001040" lon="-110.6273150">
    <ele>2076.8</ele>
   </trkpt>
   <trkpt lat="43.7000540" lon="-110.6273530">
    <ele>2076.6</ele>
   </trkpt>
   <trkpt lat="43.7000040" lon="-110.6273910">
    <ele>2076.6</ele>
   </trkpt>
   <trkpt lat="43.6999550" lon="-110.6274290">
    <ele>2076.4</ele>
   </trkpt>
   <trkpt lat="43.6999050" lon="-110.6274670">
    <ele>2076.2</ele>
   </trkpt>
   <trkpt lat="43.6998560" lon="-110.6275050">
    <ele>2076.2</ele>
   </trkpt>
   <trkpt lat="43.6998060" lon="-110.6275440">
    <ele>2076.0</ele>
   </trkpt>
   <trkpt lat="43.6997530" lon="-110.6275900">
    <ele>2075.8</ele>
   </trkpt>
   <trkpt lat="43.6997030" lon="-110.6276350">
    <ele>2075.8</ele>
   </trkpt>
   <trkpt lat="43.6996540" lon="-110.6276730">
    <ele>2075.8</ele>
   </trkpt>
   <trkpt lat="43.6996080" lon="-110.6277120">
    <ele>2075.8</ele>
   </trkpt>
   <trkpt lat="43.6995630" lon="-110.6277560">
    <ele>2075.8</ele>
   </trkpt>
   <trkpt lat="43.6995160" lon="-110.6277880">
    <ele>2075.6</ele>
   </trkpt>
   <trkpt lat="43.6994690" lon="-110.6278320">
    <ele>2075.6</ele>
   </trkpt>
   <trkpt lat="43.6994260" lon="-110.6278710">
    <ele>2075.8</ele>
   </trkpt>
   <trkpt lat="43.6993840" lon="-110.6279160">
    <ele>2075.6</ele>
   </trkpt>
   <trkpt lat="43.6993340" lon="-110.6279550">
    <ele>2075.4</ele>
   </trkpt>
   <trkpt lat="43.6992890" lon="-110.6279930">
    <ele>2075.4</ele>
   </trkpt>
   <trkpt lat="43.6992430" lon="-110.6280310">
    <ele>2075.4</ele>
   </trkpt>
   <trkpt lat="43.6991990" lon="-110.6280780">
    <ele>2075.4</ele>
   </trkpt>
   <trkpt lat="43.6991540" lon="-110.6281150">
    <ele>2075.4</ele>
   </trkpt>
   <trkpt lat="43.6991120" lon="-110.6281470">
    <ele>2075.4</ele>
   </trkpt>
   <trkpt lat="43.6990700" lon="-110.6281840">
    <ele>2075.2</ele>
   </trkpt>
   <trkpt lat="43.6990280" lon="-110.6282150">
    <ele>2075.0</ele>
   </trkpt>
   <trkpt lat="43.6989820" lon="-110.6282530">
    <ele>2075.0</ele>
   </trkpt>
   <trkpt lat="43.6989360" lon="-110.6282910">
    <ele>2074.8</ele>
   </trkpt>
   <trkpt lat="43.6988900" lon="-110.6283300">
    <ele>2074.8</ele>
   </trkpt>
   <trkpt lat="43.6988450" lon="-110.6283680">
    <ele>2074.8</ele>
   </trkpt>
   <trkpt lat="43.6987990" lon="-110.6284060">
    <ele>2074.8</ele>
   </trkpt>
   <trkpt lat="43.6987580" lon="-110.6284440">
    <ele>2074.6</ele>
   </trkpt>
   <trkpt lat="43.6987150" lon="-110.6284820">
    <ele>2074.6</ele>
   </trkpt>
   <trkpt lat="43.6986710" lon="-110.6285190">
    <ele>2074.6</ele>
   </trkpt>
   <trkpt lat="43.6986240" lon="-110.6285580">
    <ele>2074.6</ele>
   </trkpt>
   <trkpt lat="43.6985780" lon="-110.6285960">
    <ele>2074.4</ele>
   </trkpt>
   <trkpt lat="43.6985370" lon="-110.6286260">
    <ele>2074.4</ele>
   </trkpt>
   <trkpt lat="43.6984900" lon="-110.6286650">
    <ele>2074.2</ele>
   </trkpt>
   <trkpt lat="43.6984450" lon="-110.6287030">
    <ele>2074.2</ele>
   </trkpt>
   <trkpt lat="43.6983990" lon="-110.6287410">
    <ele>2074.2</ele>
   </trkpt>
   <trkpt lat="43.6983530" lon="-110.6287790">
    <ele>2074.2</ele>
   </trkpt>
   <trkpt lat="43.6983070" lon="-110.6288100">
    <ele>2074.2</ele>
   </trkpt>
   <trkpt lat="43.6982620" lon="-110.6288480">
    <ele>2074.2</ele>
   </trkpt>
   <trkpt lat="43.6982200" lon="-110.6288860">
    <ele>2074.2</ele>
   </trkpt>
   <trkpt lat="43.6981750" lon="-110.6289240">
    <ele>2074.0</ele>
   </trkpt>
   <trkpt lat="43.6981320" lon="-110.6289540">
    <ele>2074.0</ele>
   </trkpt>
   <trkpt lat="43.6980910" lon="-110.6289840">
    <ele>2074.0</ele>
   </trkpt>
   <trkpt lat="43.6980450" lon="-110.6290150">
    <ele>2073.8</ele>
   </trkpt>
   <trkpt lat="43.6980020" lon="-110.6290460">
    <ele>2073.8</ele>
   </trkpt>
   <trkpt lat="43.6979560" lon="-110.6290840">
    <ele>2073.6</ele>
   </trkpt>
   <trkpt lat="43.6979110" lon="-110.6291140">
    <ele>2073.6</ele>
   </trkpt>
   <trkpt lat="43.6978640" lon="-110.6291380">
    <ele>2073.6</ele>
   </trkpt>
   <trkpt lat="43.6978150" lon="-110.6291670">
    <ele>2073.4</ele>
   </trkpt>
   <trkpt lat="43.6977620" lon="-110.6291900">
    <ele>2073.4</ele>
   </trkpt>
   <trkpt lat="43.6977120" lon="-110.6292130">
    <ele>2073.2</ele>
   </trkpt>
   <trkpt lat="43.6976660" lon="-110.6292280">
    <ele>2073.2</ele>
   </trkpt>
   <trkpt lat="43.6976170" lon="-110.6292510">
    <ele>2073.2</ele>
   </trkpt>
   <trkpt lat="43.6975710" lon="-110.6292740">
    <ele>2073.0</ele>
   </trkpt>
   <trkpt lat="43.6975220" lon="-110.6292970">
    <ele>2073.0</ele>
   </trkpt>
   <trkpt lat="43.6974800" lon="-110.6293190">
    <ele>2072.8</ele>
   </trkpt>
   <trkpt lat="43.6974380" lon="-110.6293350">
    <ele>2072.6</ele>
   </trkpt>
   <trkpt lat="43.6973960" lon="-110.6293580">
    <ele>2072.6</ele>
   </trkpt>
   <trkpt lat="43.6973540" lon="-110.6293730">
    <ele>2072.4</ele>
   </trkpt>
   <trkpt lat="43.6973130" lon="-110.6293960">
    <ele>2072.4</ele>
   </trkpt>
   <trkpt lat="43.6972780" lon="-110.6294190">
    <ele>2072.4</ele>
   </trkpt>
   <trkpt lat="43.6972440" lon="-110.6294420">
    <ele>2072.4</ele>
   </trkpt>
   <trkpt lat="43.6972100" lon="-110.6294650">
    <ele>2072.2</ele>
   </trkpt>
   <trkpt lat="43.6971790" lon="-110.6294890">
    <ele>2072.2</ele>
   </trkpt>
   <trkpt lat="43.6971450" lon="-110.6295260">
    <ele>2072.2</ele>
   </trkpt>
   <trkpt lat="43.6971100" lon="-110.6295490">
    <ele>2072.0</ele>
   </trkpt>
   <trkpt lat="43.6970720" lon="-110.6295800">
    <ele>2072.0</ele>
   </trkpt>
   <trkpt lat="43.6970340" lon="-110.6296110">
    <ele>2071.8</ele>
   </trkpt>
   <trkpt lat="43.6969960" lon="-110.6296420">
    <ele>2071.8</ele>
   </trkpt>
   <trkpt lat="43.6969570" lon="-110.6296800">
    <ele>2071.6</ele>
   </trkpt>
   <trkpt lat="43.6969190" lon="-110.6297170">
    <ele>2071.4</ele>
   </trkpt>
   <trkpt lat="43.6968820" lon="-110.6297480">
    <ele>2071.4</ele>
   </trkpt>
   <trkpt lat="43.6968470" lon="-110.6297860">
    <ele>2071.4</ele>
   </trkpt>
   <trkpt lat="43.6968090" lon="-110.6298170">
    <ele>2071.2</ele>
   </trkpt>
   <trkpt lat="43.6967700" lon="-110.6298550">
    <ele>2071.2</ele>
   </trkpt>
   <trkpt lat="43.6967290" lon="-110.6298860">
    <ele>2071.2</ele>
   </trkpt>
   <trkpt lat="43.6966870" lon="-110.6299230">
    <ele>2071.0</ele>
   </trkpt>
   <trkpt lat="43.6966440" lon="-110.6299550">
    <ele>2071.0</ele>
   </trkpt>
   <trkpt lat="43.6966020" lon="-110.6299930">
    <ele>2070.8</ele>
   </trkpt>
   <trkpt lat="43.6965600" lon="-110.6300380">
    <ele>2070.6</ele>
   </trkpt>
   <trkpt lat="43.6965190" lon="-110.6300690">
    <ele>2070.6</ele>
   </trkpt>
   <trkpt lat="43.6964770" lon="-110.6301140">
    <ele>2070.4</ele>
   </trkpt>
   <trkpt lat="43.6964350" lon="-110.6301520">
    <ele>2070.4</ele>
   </trkpt>
   <trkpt lat="43.6963930" lon="-110.6301830">
    <ele>2070.2</ele>
   </trkpt>
   <trkpt lat="43.6963510" lon="-110.6302220">
    <ele>2070.2</ele>
   </trkpt>
   <trkpt lat="43.6963130" lon="-110.6302590">
    <ele>2070.0</ele>
   </trkpt>
   <trkpt lat="43.6962750" lon="-110.6302900">
    <ele>2070.0</ele>
   </trkpt>
   <trkpt lat="43.6962400" lon="-110.6303280">
    <ele>2069.8</ele>
   </trkpt>
   <trkpt lat="43.6962020" lon="-110.6303590">
    <ele>2069.8</ele>
   </trkpt>
   <trkpt lat="43.6961640" lon="-110.6303970">
    <ele>2069.8</ele>
   </trkpt>
   <trkpt lat="43.6961260" lon="-110.6304350">
    <ele>2069.8</ele>
   </trkpt>
   <trkpt lat="43.6960880" lon="-110.6304730">
    <ele>2069.6</ele>
   </trkpt>
   <trkpt lat="43.6960500" lon="-110.6305040">
    <ele>2069.6</ele>
   </trkpt>
   <trkpt lat="43.6960110" lon="-110.6305420">
    <ele>2069.6</ele>
   </trkpt>
   <trkpt lat="43.6959730" lon="-110.6305800">
    <ele>2069.6</ele>
   </trkpt>
   <trkpt lat="43.6959350" lon="-110.6306180">
    <ele>2069.6</ele>
   </trkpt>
   <trkpt lat="43.6958970" lon="-110.6306560">
    <ele>2069.4</ele>
   </trkpt>
   <trkpt lat="43.6958590" lon="-110.6306950">
    <ele>2069.4</ele>
   </trkpt>
   <trkpt lat="43.6958210" lon="-110.6307320">
    <ele>2069.4</ele>
   </trkpt>
   <trkpt lat="43.6957830" lon="-110.6307630">
    <ele>2069.4</ele>
   </trkpt>
   <trkpt lat="43.6957480" lon="-110.6308010">
    <ele>2069.4</ele>
   </trkpt>
   <trkpt lat="43.6957100" lon="-110.6308390">
    <ele>2069.4</ele>
   </trkpt>
   <trkpt lat="43.6956760" lon="-110.6308700">
    <ele>2069.2</ele>
   </trkpt>
   <trkpt lat="43.6956460" lon="-110.6309080">
    <ele>2069.2</ele>
   </trkpt>
   <trkpt lat="43.6956180" lon="-110.6309430">
    <ele>2069.2</ele>
   </trkpt>
   <trkpt lat="43.6955850" lon="-110.6309840">
    <ele>2069.4</ele>
   </trkpt>
   <trkpt lat="43.6955590" lon="-110.6310230">
    <ele>2069.2</ele>
   </trkpt>
   <trkpt lat="43.6955320" lon="-110.6310690">
    <ele>2069.0</ele>
   </trkpt>
   <trkpt lat="43.6955050" lon="-110.6311140">
    <ele>2069.0</ele>
   </trkpt>
   <trkpt lat="43.6954790" lon="-110.6311590">
    <ele>2069.0</ele>
   </trkpt>
   <trkpt lat="43.6954560" lon="-110.6312060">
    <ele>2069.0</ele>
   </trkpt>
   <trkpt lat="43.6954410" lon="-110.6312520">
    <ele>2068.8</ele>
   </trkpt>
   <trkpt lat="43.6954260" lon="-110.6312980">
    <ele>2068.8</ele>
   </trkpt>
   <trkpt lat="43.6954150" lon="-110.6313440">
    <ele>2068.6</ele>
   </trkpt>
   <trkpt lat="43.6954080" lon="-110.6313990">
    <ele>2068.6</ele>
   </trkpt>
   <trkpt lat="43.6954040" lon="-110.6314580">
    <ele>2068.4</ele>
   </trkpt>
   <trkpt lat="43.6954000" lon="-110.6315130">
    <ele>2068.4</ele>
   </trkpt>
   <trkpt lat="43.6953960" lon="-110.6315820">
    <ele>2068.4</ele>
   </trkpt>
   <trkpt lat="43.6953920" lon="-110.6316430">
    <ele>2068.4</ele>
   </trkpt>
   <trkpt lat="43.6953890" lon="-110.6317110">
    <ele>2068.4</ele>
   </trkpt>
   <trkpt lat="43.6953890" lon="-110.6317730">
    <ele>2068.2</ele>
   </trkpt>
   <trkpt lat="43.6953890" lon="-110.6318410">
    <ele>2068.2</ele>
   </trkpt>
   <trkpt lat="43.6953890" lon="-110.6319100">
    <ele>2068.0</ele>
   </trkpt>
   <trkpt lat="43.6953850" lon="-110.6319790">
    <ele>2068.0</ele>
   </trkpt>
   <trkpt lat="43.6953810" lon="-110.6320480">
    <ele>2068.0</ele>
   </trkpt>
   <trkpt lat="43.6953770" lon="-110.6321230">
    <ele>2068.0</ele>
   </trkpt>
   <trkpt lat="43.6953730" lon="-110.6321930">
    <ele>2068.0</ele>
   </trkpt>
   <trkpt lat="43.6953690" lon="-110.6322690">
    <ele>2067.8</ele>
   </trkpt>
   <trkpt lat="43.6953620" lon="-110.6323450">
    <ele>2067.8</ele>
   </trkpt>
   <trkpt lat="43.6953580" lon="-110.6324130">
    <ele>2067.6</ele>
   </trkpt>
   <trkpt lat="43.6953540" lon="-110.6324900">
    <ele>2067.6</ele>
   </trkpt>
   <trkpt lat="43.6953470" lon="-110.6325670">
    <ele>2067.6</ele>
   </trkpt>
   <trkpt lat="43.6953430" lon="-110.6326500">
    <ele>2067.6</ele>
   </trkpt>
   <trkpt lat="43.6953390" lon="-110.6327200">
    <ele>2067.4</ele>
   </trkpt>
   <trkpt lat="43.6953350" lon="-110.6327960">
    <ele>2067.4</ele>
   </trkpt>
   <trkpt lat="43.6953310" lon="-110.6328720">
    <ele>2067.4</ele>
   </trkpt>
   <trkpt lat="43.6953240" lon="-110.6329450">
    <ele>2067.2</ele>
   </trkpt>
   <trkpt lat="43.6953160" lon="-110.6330240">
    <ele>2067.0</ele>
   </trkpt>
   <trkpt lat="43.6953080" lon="-110.6331010">
    <ele>2066.8</ele>
   </trkpt>
   <trkpt lat="43.6953000" lon="-110.6331770">
    <ele>2066.8</ele>
   </trkpt>
   <trkpt lat="43.6952880" lon="-110.6332530">
    <ele>2066.8</ele>
   </trkpt>
   <trkpt lat="43.6952690" lon="-110.6333300">
    <ele>2066.6</ele>
   </trkpt>
   <trkpt lat="43.6952490" lon="-110.6334050">
    <ele>2066.6</ele>
   </trkpt>
   <trkpt lat="43.6952220" lon="-110.6334740">
    <ele>2066.6</ele>
   </trkpt>
   <trkpt lat="43.6951880" lon="-110.6335420">
    <ele>2066.6</ele>
   </trkpt>
   <trkpt lat="43.6951500" lon="-110.6336030">
    <ele>2066.8</ele>
   </trkpt>
   <trkpt lat="43.6951110" lon="-110.6336630">
    <ele>2066.6</ele>
   </trkpt>
   <trkpt lat="43.6950640" lon="-110.6337160">
    <ele>2066.8</ele>
   </trkpt>
   <trkpt lat="43.6950110" lon="-110.6337610">
    <ele>2066.8</ele>
   </trkpt>
   <trkpt lat="43.6949620" lon="-110.6337990">
    <ele>2066.8</ele>
   </trkpt>
   <trkpt lat="43.6949040" lon="-110.6338360">
    <ele>2066.8</ele>
   </trkpt>
   <trkpt lat="43.6948430" lon="-110.6338590">
    <ele>2066.8</ele>
   </trkpt>
   <trkpt lat="43.6947860" lon="-110.6338820">
    <ele>2066.6</ele>
   </trkpt>
   <trkpt lat="43.6947250" lon="-110.6339050">
    <ele>2066.6</ele>
   </trkpt>
   <trkpt lat="43.6946630" lon="-110.6339280">
    <ele>2066.6</ele>
   </trkpt>
   <trkpt lat="43.6946030" lon="-110.6339430">
    <ele>2066.6</ele>
   </trkpt>
   <trkpt lat="43.6945370" lon="-110.6339660">
    <ele>2066.4</ele>
   </trkpt>
   <trkpt lat="43.6944710" lon="-110.6339820">
    <ele>2066.2</ele>
   </trkpt>
   <trkpt lat="43.6944070" lon="-110.6340050">
    <ele>2066.2</ele>
   </trkpt>
   <trkpt lat="43.6943430" lon="-110.6340270">
    <ele>2066.0</ele>
   </trkpt>
   <trkpt lat="43.6942810" lon="-110.6340430">
    <ele>2066.0</ele>
   </trkpt>
   <trkpt lat="43.6942160" lon="-110.6340660">
    <ele>2065.8</ele>
   </trkpt>
   <trkpt lat="43.6941560" lon="-110.6340880">
    <ele>2065.8</ele>
   </trkpt>
   <trkpt lat="43.6940950" lon="-110.6341100">
    <ele>2065.6</ele>
   </trkpt>
   <trkpt lat="43.6940360" lon="-110.6341260">
    <ele>2065.6</ele>
   </trkpt>
   <trkpt lat="43.6939730" lon="-110.6341490">
    <ele>2065.6</ele>
   </trkpt>
   <trkpt lat="43.6939120" lon="-110.6341650">
    <ele>2065.6</ele>
   </trkpt>
   <trkpt lat="43.6938510" lon="-110.6341870">
    <ele>2065.6</ele>
   </trkpt>
   <trkpt lat="43.6937890" lon="-110.6342030">
    <ele>2065.4</ele>
   </trkpt>
   <trkpt lat="43.6937290" lon="-110.6342250">
    <ele>2065.4</ele>
   </trkpt>
   <trkpt lat="43.6936680" lon="-110.6342410">
    <ele>2065.4</ele>
   </trkpt>
   <trkpt lat="43.6936100" lon="-110.6342640">
    <ele>2065.4</ele>
   </trkpt>
   <trkpt lat="43.6935500" lon="-110.6342860">
    <ele>2065.4</ele>
   </trkpt>
   <trkpt lat="43.6934920" lon="-110.6343010">
    <ele>2065.4</ele>
   </trkpt>
   <trkpt lat="43.6934310" lon="-110.6343170">
    <ele>2065.4</ele>
   </trkpt>
   <trkpt lat="43.6933740" lon="-110.6343390">
    <ele>2065.4</ele>
   </trkpt>
   <trkpt lat="43.6933140" lon="-110.6343550">
    <ele>2065.6</ele>
   </trkpt>
   <trkpt lat="43.6932600" lon="-110.6343780">
    <ele>2065.6</ele>
   </trkpt>
   <trkpt lat="43.6932030" lon="-110.6343930">
    <ele>2065.8</ele>
   </trkpt>
   <trkpt lat="43.6931490" lon="-110.6344080">
    <ele>2065.8</ele>
   </trkpt>
   <trkpt lat="43.6930960" lon="-110.6344230">
    <ele>2066.0</ele>
   </trkpt>
   <trkpt lat="43.6930420" lon="-110.6344390">
    <ele>2066.0</ele>
   </trkpt>
   <trkpt lat="43.6929850" lon="-110.6344620">
    <ele>2066.2</ele>
   </trkpt>
   <trkpt lat="43.6929320" lon="-110.6344770">
    <ele>2066.2</ele>
   </trkpt>
   <trkpt lat="43.6928750" lon="-110.6345000">
    <ele>2066.2</ele>
   </trkpt>
   <trkpt lat="43.6928210" lon="-110.6345150">
    <ele>2066.4</ele>
   </trkpt>
   <trkpt lat="43.6927680" lon="-110.6345300">
    <ele>2066.4</ele>
   </trkpt>
   <trkpt lat="43.6927180" lon="-110.6345460">
    <ele>2066.6</ele>
   </trkpt>
   <trkpt lat="43.6926650" lon="-110.6345610">
    <ele>2066.8</ele>
   </trkpt>
   <trkpt lat="43.6926160" lon="-110.6345760">
    <ele>2067.0</ele>
   </trkpt>
   <trkpt lat="43.6925700" lon="-110.6345910">
    <ele>2067.0</ele>
   </trkpt>
   <trkpt lat="43.6925200" lon="-110.6346060">
    <ele>2067.2</ele>
   </trkpt>
   <trkpt lat="43.6924740" lon="-110.6346140">
    <ele>2067.4</ele>
   </trkpt>
   <trkpt lat="43.6924250" lon="-110.6346290">
    <ele>2067.6</ele>
   </trkpt>
   <trkpt lat="43.6923760" lon="-110.6346450">
    <ele>2067.8</ele>
   </trkpt>
   <trkpt lat="43.6923300" lon="-110.6346600">
    <ele>2068.0</ele>
   </trkpt>
   <trkpt lat="43.6922840" lon="-110.6346750">
    <ele>2068.0</ele>
   </trkpt>
   <trkpt lat="43.6922380" lon="-110.6346910">
    <ele>2068.2</ele>
   </trkpt>
   <trkpt lat="43.6921960" lon="-110.6347060">
    <ele>2068.4</ele>
   </trkpt>
   <trkpt lat="43.6921500" lon="-110.6347210">
    <ele>2068.6</ele>
   </trkpt>
   <trkpt lat="43.6921050" lon="-110.6347360">
    <ele>2068.8</ele>
   </trkpt>
   <trkpt lat="43.6920590" lon="-110.6347520">
    <ele>2069.0</ele>
   </trkpt>
   <trkpt lat="43.6920170" lon="-110.6347660">
    <ele>2069.2</ele>
   </trkpt>
   <trkpt lat="43.6919750" lon="-110.6347740">
    <ele>2069.4</ele>
   </trkpt>
   <trkpt lat="43.6919330" lon="-110.6347890">
    <ele>2069.4</ele>
   </trkpt>
   <trkpt lat="43.6918870" lon="-110.6347970">
    <ele>2069.6</ele>
   </trkpt>
   <trkpt lat="43.6918420" lon="-110.6348120">
    <ele>2069.8</ele>
   </trkpt>
   <trkpt lat="43.6918000" lon="-110.6348200">
    <ele>2070.0</ele>
   </trkpt>
   <trkpt lat="43.6917580" lon="-110.6348270">
    <ele>2070.0</ele>
   </trkpt>
   <trkpt lat="43.6917110" lon="-110.6348340">
    <ele>2070.2</ele>
   </trkpt>
   <trkpt lat="43.6916620" lon="-110.6348350">
    <ele>2070.4</ele>
   </trkpt>
   <trkpt lat="43.6916160" lon="-110.6348420">
    <ele>2070.6</ele>
   </trkpt>
   <trkpt lat="43.6915700" lon="-110.6348430">
    <ele>2070.6</ele>
   </trkpt>
   <trkpt lat="43.6915210" lon="-110.6348500">
    <ele>2070.8</ele>
   </trkpt>
   <trkpt lat="43.6914750" lon="-110.6348500">
    <ele>2071.0</ele>
   </trkpt>
   <trkpt lat="43.6914260" lon="-110.6348500">
    <ele>2071.0</ele>
   </trkpt>
   <trkpt lat="43.6913790" lon="-110.6348500">
    <ele>2071.2</ele>
   </trkpt>
   <trkpt lat="43.6913340" lon="-110.6348500">
    <ele>2071.2</ele>
   </trkpt>
   <trkpt lat="43.6912880" lon="-110.6348500">
    <ele>2071.4</ele>
   </trkpt>
   <trkpt lat="43.6912380" lon="-110.6348500">
    <ele>2071.4</ele>
   </trkpt>
   <trkpt lat="43.6911880" lon="-110.6348490">
    <ele>2071.4</ele>
   </trkpt>
   <trkpt lat="43.6911390" lon="-110.6348420">
    <ele>2071.6</ele>
   </trkpt>
   <trkpt lat="43.6910890" lon="-110.6348420">
    <ele>2071.6</ele>
   </trkpt>
   <trkpt lat="43.6910400" lon="-110.6348420">
    <ele>2071.6</ele>
   </trkpt>
   <trkpt lat="43.6909930" lon="-110.6348420">
    <ele>2071.6</ele>
   </trkpt>
   <trkpt lat="43.6909460" lon="-110.6348420">
    <ele>2071.8</ele>
   </trkpt>
   <trkpt lat="43.6908950" lon="-110.6348420">
    <ele>2071.8</ele>
   </trkpt>
   <trkpt lat="43.6908450" lon="-110.6348410">
    <ele>2071.8</ele>
   </trkpt>
   <trkpt lat="43.6907920" lon="-110.6348340">
    <ele>2071.8</ele>
   </trkpt>
   <trkpt lat="43.6907420" lon="-110.6348270">
    <ele>2071.8</ele>
   </trkpt>
   <trkpt lat="43.6906890" lon="-110.6348270">
    <ele>2072.0</ele>
   </trkpt>
   <trkpt lat="43.6906400" lon="-110.6348270">
    <ele>2072.0</ele>
   </trkpt>
   <trkpt lat="43.6905900" lon="-110.6348260">
    <ele>2072.0</ele>
   </trkpt>
   <trkpt lat="43.6905370" lon="-110.6348190">
    <ele>2072.0</ele>
   </trkpt>
   <trkpt lat="43.6904870" lon="-110.6348190">
    <ele>2072.0</ele>
   </trkpt>
   <trkpt lat="43.6904330" lon="-110.6348180">
    <ele>2072.0</ele>
   </trkpt>
   <trkpt lat="43.6903790" lon="-110.6348110">
    <ele>2072.0</ele>
   </trkpt>
   <trkpt lat="43.6903270" lon="-110.6348040">
    <ele>2072.2</ele>
   </trkpt>
   <trkpt lat="43.6902770" lon="-110.6348040">
    <ele>2072.2</ele>
   </trkpt>
   <trkpt lat="43.6902270" lon="-110.6348040">
    <ele>2072.2</ele>
   </trkpt>
   <trkpt lat="43.6901740" lon="-110.6348040">
    <ele>2072.2</ele>
   </trkpt>
   <trkpt lat="43.6901240" lon="-110.6348040">
    <ele>2072.2</ele>
   </trkpt>
   <trkpt lat="43.6900710" lon="-110.6348040">
    <ele>2072.4</ele>
   </trkpt>
   <trkpt lat="43.6900220" lon="-110.6348040">
    <ele>2072.4</ele>
   </trkpt>
   <trkpt lat="43.6899720" lon="-110.6348040">
    <ele>2072.4</ele>
   </trkpt>
   <trkpt lat="43.6899220" lon="-110.6348040">
    <ele>2072.4</ele>
   </trkpt>
   <trkpt lat="43.6898700" lon="-110.6348030">
    <ele>2072.6</ele>
   </trkpt>
   <trkpt lat="43.6898190" lon="-110.6347960">
    <ele>2072.6</ele>
   </trkpt>
   <trkpt lat="43.6897660" lon="-110.6347880">
    <ele>2072.6</ele>
   </trkpt>
   <trkpt lat="43.6897220" lon="-110.6347880">
    <ele>2072.6</ele>
   </trkpt>
   <trkpt lat="43.6896600" lon="-110.6347880">
    <ele>2072.6</ele>
   </trkpt>
   <trkpt lat="43.6896030" lon="-110.6347880">
    <ele>2072.4</ele>
   </trkpt>
   <trkpt lat="43.6895500" lon="-110.6347880">
    <ele>2072.4</ele>
   </trkpt>
   <trkpt lat="43.6894960" lon="-110.6347880">
    <ele>2072.4</ele>
   </trkpt>
   <trkpt lat="43.6894380" lon="-110.6347880">
    <ele>2072.4</ele>
   </trkpt>
   <trkpt lat="43.6893810" lon="-110.6347880">
    <ele>2072.2</ele>
   </trkpt>
   <trkpt lat="43.6893240" lon="-110.6347810">
    <ele>2072.2</ele>
   </trkpt>
   <trkpt lat="43.6892720" lon="-110.6347810">
    <ele>2072.2</ele>
   </trkpt>
   <trkpt lat="43.6892180" lon="-110.6347810">
    <ele>2072.2</ele>
   </trkpt>
   <trkpt lat="43.6891680" lon="-110.6347810">
    <ele>2072.4</ele>
   </trkpt>
   <trkpt lat="43.6891110" lon="-110.6347810">
    <ele>2072.2</ele>
   </trkpt>
   <trkpt lat="43.6890570" lon="-110.6347810">
    <ele>2072.2</ele>
   </trkpt>
   <trkpt lat="43.6890040" lon="-110.6347810">
    <ele>2072.2</ele>
   </trkpt>
   <trkpt lat="43.6889500" lon="-110.6347810">
    <ele>2072.4</ele>
   </trkpt>
   <trkpt lat="43.6888930" lon="-110.6347810">
    <ele>2072.4</ele>
   </trkpt>
   <trkpt lat="43.6888400" lon="-110.6347810">
    <ele>2072.4</ele>
   </trkpt>
   <trkpt lat="43.6887820" lon="-110.6347810">
    <ele>2072.4</ele>
   </trkpt>
   <trkpt lat="43.6887260" lon="-110.6347810">
    <ele>2072.4</ele>
   </trkpt>
   <trkpt lat="43.6886720" lon="-110.6347810">
    <ele>2072.4</ele>
   </trkpt>
   <trkpt lat="43.6886180" lon="-110.6347810">
    <ele>2072.6</ele>
   </trkpt>
   <trkpt lat="43.6885650" lon="-110.6347810">
    <ele>2072.6</ele>
   </trkpt>
   <trkpt lat="43.6885080" lon="-110.6347730">
    <ele>2072.6</ele>
   </trkpt>
   <trkpt lat="43.6884510" lon="-110.6347740">
    <ele>2072.6</ele>
   </trkpt>
   <trkpt lat="43.6883980" lon="-110.6347810">
    <ele>2072.6</ele>
   </trkpt>
   <trkpt lat="43.6883480" lon="-110.6347810">
    <ele>2072.6</ele>
   </trkpt>
   <trkpt lat="43.6882940" lon="-110.6347810">
    <ele>2072.6</ele>
   </trkpt>
   <trkpt lat="43.6882400" lon="-110.6347810">
    <ele>2072.6</ele>
   </trkpt>
   <trkpt lat="43.6881880" lon="-110.6347810">
    <ele>2072.6</ele>
   </trkpt>
   <trkpt lat="43.6881330" lon="-110.6347730">
    <ele>2072.6</ele>
   </trkpt>
   <trkpt lat="43.6880780" lon="-110.6347730">
    <ele>2072.6</ele>
   </trkpt>
   <trkpt lat="43.6880220" lon="-110.6347730">
    <ele>2072.6</ele>
   </trkpt>
   <trkpt lat="43.6879650" lon="-110.6347730">
    <ele>2072.6</ele>
   </trkpt>
   <trkpt lat="43.6879080" lon="-110.6347730">
    <ele>2072.6</ele>
   </trkpt>
   <trkpt lat="43.6878500" lon="-110.6347730">
    <ele>2072.8</ele>
   </trkpt>
   <trkpt lat="43.6877970" lon="-110.6347730">
    <ele>2072.8</ele>
   </trkpt>
   <trkpt lat="43.6877400" lon="-110.6347730">
    <ele>2072.8</ele>
   </trkpt>
   <trkpt lat="43.6876860" lon="-110.6347730">
    <ele>2072.8</ele>
   </trkpt>
   <trkpt lat="43.6876290" lon="-110.6347660">
    <ele>2072.8</ele>
   </trkpt>
   <trkpt lat="43.6875720" lon="-110.6347660">
    <ele>2072.8</ele>
   </trkpt>
   <trkpt lat="43.6875150" lon="-110.6347660">
    <ele>2072.6</ele>
   </trkpt>
   <trkpt lat="43.6874570" lon="-110.6347660">
    <ele>2072.4</ele>
   </trkpt>
   <trkpt lat="43.6873960" lon="-110.6347650">
    <ele>2072.4</ele>
   </trkpt>
   <trkpt lat="43.6873350" lon="-110.6347580">
    <ele>2072.4</ele>
   </trkpt>
   <trkpt lat="43.6872700" lon="-110.6347580">
    <ele>2072.2</ele>
   </trkpt>
   <trkpt lat="43.6872090" lon="-110.6347570">
    <ele>2072.2</ele>
   </trkpt>
   <trkpt lat="43.6871440" lon="-110.6347500">
    <ele>2072.0</ele>
   </trkpt>
   <trkpt lat="43.6870750" lon="-110.6347500">
    <ele>2071.8</ele>
   </trkpt>
   <trkpt lat="43.6870110" lon="-110.6347500">
    <ele>2071.8</ele>
   </trkpt>
   <trkpt lat="43.6869420" lon="-110.6347430">
    <ele>2071.6</ele>
   </trkpt>
   <trkpt lat="43.6868730" lon="-110.6347430">
    <ele>2071.6</ele>
   </trkpt>
   <trkpt lat="43.6868000" lon="-110.6347430">
    <ele>2071.6</ele>
   </trkpt>
   <trkpt lat="43.6867310" lon="-110.6347430">
    <ele>2071.6</ele>
   </trkpt>
   <trkpt lat="43.6866620" lon="-110.6347430">
    <ele>2071.6</ele>
   </trkpt>
   <trkpt lat="43.6865940" lon="-110.6347430">
    <ele>2071.6</ele>
   </trkpt>
   <trkpt lat="43.6865250" lon="-110.6347430">
    <ele>2071.6</ele>
   </trkpt>
   <trkpt lat="43.6864570" lon="-110.6347420">
    <ele>2071.6</ele>
   </trkpt>
   <trkpt lat="43.6863880" lon="-110.6347350">
    <ele>2071.6</ele>
   </trkpt>
   <trkpt lat="43.6863230" lon="-110.6347340">
    <ele>2071.6</ele>
   </trkpt>
   <trkpt lat="43.6862630" lon="-110.6347270">
    <ele>2071.6</ele>
   </trkpt>
   <trkpt lat="43.6861980" lon="-110.6347270">
    <ele>2071.6</ele>
   </trkpt>
   <trkpt lat="43.6861370" lon="-110.6347270">
    <ele>2071.8</ele>
   </trkpt>
   <trkpt lat="43.6860800" lon="-110.6347270">
    <ele>2071.8</ele>
   </trkpt>
   <trkpt lat="43.6860190" lon="-110.6347270">
    <ele>2072.0</ele>
   </trkpt>
   <trkpt lat="43.6859620" lon="-110.6347270">
    <ele>2072.2</ele>
   </trkpt>
   <trkpt lat="43.6859090" lon="-110.6347270">
    <ele>2072.4</ele>
   </trkpt>
   <trkpt lat="43.6858560" lon="-110.6347200">
    <ele>2072.6</ele>
   </trkpt>
   <trkpt lat="43.6858020" lon="-110.6347200">
    <ele>2072.6</ele>
   </trkpt>
   <trkpt lat="43.6857450" lon="-110.6347200">
    <ele>2072.8</ele>
   </trkpt>
   <trkpt lat="43.6856910" lon="-110.6347200">
    <ele>2073.2</ele>
   </trkpt>
   <trkpt lat="43.6856380" lon="-110.6347200">
    <ele>2073.2</ele>
   </trkpt>
   <trkpt lat="43.6855880" lon="-110.6347200">
    <ele>2073.4</ele>
   </trkpt>
   <trkpt lat="43.6855350" lon="-110.6347200">
    <ele>2073.6</ele>
   </trkpt>
   <trkpt lat="43.6854810" lon="-110.6347200">
    <ele>2073.8</ele>
   </trkpt>
   <trkpt lat="43.6854240" lon="-110.6347200">
    <ele>2074.0</ele>
   </trkpt>
   <trkpt lat="43.6853710" lon="-110.6347200">
    <ele>2074.2</ele>
   </trkpt>
   <trkpt lat="43.6853170" lon="-110.6347200">
    <ele>2074.4</ele>
   </trkpt>
   <trkpt lat="43.6852600" lon="-110.6347200">
    <ele>2074.4</ele>
   </trkpt>
   <trkpt lat="43.6852060" lon="-110.6347190">
    <ele>2074.6</ele>
   </trkpt>
   <trkpt lat="43.6851490" lon="-110.6347120">
    <ele>2074.8</ele>
   </trkpt>
   <trkpt lat="43.6850960" lon="-110.6347120">
    <ele>2074.8</ele>
   </trkpt>
   <trkpt lat="43.6850420" lon="-110.6347050">
    <ele>2074.8</ele>
   </trkpt>
   <trkpt lat="43.6849890" lon="-110.6347050">
    <ele>2075.0</ele>
   </trkpt>
   <trkpt lat="43.6849400" lon="-110.6347050">
    <ele>2075.2</ele>
   </trkpt>
   <trkpt lat="43.6848900" lon="-110.6347050">
    <ele>2075.4</ele>
   </trkpt>
   <trkpt lat="43.6848410" lon="-110.6347050">
    <ele>2075.4</ele>
   </trkpt>
   <trkpt lat="43.6847910" lon="-110.6347050">
    <ele>2075.6</ele>
   </trkpt>
   <trkpt lat="43.6847440" lon="-110.6347050">
    <ele>2075.6</ele>
   </trkpt>
   <trkpt lat="43.6846920" lon="-110.6347050">
    <ele>2075.8</ele>
   </trkpt>
   <trkpt lat="43.6846430" lon="-110.6347050">
    <ele>2075.8</ele>
   </trkpt>
   <trkpt lat="43.6845970" lon="-110.6347040">
    <ele>2076.0</ele>
   </trkpt>
   <trkpt lat="43.6845470" lon="-110.6346960">
    <ele>2076.2</ele>
   </trkpt>
   <trkpt lat="43.6844980" lon="-110.6346890">
    <ele>2076.2</ele>
   </trkpt>
   <trkpt lat="43.6844520" lon="-110.6346890">
    <ele>2076.4</ele>
   </trkpt>
   <trkpt lat="43.6844060" lon="-110.6346890">
    <ele>2076.4</ele>
   </trkpt>
   <trkpt lat="43.6843560" lon="-110.6346890">
    <ele>2076.6</ele>
   </trkpt>
   <trkpt lat="43.6843100" lon="-110.6346890">
    <ele>2076.6</ele>
   </trkpt>
   <trkpt lat="43.6842600" lon="-110.6346820">
    <ele>2076.6</ele>
   </trkpt>
   <trkpt lat="43.6842070" lon="-110.6346810">
    <ele>2076.6</ele>
   </trkpt>
   <trkpt lat="43.6841540" lon="-110.6346730">
    <ele>2076.4</ele>
   </trkpt>
   <trkpt lat="43.6841000" lon="-110.6346660">
    <ele>2076.4</ele>
   </trkpt>
   <trkpt lat="43.6840470" lon="-110.6346660">
    <ele>2076.4</ele>
   </trkpt>
   <trkpt lat="43.6839890" lon="-110.6346660">
    <ele>2076.0</ele>
   </trkpt>
   <trkpt lat="43.6839280" lon="-110.6346580">
    <ele>2076.0</ele>
   </trkpt>
   <trkpt lat="43.6838630" lon="-110.6346510">
    <ele>2075.6</ele>
   </trkpt>
   <trkpt lat="43.6837970" lon="-110.6346440">
    <ele>2075.4</ele>
   </trkpt>
   <trkpt lat="43.6837250" lon="-110.6346430">
    <ele>2075.2</ele>
   </trkpt>
   <trkpt lat="43.6836530" lon="-110.6346350">
    <ele>2075.2</ele>
   </trkpt>
   <trkpt lat="43.6835850" lon="-110.6346280">
    <ele>2075.0</ele>
   </trkpt>
   <trkpt lat="43.6835150" lon="-110.6346210">
    <ele>2074.8</ele>
   </trkpt>
   <trkpt lat="43.6834470" lon="-110.6346200">
    <ele>2074.8</ele>
   </trkpt>
   <trkpt lat="43.6833780" lon="-110.6346120">
    <ele>2074.8</ele>
   </trkpt>
   <trkpt lat="43.6833100" lon="-110.6346050">
    <ele>2074.8</ele>
   </trkpt>
   <trkpt lat="43.6832450" lon="-110.6346050">
    <ele>2074.8</ele>
   </trkpt>
   <trkpt lat="43.6831810" lon="-110.6345980">
    <ele>2074.8</ele>
   </trkpt>
   <trkpt lat="43.6831200" lon="-110.6345970">
    <ele>2075.0</ele>
   </trkpt>
   <trkpt lat="43.6830600" lon="-110.6345900">
    <ele>2075.2</ele>
   </trkpt>
   <trkpt lat="43.6830060" lon="-110.6345900">
    <ele>2075.6</ele>
   </trkpt>
   <trkpt lat="43.6829540" lon="-110.6345900">
    <ele>2075.8</ele>
   </trkpt>
   <trkpt lat="43.6829050" lon="-110.6345900">
    <ele>2076.0</ele>
   </trkpt>
   <trkpt lat="43.6828560" lon="-110.6345900">
    <ele>2076.2</ele>
   </trkpt>
   <trkpt lat="43.6828100" lon="-110.6345830">
    <ele>2076.4</ele>
   </trkpt>
   <trkpt lat="43.6827640" lon="-110.6345830">
    <ele>2076.6</ele>
   </trkpt>
   <trkpt lat="43.6827180" lon="-110.6345830">
    <ele>2076.8</ele>
   </trkpt>
   <trkpt lat="43.6826720" lon="-110.6345830">
    <ele>2077.0</ele>
   </trkpt>
   <trkpt lat="43.6826270" lon="-110.6345830">
    <ele>2077.2</ele>
   </trkpt>
   <trkpt lat="43.6825850" lon="-110.6345830">
    <ele>2077.4</ele>
   </trkpt>
   <trkpt lat="43.6825390" lon="-110.6345830">
    <ele>2077.6</ele>
   </trkpt>
   <trkpt lat="43.6824970" lon="-110.6345820">
    <ele>2077.8</ele>
   </trkpt>
   <trkpt lat="43.6824510" lon="-110.6345750">
    <ele>2078.0</ele>
   </trkpt>
   <trkpt lat="43.6824130" lon="-110.6345670">
    <ele>2078.2</ele>
   </trkpt>
   <trkpt lat="43.6823710" lon="-110.6345670">
    <ele>2078.2</ele>
   </trkpt>
   <trkpt lat="43.6823290" lon="-110.6345670">
    <ele>2078.4</ele>
   </trkpt>
   <trkpt lat="43.6822910" lon="-110.6345680">
    <ele>2078.6</ele>
   </trkpt>
   <trkpt lat="43.6822450" lon="-110.6345750">
    <ele>2078.6</ele>
   </trkpt>
   <trkpt lat="43.6822030" lon="-110.6345750">
    <ele>2078.6</ele>
   </trkpt>
   <trkpt lat="43.6821610" lon="-110.6345750">
    <ele>2078.8</ele>
   </trkpt>
   <trkpt lat="43.6821190" lon="-110.6345750">
    <ele>2079.0</ele>
   </trkpt>
   <trkpt lat="43.6820740" lon="-110.6345670">
    <ele>2079.2</ele>
   </trkpt>
   <trkpt lat="43.6820310" lon="-110.6345670">
    <ele>2079.2</ele>
   </trkpt>
   <trkpt lat="43.6819900" lon="-110.6345670">
    <ele>2079.4</ele>
   </trkpt>
   <trkpt lat="43.6819470" lon="-110.6345670">
    <ele>2079.4</ele>
   </trkpt>
   <trkpt lat="43.6819020" lon="-110.6345670">
    <ele>2079.6</ele>
   </trkpt>
   <trkpt lat="43.6818600" lon="-110.6345670">
    <ele>2079.6</ele>
   </trkpt>
   <trkpt lat="43.6818140" lon="-110.6345680">
    <ele>2079.8</ele>
   </trkpt>
   <trkpt lat="43.6817720" lon="-110.6345750">
    <ele>2079.8</ele>
   </trkpt>
   <trkpt lat="43.6817300" lon="-110.6345750">
    <ele>2080.0</ele>
   </trkpt>
   <trkpt lat="43.6816880" lon="-110.6345750">
    <ele>2080.0</ele>
   </trkpt>
   <trkpt lat="43.6816430" lon="-110.6345750">
    <ele>2080.0</ele>
   </trkpt>
   <trkpt lat="43.6815990" lon="-110.6345750">
    <ele>2080.2</ele>
   </trkpt>
   <trkpt lat="43.6815550" lon="-110.6345750">
    <ele>2080.2</ele>
   </trkpt>
   <trkpt lat="43.6815070" lon="-110.6345740">
    <ele>2080.4</ele>
   </trkpt>
   <trkpt lat="43.6814630" lon="-110.6345680">
    <ele>2080.4</ele>
   </trkpt>
   <trkpt lat="43.6814130" lon="-110.6345750">
    <ele>2080.4</ele>
   </trkpt>
   <trkpt lat="43.6813660" lon="-110.6345830">
    <ele>2080.4</ele>
   </trkpt>
   <trkpt lat="43.6813210" lon="-110.6345900">
    <ele>2080.2</ele>
   </trkpt>
   <trkpt lat="43.6812740" lon="-110.6345900">
    <ele>2080.4</ele>
   </trkpt>
   <trkpt lat="43.6812210" lon="-110.6345900">
    <ele>2080.2</ele>
   </trkpt>
   <trkpt lat="43.6811670" lon="-110.6345900">
    <ele>2080.2</ele>
   </trkpt>
   <trkpt lat="43.6811140" lon="-110.6345910">
    <ele>2080.0</ele>
   </trkpt>
   <trkpt lat="43.6810560" lon="-110.6345980">
    <ele>2079.8</ele>
   </trkpt>
   <trkpt lat="43.6809950" lon="-110.6345980">
    <ele>2079.6</ele>
   </trkpt>
   <trkpt lat="43.6809300" lon="-110.6345980">
    <ele>2079.2</ele>
   </trkpt>
   <trkpt lat="43.6808640" lon="-110.6345980">
    <ele>2078.8</ele>
   </trkpt>
   <trkpt lat="43.6807880" lon="-110.6345980">
    <ele>2078.4</ele>
   </trkpt>
   <trkpt lat="43.6807110" lon="-110.6345980">
    <ele>2078.0</ele>
   </trkpt>
   <trkpt lat="43.6806270" lon="-110.6345980">
    <ele>2077.6</ele>
   </trkpt>
   <trkpt lat="43.6805460" lon="-110.6345970">
    <ele>2077.2</ele>
   </trkpt>
   <trkpt lat="43.6804590" lon="-110.6345900">
    <ele>2076.8</ele>
   </trkpt>
   <trkpt lat="43.6803760" lon="-110.6345900">
    <ele>2076.6</ele>
   </trkpt>
   <trkpt lat="43.6802910" lon="-110.6345900">
    <ele>2076.4</ele>
   </trkpt>
   <trkpt lat="43.6802120" lon="-110.6345830">
    <ele>2076.2</ele>
   </trkpt>
   <trkpt lat="43.6801320" lon="-110.6345830">
    <ele>2076.2</ele>
   </trkpt>
   <trkpt lat="43.6800550" lon="-110.6345820">
    <ele>2076.2</ele>
   </trkpt>
   <trkpt lat="43.6799800" lon="-110.6345750">
    <ele>2076.2</ele>
   </trkpt>
   <trkpt lat="43.6799110" lon="-110.6345740">
    <ele>2076.2</ele>
   </trkpt>
   <trkpt lat="43.6798430" lon="-110.6345670">
    <ele>2076.2</ele>
   </trkpt>
   <trkpt lat="43.6797780" lon="-110.6345670">
    <ele>2076.4</ele>
   </trkpt>
   <trkpt lat="43.6797130" lon="-110.6345670">
    <ele>2076.4</ele>
   </trkpt>
   <trkpt lat="43.6796490" lon="-110.6345670">
    <ele>2076.6</ele>
   </trkpt>
   <trkpt lat="43.6795870" lon="-110.6345670">
    <ele>2076.6</ele>
   </trkpt>
   <trkpt lat="43.6795260" lon="-110.6345600">
    <ele>2076.6</ele>
   </trkpt>
   <trkpt lat="43.6794650" lon="-110.6345600">
    <ele>2076.8</ele>
   </trkpt>
   <trkpt lat="43.6794000" lon="-110.6345590">
    <ele>2076.8</ele>
   </trkpt>
   <trkpt lat="43.6793350" lon="-110.6345520">
    <ele>2077.0</ele>
   </trkpt>
   <trkpt lat="43.6792740" lon="-110.6345520">
    <ele>2077.0</ele>
   </trkpt>
   <trkpt lat="43.6792100" lon="-110.6345520">
    <ele>2077.0</ele>
   </trkpt>
   <trkpt lat="43.6791490" lon="-110.6345510">
    <ele>2077.0</ele>
   </trkpt>
   <trkpt lat="43.6790880" lon="-110.6345440">
    <ele>2077.0</ele>
   </trkpt>
   <trkpt lat="43.6790260" lon="-110.6345440">
    <ele>2077.0</ele>
   </trkpt>
   <trkpt lat="43.6789620" lon="-110.6345440">
    <ele>2077.2</ele>
   </trkpt>
   <trkpt lat="43.6789000" lon="-110.6345440">
    <ele>2077.0</ele>
   </trkpt>
   <trkpt lat="43.6788360" lon="-110.6345440">
    <ele>2077.0</ele>
   </trkpt>
   <trkpt lat="43.6787700" lon="-110.6345440">
    <ele>2077.0</ele>
   </trkpt>
   <trkpt lat="43.6787020" lon="-110.6345440">
    <ele>2076.8</ele>
   </trkpt>
   <trkpt lat="43.6786330" lon="-110.6345440">
    <ele>2076.8</ele>
   </trkpt>
   <trkpt lat="43.6785650" lon="-110.6345370">
    <ele>2076.6</ele>
   </trkpt>
   <trkpt lat="43.6784960" lon="-110.6345370">
    <ele>2076.6</ele>
   </trkpt>
   <trkpt lat="43.6784230" lon="-110.6345360">
    <ele>2076.4</ele>
   </trkpt>
   <trkpt lat="43.6783550" lon="-110.6345290">
    <ele>2076.4</ele>
   </trkpt>
   <trkpt lat="43.6782820" lon="-110.6345290">
    <ele>2076.4</ele>
   </trkpt>
   <trkpt lat="43.6782140" lon="-110.6345210">
    <ele>2076.4</ele>
   </trkpt>
   <trkpt lat="43.6781450" lon="-110.6345210">
    <ele>2076.4</ele>
   </trkpt>
   <trkpt lat="43.6780770" lon="-110.6345210">
    <ele>2076.4</ele>
   </trkpt>
   <trkpt lat="43.6780120" lon="-110.6345210">
    <ele>2076.4</ele>
   </trkpt>
   <trkpt lat="43.6779470" lon="-110.6345140">
    <ele>2076.6</ele>
   </trkpt>
   <trkpt lat="43.6778780" lon="-110.6345140">
    <ele>2076.6</ele>
   </trkpt>
   <trkpt lat="43.6778140" lon="-110.6345140">
    <ele>2076.6</ele>
   </trkpt>
   <trkpt lat="43.6777530" lon="-110.6345130">
    <ele>2076.6</ele>
   </trkpt>
   <trkpt lat="43.6776950" lon="-110.6345060">
    <ele>2076.8</ele>
   </trkpt>
   <trkpt lat="43.6776340" lon="-110.6345060">
    <ele>2076.8</ele>
   </trkpt>
   <trkpt lat="43.6775740" lon="-110.6345060">
    <ele>2076.8</ele>
   </trkpt>
   <trkpt lat="43.6775150" lon="-110.6345060">
    <ele>2077.0</ele>
   </trkpt>
   <trkpt lat="43.6774550" lon="-110.6345060">
    <ele>2077.0</ele>
   </trkpt>
   <trkpt lat="43.6773950" lon="-110.6345060">
    <ele>2077.0</ele>
   </trkpt>
   <trkpt lat="43.6773370" lon="-110.6344990">
    <ele>2077.0</ele>
   </trkpt>
   <trkpt lat="43.6772760" lon="-110.6344990">
    <ele>2077.2</ele>
   </trkpt>
   <trkpt lat="43.6772190" lon="-110.6344990">
    <ele>2077.2</ele>
   </trkpt>
   <trkpt lat="43.6771580" lon="-110.6344980">
    <ele>2077.4</ele>
   </trkpt>
   <trkpt lat="43.6771000" lon="-110.6344910">
    <ele>2077.4</ele>
   </trkpt>
   <trkpt lat="43.6770440" lon="-110.6344910">
    <ele>2077.4</ele>
   </trkpt>
   <trkpt lat="43.6769860" lon="-110.6344910">
    <ele>2077.4</ele>
   </trkpt>
   <trkpt lat="43.6769290" lon="-110.6344910">
    <ele>2077.6</ele>
   </trkpt>
   <trkpt lat="43.6768720" lon="-110.6344900">
    <ele>2077.6</ele>
   </trkpt>
   <trkpt lat="43.6768150" lon="-110.6344830">
    <ele>2077.6</ele>
   </trkpt>
   <trkpt lat="43.6767570" lon="-110.6344830">
    <ele>2077.8</ele>
   </trkpt>
   <trkpt lat="43.6767000" lon="-110.6344830">
    <ele>2077.8</ele>
   </trkpt>
   <trkpt lat="43.6766430" lon="-110.6344830">
    <ele>2077.8</ele>
   </trkpt>
   <trkpt lat="43.6765860" lon="-110.6344830">
    <ele>2077.8</ele>
   </trkpt>
   <trkpt lat="43.6765280" lon="-110.6344760">
    <ele>2077.8</ele>
   </trkpt>
   <trkpt lat="43.6764710" lon="-110.6344760">
    <ele>2077.8</ele>
   </trkpt>
   <trkpt lat="43.6764140" lon="-110.6344760">
    <ele>2078.0</ele>
   </trkpt>
   <trkpt lat="43.6763570" lon="-110.6344760">
    <ele>2078.0</ele>
   </trkpt>
   <trkpt lat="43.6762990" lon="-110.6344750">
    <ele>2078.0</ele>
   </trkpt>
   <trkpt lat="43.6762430" lon="-110.6344680">
    <ele>2078.2</ele>
   </trkpt>
   <trkpt lat="43.6761890" lon="-110.6344680">
    <ele>2078.2</ele>
   </trkpt>
   <trkpt lat="43.6761320" lon="-110.6344680">
    <ele>2078.2</ele>
   </trkpt>
   <trkpt lat="43.6760740" lon="-110.6344680">
    <ele>2078.2</ele>
   </trkpt>
   <trkpt lat="43.6760170" lon="-110.6344680">
    <ele>2078.0</ele>
   </trkpt>
   <trkpt lat="43.6759600" lon="-110.6344680">
    <ele>2078.0</ele>
   </trkpt>
   <trkpt lat="43.6759030" lon="-110.6344680">
    <ele>2078.2</ele>
   </trkpt>
   <trkpt lat="43.6758480" lon="-110.6344680">
    <ele>2078.2</ele>
   </trkpt>
   <trkpt lat="43.6757880" lon="-110.6344670">
    <ele>2078.2</ele>
   </trkpt>
   <trkpt lat="43.6757310" lon="-110.6344600">
    <ele>2078.0</ele>
   </trkpt>
   <trkpt lat="43.6756780" lon="-110.6344600">
    <ele>2078.2</ele>
   </trkpt>
   <trkpt lat="43.6756210" lon="-110.6344600">
    <ele>2078.2</ele>
   </trkpt>
   <trkpt lat="43.6755640" lon="-110.6344600">
    <ele>2078.2</ele>
   </trkpt>
   <trkpt lat="43.6755100" lon="-110.6344600">
    <ele>2078.2</ele>
   </trkpt>
   <trkpt lat="43.6754530" lon="-110.6344530">
    <ele>2078.2</ele>
   </trkpt>
   <trkpt lat="43.6753950" lon="-110.6344530">
    <ele>2078.2</ele>
   </trkpt>
   <trkpt lat="43.6753420" lon="-110.6344530">
    <ele>2078.4</ele>
   </trkpt>
   <trkpt lat="43.6752850" lon="-110.6344530">
    <ele>2078.4</ele>
   </trkpt>
   <trkpt lat="43.6752280" lon="-110.6344530">
    <ele>2078.4</ele>
   </trkpt>
   <trkpt lat="43.6751740" lon="-110.6344520">
    <ele>2078.6</ele>
   </trkpt>
   <trkpt lat="43.6751170" lon="-110.6344450">
    <ele>2078.6</ele>
   </trkpt>
   <trkpt lat="43.6750640" lon="-110.6344450">
    <ele>2078.6</ele>
   </trkpt>
   <trkpt lat="43.6750070" lon="-110.6344450">
    <ele>2078.6</ele>
   </trkpt>
   <trkpt lat="43.6749490" lon="-110.6344450">
    <ele>2078.6</ele>
   </trkpt>
   <trkpt lat="43.6748920" lon="-110.6344450">
    <ele>2078.6</ele>
   </trkpt>
   <trkpt lat="43.6748350" lon="-110.6344450">
    <ele>2078.8</ele>
   </trkpt>
   <trkpt lat="43.6747810" lon="-110.6344450">
    <ele>2078.8</ele>
   </trkpt>
   <trkpt lat="43.6747240" lon="-110.6344450">
    <ele>2078.8</ele>
   </trkpt>
   <trkpt lat="43.6746710" lon="-110.6344450">
    <ele>2078.8</ele>
   </trkpt>
   <trkpt lat="43.6746170" lon="-110.6344460">
    <ele>2079.0</ele>
   </trkpt>
   <trkpt lat="43.6745600" lon="-110.6344530">
    <ele>2079.0</ele>
   </trkpt>
   <trkpt lat="43.6745030" lon="-110.6344530">
    <ele>2079.0</ele>
   </trkpt>
   <trkpt lat="43.6744450" lon="-110.6344530">
    <ele>2079.2</ele>
   </trkpt>
   <trkpt lat="43.6743920" lon="-110.6344530">
    <ele>2079.2</ele>
   </trkpt>
   <trkpt lat="43.6743340" lon="-110.6344520">
    <ele>2079.2</ele>
   </trkpt>
   <trkpt lat="43.6742740" lon="-110.6344450">
    <ele>2079.2</ele>
   </trkpt>
   <trkpt lat="43.6742160" lon="-110.6344370">
    <ele>2079.0</ele>
   </trkpt>
   <trkpt lat="43.6741570" lon="-110.6344300">
    <ele>2079.0</ele>
   </trkpt>
   <trkpt lat="43.6740930" lon="-110.6344220">
    <ele>2078.8</ele>
   </trkpt>
   <trkpt lat="43.6740290" lon="-110.6344140">
    <ele>2078.8</ele>
   </trkpt>
   <trkpt lat="43.6739680" lon="-110.6344060">
    <ele>2078.6</ele>
   </trkpt>
   <trkpt lat="43.6739070" lon="-110.6343910">
    <ele>2078.6</ele>
   </trkpt>
   <trkpt lat="43.6738450" lon="-110.6343830">
    <ele>2078.6</ele>
   </trkpt>
   <trkpt lat="43.6737850" lon="-110.6343680">
    <ele>2078.6</ele>
   </trkpt>
   <trkpt lat="43.6737280" lon="-110.6343520">
    <ele>2078.6</ele>
   </trkpt>
   <trkpt lat="43.6736710" lon="-110.6343370">
    <ele>2078.6</ele>
   </trkpt>
   <trkpt lat="43.6736140" lon="-110.6343220">
    <ele>2078.8</ele>
   </trkpt>
   <trkpt lat="43.6735570" lon="-110.6343060">
    <ele>2078.8</ele>
   </trkpt>
   <trkpt lat="43.6735000" lon="-110.6342830">
    <ele>2078.8</ele>
   </trkpt>
   <trkpt lat="43.6734430" lon="-110.6342530">
    <ele>2078.8</ele>
   </trkpt>
   <trkpt lat="43.6733930" lon="-110.6342300">
    <ele>2078.8</ele>
   </trkpt>
   <trkpt lat="43.6733400" lon="-110.6342070">
    <ele>2078.8</ele>
   </trkpt>
   <trkpt lat="43.6732900" lon="-110.6341840">
    <ele>2079.0</ele>
   </trkpt>
   <trkpt lat="43.6732400" lon="-110.6341610">
    <ele>2079.0</ele>
   </trkpt>
   <trkpt lat="43.6731870" lon="-110.6341310">
    <ele>2079.0</ele>
   </trkpt>
   <trkpt lat="43.6731370" lon="-110.6341070">
    <ele>2079.0</ele>
   </trkpt>
   <trkpt lat="43.6730880" lon="-110.6340770">
    <ele>2079.2</ele>
   </trkpt>
   <trkpt lat="43.6730340" lon="-110.6340540">
    <ele>2079.2</ele>
   </trkpt>
   <trkpt lat="43.6729840" lon="-110.6340310">
    <ele>2079.4</ele>
   </trkpt>
   <trkpt lat="43.6729320" lon="-110.6340080">
    <ele>2079.4</ele>
   </trkpt>
   <trkpt lat="43.6728780" lon="-110.6339770">
    <ele>2079.4</ele>
   </trkpt>
   <trkpt lat="43.6728250" lon="-110.6339470">
    <ele>2079.4</ele>
   </trkpt>
   <trkpt lat="43.6727750" lon="-110.6339240">
    <ele>2079.4</ele>
   </trkpt>
   <trkpt lat="43.6727250" lon="-110.6339010">
    <ele>2079.4</ele>
   </trkpt>
   <trkpt lat="43.6726760" lon="-110.6338710">
    <ele>2079.6</ele>
   </trkpt>
   <trkpt lat="43.6726270" lon="-110.6338480">
    <ele>2079.6</ele>
   </trkpt>
   <trkpt lat="43.6725790" lon="-110.6338190">
    <ele>2079.4</ele>
   </trkpt>
   <trkpt lat="43.6725230" lon="-110.6337950">
    <ele>2079.6</ele>
   </trkpt>
   <trkpt lat="43.6724690" lon="-110.6337710">
    <ele>2079.6</ele>
   </trkpt>
   <trkpt lat="43.6724120" lon="-110.6337410">
    <ele>2079.6</ele>
   </trkpt>
   <trkpt lat="43.6723590" lon="-110.6337110">
    <ele>2079.6</ele>
   </trkpt>
   <trkpt lat="43.6723020" lon="-110.6336800">
    <ele>2079.6</ele>
   </trkpt>
   <trkpt lat="43.6722480" lon="-110.6336500">
    <ele>2079.6</ele>
   </trkpt>
   <trkpt lat="43.6721910" lon="-110.6336260">
    <ele>2079.6</ele>
   </trkpt>
   <trkpt lat="43.6721340" lon="-110.6335960">
    <ele>2079.6</ele>
   </trkpt>
   <trkpt lat="43.6720810" lon="-110.6335660">
    <ele>2079.6</ele>
   </trkpt>
   <trkpt lat="43.6720260" lon="-110.6335420">
    <ele>2079.4</ele>
   </trkpt>
   <trkpt lat="43.6719700" lon="-110.6335130">
    <ele>2079.6</ele>
   </trkpt>
   <trkpt lat="43.6719210" lon="-110.6334890">
    <ele>2079.6</ele>
   </trkpt>
   <trkpt lat="43.6718670" lon="-110.6334590">
    <ele>2079.6</ele>
   </trkpt>
   <trkpt lat="43.6718100" lon="-110.6334360">
    <ele>2079.6</ele>
   </trkpt>
   <trkpt lat="43.6717530" lon="-110.6334060">
    <ele>2079.6</ele>
   </trkpt>
   <trkpt lat="43.6716950" lon="-110.6333830">
    <ele>2079.6</ele>
   </trkpt>
   <trkpt lat="43.6716380" lon="-110.6333610">
    <ele>2079.6</ele>
   </trkpt>
   <trkpt lat="43.6715840" lon="-110.6333450">
    <ele>2079.6</ele>
   </trkpt>
   <trkpt lat="43.6715270" lon="-110.6333230">
    <ele>2079.6</ele>
   </trkpt>
   <trkpt lat="43.6714660" lon="-110.6333070">
    <ele>2079.6</ele>
   </trkpt>
   <trkpt lat="43.6714090" lon="-110.6332920">
    <ele>2079.6</ele>
   </trkpt>
   <trkpt lat="43.6713520" lon="-110.6332850">
    <ele>2079.6</ele>
   </trkpt>
   <trkpt lat="43.6712910" lon="-110.6332770">
    <ele>2079.6</ele>
   </trkpt>
   <trkpt lat="43.6712330" lon="-110.6332700">
    <ele>2079.4</ele>
   </trkpt>
   <trkpt lat="43.6711720" lon="-110.6332630">
    <ele>2079.4</ele>
   </trkpt>
   <trkpt lat="43.6711150" lon="-110.6332630">
    <ele>2079.4</ele>
   </trkpt>
   <trkpt lat="43.6710580" lon="-110.6332630">
    <ele>2079.4</ele>
   </trkpt>
   <trkpt lat="43.6710020" lon="-110.6332630">
    <ele>2079.4</ele>
   </trkpt>
   <trkpt lat="43.6709440" lon="-110.6332700">
    <ele>2079.4</ele>
   </trkpt>
   <trkpt lat="43.6708800" lon="-110.6332780">
    <ele>2079.2</ele>
   </trkpt>
   <trkpt lat="43.6708230" lon="-110.6332790">
    <ele>2079.2</ele>
   </trkpt>
   <trkpt lat="43.6707620" lon="-110.6332940">
    <ele>2079.0</ele>
   </trkpt>
   <trkpt lat="43.6707010" lon="-110.6333090">
    <ele>2079.0</ele>
   </trkpt>
   <trkpt lat="43.6706430" lon="-110.6333250">
    <ele>2078.8</ele>
   </trkpt>
   <trkpt lat="43.6705830" lon="-110.6333480">
    <ele>2078.8</ele>
   </trkpt>
   <trkpt lat="43.6705260" lon="-110.6333710">
    <ele>2078.8</ele>
   </trkpt>
   <trkpt lat="43.6704680" lon="-110.6333940">
    <ele>2078.8</ele>
   </trkpt>
   <trkpt lat="43.6704070" lon="-110.6334170">
    <ele>2078.6</ele>
   </trkpt>
   <trkpt lat="43.6703500" lon="-110.6334470">
    <ele>2078.6</ele>
   </trkpt>
   <trkpt lat="43.6702920" lon="-110.6334780">
    <ele>2078.6</ele>
   </trkpt>
   <trkpt lat="43.6702350" lon="-110.6335080">
    <ele>2078.4</ele>
   </trkpt>
   <trkpt lat="43.6701820" lon="-110.6335390">
    <ele>2078.4</ele>
   </trkpt>
   <trkpt lat="43.6701250" lon="-110.6335770">
    <ele>2078.4</ele>
   </trkpt>
   <trkpt lat="43.6700680" lon="-110.6336080">
    <ele>2078.2</ele>
   </trkpt>
   <trkpt lat="43.6700100" lon="-110.6336460">
    <ele>2078.2</ele>
   </trkpt>
   <trkpt lat="43.6699570" lon="-110.6336770">
    <ele>2078.2</ele>
   </trkpt>
   <trkpt lat="43.6699000" lon="-110.6337150">
    <ele>2078.2</ele>
   </trkpt>
   <trkpt lat="43.6698420" lon="-110.6337530">
    <ele>2078.0</ele>
   </trkpt>
   <trkpt lat="43.6697870" lon="-110.6337900">
    <ele>2078.2</ele>
   </trkpt>
   <trkpt lat="43.6697280" lon="-110.6338220">
    <ele>2078.0</ele>
   </trkpt>
   <trkpt lat="43.6696710" lon="-110.6338670">
    <ele>2077.8</ele>
   </trkpt>
   <trkpt lat="43.6696140" lon="-110.6338980">
    <ele>2077.6</ele>
   </trkpt>
   <trkpt lat="43.6695600" lon="-110.6339360">
    <ele>2077.6</ele>
   </trkpt>
   <trkpt lat="43.6694990" lon="-110.6339670">
    <ele>2077.4</ele>
   </trkpt>
   <trkpt lat="43.6694410" lon="-110.6340050">
    <ele>2077.4</ele>
   </trkpt>
   <trkpt lat="43.6693830" lon="-110.6340360">
    <ele>2077.4</ele>
   </trkpt>
   <trkpt lat="43.6693250" lon="-110.6340650">
    <ele>2077.2</ele>
   </trkpt>
   <trkpt lat="43.6692670" lon="-110.6340950">
    <ele>2077.2</ele>
   </trkpt>
   <trkpt lat="43.6692040" lon="-110.6341260">
    <ele>2077.2</ele>
   </trkpt>
   <trkpt lat="43.6691460" lon="-110.6341500">
    <ele>2077.0</ele>
   </trkpt>
   <trkpt lat="43.6690850" lon="-110.6341800">
    <ele>2077.0</ele>
   </trkpt>
   <trkpt lat="43.6690240" lon="-110.6342020">
    <ele>2077.0</ele>
   </trkpt>
   <trkpt lat="43.6689630" lon="-110.6342170">
    <ele>2076.8</ele>
   </trkpt>
   <trkpt lat="43.6688990" lon="-110.6342330">
    <ele>2076.8</ele>
   </trkpt>
   <trkpt lat="43.6688370" lon="-110.6342480">
    <ele>2076.8</ele>
   </trkpt>
   <trkpt lat="43.6687730" lon="-110.6342630">
    <ele>2076.6</ele>
   </trkpt>
   <trkpt lat="43.6687120" lon="-110.6342700">
    <ele>2076.6</ele>
   </trkpt>
   <trkpt lat="43.6686470" lon="-110.6342780">
    <ele>2076.6</ele>
   </trkpt>
   <trkpt lat="43.6685820" lon="-110.6342850">
    <ele>2076.6</ele>
   </trkpt>
   <trkpt lat="43.6685170" lon="-110.6342860">
    <ele>2076.4</ele>
   </trkpt>
   <trkpt lat="43.6684530" lon="-110.6342930">
    <ele>2076.4</ele>
   </trkpt>
   <trkpt lat="43.6683910" lon="-110.6342930">
    <ele>2076.4</ele>
   </trkpt>
   <trkpt lat="43.6683270" lon="-110.6342920">
    <ele>2076.2</ele>
   </trkpt>
   <trkpt lat="43.6682660" lon="-110.6342850">
    <ele>2076.2</ele>
   </trkpt>
   <trkpt lat="43.6682010" lon="-110.6342840">
    <ele>2076.0</ele>
   </trkpt>
   <trkpt lat="43.6681350" lon="-110.6342770">
    <ele>2075.8</ele>
   </trkpt>
   <trkpt lat="43.6680700" lon="-110.6342770">
    <ele>2075.8</ele>
   </trkpt>
   <trkpt lat="43.6680050" lon="-110.6342700">
    <ele>2075.8</ele>
   </trkpt>
   <trkpt lat="43.6679440" lon="-110.6342700">
    <ele>2075.8</ele>
   </trkpt>
   <trkpt lat="43.6678800" lon="-110.6342700">
    <ele>2075.6</ele>
   </trkpt>
   <trkpt lat="43.6678190" lon="-110.6342700">
    <ele>2075.6</ele>
   </trkpt>
   <trkpt lat="43.6677580" lon="-110.6342700">
    <ele>2075.6</ele>
   </trkpt>
   <trkpt lat="43.6677010" lon="-110.6342700">
    <ele>2075.6</ele>
   </trkpt>
   <trkpt lat="43.6676490" lon="-110.6342700">
    <ele>2075.4</ele>
   </trkpt>
   <trkpt lat="43.6676070" lon="-110.6342700">
    <ele>2075.4</ele>
   </trkpt>
   <trkpt lat="43.6675700" lon="-110.6342710">
    <ele>2075.6</ele>
   </trkpt>
   <trkpt lat="43.6675400" lon="-110.6342860">
    <ele>2075.4</ele>
   </trkpt>
   <trkpt lat="43.6675170" lon="-110.6343010">
    <ele>2075.4</ele>
   </trkpt>
   <trkpt lat="43.6674940" lon="-110.6343170">
    <ele>2075.4</ele>
   </trkpt>
   <trkpt lat="43.6674760" lon="-110.6343330">
    <ele>2075.4</ele>
   </trkpt>
   <trkpt lat="43.6674640" lon="-110.6343550">
    <ele>2075.2</ele>
   </trkpt>
   <trkpt lat="43.6674530" lon="-110.6343690">
    <ele>2075.4</ele>
   </trkpt>
   <trkpt lat="43.6674500" lon="-110.6343700">
    <ele>2075.2</ele>
   </trkpt>
   <trkpt lat="43.6674180" lon="-110.6343380">
    <ele>2075.4</ele>
   </trkpt>
   <trkpt lat="43.6674030" lon="-110.6343300">
    <ele>2075.4</ele>
   </trkpt>
   <trkpt lat="43.6673870" lon="-110.6343220">
    <ele>2075.2</ele>
   </trkpt>
   <trkpt lat="43.6673640" lon="-110.6343140">
    <ele>2075.2</ele>
   </trkpt>
   <trkpt lat="43.6673370" lon="-110.6342990">
    <ele>2075.2</ele>
   </trkpt>
   <trkpt lat="43.6673100" lon="-110.6342840">
    <ele>2075.2</ele>
   </trkpt>
   <trkpt lat="43.6672830" lon="-110.6342690">
    <ele>2075.2</ele>
   </trkpt>
   <trkpt lat="43.6672530" lon="-110.6342610">
    <ele>2075.2</ele>
   </trkpt>
   <trkpt lat="43.6672180" lon="-110.6342540">
    <ele>2075.0</ele>
   </trkpt>
   <trkpt lat="43.6671750" lon="-110.6342540">
    <ele>2075.0</ele>
   </trkpt>
   <trkpt lat="43.6671290" lon="-110.6342540">
    <ele>2075.0</ele>
   </trkpt>
   <trkpt lat="43.6670840" lon="-110.6342470">
    <ele>2075.0</ele>
   </trkpt>
   <trkpt lat="43.6670370" lon="-110.6342470">
    <ele>2074.8</ele>
   </trkpt>
   <trkpt lat="43.6669840" lon="-110.6342470">
    <ele>2074.8</ele>
   </trkpt>
   <trkpt lat="43.6669310" lon="-110.6342470">
    <ele>2074.6</ele>
   </trkpt>
   <trkpt lat="43.6668770" lon="-110.6342470">
    <ele>2074.6</ele>
   </trkpt>
   <trkpt lat="43.6668240" lon="-110.6342470">
    <ele>2074.4</ele>
   </trkpt>
   <trkpt lat="43.6667710" lon="-110.6342460">
    <ele>2074.4</ele>
   </trkpt>
   <trkpt lat="43.6667170" lon="-110.6342390">
    <ele>2074.4</ele>
   </trkpt>
   <trkpt lat="43.6666590" lon="-110.6342390">
    <ele>2074.2</ele>
   </trkpt>
   <trkpt lat="43.6666020" lon="-110.6342320">
    <ele>2074.2</ele>
   </trkpt>
   <trkpt lat="43.6665450" lon="-110.6342310">
    <ele>2074.0</ele>
   </trkpt>
   <trkpt lat="43.6664870" lon="-110.6342230">
    <ele>2074.0</ele>
   </trkpt>
   <trkpt lat="43.6664310" lon="-110.6342160">
    <ele>2074.0</ele>
   </trkpt>
   <trkpt lat="43.6663770" lon="-110.6342080">
    <ele>2073.8</ele>
   </trkpt>
   <trkpt lat="43.6663200" lon="-110.6342010">
    <ele>2073.8</ele>
   </trkpt>
   <trkpt lat="43.6662630" lon="-110.6342000">
    <ele>2073.8</ele>
   </trkpt>
   <trkpt lat="43.6662050" lon="-110.6341920">
    <ele>2073.6</ele>
   </trkpt>
   <trkpt lat="43.6661480" lon="-110.6341780">
    <ele>2073.6</ele>
   </trkpt>
   <trkpt lat="43.6660910" lon="-110.6341700">
    <ele>2073.4</ele>
   </trkpt>
   <trkpt lat="43.6660330" lon="-110.6341620">
    <ele>2073.4</ele>
   </trkpt>
   <trkpt lat="43.6659730" lon="-110.6341470">
    <ele>2073.4</ele>
   </trkpt>
   <trkpt lat="43.6659160" lon="-110.6341310">
    <ele>2073.4</ele>
   </trkpt>
   <trkpt lat="43.6658580" lon="-110.6341150">
    <ele>2073.2</ele>
   </trkpt>
   <trkpt lat="43.6658030" lon="-110.6340940">
    <ele>2073.2</ele>
   </trkpt>
   <trkpt lat="43.6657440" lon="-110.6340770">
    <ele>2073.2</ele>
   </trkpt>
   <trkpt lat="43.6656860" lon="-110.6340540">
    <ele>2073.2</ele>
   </trkpt>
   <trkpt lat="43.6656260" lon="-110.6340310">
    <ele>2073.0</ele>
   </trkpt>
   <trkpt lat="43.6655680" lon="-110.6340080">
    <ele>2073.0</ele>
   </trkpt>
   <trkpt lat="43.6655110" lon="-110.6339850">
    <ele>2073.0</ele>
   </trkpt>
   <trkpt lat="43.6654500" lon="-110.6339540">
    <ele>2073.0</ele>
   </trkpt>
   <trkpt lat="43.6653930" lon="-110.6339240">
    <ele>2073.0</ele>
   </trkpt>
   <trkpt lat="43.6653350" lon="-110.6338930">
    <ele>2073.2</ele>
   </trkpt>
   <trkpt lat="43.6652780" lon="-110.6338630">
    <ele>2073.2</ele>
   </trkpt>
   <trkpt lat="43.6652210" lon="-110.6338320">
    <ele>2073.2</ele>
   </trkpt>
   <trkpt lat="43.6651640" lon="-110.6337930">
    <ele>2073.2</ele>
   </trkpt>
   <trkpt lat="43.6651110" lon="-110.6337550">
    <ele>2073.2</ele>
   </trkpt>
   <trkpt lat="43.6650540" lon="-110.6337180">
    <ele>2073.0</ele>
   </trkpt>
   <trkpt lat="43.6650010" lon="-110.6336870">
    <ele>2073.0</ele>
   </trkpt>
   <trkpt lat="43.6649510" lon="-110.6336490">
    <ele>2073.0</ele>
   </trkpt>
   <trkpt lat="43.6648970" lon="-110.6336100">
    <ele>2073.0</ele>
   </trkpt>
   <trkpt lat="43.6648440" lon="-110.6335720">
    <ele>2073.0</ele>
   </trkpt>
   <trkpt lat="43.6647900" lon="-110.6335340">
    <ele>2073.0</ele>
   </trkpt>
   <trkpt lat="43.6647370" lon="-110.6334960">
    <ele>2073.2</ele>
   </trkpt>
   <trkpt lat="43.6646850" lon="-110.6334590">
    <ele>2073.2</ele>
   </trkpt>
   <trkpt lat="43.6646340" lon="-110.6334190">
    <ele>2073.2</ele>
   </trkpt>
   <trkpt lat="43.6645810" lon="-110.6333810">
    <ele>2073.2</ele>
   </trkpt>
   <trkpt lat="43.6645280" lon="-110.6333360">
    <ele>2073.2</ele>
   </trkpt>
   <trkpt lat="43.6644740" lon="-110.6332970">
    <ele>2073.4</ele>
   </trkpt>
   <trkpt lat="43.6644210" lon="-110.6332590">
    <ele>2073.2</ele>
   </trkpt>
   <trkpt lat="43.6643720" lon="-110.6332140">
    <ele>2073.4</ele>
   </trkpt>
   <trkpt lat="43.6643190" lon="-110.6331770">
    <ele>2073.4</ele>
   </trkpt>
   <trkpt lat="43.6642700" lon="-110.6331460">
    <ele>2073.4</ele>
   </trkpt>
   <trkpt lat="43.6642190" lon="-110.6331000">
    <ele>2073.4</ele>
   </trkpt>
   <trkpt lat="43.6641680" lon="-110.6330630">
    <ele>2073.4</ele>
   </trkpt>
   <trkpt lat="43.6641160" lon="-110.6330230">
    <ele>2073.4</ele>
   </trkpt>
   <trkpt lat="43.6640630" lon="-110.6329850">
    <ele>2073.4</ele>
   </trkpt>
   <trkpt lat="43.6640120" lon="-110.6329470">
    <ele>2073.4</ele>
   </trkpt>
   <trkpt lat="43.6639600" lon="-110.6329090">
    <ele>2073.6</ele>
   </trkpt>
   <trkpt lat="43.6639100" lon="-110.6328710">
    <ele>2073.6</ele>
   </trkpt>
   <trkpt lat="43.6638640" lon="-110.6328320">
    <ele>2073.6</ele>
   </trkpt>
   <trkpt lat="43.6638140" lon="-110.6327940">
    <ele>2073.6</ele>
   </trkpt>
   <trkpt lat="43.6637620" lon="-110.6327570">
    <ele>2073.6</ele>
   </trkpt>
   <trkpt lat="43.6637160" lon="-110.6327260">
    <ele>2073.6</ele>
   </trkpt>
   <trkpt lat="43.6636660" lon="-110.6326880">
    <ele>2073.8</ele>
   </trkpt>
   <trkpt lat="43.6636160" lon="-110.6326490">
    <ele>2073.8</ele>
   </trkpt>
   <trkpt lat="43.6635670" lon="-110.6326110">
    <ele>2073.8</ele>
   </trkpt>
   <trkpt lat="43.6635210" lon="-110.6325740">
    <ele>2073.8</ele>
   </trkpt>
   <trkpt lat="43.6634710" lon="-110.6325430">
    <ele>2073.8</ele>
   </trkpt>
   <trkpt lat="43.6634220" lon="-110.6325050">
    <ele>2073.8</ele>
   </trkpt>
   <trkpt lat="43.6633760" lon="-110.6324660">
    <ele>2073.8</ele>
   </trkpt>
   <trkpt lat="43.6633260" lon="-110.6324280">
    <ele>2074.0</ele>
   </trkpt>
   <trkpt lat="43.6632770" lon="-110.6323980">
    <ele>2074.0</ele>
   </trkpt>
   <trkpt lat="43.6632310" lon="-110.6323590">
    <ele>2074.0</ele>
   </trkpt>
   <trkpt lat="43.6631770" lon="-110.6323220">
    <ele>2074.0</ele>
   </trkpt>
   <trkpt lat="43.6631240" lon="-110.6322910">
    <ele>2074.0</ele>
   </trkpt>
   <trkpt lat="43.6630740" lon="-110.6322530">
    <ele>2074.0</ele>
   </trkpt>
   <trkpt lat="43.6630210" lon="-110.6322140">
    <ele>2074.2</ele>
   </trkpt>
   <trkpt lat="43.6629710" lon="-110.6321760">
    <ele>2074.2</ele>
   </trkpt>
   <trkpt lat="43.6629220" lon="-110.6321380">
    <ele>2074.2</ele>
   </trkpt>
   <trkpt lat="43.6628680" lon="-110.6321000">
    <ele>2074.2</ele>
   </trkpt>
   <trkpt lat="43.6628180" lon="-110.6320620">
    <ele>2074.2</ele>
   </trkpt>
   <trkpt lat="43.6627650" lon="-110.6320230">
    <ele>2074.2</ele>
   </trkpt>
   <trkpt lat="43.6627120" lon="-110.6319860">
    <ele>2074.2</ele>
   </trkpt>
   <trkpt lat="43.6626620" lon="-110.6319470">
    <ele>2074.2</ele>
   </trkpt>
   <trkpt lat="43.6626100" lon="-110.6319100">
    <ele>2074.4</ele>
   </trkpt>
   <trkpt lat="43.6625590" lon="-110.6318710">
    <ele>2074.4</ele>
   </trkpt>
   <trkpt lat="43.6625050" lon="-110.6318250">
    <ele>2074.4</ele>
   </trkpt>
   <trkpt lat="43.6624530" lon="-110.6317870">
    <ele>2074.4</ele>
   </trkpt>
   <trkpt lat="43.6623990" lon="-110.6317490">
    <ele>2074.6</ele>
   </trkpt>
   <trkpt lat="43.6623490" lon="-110.6317110">
    <ele>2074.6</ele>
   </trkpt>
   <trkpt lat="43.6622920" lon="-110.6316730">
    <ele>2074.6</ele>
   </trkpt>
   <trkpt lat="43.6622390" lon="-110.6316340">
    <ele>2074.6</ele>
   </trkpt>
   <trkpt lat="43.6621860" lon="-110.6315890">
    <ele>2074.6</ele>
   </trkpt>
   <trkpt lat="43.6621320" lon="-110.6315500">
    <ele>2074.6</ele>
   </trkpt>
   <trkpt lat="43.6620780" lon="-110.6315050">
    <ele>2074.6</ele>
   </trkpt>
   <trkpt lat="43.6620210" lon="-110.6314660">
    <ele>2074.6</ele>
   </trkpt>
   <trkpt lat="43.6619680" lon="-110.6314290">
    <ele>2074.6</ele>
   </trkpt>
   <trkpt lat="43.6619110" lon="-110.6313900">
    <ele>2074.6</ele>
   </trkpt>
   <trkpt lat="43.6618610" lon="-110.6313450">
    <ele>2074.6</ele>
   </trkpt>
   <trkpt lat="43.6618080" lon="-110.6313070">
    <ele>2074.6</ele>
   </trkpt>
   <trkpt lat="43.6617540" lon="-110.6312680">
    <ele>2074.6</ele>
   </trkpt>
   <trkpt lat="43.6617010" lon="-110.6312300">
    <ele>2074.6</ele>
   </trkpt>
   <trkpt lat="43.6616470" lon="-110.6311840">
    <ele>2074.6</ele>
   </trkpt>
   <trkpt lat="43.6615940" lon="-110.6311460">
    <ele>2074.6</ele>
   </trkpt>
   <trkpt lat="43.6615370" lon="-110.6311010">
    <ele>2074.6</ele>
   </trkpt>
   <trkpt lat="43.6614830" lon="-110.6310630">
    <ele>2074.6</ele>
   </trkpt>
   <trkpt lat="43.6614260" lon="-110.6310240">
    <ele>2074.6</ele>
   </trkpt>
   <trkpt lat="43.6613730" lon="-110.6309860">
    <ele>2074.6</ele>
   </trkpt>
   <trkpt lat="43.6613190" lon="-110.6309400">
    <ele>2074.6</ele>
   </trkpt>
   <trkpt lat="43.6612660" lon="-110.6309020">
    <ele>2074.6</ele>
   </trkpt>
   <trkpt lat="43.6612130" lon="-110.6308640">
    <ele>2074.6</ele>
   </trkpt>
   <trkpt lat="43.6611550" lon="-110.6308180">
    <ele>2074.6</ele>
   </trkpt>
   <trkpt lat="43.6611020" lon="-110.6307800">
    <ele>2074.6</ele>
   </trkpt>
   <trkpt lat="43.6610440" lon="-110.6307340">
    <ele>2074.4</ele>
   </trkpt>
   <trkpt lat="43.6609880" lon="-110.6306880">
    <ele>2074.4</ele>
   </trkpt>
   <trkpt lat="43.6609340" lon="-110.6306420">
    <ele>2074.4</ele>
   </trkpt>
   <trkpt lat="43.6608810" lon="-110.6305970">
    <ele>2074.4</ele>
   </trkpt>
   <trkpt lat="43.6608280" lon="-110.6305510">
    <ele>2074.4</ele>
   </trkpt>
   <trkpt lat="43.6607780" lon="-110.6305040">
    <ele>2074.4</ele>
   </trkpt>
   <trkpt lat="43.6607280" lon="-110.6304510">
    <ele>2074.4</ele>
   </trkpt>
   <trkpt lat="43.6606750" lon="-110.6303980">
    <ele>2074.4</ele>
   </trkpt>
   <trkpt lat="43.6606260" lon="-110.6303520">
    <ele>2074.4</ele>
   </trkpt>
   <trkpt lat="43.6605790" lon="-110.6302980">
    <ele>2074.4</ele>
   </trkpt>
   <trkpt lat="43.6605270" lon="-110.6302450">
    <ele>2074.4</ele>
   </trkpt>
   <trkpt lat="43.6604770" lon="-110.6301920">
    <ele>2074.6</ele>
   </trkpt>
   <trkpt lat="43.6604310" lon="-110.6301460">
    <ele>2074.4</ele>
   </trkpt>
   <trkpt lat="43.6603810" lon="-110.6300920">
    <ele>2074.6</ele>
   </trkpt>
   <trkpt lat="43.6603320" lon="-110.6300390">
    <ele>2074.4</ele>
   </trkpt>
   <trkpt lat="43.6602860" lon="-110.6299860">
    <ele>2074.6</ele>
   </trkpt>
   <trkpt lat="43.6602370" lon="-110.6299320">
    <ele>2074.6</ele>
   </trkpt>
   <trkpt lat="43.6601910" lon="-110.6298790">
    <ele>2074.6</ele>
   </trkpt>
   <trkpt lat="43.6601410" lon="-110.6298250">
    <ele>2074.6</ele>
   </trkpt>
   <trkpt lat="43.6600920" lon="-110.6297640">
    <ele>2074.4</ele>
   </trkpt>
   <trkpt lat="43.6600460" lon="-110.6297110">
    <ele>2074.4</ele>
   </trkpt>
   <trkpt lat="43.6599970" lon="-110.6296580">
    <ele>2074.6</ele>
   </trkpt>
   <trkpt lat="43.6599500" lon="-110.6296040">
    <ele>2074.6</ele>
   </trkpt>
   <trkpt lat="43.6599050" lon="-110.6295510">
    <ele>2074.6</ele>
   </trkpt>
   <trkpt lat="43.6598550" lon="-110.6294970">
    <ele>2074.6</ele>
   </trkpt>
   <trkpt lat="43.6598090" lon="-110.6294430">
    <ele>2074.6</ele>
   </trkpt>
   <trkpt lat="43.6597590" lon="-110.6293900">
    <ele>2074.6</ele>
   </trkpt>
   <trkpt lat="43.6597140" lon="-110.6293360">
    <ele>2074.8</ele>
   </trkpt>
   <trkpt lat="43.6596690" lon="-110.6292770">
    <ele>2074.6</ele>
   </trkpt>
   <trkpt lat="43.6596220" lon="-110.6292230">
    <ele>2074.6</ele>
   </trkpt>
   <trkpt lat="43.6595730" lon="-110.6291690">
    <ele>2074.8</ele>
   </trkpt>
   <trkpt lat="43.6595230" lon="-110.6291150">
    <ele>2074.8</ele>
   </trkpt>
   <trkpt lat="43.6594770" lon="-110.6290550">
    <ele>2074.8</ele>
   </trkpt>
   <trkpt lat="43.6594270" lon="-110.6290010">
    <ele>2074.8</ele>
   </trkpt>
   <trkpt lat="43.6593780" lon="-110.6289480">
    <ele>2074.8</ele>
   </trkpt>
   <trkpt lat="43.6593330" lon="-110.6288950">
    <ele>2074.8</ele>
   </trkpt>
   <trkpt lat="43.6592870" lon="-110.6288410">
    <ele>2074.8</ele>
   </trkpt>
   <trkpt lat="43.6592410" lon="-110.6287880">
    <ele>2075.0</ele>
   </trkpt>
   <trkpt lat="43.6591920" lon="-110.6287350">
    <ele>2075.0</ele>
   </trkpt>
   <trkpt lat="43.6591490" lon="-110.6286880">
    <ele>2075.0</ele>
   </trkpt>
   <trkpt lat="43.6591000" lon="-110.6286350">
    <ele>2075.0</ele>
   </trkpt>
   <trkpt lat="43.6590540" lon="-110.6285820">
    <ele>2075.0</ele>
   </trkpt>
   <trkpt lat="43.6590080" lon="-110.6285360">
    <ele>2075.0</ele>
   </trkpt>
   <trkpt lat="43.6589620" lon="-110.6284820">
    <ele>2075.2</ele>
   </trkpt>
   <trkpt lat="43.6589130" lon="-110.6284290">
    <ele>2075.2</ele>
   </trkpt>
   <trkpt lat="43.6588710" lon="-110.6283690">
    <ele>2075.2</ele>
   </trkpt>
   <trkpt lat="43.6588250" lon="-110.6283220">
    <ele>2075.4</ele>
   </trkpt>
   <trkpt lat="43.6587790" lon="-110.6282690">
    <ele>2075.4</ele>
   </trkpt>
   <trkpt lat="43.6587340" lon="-110.6282160">
    <ele>2075.4</ele>
   </trkpt>
   <trkpt lat="43.6586880" lon="-110.6281620">
    <ele>2075.4</ele>
   </trkpt>
   <trkpt lat="43.6586420" lon="-110.6281090">
    <ele>2075.6</ele>
   </trkpt>
   <trkpt lat="43.6585970" lon="-110.6280630">
    <ele>2075.6</ele>
   </trkpt>
   <trkpt lat="43.6585550" lon="-110.6280090">
    <ele>2075.6</ele>
   </trkpt>
   <trkpt lat="43.6585120" lon="-110.6279560">
    <ele>2075.8</ele>
   </trkpt>
   <trkpt lat="43.6584700" lon="-110.6279030">
    <ele>2075.8</ele>
   </trkpt>
   <trkpt lat="43.6584250" lon="-110.6278570">
    <ele>2076.0</ele>
   </trkpt>
   <trkpt lat="43.6583790" lon="-110.6278030">
    <ele>2076.0</ele>
   </trkpt>
   <trkpt lat="43.6583330" lon="-110.6277500">
    <ele>2076.2</ele>
   </trkpt>
   <trkpt lat="43.6582890" lon="-110.6277070">
    <ele>2076.2</ele>
   </trkpt>
   <trkpt lat="43.6582420" lon="-110.6276510">
    <ele>2076.2</ele>
   </trkpt>
   <trkpt lat="43.6581990" lon="-110.6276050">
    <ele>2076.2</ele>
   </trkpt>
   <trkpt lat="43.6581540" lon="-110.6275510">
    <ele>2076.2</ele>
   </trkpt>
   <trkpt lat="43.6581080" lon="-110.6274980">
    <ele>2076.2</ele>
   </trkpt>
   <trkpt lat="43.6580620" lon="-110.6274450">
    <ele>2076.4</ele>
   </trkpt>
   <trkpt lat="43.6580160" lon="-110.6273910">
    <ele>2076.2</ele>
   </trkpt>
   <trkpt lat="43.6579670" lon="-110.6273390">
    <ele>2076.2</ele>
   </trkpt>
   <trkpt lat="43.6579210" lon="-110.6272850">
    <ele>2076.2</ele>
   </trkpt>
   <trkpt lat="43.6578750" lon="-110.6272310">
    <ele>2076.2</ele>
   </trkpt>
   <trkpt lat="43.6578300" lon="-110.6271780">
    <ele>2076.2</ele>
   </trkpt>
   <trkpt lat="43.6577840" lon="-110.6271240">
    <ele>2076.4</ele>
   </trkpt>
   <trkpt lat="43.6577380" lon="-110.6270710">
    <ele>2076.4</ele>
   </trkpt>
   <trkpt lat="43.6576920" lon="-110.6270180">
    <ele>2076.4</ele>
   </trkpt>
   <trkpt lat="43.6576460" lon="-110.6269640">
    <ele>2076.4</ele>
   </trkpt>
   <trkpt lat="43.6575960" lon="-110.6269100">
    <ele>2076.4</ele>
   </trkpt>
   <trkpt lat="43.6575510" lon="-110.6268580">
    <ele>2076.4</ele>
   </trkpt>
   <trkpt lat="43.6575050" lon="-110.6268110">
    <ele>2076.4</ele>
   </trkpt>
   <trkpt lat="43.6574590" lon="-110.6267580">
    <ele>2076.4</ele>
   </trkpt>
   <trkpt lat="43.6574100" lon="-110.6267050">
    <ele>2076.4</ele>
   </trkpt>
   <trkpt lat="43.6573640" lon="-110.6266510">
    <ele>2076.4</ele>
   </trkpt>
   <trkpt lat="43.6573180" lon="-110.6265980">
    <ele>2076.4</ele>
   </trkpt>
   <trkpt lat="43.6572730" lon="-110.6265450">
    <ele>2076.4</ele>
   </trkpt>
   <trkpt lat="43.6572230" lon="-110.6264910">
    <ele>2076.4</ele>
   </trkpt>
   <trkpt lat="43.6571770" lon="-110.6264370">
    <ele>2076.4</ele>
   </trkpt>
   <trkpt lat="43.6571310" lon="-110.6263770">
    <ele>2076.4</ele>
   </trkpt>
   <trkpt lat="43.6570850" lon="-110.6263230">
    <ele>2076.4</ele>
   </trkpt>
   <trkpt lat="43.6570390" lon="-110.6262690">
    <ele>2076.4</ele>
   </trkpt>
   <trkpt lat="43.6569930" lon="-110.6262160">
    <ele>2076.4</ele>
   </trkpt>
   <trkpt lat="43.6569450" lon="-110.6261640">
    <ele>2076.4</ele>
   </trkpt>
   <trkpt lat="43.6569000" lon="-110.6261120">
    <ele>2076.4</ele>
   </trkpt>
   <trkpt lat="43.6568530" lon="-110.6260560">
    <ele>2076.4</ele>
   </trkpt>
   <trkpt lat="43.6568040" lon="-110.6260030">
    <ele>2076.4</ele>
   </trkpt>
   <trkpt lat="43.6567570" lon="-110.6259500">
    <ele>2076.4</ele>
   </trkpt>
   <trkpt lat="43.6567090" lon="-110.6258970">
    <ele>2076.4</ele>
   </trkpt>
   <trkpt lat="43.6566730" lon="-110.6258500">
    <ele>2076.4</ele>
   </trkpt>
   <trkpt lat="43.6566160" lon="-110.6257890">
    <ele>2076.4</ele>
   </trkpt>
   <trkpt lat="43.6565700" lon="-110.6257360">
    <ele>2076.4</ele>
   </trkpt>
   <trkpt lat="43.6565250" lon="-110.6256830">
    <ele>2076.4</ele>
   </trkpt>
   <trkpt lat="43.6564760" lon="-110.6256290">
    <ele>2076.4</ele>
   </trkpt>
   <trkpt lat="43.6564310" lon="-110.6255770">
    <ele>2076.6</ele>
   </trkpt>
   <trkpt lat="43.6563940" lon="-110.6255290">
    <ele>2076.4</ele>
   </trkpt>
   <trkpt lat="43.6563380" lon="-110.6254690">
    <ele>2076.4</ele>
   </trkpt>
   <trkpt lat="43.6562890" lon="-110.6254160">
    <ele>2076.6</ele>
   </trkpt>
   <trkpt lat="43.6562420" lon="-110.6253620">
    <ele>2076.6</ele>
   </trkpt>
   <trkpt lat="43.6561960" lon="-110.6253070">
    <ele>2076.6</ele>
   </trkpt>
   <trkpt lat="43.6561510" lon="-110.6252480">
    <ele>2076.6</ele>
   </trkpt>
   <trkpt lat="43.6561020" lon="-110.6251950">
    <ele>2076.6</ele>
   </trkpt>
   <trkpt lat="43.6560550" lon="-110.6251410">
    <ele>2076.6</ele>
   </trkpt>
   <trkpt lat="43.6560060" lon="-110.6250880">
    <ele>2076.6</ele>
   </trkpt>
   <trkpt lat="43.6559570" lon="-110.6250340">
    <ele>2076.8</ele>
   </trkpt>
   <trkpt lat="43.6559110" lon="-110.6249730">
    <ele>2076.6</ele>
   </trkpt>
   <trkpt lat="43.6558610" lon="-110.6249200">
    <ele>2076.6</ele>
   </trkpt>
   <trkpt lat="43.6558120" lon="-110.6248750">
    <ele>2076.6</ele>
   </trkpt>
   <trkpt lat="43.6557730" lon="-110.6248360">
    <ele>2076.6</ele>
   </trkpt>
   <trkpt lat="43.6557150" lon="-110.6247740">
    <ele>2076.6</ele>
   </trkpt>
   <trkpt lat="43.6556660" lon="-110.6247210">
    <ele>2076.6</ele>
   </trkpt>
   <trkpt lat="43.6556120" lon="-110.6246690">
    <ele>2076.6</ele>
   </trkpt>
   <trkpt lat="43.6555630" lon="-110.6246300">
    <ele>2076.6</ele>
   </trkpt>
   <trkpt lat="43.6555100" lon="-110.6245770">
    <ele>2076.6</ele>
   </trkpt>
   <trkpt lat="43.6554600" lon="-110.6245390">
    <ele>2076.6</ele>
   </trkpt>
   <trkpt lat="43.6554080" lon="-110.6245020">
    <ele>2076.6</ele>
   </trkpt>
   <trkpt lat="43.6553560" lon="-110.6244570">
    <ele>2076.6</ele>
   </trkpt>
   <trkpt lat="43.6553010" lon="-110.6244180">
    <ele>2076.6</ele>
   </trkpt>
   <trkpt lat="43.6552440" lon="-110.6243810">
    <ele>2076.6</ele>
   </trkpt>
   <trkpt lat="43.6551900" lon="-110.6243490">
    <ele>2076.4</ele>
   </trkpt>
   <trkpt lat="43.6551340" lon="-110.6243120">
    <ele>2076.4</ele>
   </trkpt>
   <trkpt lat="43.6550830" lon="-110.6242800">
    <ele>2076.4</ele>
   </trkpt>
   <trkpt lat="43.6550190" lon="-110.6242350">
    <ele>2076.6</ele>
   </trkpt>
   <trkpt lat="43.6549650" lon="-110.6241970">
    <ele>2076.4</ele>
   </trkpt>
   <trkpt lat="43.6549040" lon="-110.6241670">
    <ele>2076.4</ele>
   </trkpt>
   <trkpt lat="43.6548470" lon="-110.6241360">
    <ele>2076.4</ele>
   </trkpt>
   <trkpt lat="43.6547900" lon="-110.6241060">
    <ele>2076.4</ele>
   </trkpt>
   <trkpt lat="43.6547290" lon="-110.6240750">
    <ele>2076.2</ele>
   </trkpt>
   <trkpt lat="43.6546720" lon="-110.6240450">
    <ele>2076.2</ele>
   </trkpt>
   <trkpt lat="43.6546100" lon="-110.6240220">
    <ele>2076.0</ele>
   </trkpt>
   <trkpt lat="43.6545450" lon="-110.6239920">
    <ele>2076.0</ele>
   </trkpt>
   <trkpt lat="43.6544810" lon="-110.6239690">
    <ele>2075.8</ele>
   </trkpt>
   <trkpt lat="43.6544200" lon="-110.6239460">
    <ele>2075.8</ele>
   </trkpt>
   <trkpt lat="43.6543580" lon="-110.6239310">
    <ele>2075.8</ele>
   </trkpt>
   <trkpt lat="43.6542930" lon="-110.6239080">
    <ele>2075.6</ele>
   </trkpt>
   <trkpt lat="43.6542320" lon="-110.6238850">
    <ele>2075.6</ele>
   </trkpt>
   <trkpt lat="43.6541670" lon="-110.6238620">
    <ele>2075.4</ele>
   </trkpt>
   <trkpt lat="43.6540990" lon="-110.6238470">
    <ele>2075.4</ele>
   </trkpt>
   <trkpt lat="43.6540350" lon="-110.6238320">
    <ele>2075.4</ele>
   </trkpt>
   <trkpt lat="43.6539690" lon="-110.6238240">
    <ele>2075.2</ele>
   </trkpt>
   <trkpt lat="43.6539040" lon="-110.6238090">
    <ele>2075.2</ele>
   </trkpt>
   <trkpt lat="43.6538390" lon="-110.6237950">
    <ele>2075.0</ele>
   </trkpt>
   <trkpt lat="43.6537710" lon="-110.6237940">
    <ele>2074.8</ele>
   </trkpt>
   <trkpt lat="43.6537050" lon="-110.6237870">
    <ele>2074.8</ele>
   </trkpt>
   <trkpt lat="43.6536350" lon="-110.6237830">
    <ele>2074.6</ele>
   </trkpt>
   <trkpt lat="43.6535660" lon="-110.6237790">
    <ele>2074.4</ele>
   </trkpt>
   <trkpt lat="43.6534930" lon="-110.6237720">
    <ele>2074.2</ele>
   </trkpt>
   <trkpt lat="43.6534210" lon="-110.6237720">
    <ele>2074.2</ele>
   </trkpt>
   <trkpt lat="43.6533520" lon="-110.6237710">
    <ele>2074.0</ele>
   </trkpt>
   <trkpt lat="43.6532800" lon="-110.6237640">
    <ele>2074.0</ele>
   </trkpt>
   <trkpt lat="43.6532080" lon="-110.6237640">
    <ele>2073.8</ele>
   </trkpt>
   <trkpt lat="43.6531430" lon="-110.6237640">
    <ele>2073.6</ele>
   </trkpt>
   <trkpt lat="43.6530660" lon="-110.6237640">
    <ele>2073.6</ele>
   </trkpt>
   <trkpt lat="43.6529940" lon="-110.6237640">
    <ele>2073.2</ele>
   </trkpt>
   <trkpt lat="43.6529220" lon="-110.6237640">
    <ele>2073.2</ele>
   </trkpt>
   <trkpt lat="43.6528480" lon="-110.6237630">
    <ele>2073.0</ele>
   </trkpt>
   <trkpt lat="43.6527720" lon="-110.6237560">
    <ele>2072.8</ele>
   </trkpt>
   <trkpt lat="43.6527000" lon="-110.6237560">
    <ele>2072.8</ele>
   </trkpt>
   <trkpt lat="43.6526250" lon="-110.6237560">
    <ele>2072.6</ele>
   </trkpt>
   <trkpt lat="43.6525500" lon="-110.6237560">
    <ele>2072.4</ele>
   </trkpt>
   <trkpt lat="43.6524750" lon="-110.6237490">
    <ele>2072.2</ele>
   </trkpt>
   <trkpt lat="43.6524020" lon="-110.6237490">
    <ele>2072.2</ele>
   </trkpt>
   <trkpt lat="43.6523260" lon="-110.6237490">
    <ele>2072.0</ele>
   </trkpt>
   <trkpt lat="43.6522540" lon="-110.6237490">
    <ele>2071.8</ele>
   </trkpt>
   <trkpt lat="43.6521810" lon="-110.6237480">
    <ele>2071.6</ele>
   </trkpt>
   <trkpt lat="43.6521080" lon="-110.6237410">
    <ele>2071.4</ele>
   </trkpt>
   <trkpt lat="43.6520330" lon="-110.6237410">
    <ele>2071.2</ele>
   </trkpt>
   <trkpt lat="43.6519640" lon="-110.6237410">
    <ele>2071.0</ele>
   </trkpt>
   <trkpt lat="43.6518910" lon="-110.6237410">
    <ele>2070.8</ele>
   </trkpt>
   <trkpt lat="43.6518190" lon="-110.6237410">
    <ele>2070.8</ele>
   </trkpt>
   <trkpt lat="43.6517460" lon="-110.6237400">
    <ele>2070.6</ele>
   </trkpt>
   <trkpt lat="43.6516750" lon="-110.6237340">
    <ele>2070.4</ele>
   </trkpt>
   <trkpt lat="43.6516200" lon="-110.6237330">
    <ele>2070.2</ele>
   </trkpt>
   <trkpt lat="43.6515370" lon="-110.6237270">
    <ele>2070.2</ele>
   </trkpt>
   <trkpt lat="43.6514640" lon="-110.6237340">
    <ele>2070.0</ele>
   </trkpt>
   <trkpt lat="43.6513920" lon="-110.6237330">
    <ele>2070.0</ele>
   </trkpt>
   <trkpt lat="43.6513190" lon="-110.6237260">
    <ele>2069.8</ele>
   </trkpt>
   <trkpt lat="43.6512500" lon="-110.6237260">
    <ele>2069.6</ele>
   </trkpt>
   <trkpt lat="43.6511780" lon="-110.6237260">
    <ele>2069.6</ele>
   </trkpt>
   <trkpt lat="43.6511050" lon="-110.6237260">
    <ele>2069.4</ele>
   </trkpt>
   <trkpt lat="43.6510330" lon="-110.6237250">
    <ele>2069.2</ele>
   </trkpt>
   <trkpt lat="43.6509560" lon="-110.6237180">
    <ele>2069.0</ele>
   </trkpt>
   <trkpt lat="43.6508840" lon="-110.6237180">
    <ele>2068.8</ele>
   </trkpt>
   <trkpt lat="43.6508110" lon="-110.6237180">
    <ele>2068.6</ele>
   </trkpt>
   <trkpt lat="43.6507350" lon="-110.6237180">
    <ele>2068.4</ele>
   </trkpt>
   <trkpt lat="43.6506580" lon="-110.6237110">
    <ele>2068.2</ele>
   </trkpt>
   <trkpt lat="43.6505830" lon="-110.6237110">
    <ele>2068.0</ele>
   </trkpt>
   <trkpt lat="43.6505100" lon="-110.6237110">
    <ele>2067.8</ele>
   </trkpt>
   <trkpt lat="43.6504340" lon="-110.6237100">
    <ele>2067.8</ele>
   </trkpt>
   <trkpt lat="43.6503610" lon="-110.6237030">
    <ele>2067.6</ele>
   </trkpt>
   <trkpt lat="43.6502850" lon="-110.6237030">
    <ele>2067.2</ele>
   </trkpt>
   <trkpt lat="43.6502090" lon="-110.6237030">
    <ele>2067.0</ele>
   </trkpt>
   <trkpt lat="43.6501290" lon="-110.6237030">
    <ele>2066.8</ele>
   </trkpt>
   <trkpt lat="43.6500520" lon="-110.6237030">
    <ele>2066.6</ele>
   </trkpt>
   <trkpt lat="43.6499760" lon="-110.6237020">
    <ele>2066.6</ele>
   </trkpt>
   <trkpt lat="43.6499030" lon="-110.6236950">
    <ele>2066.4</ele>
   </trkpt>
   <trkpt lat="43.6498240" lon="-110.6236950">
    <ele>2066.2</ele>
   </trkpt>
   <trkpt lat="43.6497510" lon="-110.6236950">
    <ele>2066.2</ele>
   </trkpt>
   <trkpt lat="43.6496740" lon="-110.6236880">
    <ele>2066.2</ele>
   </trkpt>
   <trkpt lat="43.6495980" lon="-110.6236880">
    <ele>2066.0</ele>
   </trkpt>
   <trkpt lat="43.6495180" lon="-110.6236870">
    <ele>2065.6</ele>
   </trkpt>
   <trkpt lat="43.6494420" lon="-110.6236800">
    <ele>2065.4</ele>
   </trkpt>
   <trkpt lat="43.6493630" lon="-110.6236800">
    <ele>2065.2</ele>
   </trkpt>
   <trkpt lat="43.6492850" lon="-110.6236800">
    <ele>2065.0</ele>
   </trkpt>
   <trkpt lat="43.6492050" lon="-110.6236800">
    <ele>2064.8</ele>
   </trkpt>
   <trkpt lat="43.6491250" lon="-110.6236730">
    <ele>2064.6</ele>
   </trkpt>
   <trkpt lat="43.6490450" lon="-110.6236730">
    <ele>2064.6</ele>
   </trkpt>
   <trkpt lat="43.6489650" lon="-110.6236730">
    <ele>2064.4</ele>
   </trkpt>
   <trkpt lat="43.6488850" lon="-110.6236730">
    <ele>2064.2</ele>
   </trkpt>
   <trkpt lat="43.6488090" lon="-110.6236720">
    <ele>2064.2</ele>
   </trkpt>
   <trkpt lat="43.6487360" lon="-110.6236650">
    <ele>2064.2</ele>
   </trkpt>
   <trkpt lat="43.6486640" lon="-110.6236650">
    <ele>2064.2</ele>
   </trkpt>
   <trkpt lat="43.6485920" lon="-110.6236640">
    <ele>2064.4</ele>
   </trkpt>
   <trkpt lat="43.6485210" lon="-110.6236570">
    <ele>2064.4</ele>
   </trkpt>
   <trkpt lat="43.6484650" lon="-110.6236570">
    <ele>2064.4</ele>
   </trkpt>
   <trkpt lat="43.6483860" lon="-110.6236570">
    <ele>2064.6</ele>
   </trkpt>
   <trkpt lat="43.6483180" lon="-110.6236570">
    <ele>2064.6</ele>
   </trkpt>
   <trkpt lat="43.6482530" lon="-110.6236570">
    <ele>2064.6</ele>
   </trkpt>
   <trkpt lat="43.6481880" lon="-110.6236570">
    <ele>2064.8</ele>
   </trkpt>
   <trkpt lat="43.6481230" lon="-110.6236570">
    <ele>2064.6</ele>
   </trkpt>
   <trkpt lat="43.6480580" lon="-110.6236570">
    <ele>2064.6</ele>
   </trkpt>
   <trkpt lat="43.6479890" lon="-110.6236570">
    <ele>2064.6</ele>
   </trkpt>
   <trkpt lat="43.6479240" lon="-110.6236500">
    <ele>2064.6</ele>
   </trkpt>
   <trkpt lat="43.6478550" lon="-110.6236500">
    <ele>2064.4</ele>
   </trkpt>
   <trkpt lat="43.6477830" lon="-110.6236500">
    <ele>2064.2</ele>
   </trkpt>
   <trkpt lat="43.6477110" lon="-110.6236500">
    <ele>2064.0</ele>
   </trkpt>
   <trkpt lat="43.6476390" lon="-110.6236500">
    <ele>2063.8</ele>
   </trkpt>
   <trkpt lat="43.6475750" lon="-110.6236490">
    <ele>2063.4</ele>
   </trkpt>
   <trkpt lat="43.6474850" lon="-110.6236420">
    <ele>2063.0</ele>
   </trkpt>
   <trkpt lat="43.6474040" lon="-110.6236420">
    <ele>2062.4</ele>
   </trkpt>
   <trkpt lat="43.6473170" lon="-110.6236410">
    <ele>2062.0</ele>
   </trkpt>
   <trkpt lat="43.6472330" lon="-110.6236340">
    <ele>2061.4</ele>
   </trkpt>
   <trkpt lat="43.6471430" lon="-110.6236340">
    <ele>2060.8</ele>
   </trkpt>
   <trkpt lat="43.6470470" lon="-110.6236340">
    <ele>2060.0</ele>
   </trkpt>
   <trkpt lat="43.6469460" lon="-110.6236340">
    <ele>2059.4</ele>
   </trkpt>
   <trkpt lat="43.6468500" lon="-110.6236340">
    <ele>2058.8</ele>
   </trkpt>
   <trkpt lat="43.6467480" lon="-110.6236270">
    <ele>2058.2</ele>
   </trkpt>
   <trkpt lat="43.6466480" lon="-110.6236260">
    <ele>2057.8</ele>
   </trkpt>
   <trkpt lat="43.6465500" lon="-110.6236190">
    <ele>2057.4</ele>
   </trkpt>
   <trkpt lat="43.6464500" lon="-110.6236180">
    <ele>2056.8</ele>
   </trkpt>
   <trkpt lat="43.6463500" lon="-110.6236110">
    <ele>2056.4</ele>
   </trkpt>
   <trkpt lat="43.6462490" lon="-110.6236110">
    <ele>2055.8</ele>
   </trkpt>
   <trkpt lat="43.6461660" lon="-110.6236040">
    <ele>2055.4</ele>
   </trkpt>
   <trkpt lat="43.6460490" lon="-110.6236040">
    <ele>2055.0</ele>
   </trkpt>
   <trkpt lat="43.6459500" lon="-110.6236040">
    <ele>2054.6</ele>
   </trkpt>
   <trkpt lat="43.6458520" lon="-110.6236040">
    <ele>2054.4</ele>
   </trkpt>
   <trkpt lat="43.6457560" lon="-110.6236030">
    <ele>2054.0</ele>
   </trkpt>
   <trkpt lat="43.6456600" lon="-110.6235960">
    <ele>2053.8</ele>
   </trkpt>
   <trkpt lat="43.6455610" lon="-110.6235960">
    <ele>2053.4</ele>
   </trkpt>
   <trkpt lat="43.6454660" lon="-110.6235880">
    <ele>2053.2</ele>
   </trkpt>
   <trkpt lat="43.6453710" lon="-110.6235810">
    <ele>2053.0</ele>
   </trkpt>
   <trkpt lat="43.6452780" lon="-110.6235800">
    <ele>2052.8</ele>
   </trkpt>
   <trkpt lat="43.6451800" lon="-110.6235730">
    <ele>2052.4</ele>
   </trkpt>
   <trkpt lat="43.6450840" lon="-110.6235730">
    <ele>2052.2</ele>
   </trkpt>
   <trkpt lat="43.6449890" lon="-110.6235650">
    <ele>2052.0</ele>
   </trkpt>
   <trkpt lat="43.6448930" lon="-110.6235580">
    <ele>2051.8</ele>
   </trkpt>
   <trkpt lat="43.6447980" lon="-110.6235570">
    <ele>2051.6</ele>
   </trkpt>
   <trkpt lat="43.6447030" lon="-110.6235500">
    <ele>2051.2</ele>
   </trkpt>
   <trkpt lat="43.6446110" lon="-110.6235420">
    <ele>2051.0</ele>
   </trkpt>
   <trkpt lat="43.6445190" lon="-110.6235350">
    <ele>2051.0</ele>
   </trkpt>
   <trkpt lat="43.6444290" lon="-110.6235350">
    <ele>2050.6</ele>
   </trkpt>
   <trkpt lat="43.6443510" lon="-110.6235270">
    <ele>2050.4</ele>
   </trkpt>
   <trkpt lat="43.6442420" lon="-110.6235200">
    <ele>2050.2</ele>
   </trkpt>
   <trkpt lat="43.6441460" lon="-110.6235190">
    <ele>2050.0</ele>
   </trkpt>
   <trkpt lat="43.6440540" lon="-110.6235120">
    <ele>2049.8</ele>
   </trkpt>
   <trkpt lat="43.6439630" lon="-110.6235120">
    <ele>2049.4</ele>
   </trkpt>
   <trkpt lat="43.6438760" lon="-110.6235050">
    <ele>2049.2</ele>
   </trkpt>
   <trkpt lat="43.6437840" lon="-110.6235040">
    <ele>2048.8</ele>
   </trkpt>
   <trkpt lat="43.6436930" lon="-110.6234970">
    <ele>2048.6</ele>
   </trkpt>
   <trkpt lat="43.6436020" lon="-110.6234970">
    <ele>2048.4</ele>
   </trkpt>
   <trkpt lat="43.6435130" lon="-110.6234960">
    <ele>2048.2</ele>
   </trkpt>
   <trkpt lat="43.6434220" lon="-110.6234890">
    <ele>2047.8</ele>
   </trkpt>
   <trkpt lat="43.6433300" lon="-110.6234810">
    <ele>2047.6</ele>
   </trkpt>
   <trkpt lat="43.6432400" lon="-110.6234740">
    <ele>2047.4</ele>
   </trkpt>
   <trkpt lat="43.6431660" lon="-110.6234730">
    <ele>2047.2</ele>
   </trkpt>
   <trkpt lat="43.6430770" lon="-110.6234660">
    <ele>2047.0</ele>
   </trkpt>
   <trkpt lat="43.6429760" lon="-110.6234660">
    <ele>2046.6</ele>
   </trkpt>
   <trkpt lat="43.6428860" lon="-110.6234660">
    <ele>2046.4</ele>
   </trkpt>
   <trkpt lat="43.6427960" lon="-110.6234580">
    <ele>2046.2</ele>
   </trkpt>
   <trkpt lat="43.6427080" lon="-110.6234510">
    <ele>2046.0</ele>
   </trkpt>
   <trkpt lat="43.6426240" lon="-110.6234510">
    <ele>2045.8</ele>
   </trkpt>
   <trkpt lat="43.6425370" lon="-110.6234510">
    <ele>2045.6</ele>
   </trkpt>
   <trkpt lat="43.6424520" lon="-110.6234440">
    <ele>2045.4</ele>
   </trkpt>
   <trkpt lat="43.6423650" lon="-110.6234440">
    <ele>2045.2</ele>
   </trkpt>
   <trkpt lat="43.6422810" lon="-110.6234440">
    <ele>2045.0</ele>
   </trkpt>
   <trkpt lat="43.6421960" lon="-110.6234430">
    <ele>2045.0</ele>
   </trkpt>
   <trkpt lat="43.6421100" lon="-110.6234360">
    <ele>2044.8</ele>
   </trkpt>
   <trkpt lat="43.6420240" lon="-110.6234280">
    <ele>2044.8</ele>
   </trkpt>
   <trkpt lat="43.6419380" lon="-110.6234280">
    <ele>2044.6</ele>
   </trkpt>
   <trkpt lat="43.6418500" lon="-110.6234200">
    <ele>2044.4</ele>
   </trkpt>
   <trkpt lat="43.6417660" lon="-110.6234130">
    <ele>2044.2</ele>
   </trkpt>
   <trkpt lat="43.6416830" lon="-110.6234130">
    <ele>2044.0</ele>
   </trkpt>
   <trkpt lat="43.6415980" lon="-110.6234130">
    <ele>2044.0</ele>
   </trkpt>
   <trkpt lat="43.6415140" lon="-110.6234130">
    <ele>2043.8</ele>
   </trkpt>
   <trkpt lat="43.6414220" lon="-110.6234130">
    <ele>2043.8</ele>
   </trkpt>
   <trkpt lat="43.6413300" lon="-110.6234130">
    <ele>2043.6</ele>
   </trkpt>
   <trkpt lat="43.6412360" lon="-110.6234120">
    <ele>2043.6</ele>
   </trkpt>
   <trkpt lat="43.6411440" lon="-110.6234050">
    <ele>2043.4</ele>
   </trkpt>
   <trkpt lat="43.6410530" lon="-110.6234050">
    <ele>2043.4</ele>
   </trkpt>
   <trkpt lat="43.6409650" lon="-110.6234050">
    <ele>2043.2</ele>
   </trkpt>
   <trkpt lat="43.6408740" lon="-110.6234050">
    <ele>2043.0</ele>
   </trkpt>
   <trkpt lat="43.6407830" lon="-110.6234050">
    <ele>2042.8</ele>
   </trkpt>
   <trkpt lat="43.6407090" lon="-110.6234050">
    <ele>2042.8</ele>
   </trkpt>
   <trkpt lat="43.6406210" lon="-110.6234050">
    <ele>2042.6</ele>
   </trkpt>
   <trkpt lat="43.6405160" lon="-110.6234050">
    <ele>2042.6</ele>
   </trkpt>
   <trkpt lat="43.6404310" lon="-110.6234050">
    <ele>2042.4</ele>
   </trkpt>
   <trkpt lat="43.6403470" lon="-110.6234050">
    <ele>2042.4</ele>
   </trkpt>
   <trkpt lat="43.6402640" lon="-110.6234060">
    <ele>2042.4</ele>
   </trkpt>
   <trkpt lat="43.6401830" lon="-110.6234130">
    <ele>2042.4</ele>
   </trkpt>
   <trkpt lat="43.6401040" lon="-110.6234130">
    <ele>2042.4</ele>
   </trkpt>
   <trkpt lat="43.6400230" lon="-110.6234140">
    <ele>2042.4</ele>
   </trkpt>
   <trkpt lat="43.6399430" lon="-110.6234210">
    <ele>2042.6</ele>
   </trkpt>
   <trkpt lat="43.6398630" lon="-110.6234210">
    <ele>2042.4</ele>
   </trkpt>
   <trkpt lat="43.6397860" lon="-110.6234280">
    <ele>2042.4</ele>
   </trkpt>
   <trkpt lat="43.6397120" lon="-110.6234290">
    <ele>2042.6</ele>
   </trkpt>
   <trkpt lat="43.6396380" lon="-110.6234360">
    <ele>2042.6</ele>
   </trkpt>
   <trkpt lat="43.6395650" lon="-110.6234360">
    <ele>2042.6</ele>
   </trkpt>
   <trkpt lat="43.6394820" lon="-110.6234360">
    <ele>2042.6</ele>
   </trkpt>
   <trkpt lat="43.6394100" lon="-110.6234360">
    <ele>2042.8</ele>
   </trkpt>
   <trkpt lat="43.6393330" lon="-110.6234360">
    <ele>2042.8</ele>
   </trkpt>
   <trkpt lat="43.6392590" lon="-110.6234360">
    <ele>2043.0</ele>
   </trkpt>
   <trkpt lat="43.6391840" lon="-110.6234370">
    <ele>2043.0</ele>
   </trkpt>
   <trkpt lat="43.6391140" lon="-110.6234440">
    <ele>2043.0</ele>
   </trkpt>
   <trkpt lat="43.6390450" lon="-110.6234440">
    <ele>2043.0</ele>
   </trkpt>
   <trkpt lat="43.6389690" lon="-110.6234440">
    <ele>2042.8</ele>
   </trkpt>
   <trkpt lat="43.6389000" lon="-110.6234440">
    <ele>2042.8</ele>
   </trkpt>
   <trkpt lat="43.6388240" lon="-110.6234440">
    <ele>2043.0</ele>
   </trkpt>
   <trkpt lat="43.6387550" lon="-110.6234510">
    <ele>2042.8</ele>
   </trkpt>
   <trkpt lat="43.6386790" lon="-110.6234510">
    <ele>2042.8</ele>
   </trkpt>
   <trkpt lat="43.6386100" lon="-110.6234520">
    <ele>2042.8</ele>
   </trkpt>
   <trkpt lat="43.6385380" lon="-110.6234590">
    <ele>2042.8</ele>
   </trkpt>
   <trkpt lat="43.6384690" lon="-110.6234590">
    <ele>2042.8</ele>
   </trkpt>
   <trkpt lat="43.6383970" lon="-110.6234590">
    <ele>2042.8</ele>
   </trkpt>
   <trkpt lat="43.6383250" lon="-110.6234590">
    <ele>2042.6</ele>
   </trkpt>
   <trkpt lat="43.6382560" lon="-110.6234670">
    <ele>2042.8</ele>
   </trkpt>
   <trkpt lat="43.6381910" lon="-110.6234740">
    <ele>2042.8</ele>
   </trkpt>
   <trkpt lat="43.6381260" lon="-110.6234740">
    <ele>2042.8</ele>
   </trkpt>
   <trkpt lat="43.6380570" lon="-110.6234740">
    <ele>2042.8</ele>
   </trkpt>
   <trkpt lat="43.6379850" lon="-110.6234750">
    <ele>2042.8</ele>
   </trkpt>
   <trkpt lat="43.6379170" lon="-110.6234820">
    <ele>2043.0</ele>
   </trkpt>
   <trkpt lat="43.6378480" lon="-110.6234820">
    <ele>2043.0</ele>
   </trkpt>
   <trkpt lat="43.6377790" lon="-110.6234820">
    <ele>2043.0</ele>
   </trkpt>
   <trkpt lat="43.6377090" lon="-110.6234820">
    <ele>2042.8</ele>
   </trkpt>
   <trkpt lat="43.6376380" lon="-110.6234820">
    <ele>2042.8</ele>
   </trkpt>
   <trkpt lat="43.6375640" lon="-110.6234820">
    <ele>2042.8</ele>
   </trkpt>
   <trkpt lat="43.6374950" lon="-110.6234820">
    <ele>2043.0</ele>
   </trkpt>
   <trkpt lat="43.6374230" lon="-110.6234820">
    <ele>2043.0</ele>
   </trkpt>
   <trkpt lat="43.6373580" lon="-110.6234890">
    <ele>2043.0</ele>
   </trkpt>
   <trkpt lat="43.6372890" lon="-110.6234900">
    <ele>2042.8</ele>
   </trkpt>
   <trkpt lat="43.6372200" lon="-110.6234970">
    <ele>2042.8</ele>
   </trkpt>
   <trkpt lat="43.6371520" lon="-110.6234970">
    <ele>2042.8</ele>
   </trkpt>
   <trkpt lat="43.6370840" lon="-110.6234970">
    <ele>2042.8</ele>
   </trkpt>
   <trkpt lat="43.6370180" lon="-110.6234980">
    <ele>2042.8</ele>
   </trkpt>
   <trkpt lat="43.6369450" lon="-110.6235050">
    <ele>2042.6</ele>
   </trkpt>
   <trkpt lat="43.6368770" lon="-110.6235050">
    <ele>2042.6</ele>
   </trkpt>
   <trkpt lat="43.6368080" lon="-110.6235050">
    <ele>2042.4</ele>
   </trkpt>
   <trkpt lat="43.6367400" lon="-110.6235050">
    <ele>2042.4</ele>
   </trkpt>
   <trkpt lat="43.6366710" lon="-110.6235050">
    <ele>2042.4</ele>
   </trkpt>
   <trkpt lat="43.6366020" lon="-110.6235120">
    <ele>2042.4</ele>
   </trkpt>
   <trkpt lat="43.6365330" lon="-110.6235120">
    <ele>2042.4</ele>
   </trkpt>
   <trkpt lat="43.6364610" lon="-110.6235120">
    <ele>2042.4</ele>
   </trkpt>
   <trkpt lat="43.6363930" lon="-110.6235120">
    <ele>2042.4</ele>
   </trkpt>
   <trkpt lat="43.6363290" lon="-110.6235130">
    <ele>2042.2</ele>
   </trkpt>
   <trkpt lat="43.6362730" lon="-110.6235200">
    <ele>2042.2</ele>
   </trkpt>
   <trkpt lat="43.6361900" lon="-110.6235200">
    <ele>2042.2</ele>
   </trkpt>
   <trkpt lat="43.6361220" lon="-110.6235200">
    <ele>2042.4</ele>
   </trkpt>
   <trkpt lat="43.6360570" lon="-110.6235200">
    <ele>2042.2</ele>
   </trkpt>
   <trkpt lat="43.6359880" lon="-110.6235200">
    <ele>2042.4</ele>
   </trkpt>
   <trkpt lat="43.6359230" lon="-110.6235200">
    <ele>2042.4</ele>
   </trkpt>
   <trkpt lat="43.6358580" lon="-110.6235210">
    <ele>2042.4</ele>
   </trkpt>
   <trkpt lat="43.6357910" lon="-110.6235270">
    <ele>2042.4</ele>
   </trkpt>
   <trkpt lat="43.6357270" lon="-110.6235270">
    <ele>2042.6</ele>
   </trkpt>
   <trkpt lat="43.6356620" lon="-110.6235280">
    <ele>2042.6</ele>
   </trkpt>
   <trkpt lat="43.6355950" lon="-110.6235350">
    <ele>2042.6</ele>
   </trkpt>
   <trkpt lat="43.6355270" lon="-110.6235350">
    <ele>2042.6</ele>
   </trkpt>
   <trkpt lat="43.6354620" lon="-110.6235350">
    <ele>2042.6</ele>
   </trkpt>
   <trkpt lat="43.6353970" lon="-110.6235350">
    <ele>2042.6</ele>
   </trkpt>
   <trkpt lat="43.6353320" lon="-110.6235350">
    <ele>2042.8</ele>
   </trkpt>
   <trkpt lat="43.6352670" lon="-110.6235350">
    <ele>2042.6</ele>
   </trkpt>
   <trkpt lat="43.6352030" lon="-110.6235360">
    <ele>2042.8</ele>
   </trkpt>
   <trkpt lat="43.6351390" lon="-110.6235430">
    <ele>2042.8</ele>
   </trkpt>
   <trkpt lat="43.6350730" lon="-110.6235430">
    <ele>2042.8</ele>
   </trkpt>
   <trkpt lat="43.6350080" lon="-110.6235500">
    <ele>2042.8</ele>
   </trkpt>
   <trkpt lat="43.6349430" lon="-110.6235510">
    <ele>2042.8</ele>
   </trkpt>
   <trkpt lat="43.6348800" lon="-110.6235580">
    <ele>2042.8</ele>
   </trkpt>
   <trkpt lat="43.6348300" lon="-110.6235580">
    <ele>2042.8</ele>
   </trkpt>
   <trkpt lat="43.6347630" lon="-110.6235580">
    <ele>2042.8</ele>
   </trkpt>
   <trkpt lat="43.6346840" lon="-110.6235580">
    <ele>2042.8</ele>
   </trkpt>
   <trkpt lat="43.6346190" lon="-110.6235590">
    <ele>2042.8</ele>
   </trkpt>
   <trkpt lat="43.6345540" lon="-110.6235660">
    <ele>2043.0</ele>
   </trkpt>
   <trkpt lat="43.6344890" lon="-110.6235660">
    <ele>2043.0</ele>
   </trkpt>
   <trkpt lat="43.6344250" lon="-110.6235660">
    <ele>2043.0</ele>
   </trkpt>
   <trkpt lat="43.6343640" lon="-110.6235730">
    <ele>2043.0</ele>
   </trkpt>
   <trkpt lat="43.6342990" lon="-110.6235730">
    <ele>2043.2</ele>
   </trkpt>
   <trkpt lat="43.6342380" lon="-110.6235740">
    <ele>2043.2</ele>
   </trkpt>
   <trkpt lat="43.6341730" lon="-110.6235810">
    <ele>2043.2</ele>
   </trkpt>
   <trkpt lat="43.6341120" lon="-110.6235810">
    <ele>2043.2</ele>
   </trkpt>
   <trkpt lat="43.6340470" lon="-110.6235810">
    <ele>2043.2</ele>
   </trkpt>
   <trkpt lat="43.6339860" lon="-110.6235810">
    <ele>2043.2</ele>
   </trkpt>
   <trkpt lat="43.6339250" lon="-110.6235810">
    <ele>2043.2</ele>
   </trkpt>
   <trkpt lat="43.6338580" lon="-110.6235810">
    <ele>2043.2</ele>
   </trkpt>
   <trkpt lat="43.6337950" lon="-110.6235890">
    <ele>2043.2</ele>
   </trkpt>
   <trkpt lat="43.6337300" lon="-110.6235890">
    <ele>2043.2</ele>
   </trkpt>
   <trkpt lat="43.6336660" lon="-110.6235890">
    <ele>2043.2</ele>
   </trkpt>
   <trkpt lat="43.6336050" lon="-110.6235960">
    <ele>2043.2</ele>
   </trkpt>
   <trkpt lat="43.6335360" lon="-110.6235960">
    <ele>2043.0</ele>
   </trkpt>
   <trkpt lat="43.6334710" lon="-110.6235960">
    <ele>2043.2</ele>
   </trkpt>
   <trkpt lat="43.6334060" lon="-110.6235970">
    <ele>2043.2</ele>
   </trkpt>
   <trkpt lat="43.6333410" lon="-110.6236040">
    <ele>2043.2</ele>
   </trkpt>
   <trkpt lat="43.6332770" lon="-110.6236040">
    <ele>2043.2</ele>
   </trkpt>
   <trkpt lat="43.6332120" lon="-110.6236110">
    <ele>2043.2</ele>
   </trkpt>
   <trkpt lat="43.6331470" lon="-110.6236110">
    <ele>2043.0</ele>
   </trkpt>
   <trkpt lat="43.6330820" lon="-110.6236120">
    <ele>2043.2</ele>
   </trkpt>
   <trkpt lat="43.6330170" lon="-110.6236190">
    <ele>2043.2</ele>
   </trkpt>
   <trkpt lat="43.6329520" lon="-110.6236200">
    <ele>2043.0</ele>
   </trkpt>
   <trkpt lat="43.6328840" lon="-110.6236270">
    <ele>2043.0</ele>
   </trkpt>
   <trkpt lat="43.6328190" lon="-110.6236270">
    <ele>2043.0</ele>
   </trkpt>
   <trkpt lat="43.6327500" lon="-110.6236270">
    <ele>2042.8</ele>
   </trkpt>
   <trkpt lat="43.6326850" lon="-110.6236270">
    <ele>2042.8</ele>
   </trkpt>
   <trkpt lat="43.6326160" lon="-110.6236270">
    <ele>2042.8</ele>
   </trkpt>
   <trkpt lat="43.6325480" lon="-110.6236340">
    <ele>2042.8</ele>
   </trkpt>
   <trkpt lat="43.6324830" lon="-110.6236340">
    <ele>2042.6</ele>
   </trkpt>
   <trkpt lat="43.6324140" lon="-110.6236340">
    <ele>2042.6</ele>
   </trkpt>
   <trkpt lat="43.6323460" lon="-110.6236340">
    <ele>2042.6</ele>
   </trkpt>
   <trkpt lat="43.6322800" lon="-110.6236350">
    <ele>2042.6</ele>
   </trkpt>
   <trkpt lat="43.6322120" lon="-110.6236420">
    <ele>2042.6</ele>
   </trkpt>
   <trkpt lat="43.6321480" lon="-110.6236420">
    <ele>2042.6</ele>
   </trkpt>
   <trkpt lat="43.6320940" lon="-110.6236420">
    <ele>2042.6</ele>
   </trkpt>
   <trkpt lat="43.6320290" lon="-110.6236420">
    <ele>2042.6</ele>
   </trkpt>
   <trkpt lat="43.6319520" lon="-110.6236420">
    <ele>2042.6</ele>
   </trkpt>
   <trkpt lat="43.6318800" lon="-110.6236500">
    <ele>2042.6</ele>
   </trkpt>
   <trkpt lat="43.6318120" lon="-110.6236500">
    <ele>2042.6</ele>
   </trkpt>
   <trkpt lat="43.6317480" lon="-110.6236500">
    <ele>2042.6</ele>
   </trkpt>
   <trkpt lat="43.6316930" lon="-110.6236500">
    <ele>2042.6</ele>
   </trkpt>
   <trkpt lat="43.6316130" lon="-110.6236500">
    <ele>2042.4</ele>
   </trkpt>
   <trkpt lat="43.6315440" lon="-110.6236500">
    <ele>2042.4</ele>
   </trkpt>
   <trkpt lat="43.6314760" lon="-110.6236500">
    <ele>2042.4</ele>
   </trkpt>
   <trkpt lat="43.6314080" lon="-110.6236570">
    <ele>2042.4</ele>
   </trkpt>
   <trkpt lat="43.6313430" lon="-110.6236580">
    <ele>2042.4</ele>
   </trkpt>
   <trkpt lat="43.6312780" lon="-110.6236650">
    <ele>2042.4</ele>
   </trkpt>
   <trkpt lat="43.6312160" lon="-110.6236650">
    <ele>2042.4</ele>
   </trkpt>
   <trkpt lat="43.6311530" lon="-110.6236650">
    <ele>2042.4</ele>
   </trkpt>
   <trkpt lat="43.6311010" lon="-110.6236650">
    <ele>2042.4</ele>
   </trkpt>
   <trkpt lat="43.6310260" lon="-110.6236650">
    <ele>2042.4</ele>
   </trkpt>
   <trkpt lat="43.6309610" lon="-110.6236650">
    <ele>2042.4</ele>
   </trkpt>
   <trkpt lat="43.6309010" lon="-110.6236730">
    <ele>2042.6</ele>
   </trkpt>
   <trkpt lat="43.6308460" lon="-110.6236730">
    <ele>2042.6</ele>
   </trkpt>
   <trkpt lat="43.6307700" lon="-110.6236730">
    <ele>2042.6</ele>
   </trkpt>
   <trkpt lat="43.6307100" lon="-110.6236730">
    <ele>2042.6</ele>
   </trkpt>
   <trkpt lat="43.6306490" lon="-110.6236800">
    <ele>2042.6</ele>
   </trkpt>
   <trkpt lat="43.6305880" lon="-110.6236800">
    <ele>2042.8</ele>
   </trkpt>
   <trkpt lat="43.6305260" lon="-110.6236800">
    <ele>2042.8</ele>
   </trkpt>
   <trkpt lat="43.6304650" lon="-110.6236810">
    <ele>2042.8</ele>
   </trkpt>
   <trkpt lat="43.6304040" lon="-110.6236880">
    <ele>2043.0</ele>
   </trkpt>
   <trkpt lat="43.6303430" lon="-110.6236880">
    <ele>2042.8</ele>
   </trkpt>
   <trkpt lat="43.6302860" lon="-110.6236880">
    <ele>2043.0</ele>
   </trkpt>
   <trkpt lat="43.6302250" lon="-110.6236880">
    <ele>2043.0</ele>
   </trkpt>
   <trkpt lat="43.6301640" lon="-110.6236880">
    <ele>2043.0</ele>
   </trkpt>
   <trkpt lat="43.6301030" lon="-110.6236950">
    <ele>2043.2</ele>
   </trkpt>
   <trkpt lat="43.6300450" lon="-110.6236950">
    <ele>2043.2</ele>
   </trkpt>
   <trkpt lat="43.6299770" lon="-110.6236950">
    <ele>2043.0</ele>
   </trkpt>
   <trkpt lat="43.6299120" lon="-110.6236960">
    <ele>2043.0</ele>
   </trkpt>
   <trkpt lat="43.6298510" lon="-110.6237030">
    <ele>2043.0</ele>
   </trkpt>
   <trkpt lat="43.6297900" lon="-110.6237030">
    <ele>2043.0</ele>
   </trkpt>
   <trkpt lat="43.6297260" lon="-110.6237030">
    <ele>2043.0</ele>
   </trkpt>
   <trkpt lat="43.6296670" lon="-110.6237030">
    <ele>2043.0</ele>
   </trkpt>
   <trkpt lat="43.6296030" lon="-110.6237110">
    <ele>2043.0</ele>
   </trkpt>
   <trkpt lat="43.6295380" lon="-110.6237110">
    <ele>2043.0</ele>
   </trkpt>
   <trkpt lat="43.6294730" lon="-110.6237110">
    <ele>2043.0</ele>
   </trkpt>
   <trkpt lat="43.6294080" lon="-110.6237110">
    <ele>2043.0</ele>
   </trkpt>
   <trkpt lat="43.6293430" lon="-110.6237110">
    <ele>2042.8</ele>
   </trkpt>
   <trkpt lat="43.6292790" lon="-110.6237110">
    <ele>2042.8</ele>
   </trkpt>
   <trkpt lat="43.6292140" lon="-110.6237180">
    <ele>2042.8</ele>
   </trkpt>
   <trkpt lat="43.6291530" lon="-110.6237180">
    <ele>2042.8</ele>
   </trkpt>
   <trkpt lat="43.6290880" lon="-110.6237180">
    <ele>2042.6</ele>
   </trkpt>
   <trkpt lat="43.6290230" lon="-110.6237190">
    <ele>2042.6</ele>
   </trkpt>
   <trkpt lat="43.6289580" lon="-110.6237260">
    <ele>2042.6</ele>
   </trkpt>
   <trkpt lat="43.6288950" lon="-110.6237260">
    <ele>2042.4</ele>
   </trkpt>
   <trkpt lat="43.6288400" lon="-110.6237260">
    <ele>2042.4</ele>
   </trkpt>
   <trkpt lat="43.6287640" lon="-110.6237260">
    <ele>2042.2</ele>
   </trkpt>
   <trkpt lat="43.6286990" lon="-110.6237260">
    <ele>2042.2</ele>
   </trkpt>
   <trkpt lat="43.6286340" lon="-110.6237270">
    <ele>2042.2</ele>
   </trkpt>
   <trkpt lat="43.6285730" lon="-110.6237340">
    <ele>2042.2</ele>
   </trkpt>
   <trkpt lat="43.6285080" lon="-110.6237340">
    <ele>2042.2</ele>
   </trkpt>
   <trkpt lat="43.6284440" lon="-110.6237340">
    <ele>2042.2</ele>
   </trkpt>
   <trkpt lat="43.6283820" lon="-110.6237340">
    <ele>2042.0</ele>
   </trkpt>
   <trkpt lat="43.6283180" lon="-110.6237410">
    <ele>2042.0</ele>
   </trkpt>
   <trkpt lat="43.6282560" lon="-110.6237340">
    <ele>2042.0</ele>
   </trkpt>
   <trkpt lat="43.6281880" lon="-110.6237340">
    <ele>2042.0</ele>
   </trkpt>
   <trkpt lat="43.6281270" lon="-110.6237410">
    <ele>2042.0</ele>
   </trkpt>
   <trkpt lat="43.6280650" lon="-110.6237410">
    <ele>2042.0</ele>
   </trkpt>
   <trkpt lat="43.6280010" lon="-110.6237410">
    <ele>2042.0</ele>
   </trkpt>
   <trkpt lat="43.6279390" lon="-110.6237410">
    <ele>2042.0</ele>
   </trkpt>
   <trkpt lat="43.6278750" lon="-110.6237410">
    <ele>2042.0</ele>
   </trkpt>
   <trkpt lat="43.6278060" lon="-110.6237330">
    <ele>2042.0</ele>
   </trkpt>
   <trkpt lat="43.6277420" lon="-110.6237250">
    <ele>2042.0</ele>
   </trkpt>
   <trkpt lat="43.6276860" lon="-110.6237180">
    <ele>2041.8</ele>
   </trkpt>
   <trkpt lat="43.6276070" lon="-110.6237100">
    <ele>2041.8</ele>
   </trkpt>
   <trkpt lat="43.6275390" lon="-110.6237030">
    <ele>2041.6</ele>
   </trkpt>
   <trkpt lat="43.6274700" lon="-110.6237020">
    <ele>2041.6</ele>
   </trkpt>
   <trkpt lat="43.6274020" lon="-110.6236950">
    <ele>2041.4</ele>
   </trkpt>
   <trkpt lat="43.6273330" lon="-110.6236880">
    <ele>2041.4</ele>
   </trkpt>
   <trkpt lat="43.6272690" lon="-110.6236870">
    <ele>2041.4</ele>
   </trkpt>
   <trkpt lat="43.6272080" lon="-110.6236810">
    <ele>2041.4</ele>
   </trkpt>
   <trkpt lat="43.6271510" lon="-110.6236870">
    <ele>2041.2</ele>
   </trkpt>
   <trkpt lat="43.6270940" lon="-110.6236790">
    <ele>2041.2</ele>
   </trkpt>
   <trkpt lat="43.6270450" lon="-110.6236710">
    <ele>2041.0</ele>
   </trkpt>
   <trkpt lat="43.6270040" lon="-110.6236470">
    <ele>2041.0</ele>
   </trkpt>
   <trkpt lat="43.6269700" lon="-110.6236150">
    <ele>2041.0</ele>
   </trkpt>
   <trkpt lat="43.6269440" lon="-110.6235680">
    <ele>2041.0</ele>
   </trkpt>
   <trkpt lat="43.6269290" lon="-110.6235070">
    <ele>2041.2</ele>
   </trkpt>
   <trkpt lat="43.6269180" lon="-110.6234390">
    <ele>2041.2</ele>
   </trkpt>
   <trkpt lat="43.6269110" lon="-110.6233680">
    <ele>2041.2</ele>
   </trkpt>
   <trkpt lat="43.6269070" lon="-110.6232920">
    <ele>2041.2</ele>
   </trkpt>
   <trkpt lat="43.6269070" lon="-110.6232150">
    <ele>2041.2</ele>
   </trkpt>
   <trkpt lat="43.6269030" lon="-110.6231400">
    <ele>2041.2</ele>
   </trkpt>
   <trkpt lat="43.6268960" lon="-110.6230630">
    <ele>2041.2</ele>
   </trkpt>
   <trkpt lat="43.6268920" lon="-110.6229800">
    <ele>2041.2</ele>
   </trkpt>
   <trkpt lat="43.6268920" lon="-110.6229040">
    <ele>2041.2</ele>
   </trkpt>
   <trkpt lat="43.6268920" lon="-110.6228270">
    <ele>2041.2</ele>
   </trkpt>
   <trkpt lat="43.6268880" lon="-110.6227430">
    <ele>2041.4</ele>
   </trkpt>
   <trkpt lat="43.6268800" lon="-110.6226660">
    <ele>2041.4</ele>
   </trkpt>
   <trkpt lat="43.6268760" lon="-110.6225830">
    <ele>2041.4</ele>
   </trkpt>
   <trkpt lat="43.6268690" lon="-110.6225060">
    <ele>2041.4</ele>
   </trkpt>
   <trkpt lat="43.6268600" lon="-110.6224220">
    <ele>2041.2</ele>
   </trkpt>
   <trkpt lat="43.6268450" lon="-110.6223380">
    <ele>2041.0</ele>
   </trkpt>
   <trkpt lat="43.6268300" lon="-110.6222460">
    <ele>2040.8</ele>
   </trkpt>
   <trkpt lat="43.6268110" lon="-110.6221560">
    <ele>2040.4</ele>
   </trkpt>
   <trkpt lat="43.6267950" lon="-110.6220770">
    <ele>2040.2</ele>
   </trkpt>
   <trkpt lat="43.6267680" lon="-110.6219710">
    <ele>2040.0</ele>
   </trkpt>
   <trkpt lat="43.6267450" lon="-110.6218720">
    <ele>2040.0</ele>
   </trkpt>
   <trkpt lat="43.6267220" lon="-110.6217890">
    <ele>2039.8</ele>
   </trkpt>
   <trkpt lat="43.6267000" lon="-110.6217150">
    <ele>2039.8</ele>
   </trkpt>
   <trkpt lat="43.6266840" lon="-110.6216510">
    <ele>2039.8</ele>
   </trkpt>
   <trkpt lat="43.6266530" lon="-110.6215610">
    <ele>2039.6</ele>
   </trkpt>
   <trkpt lat="43.6266260" lon="-110.6214920">
    <ele>2039.6</ele>
   </trkpt>
   <trkpt lat="43.6265920" lon="-110.6214260">
    <ele>2039.6</ele>
   </trkpt>
   <trkpt lat="43.6265570" lon="-110.6213790">
    <ele>2039.6</ele>
   </trkpt>
   <trkpt lat="43.6265060" lon="-110.6213100">
    <ele>2039.6</ele>
   </trkpt>
   <trkpt lat="43.6264610" lon="-110.6212580">
    <ele>2039.6</ele>
   </trkpt>
   <trkpt lat="43.6264150" lon="-110.6212120">
    <ele>2039.6</ele>
   </trkpt>
   <trkpt lat="43.6263660" lon="-110.6211670">
    <ele>2039.6</ele>
   </trkpt>
   <trkpt lat="43.6263220" lon="-110.6211270">
    <ele>2039.6</ele>
   </trkpt>
   <trkpt lat="43.6262620" lon="-110.6210740">
    <ele>2039.6</ele>
   </trkpt>
   <trkpt lat="43.6262120" lon="-110.6210210">
    <ele>2039.6</ele>
   </trkpt>
   <trkpt lat="43.6261630" lon="-110.6209750">
    <ele>2039.8</ele>
   </trkpt>
   <trkpt lat="43.6261140" lon="-110.6209290">
    <ele>2039.8</ele>
   </trkpt>
   <trkpt lat="43.6260640" lon="-110.6208760">
    <ele>2039.8</ele>
   </trkpt>
   <trkpt lat="43.6260210" lon="-110.6208330">
    <ele>2039.8</ele>
   </trkpt>
   <trkpt lat="43.6259680" lon="-110.6207850">
    <ele>2040.0</ele>
   </trkpt>
   <trkpt lat="43.6259190" lon="-110.6207390">
    <ele>2040.0</ele>
   </trkpt>
   <trkpt lat="43.6258690" lon="-110.6206920">
    <ele>2040.0</ele>
   </trkpt>
   <trkpt lat="43.6258200" lon="-110.6206400">
    <ele>2040.0</ele>
   </trkpt>
   <trkpt lat="43.6257700" lon="-110.6205940">
    <ele>2039.8</ele>
   </trkpt>
   <trkpt lat="43.6257210" lon="-110.6205480">
    <ele>2039.8</ele>
   </trkpt>
   <trkpt lat="43.6256780" lon="-110.6205020">
    <ele>2040.0</ele>
   </trkpt>
   <trkpt lat="43.6256290" lon="-110.6204560">
    <ele>2040.0</ele>
   </trkpt>
   <trkpt lat="43.6255790" lon="-110.6204020">
    <ele>2040.0</ele>
   </trkpt>
   <trkpt lat="43.6255230" lon="-110.6203480">
    <ele>2039.8</ele>
   </trkpt>
   <trkpt lat="43.6254800" lon="-110.6202880">
    <ele>2039.8</ele>
   </trkpt>
   <trkpt lat="43.6254360" lon="-110.6202350">
    <ele>2039.8</ele>
   </trkpt>
   <trkpt lat="43.6254000" lon="-110.6201790">
    <ele>2039.8</ele>
   </trkpt>
   <trkpt lat="43.6253520" lon="-110.6201050">
    <ele>2039.8</ele>
   </trkpt>
   <trkpt lat="43.6253170" lon="-110.6200420">
    <ele>2040.0</ele>
   </trkpt>
   <trkpt lat="43.6252830" lon="-110.6199730">
    <ele>2040.0</ele>
   </trkpt>
   <trkpt lat="43.6252530" lon="-110.6198970">
    <ele>2040.0</ele>
   </trkpt>
   <trkpt lat="43.6252270" lon="-110.6198200">
    <ele>2039.8</ele>
   </trkpt>
   <trkpt lat="43.6252080" lon="-110.6197360">
    <ele>2039.8</ele>
   </trkpt>
   <trkpt lat="43.6251940" lon="-110.6196510">
    <ele>2039.8</ele>
   </trkpt>
   <trkpt lat="43.6251830" lon="-110.6195620">
    <ele>2039.6</ele>
   </trkpt>
   <trkpt lat="43.6251790" lon="-110.6194890">
    <ele>2039.6</ele>
   </trkpt>
   <trkpt lat="43.6251750" lon="-110.6193850">
    <ele>2039.8</ele>
   </trkpt>
   <trkpt lat="43.6251720" lon="-110.6193010">
    <ele>2039.8</ele>
   </trkpt>
   <trkpt lat="43.6251760" lon="-110.6192180">
    <ele>2039.8</ele>
   </trkpt>
   <trkpt lat="43.6251790" lon="-110.6191380">
    <ele>2040.0</ele>
   </trkpt>
   <trkpt lat="43.6251790" lon="-110.6190710">
    <ele>2040.0</ele>
   </trkpt>
   <trkpt lat="43.6251790" lon="-110.6189660">
    <ele>2040.2</ele>
   </trkpt>
   <trkpt lat="43.6251800" lon="-110.6188830">
    <ele>2040.2</ele>
   </trkpt>
   <trkpt lat="43.6251830" lon="-110.6188000">
    <ele>2040.2</ele>
   </trkpt>
   <trkpt lat="43.6251830" lon="-110.6187290">
    <ele>2040.4</ele>
   </trkpt>
   <trkpt lat="43.6251830" lon="-110.6186360">
    <ele>2040.4</ele>
   </trkpt>
   <trkpt lat="43.6251870" lon="-110.6185310">
    <ele>2040.4</ele>
   </trkpt>
   <trkpt lat="43.6251870" lon="-110.6184470">
    <ele>2040.4</ele>
   </trkpt>
   <trkpt lat="43.6251910" lon="-110.6183620">
    <ele>2040.4</ele>
   </trkpt>
   <trkpt lat="43.6251910" lon="-110.6182710">
    <ele>2040.4</ele>
   </trkpt>
   <trkpt lat="43.6251900" lon="-110.6181860">
    <ele>2040.6</ele>
   </trkpt>
   <trkpt lat="43.6251870" lon="-110.6180970">
    <ele>2040.6</ele>
   </trkpt>
   <trkpt lat="43.6251870" lon="-110.6180260">
    <ele>2040.8</ele>
   </trkpt>
   <trkpt lat="43.6251870" lon="-110.6179340">
    <ele>2040.8</ele>
   </trkpt>
   <trkpt lat="43.6251870" lon="-110.6178360">
    <ele>2040.8</ele>
   </trkpt>
   <trkpt lat="43.6251870" lon="-110.6177450">
    <ele>2040.8</ele>
   </trkpt>
   <trkpt lat="43.6251870" lon="-110.6176630">
    <ele>2040.8</ele>
   </trkpt>
   <trkpt lat="43.6251910" lon="-110.6175960">
    <ele>2041.0</ele>
   </trkpt>
   <trkpt lat="43.6251950" lon="-110.6174990">
    <ele>2041.0</ele>
   </trkpt>
   <trkpt lat="43.6251940" lon="-110.6174010">
    <ele>2041.0</ele>
   </trkpt>
   <trkpt lat="43.6251900" lon="-110.6173090">
    <ele>2041.0</ele>
   </trkpt>
   <trkpt lat="43.6251830" lon="-110.6172190">
    <ele>2040.8</ele>
   </trkpt>
   <trkpt lat="43.6251790" lon="-110.6171490">
    <ele>2041.0</ele>
   </trkpt>
   <trkpt lat="43.6251710" lon="-110.6170570">
    <ele>2041.0</ele>
   </trkpt>
   <trkpt lat="43.6251680" lon="-110.6169650">
    <ele>2041.0</ele>
   </trkpt>
   <trkpt lat="43.6251640" lon="-110.6168680">
    <ele>2041.0</ele>
   </trkpt>
   <trkpt lat="43.6251600" lon="-110.6167920">
    <ele>2041.0</ele>
   </trkpt>
   <trkpt lat="43.6251560" lon="-110.6166870">
    <ele>2041.0</ele>
   </trkpt>
   <trkpt lat="43.6251520" lon="-110.6166170">
    <ele>2040.8</ele>
   </trkpt>
   <trkpt lat="43.6251490" lon="-110.6165110">
    <ele>2041.0</ele>
   </trkpt>
   <trkpt lat="43.6251450" lon="-110.6164200">
    <ele>2041.0</ele>
   </trkpt>
   <trkpt lat="43.6251450" lon="-110.6163360">
    <ele>2041.0</ele>
   </trkpt>
   <trkpt lat="43.6251370" lon="-110.6162530">
    <ele>2041.0</ele>
   </trkpt>
   <trkpt lat="43.6251370" lon="-110.6161830">
    <ele>2041.0</ele>
   </trkpt>
   <trkpt lat="43.6251380" lon="-110.6160900">
    <ele>2041.0</ele>
   </trkpt>
   <trkpt lat="43.6251410" lon="-110.6159850">
    <ele>2041.0</ele>
   </trkpt>
   <trkpt lat="43.6251450" lon="-110.6159020">
    <ele>2041.0</ele>
   </trkpt>
   <trkpt lat="43.6251530" lon="-110.6158320">
    <ele>2041.2</ele>
   </trkpt>
   <trkpt lat="43.6251610" lon="-110.6157450">
    <ele>2041.2</ele>
   </trkpt>
   <trkpt lat="43.6251720" lon="-110.6156400">
    <ele>2041.2</ele>
   </trkpt>
   <trkpt lat="43.6251800" lon="-110.6155560">
    <ele>2041.4</ele>
   </trkpt>
   <trkpt lat="43.6251920" lon="-110.6154880">
    <ele>2041.4</ele>
   </trkpt>
   <trkpt lat="43.6252030" lon="-110.6154120">
    <ele>2041.4</ele>
   </trkpt>
   <trkpt lat="43.6252220" lon="-110.6153140">
    <ele>2041.4</ele>
   </trkpt>
   <trkpt lat="43.6252300" lon="-110.6152440">
    <ele>2041.4</ele>
   </trkpt>
   <trkpt lat="43.6252410" lon="-110.6151460">
    <ele>2041.4</ele>
   </trkpt>
   <trkpt lat="43.6252520" lon="-110.6150760">
    <ele>2041.4</ele>
   </trkpt>
   <trkpt lat="43.6252640" lon="-110.6149760">
    <ele>2041.4</ele>
   </trkpt>
   <trkpt lat="43.6252760" lon="-110.6148920">
    <ele>2041.4</ele>
   </trkpt>
   <trkpt lat="43.6252870" lon="-110.6148120">
    <ele>2041.4</ele>
   </trkpt>
   <trkpt lat="43.6252980" lon="-110.6147310">
    <ele>2041.4</ele>
   </trkpt>
   <trkpt lat="43.6253060" lon="-110.6146470">
    <ele>2041.4</ele>
   </trkpt>
   <trkpt lat="43.6253210" lon="-110.6145490">
    <ele>2041.4</ele>
   </trkpt>
   <trkpt lat="43.6253350" lon="-110.6144640">
    <ele>2041.4</ele>
   </trkpt>
   <trkpt lat="43.6253480" lon="-110.6143800">
    <ele>2041.4</ele>
   </trkpt>
   <trkpt lat="43.6253550" lon="-110.6142980">
    <ele>2041.6</ele>
   </trkpt>
   <trkpt lat="43.6253550" lon="-110.6142190">
    <ele>2041.6</ele>
   </trkpt>
   <trkpt lat="43.6253540" lon="-110.6141400">
    <ele>2041.6</ele>
   </trkpt>
   <trkpt lat="43.6253430" lon="-110.6140660">
    <ele>2041.6</ele>
   </trkpt>
   <trkpt lat="43.6253180" lon="-110.6140090">
    <ele>2041.4</ele>
   </trkpt>
   <trkpt lat="43.6252770" lon="-110.6139490">
    <ele>2041.4</ele>
   </trkpt>
   <trkpt lat="43.6252200" lon="-110.6139040">
    <ele>2041.0</ele>
   </trkpt>
   <trkpt lat="43.6251590" lon="-110.6138750">
    <ele>2040.8</ele>
   </trkpt>
   <trkpt lat="43.6250950" lon="-110.6138600">
    <ele>2040.6</ele>
   </trkpt>
   <trkpt lat="43.6250440" lon="-110.6138520">
    <ele>2040.2</ele>
   </trkpt>
   <trkpt lat="43.6249750" lon="-110.6138380">
    <ele>2040.0</ele>
   </trkpt>
   <trkpt lat="43.6249020" lon="-110.6138290">
    <ele>2039.8</ele>
   </trkpt>
   <trkpt lat="43.6248230" lon="-110.6138150">
    <ele>2039.6</ele>
   </trkpt>
   <trkpt lat="43.6247660" lon="-110.6138060">
    <ele>2039.4</ele>
   </trkpt>
   <trkpt lat="43.6247010" lon="-110.6137920">
    <ele>2039.4</ele>
   </trkpt>
   <trkpt lat="43.6246370" lon="-110.6137840">
    <ele>2039.2</ele>
   </trkpt>
   <trkpt lat="43.6245700" lon="-110.6137680">
    <ele>2039.2</ele>
   </trkpt>
   <trkpt lat="43.6244910" lon="-110.6137540">
    <ele>2039.0</ele>
   </trkpt>
   <trkpt lat="43.6244270" lon="-110.6137460">
    <ele>2039.0</ele>
   </trkpt>
   <trkpt lat="43.6243730" lon="-110.6137380">
    <ele>2038.8</ele>
   </trkpt>
   <trkpt lat="43.6243060" lon="-110.6137230">
    <ele>2038.6</ele>
   </trkpt>
   <trkpt lat="43.6242240" lon="-110.6137150">
    <ele>2038.4</ele>
   </trkpt>
   <trkpt lat="43.6241590" lon="-110.6137080">
    <ele>2038.2</ele>
   </trkpt>
   <trkpt lat="43.6240910" lon="-110.6137000">
    <ele>2038.0</ele>
   </trkpt>
   <trkpt lat="43.6240370" lon="-110.6136920">
    <ele>2038.0</ele>
   </trkpt>
   <trkpt lat="43.6239650" lon="-110.6136770">
    <ele>2037.8</ele>
   </trkpt>
   <trkpt lat="43.6239010" lon="-110.6136620">
    <ele>2037.6</ele>
   </trkpt>
   <trkpt lat="43.6238490" lon="-110.6136550">
    <ele>2037.4</ele>
   </trkpt>
   <trkpt lat="43.6237790" lon="-110.6136540">
    <ele>2037.2</ele>
   </trkpt>
   <trkpt lat="43.6237300" lon="-110.6136470">
    <ele>2037.2</ele>
   </trkpt>
   <trkpt lat="43.6236660" lon="-110.6136400">
    <ele>2037.0</ele>
   </trkpt>
   <trkpt lat="43.6235870" lon="-110.6136310">
    <ele>2037.0</ele>
   </trkpt>
   <trkpt lat="43.6235270" lon="-110.6136160">
    <ele>2036.8</ele>
   </trkpt>
   <trkpt lat="43.6234770" lon="-110.6136070">
    <ele>2036.8</ele>
   </trkpt>
   <trkpt lat="43.6234150" lon="-110.6135840">
    <ele>2036.8</ele>
   </trkpt>
   <trkpt lat="43.6233430" lon="-110.6135530">
    <ele>2036.8</ele>
   </trkpt>
   <trkpt lat="43.6232830" lon="-110.6135220">
    <ele>2036.6</ele>
   </trkpt>
   <trkpt lat="43.6232300" lon="-110.6134850">
    <ele>2036.6</ele>
   </trkpt>
   <trkpt lat="43.6231880" lon="-110.6134540">
    <ele>2036.8</ele>
   </trkpt>
   <trkpt lat="43.6231430" lon="-110.6134240">
    <ele>2036.8</ele>
   </trkpt>
   <trkpt lat="43.6231130" lon="-110.6133940">
    <ele>2037.0</ele>
   </trkpt>
   <trkpt lat="43.6230840" lon="-110.6133710">
    <ele>2037.0</ele>
   </trkpt>
   <trkpt lat="43.6230740" lon="-110.6133580">
    <ele>2037.0</ele>
   </trkpt>
   <trkpt lat="43.6230740" lon="-110.6133570">
    <ele>2037.0</ele>
   </trkpt>
   <trkpt lat="43.6230750" lon="-110.6133500">
    <ele>2037.0</ele>
   </trkpt>
   <trkpt lat="43.6230860" lon="-110.6133510">
    <ele>2037.0</ele>
   </trkpt>
   <trkpt lat="43.6230940" lon="-110.6133580">
    <ele>2037.0</ele>
   </trkpt>
   <trkpt lat="43.6231130" lon="-110.6133660">
    <ele>2037.0</ele>
   </trkpt>
   <trkpt lat="43.6231290" lon="-110.6133820">
    <ele>2037.0</ele>
   </trkpt>
   <trkpt lat="43.6231510" lon="-110.6133970">
    <ele>2036.8</ele>
   </trkpt>
   <trkpt lat="43.6231710" lon="-110.6134120">
    <ele>2036.8</ele>
   </trkpt>
   <trkpt lat="43.6231930" lon="-110.6134270">
    <ele>2036.8</ele>
   </trkpt>
   <trkpt lat="43.6232090" lon="-110.6134430">
    <ele>2036.8</ele>
   </trkpt>
   <trkpt lat="43.6232280" lon="-110.6134580">
    <ele>2036.8</ele>
   </trkpt>
   <trkpt lat="43.6232510" lon="-110.6134730">
    <ele>2036.8</ele>
   </trkpt>
   <trkpt lat="43.6232690" lon="-110.6134800">
    <ele>2036.8</ele>
   </trkpt>
   <trkpt lat="43.6232850" lon="-110.6134880">
    <ele>2036.6</ele>
   </trkpt>
   <trkpt lat="43.6233090" lon="-110.6134960">
    <ele>2036.8</ele>
   </trkpt>
   <trkpt lat="43.6233390" lon="-110.6135110">
    <ele>2036.8</ele>
   </trkpt>
   <trkpt lat="43.6233660" lon="-110.6135270">
    <ele>2036.8</ele>
   </trkpt>
   <trkpt lat="43.6233970" lon="-110.6135410">
    <ele>2036.6</ele>
   </trkpt>
   <trkpt lat="43.6234270" lon="-110.6135490">
    <ele>2036.8</ele>
   </trkpt>
   <trkpt lat="43.6234580" lon="-110.6135570">
    <ele>2036.6</ele>
   </trkpt>
   <trkpt lat="43.6234960" lon="-110.6135720">
    <ele>2036.6</ele>
   </trkpt>
   <trkpt lat="43.6235300" lon="-110.6135790">
    <ele>2036.6</ele>
   </trkpt>
   <trkpt lat="43.6235650" lon="-110.6135870">
    <ele>2036.6</ele>
   </trkpt>
   <trkpt lat="43.6236030" lon="-110.6135940">
    <ele>2036.8</ele>
   </trkpt>
   <trkpt lat="43.6236340" lon="-110.6135950">
    <ele>2036.8</ele>
   </trkpt>
   <trkpt lat="43.6236790" lon="-110.6136020">
    <ele>2036.8</ele>
   </trkpt>
   <trkpt lat="43.6237170" lon="-110.6136100">
    <ele>2036.8</ele>
   </trkpt>
   <trkpt lat="43.6237560" lon="-110.6136170">
    <ele>2036.8</ele>
   </trkpt>
   <trkpt lat="43.6237980" lon="-110.6136180">
    <ele>2037.0</ele>
   </trkpt>
   <trkpt lat="43.6238400" lon="-110.6136250">
    <ele>2037.0</ele>
   </trkpt>
   <trkpt lat="43.6238820" lon="-110.6136330">
    <ele>2037.0</ele>
   </trkpt>
   <trkpt lat="43.6239240" lon="-110.6136400">
    <ele>2037.2</ele>
   </trkpt>
   <trkpt lat="43.6239660" lon="-110.6136480">
    <ele>2037.2</ele>
   </trkpt>
   <trkpt lat="43.6240080" lon="-110.6136560">
    <ele>2037.2</ele>
   </trkpt>
   <trkpt lat="43.6240540" lon="-110.6136630">
    <ele>2037.2</ele>
   </trkpt>
   <trkpt lat="43.6240960" lon="-110.6136710">
    <ele>2037.4</ele>
   </trkpt>
   <trkpt lat="43.6241410" lon="-110.6136790">
    <ele>2037.4</ele>
   </trkpt>
   <trkpt lat="43.6241830" lon="-110.6136860">
    <ele>2037.6</ele>
   </trkpt>
   <trkpt lat="43.6242210" lon="-110.6136930">
    <ele>2037.6</ele>
   </trkpt>
   <trkpt lat="43.6242650" lon="-110.6136950">
    <ele>2037.6</ele>
   </trkpt>
   <trkpt lat="43.6243160" lon="-110.6137090">
    <ele>2037.6</ele>
   </trkpt>
   <trkpt lat="43.6243510" lon="-110.6137090">
    <ele>2037.6</ele>
   </trkpt>
   <trkpt lat="43.6243980" lon="-110.6137170">
    <ele>2037.8</ele>
   </trkpt>
   <trkpt lat="43.6244510" lon="-110.6137240">
    <ele>2037.8</ele>
   </trkpt>
   <trkpt lat="43.6244970" lon="-110.6137320">
    <ele>2038.0</ele>
   </trkpt>
   <trkpt lat="43.6245420" lon="-110.6137400">
    <ele>2038.0</ele>
   </trkpt>
   <trkpt lat="43.6245870" lon="-110.6137470">
    <ele>2038.2</ele>
   </trkpt>
   <trkpt lat="43.6246220" lon="-110.6137550">
    <ele>2038.4</ele>
   </trkpt>
   <trkpt lat="43.6246690" lon="-110.6137630">
    <ele>2038.4</ele>
   </trkpt>
   <trkpt lat="43.6247250" lon="-110.6137710">
    <ele>2038.4</ele>
   </trkpt>
   <trkpt lat="43.6247710" lon="-110.6137850">
    <ele>2038.4</ele>
   </trkpt>
   <trkpt lat="43.6248100" lon="-110.6137860">
    <ele>2038.4</ele>
   </trkpt>
   <trkpt lat="43.6248580" lon="-110.6138000">
    <ele>2038.6</ele>
   </trkpt>
   <trkpt lat="43.6248970" lon="-110.6138010">
    <ele>2038.6</ele>
   </trkpt>
   <trkpt lat="43.6249390" lon="-110.6138080">
    <ele>2038.8</ele>
   </trkpt>
   <trkpt lat="43.6249850" lon="-110.6138150">
    <ele>2038.8</ele>
   </trkpt>
   <trkpt lat="43.6250300" lon="-110.6138170">
    <ele>2038.8</ele>
   </trkpt>
   <trkpt lat="43.6250690" lon="-110.6138320">
    <ele>2038.8</ele>
   </trkpt>
   <trkpt lat="43.6251210" lon="-110.6138470">
    <ele>2039.0</ele>
   </trkpt>
   <trkpt lat="43.6251520" lon="-110.6138620">
    <ele>2039.0</ele>
   </trkpt>
   <trkpt lat="43.6251970" lon="-110.6138780">
    <ele>2039.2</ele>
   </trkpt>
   <trkpt lat="43.6252240" lon="-110.6138940">
    <ele>2039.4</ele>
   </trkpt>
   <trkpt lat="43.6252580" lon="-110.6139250">
    <ele>2039.6</ele>
   </trkpt>
   <trkpt lat="43.6252880" lon="-110.6139550">
    <ele>2039.8</ele>
   </trkpt>
   <trkpt lat="43.6253140" lon="-110.6139780">
    <ele>2040.0</ele>
   </trkpt>
   <trkpt lat="43.6253340" lon="-110.6140090">
    <ele>2040.2</ele>
   </trkpt>
   <trkpt lat="43.6253570" lon="-110.6140490">
    <ele>2040.2</ele>
   </trkpt>
   <trkpt lat="43.6253790" lon="-110.6141100">
    <ele>2040.2</ele>
   </trkpt>
   <trkpt lat="43.6253900" lon="-110.6141620">
    <ele>2040.2</ele>
   </trkpt>
   <trkpt lat="43.6253970" lon="-110.6142020">
    <ele>2040.2</ele>
   </trkpt>
   <trkpt lat="43.6254040" lon="-110.6142690">
    <ele>2040.2</ele>
   </trkpt>
   <trkpt lat="43.6254040" lon="-110.6143160">
    <ele>2040.2</ele>
   </trkpt>
   <trkpt lat="43.6254040" lon="-110.6143770">
    <ele>2040.2</ele>
   </trkpt>
   <trkpt lat="43.6253960" lon="-110.6144390">
    <ele>2040.2</ele>
   </trkpt>
   <trkpt lat="43.6253920" lon="-110.6145140">
    <ele>2040.2</ele>
   </trkpt>
   <trkpt lat="43.6253850" lon="-110.6145700">
    <ele>2040.2</ele>
   </trkpt>
   <trkpt lat="43.6253770" lon="-110.6146510">
    <ele>2040.2</ele>
   </trkpt>
   <trkpt lat="43.6253690" lon="-110.6147070">
    <ele>2040.2</ele>
   </trkpt>
   <trkpt lat="43.6253580" lon="-110.6147900">
    <ele>2040.0</ele>
   </trkpt>
   <trkpt lat="43.6253500" lon="-110.6148510">
    <ele>2040.0</ele>
   </trkpt>
   <trkpt lat="43.6253420" lon="-110.6149210">
    <ele>2040.0</ele>
   </trkpt>
   <trkpt lat="43.6253310" lon="-110.6150050">
    <ele>2040.0</ele>
   </trkpt>
   <trkpt lat="43.6253200" lon="-110.6150800">
    <ele>2040.0</ele>
   </trkpt>
   <trkpt lat="43.6253120" lon="-110.6151480">
    <ele>2040.0</ele>
   </trkpt>
   <trkpt lat="43.6253000" lon="-110.6152020">
    <ele>2040.0</ele>
   </trkpt>
   <trkpt lat="43.6252890" lon="-110.6152720">
    <ele>2040.0</ele>
   </trkpt>
   <trkpt lat="43.6252770" lon="-110.6153540">
    <ele>2040.0</ele>
   </trkpt>
   <trkpt lat="43.6252630" lon="-110.6154240">
    <ele>2039.8</ele>
   </trkpt>
   <trkpt lat="43.6252550" lon="-110.6154990">
    <ele>2039.8</ele>
   </trkpt>
   <trkpt lat="43.6252470" lon="-110.6155550">
    <ele>2039.8</ele>
   </trkpt>
   <trkpt lat="43.6252360" lon="-110.6156450">
    <ele>2039.8</ele>
   </trkpt>
   <trkpt lat="43.6252250" lon="-110.6157210">
    <ele>2039.8</ele>
   </trkpt>
   <trkpt lat="43.6252170" lon="-110.6157960">
    <ele>2039.6</ele>
   </trkpt>
   <trkpt lat="43.6252090" lon="-110.6158510">
    <ele>2039.6</ele>
   </trkpt>
   <trkpt lat="43.6252060" lon="-110.6159200">
    <ele>2039.6</ele>
   </trkpt>
   <trkpt lat="43.6252020" lon="-110.6159980">
    <ele>2039.4</ele>
   </trkpt>
   <trkpt lat="43.6251980" lon="-110.6160880">
    <ele>2039.4</ele>
   </trkpt>
   <trkpt lat="43.6251980" lon="-110.6161640">
    <ele>2039.2</ele>
   </trkpt>
   <trkpt lat="43.6251980" lon="-110.6162390">
    <ele>2039.4</ele>
   </trkpt>
   <trkpt lat="43.6251990" lon="-110.6163030">
    <ele>2039.4</ele>
   </trkpt>
   <trkpt lat="43.6252020" lon="-110.6163920">
    <ele>2039.2</ele>
   </trkpt>
   <trkpt lat="43.6252020" lon="-110.6164610">
    <ele>2039.2</ele>
   </trkpt>
   <trkpt lat="43.6252020" lon="-110.6165380">
    <ele>2039.2</ele>
   </trkpt>
   <trkpt lat="43.6252020" lon="-110.6166140">
    <ele>2039.0</ele>
   </trkpt>
   <trkpt lat="43.6252030" lon="-110.6167060">
    <ele>2039.0</ele>
   </trkpt>
   <trkpt lat="43.6252060" lon="-110.6167740">
    <ele>2039.0</ele>
   </trkpt>
   <trkpt lat="43.6252100" lon="-110.6168430">
    <ele>2039.0</ele>
   </trkpt>
   <trkpt lat="43.6252140" lon="-110.6169190">
    <ele>2039.0</ele>
   </trkpt>
   <trkpt lat="43.6252140" lon="-110.6169960">
    <ele>2038.8</ele>
   </trkpt>
   <trkpt lat="43.6252180" lon="-110.6170800">
    <ele>2038.8</ele>
   </trkpt>
   <trkpt lat="43.6252250" lon="-110.6171550">
    <ele>2038.8</ele>
   </trkpt>
   <trkpt lat="43.6252260" lon="-110.6172160">
    <ele>2039.0</ele>
   </trkpt>
   <trkpt lat="43.6252330" lon="-110.6172860">
    <ele>2039.0</ele>
   </trkpt>
   <trkpt lat="43.6252410" lon="-110.6173690">
    <ele>2039.0</ele>
   </trkpt>
   <trkpt lat="43.6252450" lon="-110.6174300">
    <ele>2039.0</ele>
   </trkpt>
   <trkpt lat="43.6252520" lon="-110.6174980">
    <ele>2039.0</ele>
   </trkpt>
   <trkpt lat="43.6252520" lon="-110.6175680">
    <ele>2039.0</ele>
   </trkpt>
   <trkpt lat="43.6252510" lon="-110.6176450">
    <ele>2038.8</ele>
   </trkpt>
   <trkpt lat="43.6252480" lon="-110.6177270">
    <ele>2038.8</ele>
   </trkpt>
   <trkpt lat="43.6252520" lon="-110.6177950">
    <ele>2039.0</ele>
   </trkpt>
   <trkpt lat="43.6252520" lon="-110.6178570">
    <ele>2039.0</ele>
   </trkpt>
   <trkpt lat="43.6252520" lon="-110.6179260">
    <ele>2039.0</ele>
   </trkpt>
   <trkpt lat="43.6252520" lon="-110.6180020">
    <ele>2039.0</ele>
   </trkpt>
   <trkpt lat="43.6252520" lon="-110.6180720">
    <ele>2039.0</ele>
   </trkpt>
   <trkpt lat="43.6252520" lon="-110.6181540">
    <ele>2038.8</ele>
   </trkpt>
   <trkpt lat="43.6252520" lon="-110.6182090">
    <ele>2038.6</ele>
   </trkpt>
   <trkpt lat="43.6252520" lon="-110.6182850">
    <ele>2038.6</ele>
   </trkpt>
   <trkpt lat="43.6252520" lon="-110.6183610">
    <ele>2038.6</ele>
   </trkpt>
   <trkpt lat="43.6252520" lon="-110.6184380">
    <ele>2038.4</ele>
   </trkpt>
   <trkpt lat="43.6252510" lon="-110.6185270">
    <ele>2038.4</ele>
   </trkpt>
   <trkpt lat="43.6252480" lon="-110.6185820">
    <ele>2038.2</ele>
   </trkpt>
   <trkpt lat="43.6252480" lon="-110.6186590">
    <ele>2038.2</ele>
   </trkpt>
   <trkpt lat="43.6252480" lon="-110.6187350">
    <ele>2038.2</ele>
   </trkpt>
   <trkpt lat="43.6252480" lon="-110.6188190">
    <ele>2038.0</ele>
   </trkpt>
   <trkpt lat="43.6252440" lon="-110.6188940">
    <ele>2038.0</ele>
   </trkpt>
   <trkpt lat="43.6252430" lon="-110.6189560">
    <ele>2038.0</ele>
   </trkpt>
   <trkpt lat="43.6252370" lon="-110.6190250">
    <ele>2037.8</ele>
   </trkpt>
   <trkpt lat="43.6252360" lon="-110.6191010">
    <ele>2037.6</ele>
   </trkpt>
   <trkpt lat="43.6252320" lon="-110.6191690">
    <ele>2037.6</ele>
   </trkpt>
   <trkpt lat="43.6252250" lon="-110.6192450">
    <ele>2037.6</ele>
   </trkpt>
   <trkpt lat="43.6252250" lon="-110.6193140">
    <ele>2037.4</ele>
   </trkpt>
   <trkpt lat="43.6252210" lon="-110.6193900">
    <ele>2037.2</ele>
   </trkpt>
   <trkpt lat="43.6252210" lon="-110.6194590">
    <ele>2037.2</ele>
   </trkpt>
   <trkpt lat="43.6252220" lon="-110.6195420">
    <ele>2037.0</ele>
   </trkpt>
   <trkpt lat="43.6252250" lon="-110.6196050">
    <ele>2037.0</ele>
   </trkpt>
   <trkpt lat="43.6252300" lon="-110.6196800">
    <ele>2037.0</ele>
   </trkpt>
   <trkpt lat="43.6252420" lon="-110.6197490">
    <ele>2037.0</ele>
   </trkpt>
   <trkpt lat="43.6252610" lon="-110.6198240">
    <ele>2037.2</ele>
   </trkpt>
   <trkpt lat="43.6252770" lon="-110.6198780">
    <ele>2037.2</ele>
   </trkpt>
   <trkpt lat="43.6253000" lon="-110.6199390">
    <ele>2037.4</ele>
   </trkpt>
   <trkpt lat="43.6253270" lon="-110.6200000">
    <ele>2037.6</ele>
   </trkpt>
   <trkpt lat="43.6253540" lon="-110.6200540">
    <ele>2037.6</ele>
   </trkpt>
   <trkpt lat="43.6253880" lon="-110.6201210">
    <ele>2037.6</ele>
   </trkpt>
   <trkpt lat="43.6254190" lon="-110.6201680">
    <ele>2037.6</ele>
   </trkpt>
   <trkpt lat="43.6254570" lon="-110.6202210">
    <ele>2037.6</ele>
   </trkpt>
   <trkpt lat="43.6254960" lon="-110.6202740">
    <ele>2037.6</ele>
   </trkpt>
   <trkpt lat="43.6255410" lon="-110.6203270">
    <ele>2037.4</ele>
   </trkpt>
   <trkpt lat="43.6255760" lon="-110.6203730">
    <ele>2037.4</ele>
   </trkpt>
   <trkpt lat="43.6256180" lon="-110.6204180">
    <ele>2037.4</ele>
   </trkpt>
   <trkpt lat="43.6256640" lon="-110.6204570">
    <ele>2037.4</ele>
   </trkpt>
   <trkpt lat="43.6257110" lon="-110.6205030">
    <ele>2037.4</ele>
   </trkpt>
   <trkpt lat="43.6257660" lon="-110.6205540">
    <ele>2037.2</ele>
   </trkpt>
   <trkpt lat="43.6258010" lon="-110.6205790">
    <ele>2037.2</ele>
   </trkpt>
   <trkpt lat="43.6258480" lon="-110.6206250">
    <ele>2037.2</ele>
   </trkpt>
   <trkpt lat="43.6258990" lon="-110.6206770">
    <ele>2037.0</ele>
   </trkpt>
   <trkpt lat="43.6259360" lon="-110.6207090">
    <ele>2037.0</ele>
   </trkpt>
   <trkpt lat="43.6259920" lon="-110.6207610">
    <ele>2037.0</ele>
   </trkpt>
   <trkpt lat="43.6260330" lon="-110.6207990">
    <ele>2037.0</ele>
   </trkpt>
   <trkpt lat="43.6260680" lon="-110.6208370">
    <ele>2037.0</ele>
   </trkpt>
   <trkpt lat="43.6261140" lon="-110.6208760">
    <ele>2037.2</ele>
   </trkpt>
   <trkpt lat="43.6261620" lon="-110.6209210">
    <ele>2037.2</ele>
   </trkpt>
   <trkpt lat="43.6261940" lon="-110.6209530">
    <ele>2037.2</ele>
   </trkpt>
   <trkpt lat="43.6262360" lon="-110.6209980">
    <ele>2037.2</ele>
   </trkpt>
   <trkpt lat="43.6262810" lon="-110.6210360">
    <ele>2037.2</ele>
   </trkpt>
   <trkpt lat="43.6263250" lon="-110.6210820">
    <ele>2037.0</ele>
   </trkpt>
   <trkpt lat="43.6263760" lon="-110.6211280">
    <ele>2037.0</ele>
   </trkpt>
   <trkpt lat="43.6264110" lon="-110.6211660">
    <ele>2037.0</ele>
   </trkpt>
   <trkpt lat="43.6264530" lon="-110.6212120">
    <ele>2037.0</ele>
   </trkpt>
   <trkpt lat="43.6264950" lon="-110.6212580">
    <ele>2037.0</ele>
   </trkpt>
   <trkpt lat="43.6265360" lon="-110.6213110">
    <ele>2037.0</ele>
   </trkpt>
   <trkpt lat="43.6265710" lon="-110.6213570">
    <ele>2036.8</ele>
   </trkpt>
   <trkpt lat="43.6266120" lon="-110.6214110">
    <ele>2036.8</ele>
   </trkpt>
   <trkpt lat="43.6266430" lon="-110.6214730">
    <ele>2036.8</ele>
   </trkpt>
   <trkpt lat="43.6266730" lon="-110.6215340">
    <ele>2036.8</ele>
   </trkpt>
   <trkpt lat="43.6266960" lon="-110.6215950">
    <ele>2036.8</ele>
   </trkpt>
   <trkpt lat="43.6267180" lon="-110.6216570">
    <ele>2036.8</ele>
   </trkpt>
   <trkpt lat="43.6267370" lon="-110.6217240">
    <ele>2036.8</ele>
   </trkpt>
   <trkpt lat="43.6267560" lon="-110.6217870">
    <ele>2036.8</ele>
   </trkpt>
   <trkpt lat="43.6267710" lon="-110.6218610">
    <ele>2036.8</ele>
   </trkpt>
   <trkpt lat="43.6267870" lon="-110.6219160">
    <ele>2036.6</ele>
   </trkpt>
   <trkpt lat="43.6268020" lon="-110.6219840">
    <ele>2036.6</ele>
   </trkpt>
   <trkpt lat="43.6268170" lon="-110.6220530">
    <ele>2036.6</ele>
   </trkpt>
   <trkpt lat="43.6268320" lon="-110.6221230">
    <ele>2036.8</ele>
   </trkpt>
   <trkpt lat="43.6268470" lon="-110.6221980">
    <ele>2036.8</ele>
   </trkpt>
   <trkpt lat="43.6268550" lon="-110.6222600">
    <ele>2037.0</ele>
   </trkpt>
   <trkpt lat="43.6268660" lon="-110.6223250">
    <ele>2037.2</ele>
   </trkpt>
   <trkpt lat="43.6268740" lon="-110.6223660">
    <ele>2037.4</ele>
   </trkpt>
   <trkpt lat="43.6268850" lon="-110.6224320">
    <ele>2037.6</ele>
   </trkpt>
   <trkpt lat="43.6268930" lon="-110.6224790">
    <ele>2037.8</ele>
   </trkpt>
   <trkpt lat="43.6269000" lon="-110.6225330">
    <ele>2037.8</ele>
   </trkpt>
   <trkpt lat="43.6269040" lon="-110.6225860">
    <ele>2037.8</ele>
   </trkpt>
   <trkpt lat="43.6269080" lon="-110.6226420">
    <ele>2038.0</ele>
   </trkpt>
   <trkpt lat="43.6269150" lon="-110.6227160">
    <ele>2038.0</ele>
   </trkpt>
   <trkpt lat="43.6269150" lon="-110.6227690">
    <ele>2038.0</ele>
   </trkpt>
   <trkpt lat="43.6269150" lon="-110.6228240">
    <ele>2038.0</ele>
   </trkpt>
   <trkpt lat="43.6269190" lon="-110.6228920">
    <ele>2038.0</ele>
   </trkpt>
   <trkpt lat="43.6269190" lon="-110.6229540">
    <ele>2038.0</ele>
   </trkpt>
   <trkpt lat="43.6269230" lon="-110.6230300">
    <ele>2038.0</ele>
   </trkpt>
   <trkpt lat="43.6269230" lon="-110.6230970">
    <ele>2038.0</ele>
   </trkpt>
   <trkpt lat="43.6269230" lon="-110.6231510">
    <ele>2038.0</ele>
   </trkpt>
   <trkpt lat="43.6269260" lon="-110.6232140">
    <ele>2038.0</ele>
   </trkpt>
   <trkpt lat="43.6269260" lon="-110.6232960">
    <ele>2038.0</ele>
   </trkpt>
   <trkpt lat="43.6269260" lon="-110.6233490">
    <ele>2037.8</ele>
   </trkpt>
   <trkpt lat="43.6269260" lon="-110.6234110">
    <ele>2037.8</ele>
   </trkpt>
   <trkpt lat="43.6269220" lon="-110.6234790">
    <ele>2037.8</ele>
   </trkpt>
   <trkpt lat="43.6269090" lon="-110.6235420">
    <ele>2037.6</ele>
   </trkpt>
   <trkpt lat="43.6268860" lon="-110.6236140">
    <ele>2037.6</ele>
   </trkpt>
   <trkpt lat="43.6268550" lon="-110.6236530">
    <ele>2037.6</ele>
   </trkpt>
   <trkpt lat="43.6268150" lon="-110.6236980">
    <ele>2037.6</ele>
   </trkpt>
   <trkpt lat="43.6267650" lon="-110.6237280">
    <ele>2037.8</ele>
   </trkpt>
   <trkpt lat="43.6267160" lon="-110.6237490">
    <ele>2037.8</ele>
   </trkpt>
   <trkpt lat="43.6266660" lon="-110.6237580">
    <ele>2037.8</ele>
   </trkpt>
   <trkpt lat="43.6265980" lon="-110.6237720">
    <ele>2037.8</ele>
   </trkpt>
   <trkpt lat="43.6265510" lon="-110.6237800">
    <ele>2037.6</ele>
   </trkpt>
   <trkpt lat="43.6264860" lon="-110.6237880">
    <ele>2037.4</ele>
   </trkpt>
   <trkpt lat="43.6264250" lon="-110.6237960">
    <ele>2037.4</ele>
   </trkpt>
   <trkpt lat="43.6263640" lon="-110.6238120">
    <ele>2037.2</ele>
   </trkpt>
   <trkpt lat="43.6263040" lon="-110.6238350">
    <ele>2037.0</ele>
   </trkpt>
   <trkpt lat="43.6262420" lon="-110.6238580">
    <ele>2037.0</ele>
   </trkpt>
   <trkpt lat="43.6261820" lon="-110.6238890">
    <ele>2036.8</ele>
   </trkpt>
   <trkpt lat="43.6261240" lon="-110.6239190">
    <ele>2036.6</ele>
   </trkpt>
   <trkpt lat="43.6260620" lon="-110.6239520">
    <ele>2036.4</ele>
   </trkpt>
   <trkpt lat="43.6259950" lon="-110.6240040">
    <ele>2036.2</ele>
   </trkpt>
   <trkpt lat="43.6259420" lon="-110.6240490">
    <ele>2036.2</ele>
   </trkpt>
   <trkpt lat="43.6258960" lon="-110.6240880">
    <ele>2036.0</ele>
   </trkpt>
   <trkpt lat="43.6258420" lon="-110.6241250">
    <ele>2036.0</ele>
   </trkpt>
   <trkpt lat="43.6257840" lon="-110.6241560">
    <ele>2036.2</ele>
   </trkpt>
   <trkpt lat="43.6257220" lon="-110.6241850">
    <ele>2036.2</ele>
   </trkpt>
   <trkpt lat="43.6256790" lon="-110.6241990">
    <ele>2036.2</ele>
   </trkpt>
   <trkpt lat="43.6256210" lon="-110.6241970">
    <ele>2036.2</ele>
   </trkpt>
   <trkpt lat="43.6255710" lon="-110.6241720">
    <ele>2036.2</ele>
   </trkpt>
   <trkpt lat="43.6255160" lon="-110.6241270">
    <ele>2036.2</ele>
   </trkpt>
   <trkpt lat="43.6254770" lon="-110.6240870">
    <ele>2036.2</ele>
   </trkpt>
   <trkpt lat="43.6254310" lon="-110.6240340">
    <ele>2036.2</ele>
   </trkpt>
   <trkpt lat="43.6253810" lon="-110.6239790">
    <ele>2036.0</ele>
   </trkpt>
   <trkpt lat="43.6253270" lon="-110.6239130">
    <ele>2036.0</ele>
   </trkpt>
   <trkpt lat="43.6252740" lon="-110.6238670">
    <ele>2035.8</ele>
   </trkpt>
   <trkpt lat="43.6252270" lon="-110.6238300">
    <ele>2035.6</ele>
   </trkpt>
   <trkpt lat="43.6251660" lon="-110.6238000">
    <ele>2035.6</ele>
   </trkpt>
   <trkpt lat="43.6250990" lon="-110.6237700">
    <ele>2035.6</ele>
   </trkpt>
   <trkpt lat="43.6250480" lon="-110.6237560">
    <ele>2035.4</ele>
   </trkpt>
   <trkpt lat="43.6249870" lon="-110.6237490">
    <ele>2035.4</ele>
   </trkpt>
   <trkpt lat="43.6249280" lon="-110.6237480">
    <ele>2035.6</ele>
   </trkpt>
   <trkpt lat="43.6248690" lon="-110.6237400">
    <ele>2035.6</ele>
   </trkpt>
   <trkpt lat="43.6248100" lon="-110.6237320">
    <ele>2035.6</ele>
   </trkpt>
   <trkpt lat="43.6247400" lon="-110.6237180">
    <ele>2035.6</ele>
   </trkpt>
   <trkpt lat="43.6246900" lon="-110.6237180">
    <ele>2035.6</ele>
   </trkpt>
   <trkpt lat="43.6246310" lon="-110.6237180">
    <ele>2035.6</ele>
   </trkpt>
   <trkpt lat="43.6245630" lon="-110.6237180">
    <ele>2035.8</ele>
   </trkpt>
   <trkpt lat="43.6245030" lon="-110.6237100">
    <ele>2035.8</ele>
   </trkpt>
   <trkpt lat="43.6244510" lon="-110.6237030">
    <ele>2035.8</ele>
   </trkpt>
   <trkpt lat="43.6243740" lon="-110.6237030">
    <ele>2036.0</ele>
   </trkpt>
   <trkpt lat="43.6243270" lon="-110.6237040">
    <ele>2035.8</ele>
   </trkpt>
   <trkpt lat="43.6242700" lon="-110.6237110">
    <ele>2035.8</ele>
   </trkpt>
   <trkpt lat="43.6242130" lon="-110.6237180">
    <ele>2036.0</ele>
   </trkpt>
   <trkpt lat="43.6241550" lon="-110.6237190">
    <ele>2036.0</ele>
   </trkpt>
   <trkpt lat="43.6240990" lon="-110.6237270">
    <ele>2036.0</ele>
   </trkpt>
   <trkpt lat="43.6240410" lon="-110.6237340">
    <ele>2035.8</ele>
   </trkpt>
   <trkpt lat="43.6239840" lon="-110.6237340">
    <ele>2035.6</ele>
   </trkpt>
   <trkpt lat="43.6239270" lon="-110.6237340">
    <ele>2035.6</ele>
   </trkpt>
   <trkpt lat="43.6238730" lon="-110.6237340">
    <ele>2035.6</ele>
   </trkpt>
   <trkpt lat="43.6238160" lon="-110.6237340">
    <ele>2035.6</ele>
   </trkpt>
   <trkpt lat="43.6237550" lon="-110.6237340">
    <ele>2035.6</ele>
   </trkpt>
   <trkpt lat="43.6236980" lon="-110.6237400">
    <ele>2035.4</ele>
   </trkpt>
   <trkpt lat="43.6236400" lon="-110.6237340">
    <ele>2035.4</ele>
   </trkpt>
   <trkpt lat="43.6235770" lon="-110.6237340">
    <ele>2035.6</ele>
   </trkpt>
   <trkpt lat="43.6235380" lon="-110.6237410">
    <ele>2035.6</ele>
   </trkpt>
   <trkpt lat="43.6234810" lon="-110.6237410">
    <ele>2035.4</ele>
   </trkpt>
   <trkpt lat="43.6234260" lon="-110.6237420">
    <ele>2035.6</ele>
   </trkpt>
   <trkpt lat="43.6233580" lon="-110.6237480">
    <ele>2035.4</ele>
   </trkpt>
   <trkpt lat="43.6232990" lon="-110.6237420">
    <ele>2035.4</ele>
   </trkpt>
   <trkpt lat="43.6232480" lon="-110.6237490">
    <ele>2035.2</ele>
   </trkpt>
   <trkpt lat="43.6231900" lon="-110.6237490">
    <ele>2034.8</ele>
   </trkpt>
   <trkpt lat="43.6231240" lon="-110.6237490">
    <ele>2034.8</ele>
   </trkpt>
   <trkpt lat="43.6230540" lon="-110.6237490">
    <ele>2034.6</ele>
   </trkpt>
   <trkpt lat="43.6230030" lon="-110.6237560">
    <ele>2034.6</ele>
   </trkpt>
   <trkpt lat="43.6229420" lon="-110.6237560">
    <ele>2034.4</ele>
   </trkpt>
   <trkpt lat="43.6228810" lon="-110.6237560">
    <ele>2034.2</ele>
   </trkpt>
   <trkpt lat="43.6228140" lon="-110.6237560">
    <ele>2034.0</ele>
   </trkpt>
   <trkpt lat="43.6227310" lon="-110.6237560">
    <ele>2033.6</ele>
   </trkpt>
   <trkpt lat="43.6226600" lon="-110.6237560">
    <ele>2033.4</ele>
   </trkpt>
   <trkpt lat="43.6226020" lon="-110.6237560">
    <ele>2033.2</ele>
   </trkpt>
   <trkpt lat="43.6225320" lon="-110.6237560">
    <ele>2033.0</ele>
   </trkpt>
   <trkpt lat="43.6224460" lon="-110.6237560">
    <ele>2032.8</ele>
   </trkpt>
   <trkpt lat="43.6223780" lon="-110.6237570">
    <ele>2032.8</ele>
   </trkpt>
   <trkpt lat="43.6223260" lon="-110.6237640">
    <ele>2032.6</ele>
   </trkpt>
   <trkpt lat="43.6222410" lon="-110.6237640">
    <ele>2032.6</ele>
   </trkpt>
   <trkpt lat="43.6221820" lon="-110.6237650">
    <ele>2032.4</ele>
   </trkpt>
   <trkpt lat="43.6221060" lon="-110.6237720">
    <ele>2032.4</ele>
   </trkpt>
   <trkpt lat="43.6220390" lon="-110.6237720">
    <ele>2032.2</ele>
   </trkpt>
   <trkpt lat="43.6219840" lon="-110.6237720">
    <ele>2032.0</ele>
   </trkpt>
   <trkpt lat="43.6219140" lon="-110.6237720">
    <ele>2032.0</ele>
   </trkpt>
   <trkpt lat="43.6218310" lon="-110.6237710">
    <ele>2031.8</ele>
   </trkpt>
   <trkpt lat="43.6217640" lon="-110.6237630">
    <ele>2031.8</ele>
   </trkpt>
   <trkpt lat="43.6217100" lon="-110.6237560">
    <ele>2031.8</ele>
   </trkpt>
   <trkpt lat="43.6216490" lon="-110.6237560">
    <ele>2031.6</ele>
   </trkpt>
   <trkpt lat="43.6215840" lon="-110.6237570">
    <ele>2031.6</ele>
   </trkpt>
   <trkpt lat="43.6215200" lon="-110.6237650">
    <ele>2031.6</ele>
   </trkpt>
   <trkpt lat="43.6214610" lon="-110.6237790">
    <ele>2031.4</ele>
   </trkpt>
   <trkpt lat="43.6213970" lon="-110.6237790">
    <ele>2031.4</ele>
   </trkpt>
   <trkpt lat="43.6213320" lon="-110.6237790">
    <ele>2031.2</ele>
   </trkpt>
   <trkpt lat="43.6212620" lon="-110.6237790">
    <ele>2031.0</ele>
   </trkpt>
   <trkpt lat="43.6211830" lon="-110.6237800">
    <ele>2031.0</ele>
   </trkpt>
   <trkpt lat="43.6211190" lon="-110.6237870">
    <ele>2031.0</ele>
   </trkpt>
   <trkpt lat="43.6210650" lon="-110.6237880">
    <ele>2030.8</ele>
   </trkpt>
   <trkpt lat="43.6210040" lon="-110.6238040">
    <ele>2030.8</ele>
   </trkpt>
   <trkpt lat="43.6209380" lon="-110.6238280">
    <ele>2030.6</ele>
   </trkpt>
   <trkpt lat="43.6208650" lon="-110.6238590">
    <ele>2030.6</ele>
   </trkpt>
   <trkpt lat="43.6208180" lon="-110.6238990">
    <ele>2030.6</ele>
   </trkpt>
   <trkpt lat="43.6207690" lon="-110.6239540">
    <ele>2030.4</ele>
   </trkpt>
   <trkpt lat="43.6207230" lon="-110.6240240">
    <ele>2030.4</ele>
   </trkpt>
   <trkpt lat="43.6206790" lon="-110.6241150">
    <ele>2030.2</ele>
   </trkpt>
   <trkpt lat="43.6206460" lon="-110.6241980">
    <ele>2030.2</ele>
   </trkpt>
   <trkpt lat="43.6206260" lon="-110.6242780">
    <ele>2030.0</ele>
   </trkpt>
   <trkpt lat="43.6206050" lon="-110.6243810">
    <ele>2030.0</ele>
   </trkpt>
   <trkpt lat="43.6206020" lon="-110.6244590">
    <ele>2029.8</ele>
   </trkpt>
   <trkpt lat="43.6206020" lon="-110.6245510">
    <ele>2030.0</ele>
   </trkpt>
   <trkpt lat="43.6206020" lon="-110.6246420">
    <ele>2029.8</ele>
   </trkpt>
   <trkpt lat="43.6206060" lon="-110.6247340">
    <ele>2029.8</ele>
   </trkpt>
   <trkpt lat="43.6206090" lon="-110.6248280">
    <ele>2029.8</ele>
   </trkpt>
   <trkpt lat="43.6206100" lon="-110.6249400">
    <ele>2029.8</ele>
   </trkpt>
   <trkpt lat="43.6206130" lon="-110.6250400">
    <ele>2029.8</ele>
   </trkpt>
   <trkpt lat="43.6206130" lon="-110.6251360">
    <ele>2029.6</ele>
   </trkpt>
   <trkpt lat="43.6206170" lon="-110.6252070">
    <ele>2029.6</ele>
   </trkpt>
   <trkpt lat="43.6206170" lon="-110.6253070">
    <ele>2029.6</ele>
   </trkpt>
   <trkpt lat="43.6206170" lon="-110.6254110">
    <ele>2029.6</ele>
   </trkpt>
   <trkpt lat="43.6206170" lon="-110.6254900">
    <ele>2029.6</ele>
   </trkpt>
   <trkpt lat="43.6206130" lon="-110.6255910">
    <ele>2029.4</ele>
   </trkpt>
   <trkpt lat="43.6206170" lon="-110.6257010">
    <ele>2029.4</ele>
   </trkpt>
   <trkpt lat="43.6206170" lon="-110.6257790">
    <ele>2029.4</ele>
   </trkpt>
   <trkpt lat="43.6206170" lon="-110.6258700">
    <ele>2029.2</ele>
   </trkpt>
   <trkpt lat="43.6206170" lon="-110.6259620">
    <ele>2029.2</ele>
   </trkpt>
   <trkpt lat="43.6206210" lon="-110.6260530">
    <ele>2029.2</ele>
   </trkpt>
   <trkpt lat="43.6206250" lon="-110.6261470">
    <ele>2029.2</ele>
   </trkpt>
   <trkpt lat="43.6206280" lon="-110.6262500">
    <ele>2029.4</ele>
   </trkpt>
   <trkpt lat="43.6206280" lon="-110.6263280">
    <ele>2029.4</ele>
   </trkpt>
   <trkpt lat="43.6206280" lon="-110.6264200">
    <ele>2029.4</ele>
   </trkpt>
   <trkpt lat="43.6206280" lon="-110.6265100">
    <ele>2029.4</ele>
   </trkpt>
   <trkpt lat="43.6206280" lon="-110.6265950">
    <ele>2029.4</ele>
   </trkpt>
   <trkpt lat="43.6206280" lon="-110.6266870">
    <ele>2029.4</ele>
   </trkpt>
   <trkpt lat="43.6206280" lon="-110.6267780">
    <ele>2029.4</ele>
   </trkpt>
   <trkpt lat="43.6206250" lon="-110.6268700">
    <ele>2029.4</ele>
   </trkpt>
   <trkpt lat="43.6206250" lon="-110.6269660">
    <ele>2029.6</ele>
   </trkpt>
   <trkpt lat="43.6206250" lon="-110.6270290">
    <ele>2029.6</ele>
   </trkpt>
   <trkpt lat="43.6206300" lon="-110.6271040">
    <ele>2029.6</ele>
   </trkpt>
   <trkpt lat="43.6206510" lon="-110.6271710">
    <ele>2029.8</ele>
   </trkpt>
   <trkpt lat="43.6206900" lon="-110.6272150">
    <ele>2030.0</ele>
   </trkpt>
   <trkpt lat="43.6207410" lon="-110.6272350">
    <ele>2030.0</ele>
   </trkpt>
   <trkpt lat="43.6208040" lon="-110.6272350">
    <ele>2030.2</ele>
   </trkpt>
   <trkpt lat="43.6208470" lon="-110.6272350">
    <ele>2030.2</ele>
   </trkpt>
   <trkpt lat="43.6209040" lon="-110.6272350">
    <ele>2030.4</ele>
   </trkpt>
   <trkpt lat="43.6209610" lon="-110.6272350">
    <ele>2030.4</ele>
   </trkpt>
   <trkpt lat="43.6210150" lon="-110.6272350">
    <ele>2030.4</ele>
   </trkpt>
   <trkpt lat="43.6210720" lon="-110.6272350">
    <ele>2030.6</ele>
   </trkpt>
   <trkpt lat="43.6211250" lon="-110.6272280">
    <ele>2030.6</ele>
   </trkpt>
   <trkpt lat="43.6211760" lon="-110.6272270">
    <ele>2030.6</ele>
   </trkpt>
   <trkpt lat="43.6212380" lon="-110.6272200">
    <ele>2030.8</ele>
   </trkpt>
   <trkpt lat="43.6212770" lon="-110.6272200">
    <ele>2030.8</ele>
   </trkpt>
   <trkpt lat="43.6213270" lon="-110.6272200">
    <ele>2030.8</ele>
   </trkpt>
   <trkpt lat="43.6213770" lon="-110.6272220">
    <ele>2030.8</ele>
   </trkpt>
   <trkpt lat="43.6214260" lon="-110.6272370">
    <ele>2030.8</ele>
   </trkpt>
   <trkpt lat="43.6214760" lon="-110.6272630">
    <ele>2030.8</ele>
   </trkpt>
   <trkpt lat="43.6215270" lon="-110.6273080">
    <ele>2030.6</ele>
   </trkpt>
   <trkpt lat="43.6215540" lon="-110.6273550">
    <ele>2030.6</ele>
   </trkpt>
   <trkpt lat="43.6215790" lon="-110.6274170">
    <ele>2030.6</ele>
   </trkpt>
   <trkpt lat="43.6215870" lon="-110.6274870">
    <ele>2030.4</ele>
   </trkpt>
   <trkpt lat="43.6215940" lon="-110.6275650">
    <ele>2030.2</ele>
   </trkpt>
   <trkpt lat="43.6216010" lon="-110.6276610">
    <ele>2030.2</ele>
   </trkpt>
   <trkpt lat="43.6216050" lon="-110.6277310">
    <ele>2030.0</ele>
   </trkpt>
   <trkpt lat="43.6216050" lon="-110.6278080">
    <ele>2029.8</ele>
   </trkpt>
   <trkpt lat="43.6216010" lon="-110.6279000">
    <ele>2029.8</ele>
   </trkpt>
   <trkpt lat="43.6215970" lon="-110.6279970">
    <ele>2029.8</ele>
   </trkpt>
   <trkpt lat="43.6215970" lon="-110.6280720">
    <ele>2029.8</ele>
   </trkpt>
   <trkpt lat="43.6215940" lon="-110.6281550">
    <ele>2029.6</ele>
   </trkpt>
   <trkpt lat="43.6215930" lon="-110.6282400">
    <ele>2029.6</ele>
   </trkpt>
   <trkpt lat="43.6215900" lon="-110.6283250">
    <ele>2029.4</ele>
   </trkpt>
   <trkpt lat="43.6215900" lon="-110.6284300">
    <ele>2029.4</ele>
   </trkpt>
   <trkpt lat="43.6215900" lon="-110.6284990">
    <ele>2029.2</ele>
   </trkpt>
   <trkpt lat="43.6215940" lon="-110.6285760">
    <ele>2029.2</ele>
   </trkpt>
   <trkpt lat="43.6216060" lon="-110.6286750">
    <ele>2029.2</ele>
   </trkpt>
   <trkpt lat="43.6216220" lon="-110.6287500">
    <ele>2029.2</ele>
   </trkpt>
   <trkpt lat="43.6216450" lon="-110.6288110">
    <ele>2029.2</ele>
   </trkpt>
   <trkpt lat="43.6216800" lon="-110.6288700">
    <ele>2029.2</ele>
   </trkpt>
   <trkpt lat="43.6217220" lon="-110.6289080">
    <ele>2029.2</ele>
   </trkpt>
   <trkpt lat="43.6217680" lon="-110.6289380">
    <ele>2029.2</ele>
   </trkpt>
   <trkpt lat="43.6218220" lon="-110.6289530">
    <ele>2029.4</ele>
   </trkpt>
   <trkpt lat="43.6218750" lon="-110.6289680">
    <ele>2029.4</ele>
   </trkpt>
   <trkpt lat="43.6219290" lon="-110.6289830">
    <ele>2029.6</ele>
   </trkpt>
   <trkpt lat="43.6219940" lon="-110.6289900">
    <ele>2029.6</ele>
   </trkpt>
   <trkpt lat="43.6220350" lon="-110.6289900">
    <ele>2029.8</ele>
   </trkpt>
   <trkpt lat="43.6220860" lon="-110.6289900">
    <ele>2029.8</ele>
   </trkpt>
   <trkpt lat="43.6221340" lon="-110.6289890">
    <ele>2029.8</ele>
   </trkpt>
   <trkpt lat="43.6221770" lon="-110.6289730">
    <ele>2030.0</ele>
   </trkpt>
   <trkpt lat="43.6222300" lon="-110.6289410">
    <ele>2030.0</ele>
   </trkpt>
   <trkpt lat="43.6222630" lon="-110.6289030">
    <ele>2030.0</ele>
   </trkpt>
   <trkpt lat="43.6222850" lon="-110.6288650">
    <ele>2030.0</ele>
   </trkpt>
   <trkpt lat="43.6223040" lon="-110.6288190">
    <ele>2030.0</ele>
   </trkpt>
   <trkpt lat="43.6223190" lon="-110.6287750">
    <ele>2030.0</ele>
   </trkpt>
   <trkpt lat="43.6223310" lon="-110.6287610">
    <ele>2030.0</ele>
   </trkpt>
   <trkpt lat="43.6223450" lon="-110.6287540">
    <ele>2030.2</ele>
   </trkpt>
   <trkpt lat="43.6223530" lon="-110.6287540">
    <ele>2030.2</ele>
   </trkpt>
   <trkpt lat="43.6223530" lon="-110.6287540">
    <ele>2030.2</ele>
   </trkpt>
   <trkpt lat="43.6223530" lon="-110.6287540">
    <ele>2030.2</ele>
   </trkpt>
   <trkpt lat="43.6223530" lon="-110.6287540">
    <ele>2030.2</ele>
   </trkpt>
   <trkpt lat="43.6223570" lon="-110.6287540">
    <ele>2030.2</ele>
   </trkpt>
   <trkpt lat="43.6223600" lon="-110.6287540">
    <ele>2030.2</ele>
   </trkpt>
  </trkseg>
 </trk>
</gpx>
