<?xml version="1.0" encoding="UTF-8"?>
  <gpx version="1.1" creator="Velodrome Sample Ride"
    xmlns="http://www.topografix.com/GPX/1/1"
    xmlns:gpxtpx="http://www.garmin.com/xmlschemas/TrackPointExtension/v1"
    xmlns:xsi="http://www.w3.org/2001/XMLSchema-instance"
    xsi:schemaLocation="http://www.topografix.com/GPX/1/1 http://www.topografix.com/GPX/1/1/gpx.xsd">
    <metadata>
      <name>Sample Morning Ride</name>
      <desc>A 25-minute hilly loop — for demo purposes</desc>
      <time>2024-06-15T08:00:00.000Z</time>
    </metadata>
    <trk>
      <name>Sample Morning Ride</name>
      <type>cycling</type>
      <trkseg>
        <trkpt lat="37.7749000" lon="-122.3914000">
          <ele>85.0</ele>
          <time>2024-06-15T08:00:00.000Z</time>
          <extensions>
            <gpxtpx:TrackPointExtension>
              <gpxtpx:hr>145</gpxtpx:hr>
              <gpxtpx:cad>88</gpxtpx:cad>
              <gpxtpx:speed>6.500</gpxtpx:speed>
            </gpxtpx:TrackPointExtension>
          </extensions>
        </trkpt>
        <trkpt lat="37.7754541" lon="-122.3912680">
          <ele>88.8</ele>
          <time>2024-06-15T08:00:05.000Z</time>
          <extensions>
            <gpxtpx:TrackPointExtension>
              <gpxtpx:hr>152</gpxtpx:hr>
              <gpxtpx:cad>85</gpxtpx:cad>
              <gpxtpx:speed>6.113</gpxtpx:speed>
            </gpxtpx:TrackPointExtension>
          </extensions>
        </trkpt>
        <trkpt lat="37.7760077" lon="-122.3911472">
          <ele>92.6</ele>
          <time>2024-06-15T08:00:10.000Z</time>
          <extensions>
            <gpxtpx:TrackPointExtension>
              <gpxtpx:hr>152</gpxtpx:hr>
              <gpxtpx:cad>86</gpxtpx:cad>
              <gpxtpx:speed>6.190</gpxtpx:speed>
            </gpxtpx:TrackPointExtension>
          </extensions>
        </trkpt>
        <trkpt lat="37.7765602" lon="-122.3910383">
          <ele>96.4</ele>
          <time>2024-06-15T08:00:15.000Z</time>
          <extensions>
            <gpxtpx:TrackPointExtension>
              <gpxtpx:hr>152</gpxtpx:hr>
              <gpxtpx:cad>86</gpxtpx:cad>
              <gpxtpx:speed>6.270</gpxtpx:speed>
            </gpxtpx:TrackPointExtension>
          </extensions>
        </trkpt>
        <trkpt lat="37.7771111" lon="-122.3909418">
          <ele>100.0</ele>
          <time>2024-06-15T08:00:20.000Z</time>
          <extensions>
            <gpxtpx:TrackPointExtension>
              <gpxtpx:hr>153</gpxtpx:hr>
              <gpxtpx:cad>87</gpxtpx:cad>
              <gpxtpx:speed>6.352</gpxtpx:speed>
            </gpxtpx:TrackPointExtension>
          </extensions>
        </trkpt>
        <trkpt lat="37.7776599" lon="-122.3908581">
          <ele>103.5</ele>
          <time>2024-06-15T08:00:25.000Z</time>
          <extensions>
            <gpxtpx:TrackPointExtension>
              <gpxtpx:hr>153</gpxtpx:hr>
              <gpxtpx:cad>87</gpxtpx:cad>
              <gpxtpx:speed>6.436</gpxtpx:speed>
            </gpxtpx:TrackPointExtension>
          </extensions>
        </trkpt>
        <trkpt lat="37.7782061" lon="-122.3907877">
          <ele>106.9</ele>
          <time>2024-06-15T08:00:30.000Z</time>
          <extensions>
            <gpxtpx:TrackPointExtension>
              <gpxtpx:hr>153</gpxtpx:hr>
              <gpxtpx:cad>87</gpxtpx:cad>
              <gpxtpx:speed>6.520</gpxtpx:speed>
            </gpxtpx:TrackPointExtension>
          </extensions>
        </trkpt>
        <trkpt lat="37.7787490" lon="-122.3907311">
          <ele>110.0</ele>
          <time>2024-06-15T08:00:35.000Z</time>
          <extensions>
            <gpxtpx:TrackPointExtension>
              <gpxtpx:hr>154</gpxtpx:hr>
              <gpxtpx:cad>88</gpxtpx:cad>
              <gpxtpx:speed>6.604</gpxtpx:speed>
            </gpxtpx:TrackPointExtension>
          </extensions>
        </trkpt>
        <trkpt lat="37.7792883" lon="-122.3906888">
          <ele>113.0</ele>
          <time>2024-06-15T08:00:40.000Z</time>
          <extensions>
            <gpxtpx:TrackPointExtension>
              <gpxtpx:hr>154</gpxtpx:hr>
              <gpxtpx:cad>88</gpxtpx:cad>
              <gpxtpx:speed>6.686</gpxtpx:speed>
            </gpxtpx:TrackPointExtension>
          </extensions>
        </trkpt>
        <trkpt lat="37.7798235" lon="-122.3906610">
          <ele>115.8</ele>
          <time>2024-06-15T08:00:45.000Z</time>
          <extensions>
            <gpxtpx:TrackPointExtension>
              <gpxtpx:hr>154</gpxtpx:hr>
              <gpxtpx:cad>89</gpxtpx:cad>
              <gpxtpx:speed>6.766</gpxtpx:speed>
            </gpxtpx:TrackPointExtension>
          </extensions>
        </trkpt>
        <trkpt lat="37.7803540" lon="-122.3906483">
          <ele>118.4</ele>
          <time>2024-06-15T08:00:50.000Z</time>
          <extensions>
            <gpxtpx:TrackPointExtension>
              <gpxtpx:hr>154</gpxtpx:hr>
              <gpxtpx:cad>89</gpxtpx:cad>
              <gpxtpx:speed>6.843</gpxtpx:speed>
            </gpxtpx:TrackPointExtension>
          </extensions>
        </trkpt>
        <trkpt lat="37.7808795" lon="-122.3906508">
          <ele>120.8</ele>
          <time>2024-06-15T08:00:55.000Z</time>
          <extensions>
            <gpxtpx:TrackPointExtension>
              <gpxtpx:hr>154</gpxtpx:hr>
              <gpxtpx:cad>89</gpxtpx:cad>
              <gpxtpx:speed>6.915</gpxtpx:speed>
            </gpxtpx:TrackPointExtension>
          </extensions>
        </trkpt>
        <trkpt lat="37.7813994" lon="-122.3906691">
          <ele>123.0</ele>
          <time>2024-06-15T08:01:00.000Z</time>
          <extensions>
            <gpxtpx:TrackPointExtension>
              <gpxtpx:hr>154</gpxtpx:hr>
              <gpxtpx:cad>90</gpxtpx:cad>
              <gpxtpx:speed>6.982</gpxtpx:speed>
            </gpxtpx:TrackPointExtension>
          </extensions>
        </trkpt>
        <trkpt lat="37.7819134" lon="-122.3907033">
          <ele>125.1</ele>
          <time>2024-06-15T08:01:05.000Z</time>
          <extensions>
            <gpxtpx:TrackPointExtension>
              <gpxtpx:hr>154</gpxtpx:hr>
              <gpxtpx:cad>90</gpxtpx:cad>
              <gpxtpx:speed>7.043</gpxtpx:speed>
            </gpxtpx:TrackPointExtension>
          </extensions>
        </trkpt>
        <trkpt lat="37.7824211" lon="-122.3907537">
          <ele>126.9</ele>
          <time>2024-06-15T08:01:10.000Z</time>
          <extensions>
            <gpxtpx:TrackPointExtension>
              <gpxtpx:hr>154</gpxtpx:hr>
              <gpxtpx:cad>90</gpxtpx:cad>
              <gpxtpx:speed>7.098</gpxtpx:speed>
            </gpxtpx:TrackPointExtension>
          </extensions>
        </trkpt>
        <trkpt lat="37.7829220" lon="-122.3908206">
          <ele>128.6</ele>
          <time>2024-06-15T08:01:15.000Z</time>
          <extensions>
            <gpxtpx:TrackPointExtension>
              <gpxtpx:hr>154</gpxtpx:hr>
              <gpxtpx:cad>90</gpxtpx:cad>
              <gpxtpx:speed>7.145</gpxtpx:speed>
            </gpxtpx:TrackPointExtension>
          </extensions>
        </trkpt>
        <trkpt lat="37.7834159" lon="-122.3909039">
          <ele>130.2</ele>
          <time>2024-06-15T08:01:20.000Z</time>
          <extensions>
            <gpxtpx:TrackPointExtension>
              <gpxtpx:hr>154</gpxtpx:hr>
              <gpxtpx:cad>91</gpxtpx:cad>
              <gpxtpx:speed>7.184</gpxtpx:speed>
            </gpxtpx:TrackPointExtension>
          </extensions>
        </trkpt>
        <trkpt lat="37.7839023" lon="-122.3910040">
          <ele>131.7</ele>
          <time>2024-06-15T08:01:25.000Z</time>
          <extensions>
            <gpxtpx:TrackPointExtension>
              <gpxtpx:hr>154</gpxtpx:hr>
              <gpxtpx:cad>91</gpxtpx:cad>
              <gpxtpx:speed>7.216</gpxtpx:speed>
            </gpxtpx:TrackPointExtension>
          </extensions>
        </trkpt>
        <trkpt lat="37.7843811" lon="-122.3911209">
          <ele>133.1</ele>
          <time>2024-06-15T08:01:30.000Z</time>
          <extensions>
            <gpxtpx:TrackPointExtension>
              <gpxtpx:hr>154</gpxtpx:hr>
              <gpxtpx:cad>91</gpxtpx:cad>
              <gpxtpx:speed>7.240</gpxtpx:speed>
            </gpxtpx:TrackPointExtension>
          </extensions>
        </trkpt>
        <trkpt lat="37.7848518" lon="-122.3912545">
          <ele>134.5</ele>
          <time>2024-06-15T08:01:35.000Z</time>
          <extensions>
            <gpxtpx:TrackPointExtension>
              <gpxtpx:hr>154</gpxtpx:hr>
              <gpxtpx:cad>91</gpxtpx:cad>
              <gpxtpx:speed>7.256</gpxtpx:speed>
            </gpxtpx:TrackPointExtension>
          </extensions>
        </trkpt>
        <trkpt lat="37.7853142" lon="-122.3914050">
          <ele>135.9</ele>
          <time>2024-06-15T08:01:40.000Z</time>
          <extensions>
            <gpxtpx:TrackPointExtension>
              <gpxtpx:hr>155</gpxtpx:hr>
              <gpxtpx:cad>91</gpxtpx:cad>
              <gpxtpx:speed>7.264</gpxtpx:speed>
            </gpxtpx:TrackPointExtension>
          </extensions>
        </trkpt>
        <trkpt lat="37.7857681" lon="-122.3915723">
          <ele>137.3</ele>
          <time>2024-06-15T08:01:45.000Z</time>
          <extensions>
            <gpxtpx:TrackPointExtension>
              <gpxtpx:hr>155</gpxtpx:hr>
              <gpxtpx:cad>91</gpxtpx:cad>
              <gpxtpx:speed>7.265</gpxtpx:speed>
            </gpxtpx:TrackPointExtension>
          </extensions>
        </trkpt>
        <trkpt lat="37.7862133" lon="-122.3917563">
          <ele>138.7</ele>
          <time>2024-06-15T08:01:50.000Z</time>
          <extensions>
            <gpxtpx:TrackPointExtension>
              <gpxtpx:hr>155</gpxtpx:hr>
              <gpxtpx:cad>90</gpxtpx:cad>
              <gpxtpx:speed>7.260</gpxtpx:speed>
            </gpxtpx:TrackPointExtension>
          </extensions>
        </trkpt>
        <trkpt lat="37.7866496" lon="-122.3919568">
          <ele>140.1</ele>
          <time>2024-06-15T08:01:55.000Z</time>
          <extensions>
            <gpxtpx:TrackPointExtension>
              <gpxtpx:hr>155</gpxtpx:hr>
              <gpxtpx:cad>90</gpxtpx:cad>
              <gpxtpx:speed>7.249</gpxtpx:speed>
            </gpxtpx:TrackPointExtension>
          </extensions>
        </trkpt>
        <trkpt lat="37.7870767" lon="-122.3921737">
          <ele>141.6</ele>
          <time>2024-06-15T08:02:00.000Z</time>
          <extensions>
            <gpxtpx:TrackPointExtension>
              <gpxtpx:hr>155</gpxtpx:hr>
              <gpxtpx:cad>90</gpxtpx:cad>
              <gpxtpx:speed>7.233</gpxtpx:speed>
            </gpxtpx:TrackPointExtension>
          </extensions>
        </trkpt>
        <trkpt lat="37.7874947" lon="-122.3924068">
          <ele>143.2</ele>
          <time>2024-06-15T08:02:05.000Z</time>
          <extensions>
            <gpxtpx:TrackPointExtension>
              <gpxtpx:hr>155</gpxtpx:hr>
              <gpxtpx:cad>90</gpxtpx:cad>
              <gpxtpx:speed>7.212</gpxtpx:speed>
            </gpxtpx:TrackPointExtension>
          </extensions>
        </trkpt>
        <trkpt lat="37.7879033" lon="-122.3926559">
          <ele>144.8</ele>
          <time>2024-06-15T08:02:10.000Z</time>
          <extensions>
            <gpxtpx:TrackPointExtension>
              <gpxtpx:hr>155</gpxtpx:hr>
              <gpxtpx:cad>90</gpxtpx:cad>
              <gpxtpx:speed>7.188</gpxtpx:speed>
            </gpxtpx:TrackPointExtension>
          </extensions>
        </trkpt>
        <trkpt lat="37.7883026" lon="-122.3929206">
          <ele>146.5</ele>
          <time>2024-06-15T08:02:15.000Z</time>
          <extensions>
            <gpxtpx:TrackPointExtension>
              <gpxtpx:hr>155</gpxtpx:hr>
              <gpxtpx:cad>90</gpxtpx:cad>
              <gpxtpx:speed>7.161</gpxtpx:speed>
            </gpxtpx:TrackPointExtension>
          </extensions>
        </trkpt>
        <trkpt lat="37.7886923" lon="-122.3932006">
          <ele>148.3</ele>
          <time>2024-06-15T08:02:20.000Z</time>
          <extensions>
            <gpxtpx:TrackPointExtension>
              <gpxtpx:hr>155</gpxtpx:hr>
              <gpxtpx:cad>89</gpxtpx:cad>
              <gpxtpx:speed>7.133</gpxtpx:speed>
            </gpxtpx:TrackPointExtension>
          </extensions>
        </trkpt>
        <trkpt lat="37.7890725" lon="-122.3934956">
          <ele>150.1</ele>
          <time>2024-06-15T08:02:25.000Z</time>
          <extensions>
            <gpxtpx:TrackPointExtension>
              <gpxtpx:hr>156</gpxtpx:hr>
              <gpxtpx:cad>89</gpxtpx:cad>
              <gpxtpx:speed>7.104</gpxtpx:speed>
            </gpxtpx:TrackPointExtension>
          </extensions>
        </trkpt>
        <trkpt lat="37.7894432" lon="-122.3938053">
          <ele>152.0</ele>
          <time>2024-06-15T08:02:30.000Z</time>
          <extensions>
            <gpxtpx:TrackPointExtension>
              <gpxtpx:hr>155</gpxtpx:hr>
              <gpxtpx:cad>89</gpxtpx:cad>
              <gpxtpx:speed>7.075</gpxtpx:speed>
            </gpxtpx:TrackPointExtension>
          </extensions>
        </trkpt>
        <trkpt lat="37.7898044" lon="-122.3941291">
          <ele>153.9</ele>
          <time>2024-06-15T08:02:35.000Z</time>
          <extensions>
            <gpxtpx:TrackPointExtension>
              <gpxtpx:hr>155</gpxtpx:hr>
              <gpxtpx:cad>89</gpxtpx:cad>
              <gpxtpx:speed>7.046</gpxtpx:speed>
            </gpxtpx:TrackPointExtension>
          </extensions>
        </trkpt>
        <trkpt lat="37.7901560" lon="-122.3944666">
          <ele>155.8</ele>
          <time>2024-06-15T08:02:40.000Z</time>
          <extensions>
            <gpxtpx:TrackPointExtension>
              <gpxtpx:hr>155</gpxtpx:hr>
              <gpxtpx:cad>89</gpxtpx:cad>
              <gpxtpx:speed>7.019</gpxtpx:speed>
            </gpxtpx:TrackPointExtension>
          </extensions>
        </trkpt>
        <trkpt lat="37.7904982" lon="-122.3948175">
          <ele>157.7</ele>
          <time>2024-06-15T08:02:45.000Z</time>
          <extensions>
            <gpxtpx:TrackPointExtension>
              <gpxtpx:hr>155</gpxtpx:hr>
              <gpxtpx:cad>89</gpxtpx:cad>
              <gpxtpx:speed>6.994</gpxtpx:speed>
            </gpxtpx:TrackPointExtension>
          </extensions>
        </trkpt>
        <trkpt lat="37.7908310" lon="-122.3951812">
          <ele>159.6</ele>
          <time>2024-06-15T08:02:50.000Z</time>
          <extensions>
            <gpxtpx:TrackPointExtension>
              <gpxtpx:hr>155</gpxtpx:hr>
              <gpxtpx:cad>89</gpxtpx:cad>
              <gpxtpx:speed>6.972</gpxtpx:speed>
            </gpxtpx:TrackPointExtension>
          </extensions>
        </trkpt>
        <trkpt lat="37.7911545" lon="-122.3955571">
          <ele>161.4</ele>
          <time>2024-06-15T08:02:55.000Z</time>
          <extensions>
            <gpxtpx:TrackPointExtension>
              <gpxtpx:hr>155</gpxtpx:hr>
              <gpxtpx:cad>89</gpxtpx:cad>
              <gpxtpx:speed>6.951</gpxtpx:speed>
            </gpxtpx:TrackPointExtension>
          </extensions>
        </trkpt>
        <trkpt lat="37.7914687" lon="-122.3959449">
          <ele>163.2</ele>
          <time>2024-06-15T08:03:00.000Z</time>
          <extensions>
            <gpxtpx:TrackPointExtension>
              <gpxtpx:hr>155</gpxtpx:hr>
              <gpxtpx:cad>89</gpxtpx:cad>
              <gpxtpx:speed>6.934</gpxtpx:speed>
            </gpxtpx:TrackPointExtension>
          </extensions>
        </trkpt>
        <trkpt lat="37.7917739" lon="-122.3963439">
          <ele>164.9</ele>
          <time>2024-06-15T08:03:05.000Z</time>
          <extensions>
            <gpxtpx:TrackPointExtension>
              <gpxtpx:hr>154</gpxtpx:hr>
              <gpxtpx:cad>89</gpxtpx:cad>
              <gpxtpx:speed>6.919</gpxtpx:speed>
            </gpxtpx:TrackPointExtension>
          </extensions>
        </trkpt>
        <trkpt lat="37.7920701" lon="-122.3967536">
          <ele>166.5</ele>
          <time>2024-06-15T08:03:10.000Z</time>
          <extensions>
            <gpxtpx:TrackPointExtension>
              <gpxtpx:hr>154</gpxtpx:hr>
              <gpxtpx:cad>89</gpxtpx:cad>
              <gpxtpx:speed>6.907</gpxtpx:speed>
            </gpxtpx:TrackPointExtension>
          </extensions>
        </trkpt>
        <trkpt lat="37.7923574" lon="-122.3971735">
          <ele>168.1</ele>
          <time>2024-06-15T08:03:15.000Z</time>
          <extensions>
            <gpxtpx:TrackPointExtension>
              <gpxtpx:hr>154</gpxtpx:hr>
              <gpxtpx:cad>89</gpxtpx:cad>
              <gpxtpx:speed>6.897</gpxtpx:speed>
            </gpxtpx:TrackPointExtension>
          </extensions>
        </trkpt>
        <trkpt lat="37.7926360" lon="-122.3976031">
          <ele>169.5</ele>
          <time>2024-06-15T08:03:20.000Z</time>
          <extensions>
            <gpxtpx:TrackPointExtension>
              <gpxtpx:hr>153</gpxtpx:hr>
              <gpxtpx:cad>89</gpxtpx:cad>
              <gpxtpx:speed>6.889</gpxtpx:speed>
            </gpxtpx:TrackPointExtension>
          </extensions>
        </trkpt>
        <trkpt lat="37.7929061" lon="-122.3980417">
          <ele>170.8</ele>
          <time>2024-06-15T08:03:25.000Z</time>
          <extensions>
            <gpxtpx:TrackPointExtension>
              <gpxtpx:hr>153</gpxtpx:hr>
              <gpxtpx:cad>89</gpxtpx:cad>
              <gpxtpx:speed>6.882</gpxtpx:speed>
            </gpxtpx:TrackPointExtension>
          </extensions>
        </trkpt>
        <trkpt lat="37.7931678" lon="-122.3984889">
          <ele>172.0</ele>
          <time>2024-06-15T08:03:30.000Z</time>
          <extensions>
            <gpxtpx:TrackPointExtension>
              <gpxtpx:hr>153</gpxtpx:hr>
              <gpxtpx:cad>89</gpxtpx:cad>
              <gpxtpx:speed>6.877</gpxtpx:speed>
            </gpxtpx:TrackPointExtension>
          </extensions>
        </trkpt>
        <trkpt lat="37.7934212" lon="-122.3989442">
          <ele>173.2</ele>
          <time>2024-06-15T08:03:35.000Z</time>
          <extensions>
            <gpxtpx:TrackPointExtension>
              <gpxtpx:hr>152</gpxtpx:hr>
              <gpxtpx:cad>89</gpxtpx:cad>
              <gpxtpx:speed>6.873</gpxtpx:speed>
            </gpxtpx:TrackPointExtension>
          </extensions>
        </trkpt>
        <trkpt lat="37.7936666" lon="-122.3994069">
          <ele>174.3</ele>
          <time>2024-06-15T08:03:40.000Z</time>
          <extensions>
            <gpxtpx:TrackPointExtension>
              <gpxtpx:hr>152</gpxtpx:hr>
              <gpxtpx:cad>89</gpxtpx:cad>
              <gpxtpx:speed>6.868</gpxtpx:speed>
            </gpxtpx:TrackPointExtension>
          </extensions>
        </trkpt>
        <trkpt lat="37.7939042" lon="-122.3998766">
          <ele>175.3</ele>
          <time>2024-06-15T08:03:45.000Z</time>
          <extensions>
            <gpxtpx:TrackPointExtension>
              <gpxtpx:hr>152</gpxtpx:hr>
              <gpxtpx:cad>89</gpxtpx:cad>
              <gpxtpx:speed>6.864</gpxtpx:speed>
            </gpxtpx:TrackPointExtension>
          </extensions>
        </trkpt>
        <trkpt lat="37.7941340" lon="-122.4003528">
          <ele>176.2</ele>
          <time>2024-06-15T08:03:50.000Z</time>
          <extensions>
            <gpxtpx:TrackPointExtension>
              <gpxtpx:hr>152</gpxtpx:hr>
              <gpxtpx:cad>89</gpxtpx:cad>
              <gpxtpx:speed>6.858</gpxtpx:speed>
            </gpxtpx:TrackPointExtension>
          </extensions>
        </trkpt>
        <trkpt lat="37.7943563" lon="-122.4008350">
          <ele>177.2</ele>
          <time>2024-06-15T08:03:55.000Z</time>
          <extensions>
            <gpxtpx:TrackPointExtension>
              <gpxtpx:hr>151</gpxtpx:hr>
              <gpxtpx:cad>89</gpxtpx:cad>
              <gpxtpx:speed>6.851</gpxtpx:speed>
            </gpxtpx:TrackPointExtension>
          </extensions>
        </trkpt>
        <trkpt lat="37.7945712" lon="-122.4013228">
          <ele>178.1</ele>
          <time>2024-06-15T08:04:00.000Z</time>
          <extensions>
            <gpxtpx:TrackPointExtension>
              <gpxtpx:hr>151</gpxtpx:hr>
              <gpxtpx:cad>89</gpxtpx:cad>
              <gpxtpx:speed>6.843</gpxtpx:speed>
            </gpxtpx:TrackPointExtension>
          </extensions>
        </trkpt>
        <trkpt lat="37.7947788" lon="-122.4018156">
          <ele>179.1</ele>
          <time>2024-06-15T08:04:05.000Z</time>
          <extensions>
            <gpxtpx:TrackPointExtension>
              <gpxtpx:hr>151</gpxtpx:hr>
              <gpxtpx:cad>89</gpxtpx:cad>
              <gpxtpx:speed>6.832</gpxtpx:speed>
            </gpxtpx:TrackPointExtension>
          </extensions>
        </trkpt>
        <trkpt lat="37.7949795" lon="-122.4023132">
          <ele>180.2</ele>
          <time>2024-06-15T08:04:10.000Z</time>
          <extensions>
            <gpxtpx:TrackPointExtension>
              <gpxtpx:hr>151</gpxtpx:hr>
              <gpxtpx:cad>89</gpxtpx:cad>
              <gpxtpx:speed>6.820</gpxtpx:speed>
            </gpxtpx:TrackPointExtension>
          </extensions>
        </trkpt>
        <trkpt lat="37.7951732" lon="-122.4028150">
          <ele>181.3</ele>
          <time>2024-06-15T08:04:15.000Z</time>
          <extensions>
            <gpxtpx:TrackPointExtension>
              <gpxtpx:hr>151</gpxtpx:hr>
              <gpxtpx:cad>88</gpxtpx:cad>
              <gpxtpx:speed>6.805</gpxtpx:speed>
            </gpxtpx:TrackPointExtension>
          </extensions>
        </trkpt>
        <trkpt lat="37.7953601" lon="-122.4033208">
          <ele>182.6</ele>
          <time>2024-06-15T08:04:20.000Z</time>
          <extensions>
            <gpxtpx:TrackPointExtension>
              <gpxtpx:hr>151</gpxtpx:hr>
              <gpxtpx:cad>88</gpxtpx:cad>
              <gpxtpx:speed>6.789</gpxtpx:speed>
            </gpxtpx:TrackPointExtension>
          </extensions>
        </trkpt>
        <trkpt lat="37.7955404" lon="-122.4038301">
          <ele>184.0</ele>
          <time>2024-06-15T08:04:25.000Z</time>
          <extensions>
            <gpxtpx:TrackPointExtension>
              <gpxtpx:hr>151</gpxtpx:hr>
              <gpxtpx:cad>88</gpxtpx:cad>
              <gpxtpx:speed>6.770</gpxtpx:speed>
            </gpxtpx:TrackPointExtension>
          </extensions>
        </trkpt>
        <trkpt lat="37.7957141" lon="-122.4043428">
          <ele>185.5</ele>
          <time>2024-06-15T08:04:30.000Z</time>
          <extensions>
            <gpxtpx:TrackPointExtension>
              <gpxtpx:hr>151</gpxtpx:hr>
              <gpxtpx:cad>88</gpxtpx:cad>
              <gpxtpx:speed>6.749</gpxtpx:speed>
            </gpxtpx:TrackPointExtension>
          </extensions>
        </trkpt>
        <trkpt lat="37.7958815" lon="-122.4048584">
          <ele>187.2</ele>
          <time>2024-06-15T08:04:35.000Z</time>
          <extensions>
            <gpxtpx:TrackPointExtension>
              <gpxtpx:hr>152</gpxtpx:hr>
              <gpxtpx:cad>88</gpxtpx:cad>
              <gpxtpx:speed>6.726</gpxtpx:speed>
            </gpxtpx:TrackPointExtension>
          </extensions>
        </trkpt>
        <trkpt lat="37.7960425" lon="-122.4053768">
          <ele>189.0</ele>
          <time>2024-06-15T08:04:40.000Z</time>
          <extensions>
            <gpxtpx:TrackPointExtension>
              <gpxtpx:hr>152</gpxtpx:hr>
              <gpxtpx:cad>87</gpxtpx:cad>
              <gpxtpx:speed>6.701</gpxtpx:speed>
            </gpxtpx:TrackPointExtension>
          </extensions>
        </trkpt>
        <trkpt lat="37.7961973" lon="-122.4058976">
          <ele>191.0</ele>
          <time>2024-06-15T08:04:45.000Z</time>
          <extensions>
            <gpxtpx:TrackPointExtension>
              <gpxtpx:hr>152</gpxtpx:hr>
              <gpxtpx:cad>87</gpxtpx:cad>
              <gpxtpx:speed>6.676</gpxtpx:speed>
            </gpxtpx:TrackPointExtension>
          </extensions>
        </trkpt>
        <trkpt lat="37.7963459" lon="-122.4064208">
          <ele>193.2</ele>
          <time>2024-06-15T08:04:50.000Z</time>
          <extensions>
            <gpxtpx:TrackPointExtension>
              <gpxtpx:hr>152</gpxtpx:hr>
              <gpxtpx:cad>87</gpxtpx:cad>
              <gpxtpx:speed>6.650</gpxtpx:speed>
            </gpxtpx:TrackPointExtension>
          </extensions>
        </trkpt>
        <trkpt lat="37.7964883" lon="-122.4069462">
          <ele>195.5</ele>
          <time>2024-06-15T08:04:55.000Z</time>
          <extensions>
            <gpxtpx:TrackPointExtension>
              <gpxtpx:hr>152</gpxtpx:hr>
              <gpxtpx:cad>86</gpxtpx:cad>
              <gpxtpx:speed>6.623</gpxtpx:speed>
            </gpxtpx:TrackPointExtension>
          </extensions>
        </trkpt>
        <trkpt lat="37.7966247" lon="-122.4074736">
          <ele>198.0</ele>
          <time>2024-06-15T08:05:00.000Z</time>
          <extensions>
            <gpxtpx:TrackPointExtension>
              <gpxtpx:hr>153</gpxtpx:hr>
              <gpxtpx:cad>86</gpxtpx:cad>
              <gpxtpx:speed>6.597</gpxtpx:speed>
            </gpxtpx:TrackPointExtension>
          </extensions>
        </trkpt>
        <trkpt lat="37.7967549" lon="-122.4080029">
          <ele>200.6</ele>
          <time>2024-06-15T08:05:05.000Z</time>
          <extensions>
            <gpxtpx:TrackPointExtension>
              <gpxtpx:hr>153</gpxtpx:hr>
              <gpxtpx:cad>86</gpxtpx:cad>
              <gpxtpx:speed>6.571</gpxtpx:speed>
            </gpxtpx:TrackPointExtension>
          </extensions>
        </trkpt>
        <trkpt lat="37.7968791" lon="-122.4085339">
          <ele>203.3</ele>
          <time>2024-06-15T08:05:10.000Z</time>
          <extensions>
            <gpxtpx:TrackPointExtension>
              <gpxtpx:hr>153</gpxtpx:hr>
              <gpxtpx:cad>85</gpxtpx:cad>
              <gpxtpx:speed>6.545</gpxtpx:speed>
            </gpxtpx:TrackPointExtension>
          </extensions>
        </trkpt>
        <trkpt lat="37.7969972" lon="-122.4090668">
          <ele>206.0</ele>
          <time>2024-06-15T08:05:15.000Z</time>
          <extensions>
            <gpxtpx:TrackPointExtension>
              <gpxtpx:hr>153</gpxtpx:hr>
              <gpxtpx:cad>85</gpxtpx:cad>
              <gpxtpx:speed>6.521</gpxtpx:speed>
            </gpxtpx:TrackPointExtension>
          </extensions>
        </trkpt>
        <trkpt lat="37.7971092" lon="-122.4096014">
          <ele>208.8</ele>
          <time>2024-06-15T08:05:20.000Z</time>
          <extensions>
            <gpxtpx:TrackPointExtension>
              <gpxtpx:hr>153</gpxtpx:hr>
              <gpxtpx:cad>85</gpxtpx:cad>
              <gpxtpx:speed>6.497</gpxtpx:speed>
            </gpxtpx:TrackPointExtension>
          </extensions>
        </trkpt>
        <trkpt lat="37.7972150" lon="-122.4101377">
          <ele>211.7</ele>
          <time>2024-06-15T08:05:25.000Z</time>
          <extensions>
            <gpxtpx:TrackPointExtension>
              <gpxtpx:hr>153</gpxtpx:hr>
              <gpxtpx:cad>85</gpxtpx:cad>
              <gpxtpx:speed>6.475</gpxtpx:speed>
            </gpxtpx:TrackPointExtension>
          </extensions>
        </trkpt>
        <trkpt lat="37.7973145" lon="-122.4106757">
          <ele>214.5</ele>
          <time>2024-06-15T08:05:30.000Z</time>
          <extensions>
            <gpxtpx:TrackPointExtension>
              <gpxtpx:hr>153</gpxtpx:hr>
              <gpxtpx:cad>84</gpxtpx:cad>
              <gpxtpx:speed>6.453</gpxtpx:speed>
            </gpxtpx:TrackPointExtension>
          </extensions>
        </trkpt>
        <trkpt lat="37.7974078" lon="-122.4112155">
          <ele>217.3</ele>
          <time>2024-06-15T08:05:35.000Z</time>
          <extensions>
            <gpxtpx:TrackPointExtension>
              <gpxtpx:hr>153</gpxtpx:hr>
              <gpxtpx:cad>84</gpxtpx:cad>
              <gpxtpx:speed>6.433</gpxtpx:speed>
            </gpxtpx:TrackPointExtension>
          </extensions>
        </trkpt>
        <trkpt lat="37.7974946" lon="-122.4117570">
          <ele>220.0</ele>
          <time>2024-06-15T08:05:40.000Z</time>
          <extensions>
            <gpxtpx:TrackPointExtension>
              <gpxtpx:hr>153</gpxtpx:hr>
              <gpxtpx:cad>84</gpxtpx:cad>
              <gpxtpx:speed>6.414</gpxtpx:speed>
            </gpxtpx:TrackPointExtension>
          </extensions>
        </trkpt>
        <trkpt lat="37.7975749" lon="-122.4123003">
          <ele>222.6</ele>
          <time>2024-06-15T08:05:45.000Z</time>
          <extensions>
            <gpxtpx:TrackPointExtension>
              <gpxtpx:hr>153</gpxtpx:hr>
              <gpxtpx:cad>84</gpxtpx:cad>
              <gpxtpx:speed>6.396</gpxtpx:speed>
            </gpxtpx:TrackPointExtension>
          </extensions>
        </trkpt>
        <trkpt lat="37.7976485" lon="-122.4128456">
          <ele>225.1</ele>
          <time>2024-06-15T08:05:50.000Z</time>
          <extensions>
            <gpxtpx:TrackPointExtension>
              <gpxtpx:hr>152</gpxtpx:hr>
              <gpxtpx:cad>84</gpxtpx:cad>
              <gpxtpx:speed>6.378</gpxtpx:speed>
            </gpxtpx:TrackPointExtension>
          </extensions>
        </trkpt>
        <trkpt lat="37.7977154" lon="-122.4133928">
          <ele>227.5</ele>
          <time>2024-06-15T08:05:55.000Z</time>
          <extensions>
            <gpxtpx:TrackPointExtension>
              <gpxtpx:hr>152</gpxtpx:hr>
              <gpxtpx:cad>84</gpxtpx:cad>
              <gpxtpx:speed>6.360</gpxtpx:speed>
            </gpxtpx:TrackPointExtension>
          </extensions>
        </trkpt>
        <trkpt lat="37.7977753" lon="-122.4139421">
          <ele>229.7</ele>
          <time>2024-06-15T08:06:00.000Z</time>
          <extensions>
            <gpxtpx:TrackPointExtension>
              <gpxtpx:hr>152</gpxtpx:hr>
              <gpxtpx:cad>84</gpxtpx:cad>
              <gpxtpx:speed>6.342</gpxtpx:speed>
            </gpxtpx:TrackPointExtension>
          </extensions>
        </trkpt>
        <trkpt lat="37.7978281" lon="-122.4144935">
          <ele>231.7</ele>
          <time>2024-06-15T08:06:05.000Z</time>
          <extensions>
            <gpxtpx:TrackPointExtension>
              <gpxtpx:hr>151</gpxtpx:hr>
              <gpxtpx:cad>84</gpxtpx:cad>
              <gpxtpx:speed>6.323</gpxtpx:speed>
            </gpxtpx:TrackPointExtension>
          </extensions>
        </trkpt>
        <trkpt lat="37.7978737" lon="-122.4150470">
          <ele>233.6</ele>
          <time>2024-06-15T08:06:10.000Z</time>
          <extensions>
            <gpxtpx:TrackPointExtension>
              <gpxtpx:hr>151</gpxtpx:hr>
              <gpxtpx:cad>84</gpxtpx:cad>
              <gpxtpx:speed>6.303</gpxtpx:speed>
            </gpxtpx:TrackPointExtension>
          </extensions>
        </trkpt>
        <trkpt lat="37.7979118" lon="-122.4156029">
          <ele>235.4</ele>
          <time>2024-06-15T08:06:15.000Z</time>
          <extensions>
            <gpxtpx:TrackPointExtension>
              <gpxtpx:hr>151</gpxtpx:hr>
              <gpxtpx:cad>84</gpxtpx:cad>
              <gpxtpx:speed>6.282</gpxtpx:speed>
            </gpxtpx:TrackPointExtension>
          </extensions>
        </trkpt>
        <trkpt lat="37.7979423" lon="-122.4161611">
          <ele>236.9</ele>
          <time>2024-06-15T08:06:20.000Z</time>
          <extensions>
            <gpxtpx:TrackPointExtension>
              <gpxtpx:hr>150</gpxtpx:hr>
              <gpxtpx:cad>84</gpxtpx:cad>
              <gpxtpx:speed>6.259</gpxtpx:speed>
            </gpxtpx:TrackPointExtension>
          </extensions>
        </trkpt>
        <trkpt lat="37.7979650" lon="-122.4167217">
          <ele>238.4</ele>
          <time>2024-06-15T08:06:25.000Z</time>
          <extensions>
            <gpxtpx:TrackPointExtension>
              <gpxtpx:hr>150</gpxtpx:hr>
              <gpxtpx:cad>85</gpxtpx:cad>
              <gpxtpx:speed>6.233</gpxtpx:speed>
            </gpxtpx:TrackPointExtension>
          </extensions>
        </trkpt>
        <trkpt lat="37.7979796" lon="-122.4172848">
          <ele>239.7</ele>
          <time>2024-06-15T08:06:30.000Z</time>
          <extensions>
            <gpxtpx:TrackPointExtension>
              <gpxtpx:hr>150</gpxtpx:hr>
              <gpxtpx:cad>85</gpxtpx:cad>
              <gpxtpx:speed>6.205</gpxtpx:speed>
            </gpxtpx:TrackPointExtension>
          </extensions>
        </trkpt>
        <trkpt lat="37.7979861" lon="-122.4178503">
          <ele>241.0</ele>
          <time>2024-06-15T08:06:35.000Z</time>
          <extensions>
            <gpxtpx:TrackPointExtension>
              <gpxtpx:hr>149</gpxtpx:hr>
              <gpxtpx:cad>85</gpxtpx:cad>
              <gpxtpx:speed>6.174</gpxtpx:speed>
            </gpxtpx:TrackPointExtension>
          </extensions>
        </trkpt>
        <trkpt lat="37.7979841" lon="-122.4184184">
          <ele>242.1</ele>
          <time>2024-06-15T08:06:40.000Z</time>
          <extensions>
            <gpxtpx:TrackPointExtension>
              <gpxtpx:hr>149</gpxtpx:hr>
              <gpxtpx:cad>85</gpxtpx:cad>
              <gpxtpx:speed>6.141</gpxtpx:speed>
            </gpxtpx:TrackPointExtension>
          </extensions>
        </trkpt>
        <trkpt lat="37.7979735" lon="-122.4189891">
          <ele>243.3</ele>
          <time>2024-06-15T08:06:45.000Z</time>
          <extensions>
            <gpxtpx:TrackPointExtension>
              <gpxtpx:hr>149</gpxtpx:hr>
              <gpxtpx:cad>85</gpxtpx:cad>
              <gpxtpx:speed>6.106</gpxtpx:speed>
            </gpxtpx:TrackPointExtension>
          </extensions>
        </trkpt>
        <trkpt lat="37.7979541" lon="-122.4195622">
          <ele>244.4</ele>
          <time>2024-06-15T08:06:50.000Z</time>
          <extensions>
            <gpxtpx:TrackPointExtension>
              <gpxtpx:hr>149</gpxtpx:hr>
              <gpxtpx:cad>85</gpxtpx:cad>
              <gpxtpx:speed>6.068</gpxtpx:speed>
            </gpxtpx:TrackPointExtension>
          </extensions>
        </trkpt>
        <trkpt lat="37.7979257" lon="-122.4201378">
          <ele>245.5</ele>
          <time>2024-06-15T08:06:55.000Z</time>
          <extensions>
            <gpxtpx:TrackPointExtension>
              <gpxtpx:hr>149</gpxtpx:hr>
              <gpxtpx:cad>85</gpxtpx:cad>
              <gpxtpx:speed>6.028</gpxtpx:speed>
            </gpxtpx:TrackPointExtension>
          </extensions>
        </trkpt>
        <trkpt lat="37.7978880" lon="-122.4207159">
          <ele>246.7</ele>
          <time>2024-06-15T08:07:00.000Z</time>
          <extensions>
            <gpxtpx:TrackPointExtension>
              <gpxtpx:hr>148</gpxtpx:hr>
              <gpxtpx:cad>86</gpxtpx:cad>
              <gpxtpx:speed>5.986</gpxtpx:speed>
            </gpxtpx:TrackPointExtension>
          </extensions>
        </trkpt>
        <trkpt lat="37.7978410" lon="-122.4212963">
          <ele>247.9</ele>
          <time>2024-06-15T08:07:05.000Z</time>
          <extensions>
            <gpxtpx:TrackPointExtension>
              <gpxtpx:hr>148</gpxtpx:hr>
              <gpxtpx:cad>86</gpxtpx:cad>
              <gpxtpx:speed>5.943</gpxtpx:speed>
            </gpxtpx:TrackPointExtension>
          </extensions>
        </trkpt>
        <trkpt lat="37.7977844" lon="-122.4218789">
          <ele>249.3</ele>
          <time>2024-06-15T08:07:10.000Z</time>
          <extensions>
            <gpxtpx:TrackPointExtension>
              <gpxtpx:hr>148</gpxtpx:hr>
              <gpxtpx:cad>86</gpxtpx:cad>
              <gpxtpx:speed>5.900</gpxtpx:speed>
            </gpxtpx:TrackPointExtension>
          </extensions>
        </trkpt>
        <trkpt lat="37.7977180" lon="-122.4224636">
          <ele>250.7</ele>
          <time>2024-06-15T08:07:15.000Z</time>
          <extensions>
            <gpxtpx:TrackPointExtension>
              <gpxtpx:hr>148</gpxtpx:hr>
              <gpxtpx:cad>86</gpxtpx:cad>
              <gpxtpx:speed>5.857</gpxtpx:speed>
            </gpxtpx:TrackPointExtension>
          </extensions>
        </trkpt>
        <trkpt lat="37.7976417" lon="-122.4230503">
          <ele>252.3</ele>
          <time>2024-06-15T08:07:20.000Z</time>
          <extensions>
            <gpxtpx:TrackPointExtension>
              <gpxtpx:hr>148</gpxtpx:hr>
              <gpxtpx:cad>86</gpxtpx:cad>
              <gpxtpx:speed>5.815</gpxtpx:speed>
            </gpxtpx:TrackPointExtension>
          </extensions>
        </trkpt>
        <trkpt lat="37.7975554" lon="-122.4236386">
          <ele>254.1</ele>
          <time>2024-06-15T08:07:25.000Z</time>
          <extensions>
            <gpxtpx:TrackPointExtension>
              <gpxtpx:hr>148</gpxtpx:hr>
              <gpxtpx:cad>86</gpxtpx:cad>
              <gpxtpx:speed>5.775</gpxtpx:speed>
            </gpxtpx:TrackPointExtension>
          </extensions>
        </trkpt>
        <trkpt lat="37.7974589" lon="-122.4242285">
          <ele>256.0</ele>
          <time>2024-06-15T08:07:30.000Z</time>
          <extensions>
            <gpxtpx:TrackPointExtension>
              <gpxtpx:hr>148</gpxtpx:hr>
              <gpxtpx:cad>86</gpxtpx:cad>
              <gpxtpx:speed>5.738</gpxtpx:speed>
            </gpxtpx:TrackPointExtension>
          </extensions>
        </trkpt>
        <trkpt lat="37.7973520" lon="-122.4248196">
          <ele>258.1</ele>
          <time>2024-06-15T08:07:35.000Z</time>
          <extensions>
            <gpxtpx:TrackPointExtension>
              <gpxtpx:hr>148</gpxtpx:hr>
              <gpxtpx:cad>86</gpxtpx:cad>
              <gpxtpx:speed>5.704</gpxtpx:speed>
            </gpxtpx:TrackPointExtension>
          </extensions>
        </trkpt>
        <trkpt lat="37.7972347" lon="-122.4254117">
          <ele>260.3</ele>
          <time>2024-06-15T08:07:40.000Z</time>
          <extensions>
            <gpxtpx:TrackPointExtension>
              <gpxtpx:hr>148</gpxtpx:hr>
              <gpxtpx:cad>86</gpxtpx:cad>
              <gpxtpx:speed>5.674</gpxtpx:speed>
            </gpxtpx:TrackPointExtension>
          </extensions>
        </trkpt>
        <trkpt lat="37.7971069" lon="-122.4260044">
          <ele>262.7</ele>
          <time>2024-06-15T08:07:45.000Z</time>
          <extensions>
            <gpxtpx:TrackPointExtension>
              <gpxtpx:hr>148</gpxtpx:hr>
              <gpxtpx:cad>86</gpxtpx:cad>
              <gpxtpx:speed>5.649</gpxtpx:speed>
            </gpxtpx:TrackPointExtension>
          </extensions>
        </trkpt>
        <trkpt lat="37.7969685" lon="-122.4265974">
          <ele>265.2</ele>
          <time>2024-06-15T08:07:50.000Z</time>
          <extensions>
            <gpxtpx:TrackPointExtension>
              <gpxtpx:hr>148</gpxtpx:hr>
              <gpxtpx:cad>86</gpxtpx:cad>
              <gpxtpx:speed>5.629</gpxtpx:speed>
            </gpxtpx:TrackPointExtension>
          </extensions>
        </trkpt>
        <trkpt lat="37.7968195" lon="-122.4271903">
          <ele>267.9</ele>
          <time>2024-06-15T08:07:55.000Z</time>
          <extensions>
            <gpxtpx:TrackPointExtension>
              <gpxtpx:hr>148</gpxtpx:hr>
              <gpxtpx:cad>86</gpxtpx:cad>
              <gpxtpx:speed>5.615</gpxtpx:speed>
            </gpxtpx:TrackPointExtension>
          </extensions>
        </trkpt>
        <trkpt lat="37.7966598" lon="-122.4277828">
          <ele>270.7</ele>
          <time>2024-06-15T08:08:00.000Z</time>
          <extensions>
            <gpxtpx:TrackPointExtension>
              <gpxtpx:hr>148</gpxtpx:hr>
              <gpxtpx:cad>86</gpxtpx:cad>
              <gpxtpx:speed>5.607</gpxtpx:speed>
            </gpxtpx:TrackPointExtension>
          </extensions>
        </trkpt>
        <trkpt lat="37.7964894" lon="-122.4283743">
          <ele>273.5</ele>
          <time>2024-06-15T08:08:05.000Z</time>
          <extensions>
            <gpxtpx:TrackPointExtension>
              <gpxtpx:hr>147</gpxtpx:hr>
              <gpxtpx:cad>86</gpxtpx:cad>
              <gpxtpx:speed>5.606</gpxtpx:speed>
            </gpxtpx:TrackPointExtension>
          </extensions>
        </trkpt>
        <trkpt lat="37.7963083" lon="-122.4289645">
          <ele>276.4</ele>
          <time>2024-06-15T08:08:10.000Z</time>
          <extensions>
            <gpxtpx:TrackPointExtension>
              <gpxtpx:hr>147</gpxtpx:hr>
              <gpxtpx:cad>86</gpxtpx:cad>
              <gpxtpx:speed>5.611</gpxtpx:speed>
            </gpxtpx:TrackPointExtension>
          </extensions>
        </trkpt>
        <trkpt lat="37.7961166" lon="-122.4295529">
          <ele>279.4</ele>
          <time>2024-06-15T08:08:15.000Z</time>
          <extensions>
            <gpxtpx:TrackPointExtension>
              <gpxtpx:hr>147</gpxtpx:hr>
              <gpxtpx:cad>86</gpxtpx:cad>
              <gpxtpx:speed>5.622</gpxtpx:speed>
            </gpxtpx:TrackPointExtension>
          </extensions>
        </trkpt>
        <trkpt lat="37.7959143" lon="-122.4301389">
          <ele>282.4</ele>
          <time>2024-06-15T08:08:20.000Z</time>
          <extensions>
            <gpxtpx:TrackPointExtension>
              <gpxtpx:hr>147</gpxtpx:hr>
              <gpxtpx:cad>86</gpxtpx:cad>
              <gpxtpx:speed>5.640</gpxtpx:speed>
            </gpxtpx:TrackPointExtension>
          </extensions>
        </trkpt>
        <trkpt lat="37.7957015" lon="-122.4307221">
          <ele>285.3</ele>
          <time>2024-06-15T08:08:25.000Z</time>
          <extensions>
            <gpxtpx:TrackPointExtension>
              <gpxtpx:hr>147</gpxtpx:hr>
              <gpxtpx:cad>85</gpxtpx:cad>
              <gpxtpx:speed>5.663</gpxtpx:speed>
            </gpxtpx:TrackPointExtension>
          </extensions>
        </trkpt>
        <trkpt lat="37.7954782" lon="-122.4313019">
          <ele>288.3</ele>
          <time>2024-06-15T08:08:30.000Z</time>
          <extensions>
            <gpxtpx:TrackPointExtension>
              <gpxtpx:hr>146</gpxtpx:hr>
              <gpxtpx:cad>85</gpxtpx:cad>
              <gpxtpx:speed>5.692</gpxtpx:speed>
            </gpxtpx:TrackPointExtension>
          </extensions>
        </trkpt>
        <trkpt lat="37.7952447" lon="-122.4318778">
          <ele>291.1</ele>
          <time>2024-06-15T08:08:35.000Z</time>
          <extensions>
            <gpxtpx:TrackPointExtension>
              <gpxtpx:hr>146</gpxtpx:hr>
              <gpxtpx:cad>85</gpxtpx:cad>
              <gpxtpx:speed>5.725</gpxtpx:speed>
            </gpxtpx:TrackPointExtension>
          </extensions>
        </trkpt>
        <trkpt lat="37.7950009" lon="-122.4324493">
          <ele>293.9</ele>
          <time>2024-06-15T08:08:40.000Z</time>
          <extensions>
            <gpxtpx:TrackPointExtension>
              <gpxtpx:hr>146</gpxtpx:hr>
              <gpxtpx:cad>85</gpxtpx:cad>
              <gpxtpx:speed>5.762</gpxtpx:speed>
            </gpxtpx:TrackPointExtension>
          </extensions>
        </trkpt>
        <trkpt lat="37.7947471" lon="-122.4330157">
          <ele>296.7</ele>
          <time>2024-06-15T08:08:45.000Z</time>
          <extensions>
            <gpxtpx:TrackPointExtension>
              <gpxtpx:hr>145</gpxtpx:hr>
              <gpxtpx:cad>85</gpxtpx:cad>
              <gpxtpx:speed>5.802</gpxtpx:speed>
            </gpxtpx:TrackPointExtension>
          </extensions>
        </trkpt>
        <trkpt lat="37.7944836" lon="-122.4335764">
          <ele>299.3</ele>
          <time>2024-06-15T08:08:50.000Z</time>
          <extensions>
            <gpxtpx:TrackPointExtension>
              <gpxtpx:hr>145</gpxtpx:hr>
              <gpxtpx:cad>85</gpxtpx:cad>
              <gpxtpx:speed>5.844</gpxtpx:speed>
            </gpxtpx:TrackPointExtension>
          </extensions>
        </trkpt>
        <trkpt lat="37.7942104" lon="-122.4341310">
          <ele>301.9</ele>
          <time>2024-06-15T08:08:55.000Z</time>
          <extensions>
            <gpxtpx:TrackPointExtension>
              <gpxtpx:hr>145</gpxtpx:hr>
              <gpxtpx:cad>85</gpxtpx:cad>
              <gpxtpx:speed>5.887</gpxtpx:speed>
            </gpxtpx:TrackPointExtension>
          </extensions>
        </trkpt>
        <trkpt lat="37.7939278" lon="-122.4346789">
          <ele>304.4</ele>
          <time>2024-06-15T08:09:00.000Z</time>
          <extensions>
            <gpxtpx:TrackPointExtension>
              <gpxtpx:hr>145</gpxtpx:hr>
              <gpxtpx:cad>85</gpxtpx:cad>
              <gpxtpx:speed>5.930</gpxtpx:speed>
            </gpxtpx:TrackPointExtension>
          </extensions>
        </trkpt>
        <trkpt lat="37.7936360" lon="-122.4352194">
          <ele>306.8</ele>
          <time>2024-06-15T08:09:05.000Z</time>
          <extensions>
            <gpxtpx:TrackPointExtension>
              <gpxtpx:hr>144</gpxtpx:hr>
              <gpxtpx:cad>85</gpxtpx:cad>
              <gpxtpx:speed>5.973</gpxtpx:speed>
            </gpxtpx:TrackPointExtension>
          </extensions>
        </trkpt>
        <trkpt lat="37.7933354" lon="-122.4357520">
          <ele>309.1</ele>
          <time>2024-06-15T08:09:10.000Z</time>
          <extensions>
            <gpxtpx:TrackPointExtension>
              <gpxtpx:hr>144</gpxtpx:hr>
              <gpxtpx:cad>85</gpxtpx:cad>
              <gpxtpx:speed>6.014</gpxtpx:speed>
            </gpxtpx:TrackPointExtension>
          </extensions>
        </trkpt>
        <trkpt lat="37.7930261" lon="-122.4362761">
          <ele>311.4</ele>
          <time>2024-06-15T08:09:15.000Z</time>
          <extensions>
            <gpxtpx:TrackPointExtension>
              <gpxtpx:hr>144</gpxtpx:hr>
              <gpxtpx:cad>84</gpxtpx:cad>
              <gpxtpx:speed>6.052</gpxtpx:speed>
            </gpxtpx:TrackPointExtension>
          </extensions>
        </trkpt>
        <trkpt lat="37.7927086" lon="-122.4367913">
          <ele>313.6</ele>
          <time>2024-06-15T08:09:20.000Z</time>
          <extensions>
            <gpxtpx:TrackPointExtension>
              <gpxtpx:hr>144</gpxtpx:hr>
              <gpxtpx:cad>84</gpxtpx:cad>
              <gpxtpx:speed>6.087</gpxtpx:speed>
            </gpxtpx:TrackPointExtension>
          </extensions>
        </trkpt>
        <trkpt lat="37.7923830" lon="-122.4372969">
          <ele>313.4</ele>
          <time>2024-06-15T08:09:25.000Z</time>
          <extensions>
            <gpxtpx:TrackPointExtension>
              <gpxtpx:hr>140</gpxtpx:hr>
              <gpxtpx:cad>86</gpxtpx:cad>
              <gpxtpx:speed>6.406</gpxtpx:speed>
            </gpxtpx:TrackPointExtension>
          </extensions>
        </trkpt>
        <trkpt lat="37.7920498" lon="-122.4377926">
          <ele>313.2</ele>
          <time>2024-06-15T08:09:30.000Z</time>
          <extensions>
            <gpxtpx:TrackPointExtension>
              <gpxtpx:hr>140</gpxtpx:hr>
              <gpxtpx:cad>86</gpxtpx:cad>
              <gpxtpx:speed>6.432</gpxtpx:speed>
            </gpxtpx:TrackPointExtension>
          </extensions>
        </trkpt>
        <trkpt lat="37.7917093" lon="-122.4382776">
          <ele>313.0</ele>
          <time>2024-06-15T08:09:35.000Z</time>
          <extensions>
            <gpxtpx:TrackPointExtension>
              <gpxtpx:hr>140</gpxtpx:hr>
              <gpxtpx:cad>86</gpxtpx:cad>
              <gpxtpx:speed>6.454</gpxtpx:speed>
            </gpxtpx:TrackPointExtension>
          </extensions>
        </trkpt>
        <trkpt lat="37.7913618" lon="-122.4387517">
          <ele>312.9</ele>
          <time>2024-06-15T08:09:40.000Z</time>
          <extensions>
            <gpxtpx:TrackPointExtension>
              <gpxtpx:hr>140</gpxtpx:hr>
              <gpxtpx:cad>86</gpxtpx:cad>
              <gpxtpx:speed>6.471</gpxtpx:speed>
            </gpxtpx:TrackPointExtension>
          </extensions>
        </trkpt>
        <trkpt lat="37.7910076" lon="-122.4392144">
          <ele>312.8</ele>
          <time>2024-06-15T08:09:45.000Z</time>
          <extensions>
            <gpxtpx:TrackPointExtension>
              <gpxtpx:hr>140</gpxtpx:hr>
              <gpxtpx:cad>85</gpxtpx:cad>
              <gpxtpx:speed>6.483</gpxtpx:speed>
            </gpxtpx:TrackPointExtension>
          </extensions>
        </trkpt>
        <trkpt lat="37.7906473" lon="-122.4396652">
          <ele>312.7</ele>
          <time>2024-06-15T08:09:50.000Z</time>
          <extensions>
            <gpxtpx:TrackPointExtension>
              <gpxtpx:hr>140</gpxtpx:hr>
              <gpxtpx:cad>85</gpxtpx:cad>
              <gpxtpx:speed>6.489</gpxtpx:speed>
            </gpxtpx:TrackPointExtension>
          </extensions>
        </trkpt>
        <trkpt lat="37.7902811" lon="-122.4401038">
          <ele>312.8</ele>
          <time>2024-06-15T08:09:55.000Z</time>
          <extensions>
            <gpxtpx:TrackPointExtension>
              <gpxtpx:hr>141</gpxtpx:hr>
              <gpxtpx:cad>85</gpxtpx:cad>
              <gpxtpx:speed>6.491</gpxtpx:speed>
            </gpxtpx:TrackPointExtension>
          </extensions>
        </trkpt>
        <trkpt lat="37.7899095" lon="-122.4405298">
          <ele>312.9</ele>
          <time>2024-06-15T08:10:00.000Z</time>
          <extensions>
            <gpxtpx:TrackPointExtension>
              <gpxtpx:hr>141</gpxtpx:hr>
              <gpxtpx:cad>85</gpxtpx:cad>
              <gpxtpx:speed>6.488</gpxtpx:speed>
            </gpxtpx:TrackPointExtension>
          </extensions>
        </trkpt>
        <trkpt lat="37.7895327" lon="-122.4409429">
          <ele>313.1</ele>
          <time>2024-06-15T08:10:05.000Z</time>
          <extensions>
            <gpxtpx:TrackPointExtension>
              <gpxtpx:hr>141</gpxtpx:hr>
              <gpxtpx:cad>85</gpxtpx:cad>
              <gpxtpx:speed>6.481</gpxtpx:speed>
            </gpxtpx:TrackPointExtension>
          </extensions>
        </trkpt>
        <trkpt lat="37.7891513" lon="-122.4413428">
          <ele>313.4</ele>
          <time>2024-06-15T08:10:10.000Z</time>
          <extensions>
            <gpxtpx:TrackPointExtension>
              <gpxtpx:hr>142</gpxtpx:hr>
              <gpxtpx:cad>85</gpxtpx:cad>
              <gpxtpx:speed>6.471</gpxtpx:speed>
            </gpxtpx:TrackPointExtension>
          </extensions>
        </trkpt>
        <trkpt lat="37.7887656" lon="-122.4417293">
          <ele>313.7</ele>
          <time>2024-06-15T08:10:15.000Z</time>
          <extensions>
            <gpxtpx:TrackPointExtension>
              <gpxtpx:hr>142</gpxtpx:hr>
              <gpxtpx:cad>85</gpxtpx:cad>
              <gpxtpx:speed>6.457</gpxtpx:speed>
            </gpxtpx:TrackPointExtension>
          </extensions>
        </trkpt>
        <trkpt lat="37.7883761" lon="-122.4421021">
          <ele>314.1</ele>
          <time>2024-06-15T08:10:20.000Z</time>
          <extensions>
            <gpxtpx:TrackPointExtension>
              <gpxtpx:hr>142</gpxtpx:hr>
              <gpxtpx:cad>85</gpxtpx:cad>
              <gpxtpx:speed>6.441</gpxtpx:speed>
            </gpxtpx:TrackPointExtension>
          </extensions>
        </trkpt>
        <trkpt lat="37.7879830" lon="-122.4424612">
          <ele>314.6</ele>
          <time>2024-06-15T08:10:25.000Z</time>
          <extensions>
            <gpxtpx:TrackPointExtension>
              <gpxtpx:hr>142</gpxtpx:hr>
              <gpxtpx:cad>85</gpxtpx:cad>
              <gpxtpx:speed>6.423</gpxtpx:speed>
            </gpxtpx:TrackPointExtension>
          </extensions>
        </trkpt>
        <trkpt lat="37.7875868" lon="-122.4428063">
          <ele>315.1</ele>
          <time>2024-06-15T08:10:30.000Z</time>
          <extensions>
            <gpxtpx:TrackPointExtension>
              <gpxtpx:hr>143</gpxtpx:hr>
              <gpxtpx:cad>85</gpxtpx:cad>
              <gpxtpx:speed>6.403</gpxtpx:speed>
            </gpxtpx:TrackPointExtension>
          </extensions>
        </trkpt>
        <trkpt lat="37.7871878" lon="-122.4431374">
          <ele>315.6</ele>
          <time>2024-06-15T08:10:35.000Z</time>
          <extensions>
            <gpxtpx:TrackPointExtension>
              <gpxtpx:hr>143</gpxtpx:hr>
              <gpxtpx:cad>85</gpxtpx:cad>
              <gpxtpx:speed>6.383</gpxtpx:speed>
            </gpxtpx:TrackPointExtension>
          </extensions>
        </trkpt>
        <trkpt lat="37.7867865" lon="-122.4434544">
          <ele>316.1</ele>
          <time>2024-06-15T08:10:40.000Z</time>
          <extensions>
            <gpxtpx:TrackPointExtension>
              <gpxtpx:hr>143</gpxtpx:hr>
              <gpxtpx:cad>86</gpxtpx:cad>
              <gpxtpx:speed>6.363</gpxtpx:speed>
            </gpxtpx:TrackPointExtension>
          </extensions>
        </trkpt>
        <trkpt lat="37.7863832" lon="-122.4437573">
          <ele>316.6</ele>
          <time>2024-06-15T08:10:45.000Z</time>
          <extensions>
            <gpxtpx:TrackPointExtension>
              <gpxtpx:hr>143</gpxtpx:hr>
              <gpxtpx:cad>86</gpxtpx:cad>
              <gpxtpx:speed>6.343</gpxtpx:speed>
            </gpxtpx:TrackPointExtension>
          </extensions>
        </trkpt>
        <trkpt lat="37.7859782" lon="-122.4440462">
          <ele>317.0</ele>
          <time>2024-06-15T08:10:50.000Z</time>
          <extensions>
            <gpxtpx:TrackPointExtension>
              <gpxtpx:hr>143</gpxtpx:hr>
              <gpxtpx:cad>86</gpxtpx:cad>
              <gpxtpx:speed>6.323</gpxtpx:speed>
            </gpxtpx:TrackPointExtension>
          </extensions>
        </trkpt>
        <trkpt lat="37.7855719" lon="-122.4443210">
          <ele>317.2</ele>
          <time>2024-06-15T08:10:55.000Z</time>
          <extensions>
            <gpxtpx:TrackPointExtension>
              <gpxtpx:hr>144</gpxtpx:hr>
              <gpxtpx:cad>86</gpxtpx:cad>
              <gpxtpx:speed>6.305</gpxtpx:speed>
            </gpxtpx:TrackPointExtension>
          </extensions>
        </trkpt>
        <trkpt lat="37.7851646" lon="-122.4445820">
          <ele>317.4</ele>
          <time>2024-06-15T08:11:00.000Z</time>
          <extensions>
            <gpxtpx:TrackPointExtension>
              <gpxtpx:hr>144</gpxtpx:hr>
              <gpxtpx:cad>87</gpxtpx:cad>
              <gpxtpx:speed>6.288</gpxtpx:speed>
            </gpxtpx:TrackPointExtension>
          </extensions>
        </trkpt>
        <trkpt lat="37.7847567" lon="-122.4448292">
          <ele>317.4</ele>
          <time>2024-06-15T08:11:05.000Z</time>
          <extensions>
            <gpxtpx:TrackPointExtension>
              <gpxtpx:hr>144</gpxtpx:hr>
              <gpxtpx:cad>87</gpxtpx:cad>
              <gpxtpx:speed>6.272</gpxtpx:speed>
            </gpxtpx:TrackPointExtension>
          </extensions>
        </trkpt>
        <trkpt lat="37.7843484" lon="-122.4450628">
          <ele>317.2</ele>
          <time>2024-06-15T08:11:10.000Z</time>
          <extensions>
            <gpxtpx:TrackPointExtension>
              <gpxtpx:hr>143</gpxtpx:hr>
              <gpxtpx:cad>87</gpxtpx:cad>
              <gpxtpx:speed>6.258</gpxtpx:speed>
            </gpxtpx:TrackPointExtension>
          </extensions>
        </trkpt>
        <trkpt lat="37.7839399" lon="-122.4452830">
          <ele>316.9</ele>
          <time>2024-06-15T08:11:15.000Z</time>
          <extensions>
            <gpxtpx:TrackPointExtension>
              <gpxtpx:hr>143</gpxtpx:hr>
              <gpxtpx:cad>88</gpxtpx:cad>
              <gpxtpx:speed>6.245</gpxtpx:speed>
            </gpxtpx:TrackPointExtension>
          </extensions>
        </trkpt>
        <trkpt lat="37.7835317" lon="-122.4454901">
          <ele>316.3</ele>
          <time>2024-06-15T08:11:20.000Z</time>
          <extensions>
            <gpxtpx:TrackPointExtension>
              <gpxtpx:hr>143</gpxtpx:hr>
              <gpxtpx:cad>88</gpxtpx:cad>
              <gpxtpx:speed>6.234</gpxtpx:speed>
            </gpxtpx:TrackPointExtension>
          </extensions>
        </trkpt>
        <trkpt lat="37.7831238" lon="-122.4456843">
          <ele>315.6</ele>
          <time>2024-06-15T08:11:25.000Z</time>
          <extensions>
            <gpxtpx:TrackPointExtension>
              <gpxtpx:hr>143</gpxtpx:hr>
              <gpxtpx:cad>88</gpxtpx:cad>
              <gpxtpx:speed>6.223</gpxtpx:speed>
            </gpxtpx:TrackPointExtension>
          </extensions>
        </trkpt>
        <trkpt lat="37.7827166" lon="-122.4458659">
          <ele>314.6</ele>
          <time>2024-06-15T08:11:30.000Z</time>
          <extensions>
            <gpxtpx:TrackPointExtension>
              <gpxtpx:hr>143</gpxtpx:hr>
              <gpxtpx:cad>89</gpxtpx:cad>
              <gpxtpx:speed>6.214</gpxtpx:speed>
            </gpxtpx:TrackPointExtension>
          </extensions>
        </trkpt>
        <trkpt lat="37.7823102" lon="-122.4460352">
          <ele>313.4</ele>
          <time>2024-06-15T08:11:35.000Z</time>
          <extensions>
            <gpxtpx:TrackPointExtension>
              <gpxtpx:hr>143</gpxtpx:hr>
              <gpxtpx:cad>89</gpxtpx:cad>
              <gpxtpx:speed>6.205</gpxtpx:speed>
            </gpxtpx:TrackPointExtension>
          </extensions>
        </trkpt>
        <trkpt lat="37.7819049" lon="-122.4461926">
          <ele>312.0</ele>
          <time>2024-06-15T08:11:40.000Z</time>
          <extensions>
            <gpxtpx:TrackPointExtension>
              <gpxtpx:hr>142</gpxtpx:hr>
              <gpxtpx:cad>89</gpxtpx:cad>
              <gpxtpx:speed>6.197</gpxtpx:speed>
            </gpxtpx:TrackPointExtension>
          </extensions>
        </trkpt>
        <trkpt lat="37.7815007" lon="-122.4463383">
          <ele>310.4</ele>
          <time>2024-06-15T08:11:45.000Z</time>
          <extensions>
            <gpxtpx:TrackPointExtension>
              <gpxtpx:hr>142</gpxtpx:hr>
              <gpxtpx:cad>90</gpxtpx:cad>
              <gpxtpx:speed>6.188</gpxtpx:speed>
            </gpxtpx:TrackPointExtension>
          </extensions>
        </trkpt>
        <trkpt lat="37.7810978" lon="-122.4464729">
          <ele>308.6</ele>
          <time>2024-06-15T08:11:50.000Z</time>
          <extensions>
            <gpxtpx:TrackPointExtension>
              <gpxtpx:hr>142</gpxtpx:hr>
              <gpxtpx:cad>90</gpxtpx:cad>
              <gpxtpx:speed>6.180</gpxtpx:speed>
            </gpxtpx:TrackPointExtension>
          </extensions>
        </trkpt>
        <trkpt lat="37.7806964" lon="-122.4465965">
          <ele>306.7</ele>
          <time>2024-06-15T08:11:55.000Z</time>
          <extensions>
            <gpxtpx:TrackPointExtension>
              <gpxtpx:hr>142</gpxtpx:hr>
              <gpxtpx:cad>90</gpxtpx:cad>
              <gpxtpx:speed>6.171</gpxtpx:speed>
            </gpxtpx:TrackPointExtension>
          </extensions>
        </trkpt>
        <trkpt lat="37.7802965" lon="-122.4467097">
          <ele>304.7</ele>
          <time>2024-06-15T08:12:00.000Z</time>
          <extensions>
            <gpxtpx:TrackPointExtension>
              <gpxtpx:hr>142</gpxtpx:hr>
              <gpxtpx:cad>90</gpxtpx:cad>
              <gpxtpx:speed>6.161</gpxtpx:speed>
            </gpxtpx:TrackPointExtension>
          </extensions>
        </trkpt>
        <trkpt lat="37.7798982" lon="-122.4468127">
          <ele>302.6</ele>
          <time>2024-06-15T08:12:05.000Z</time>
          <extensions>
            <gpxtpx:TrackPointExtension>
              <gpxtpx:hr>142</gpxtpx:hr>
              <gpxtpx:cad>90</gpxtpx:cad>
              <gpxtpx:speed>6.151</gpxtpx:speed>
            </gpxtpx:TrackPointExtension>
          </extensions>
        </trkpt>
        <trkpt lat="37.7795016" lon="-122.4469061">
          <ele>300.4</ele>
          <time>2024-06-15T08:12:10.000Z</time>
          <extensions>
            <gpxtpx:TrackPointExtension>
              <gpxtpx:hr>142</gpxtpx:hr>
              <gpxtpx:cad>91</gpxtpx:cad>
              <gpxtpx:speed>6.140</gpxtpx:speed>
            </gpxtpx:TrackPointExtension>
          </extensions>
        </trkpt>
        <trkpt lat="37.7791066" lon="-122.4469902">
          <ele>298.2</ele>
          <time>2024-06-15T08:12:15.000Z</time>
          <extensions>
            <gpxtpx:TrackPointExtension>
              <gpxtpx:hr>142</gpxtpx:hr>
              <gpxtpx:cad>91</gpxtpx:cad>
              <gpxtpx:speed>6.129</gpxtpx:speed>
            </gpxtpx:TrackPointExtension>
          </extensions>
        </trkpt>
        <trkpt lat="37.7787134" lon="-122.4470654">
          <ele>296.0</ele>
          <time>2024-06-15T08:12:20.000Z</time>
          <extensions>
            <gpxtpx:TrackPointExtension>
              <gpxtpx:hr>141</gpxtpx:hr>
              <gpxtpx:cad>91</gpxtpx:cad>
              <gpxtpx:speed>6.117</gpxtpx:speed>
            </gpxtpx:TrackPointExtension>
          </extensions>
        </trkpt>
        <trkpt lat="37.7783220" lon="-122.4471320">
          <ele>293.9</ele>
          <time>2024-06-15T08:12:25.000Z</time>
          <extensions>
            <gpxtpx:TrackPointExtension>
              <gpxtpx:hr>142</gpxtpx:hr>
              <gpxtpx:cad>91</gpxtpx:cad>
              <gpxtpx:speed>6.105</gpxtpx:speed>
            </gpxtpx:TrackPointExtension>
          </extensions>
        </trkpt>
        <trkpt lat="37.7779321" lon="-122.4471905">
          <ele>291.8</ele>
          <time>2024-06-15T08:12:30.000Z</time>
          <extensions>
            <gpxtpx:TrackPointExtension>
              <gpxtpx:hr>142</gpxtpx:hr>
              <gpxtpx:cad>91</gpxtpx:cad>
              <gpxtpx:speed>6.093</gpxtpx:speed>
            </gpxtpx:TrackPointExtension>
          </extensions>
        </trkpt>
        <trkpt lat="37.7775440" lon="-122.4472411">
          <ele>289.9</ele>
          <time>2024-06-15T08:12:35.000Z</time>
          <extensions>
            <gpxtpx:TrackPointExtension>
              <gpxtpx:hr>142</gpxtpx:hr>
              <gpxtpx:cad>91</gpxtpx:cad>
              <gpxtpx:speed>6.081</gpxtpx:speed>
            </gpxtpx:TrackPointExtension>
          </extensions>
        </trkpt>
        <trkpt lat="37.7771574" lon="-122.4472843">
          <ele>288.1</ele>
          <time>2024-06-15T08:12:40.000Z</time>
          <extensions>
            <gpxtpx:TrackPointExtension>
              <gpxtpx:hr>142</gpxtpx:hr>
              <gpxtpx:cad>91</gpxtpx:cad>
              <gpxtpx:speed>6.071</gpxtpx:speed>
            </gpxtpx:TrackPointExtension>
          </extensions>
        </trkpt>
        <trkpt lat="37.7767723" lon="-122.4473204">
          <ele>286.4</ele>
          <time>2024-06-15T08:12:45.000Z</time>
          <extensions>
            <gpxtpx:TrackPointExtension>
              <gpxtpx:hr>142</gpxtpx:hr>
              <gpxtpx:cad>90</gpxtpx:cad>
              <gpxtpx:speed>6.062</gpxtpx:speed>
            </gpxtpx:TrackPointExtension>
          </extensions>
        </trkpt>
        <trkpt lat="37.7763887" lon="-122.4473496">
          <ele>284.9</ele>
          <time>2024-06-15T08:12:50.000Z</time>
          <extensions>
            <gpxtpx:TrackPointExtension>
              <gpxtpx:hr>142</gpxtpx:hr>
              <gpxtpx:cad>90</gpxtpx:cad>
              <gpxtpx:speed>6.054</gpxtpx:speed>
            </gpxtpx:TrackPointExtension>
          </extensions>
        </trkpt>
        <trkpt lat="37.7760064" lon="-122.4473723">
          <ele>283.6</ele>
          <time>2024-06-15T08:12:55.000Z</time>
          <extensions>
            <gpxtpx:TrackPointExtension>
              <gpxtpx:hr>142</gpxtpx:hr>
              <gpxtpx:cad>90</gpxtpx:cad>
              <gpxtpx:speed>6.049</gpxtpx:speed>
            </gpxtpx:TrackPointExtension>
          </extensions>
        </trkpt>
        <trkpt lat="37.7756252" lon="-122.4473887">
          <ele>282.5</ele>
          <time>2024-06-15T08:13:00.000Z</time>
          <extensions>
            <gpxtpx:TrackPointExtension>
              <gpxtpx:hr>142</gpxtpx:hr>
              <gpxtpx:cad>90</gpxtpx:cad>
              <gpxtpx:speed>6.047</gpxtpx:speed>
            </gpxtpx:TrackPointExtension>
          </extensions>
        </trkpt>
        <trkpt lat="37.7752452" lon="-122.4473990">
          <ele>281.5</ele>
          <time>2024-06-15T08:13:05.000Z</time>
          <extensions>
            <gpxtpx:TrackPointExtension>
              <gpxtpx:hr>142</gpxtpx:hr>
              <gpxtpx:cad>90</gpxtpx:cad>
              <gpxtpx:speed>6.049</gpxtpx:speed>
            </gpxtpx:TrackPointExtension>
          </extensions>
        </trkpt>
        <trkpt lat="37.7748661" lon="-122.4474035">
          <ele>280.8</ele>
          <time>2024-06-15T08:13:10.000Z</time>
          <extensions>
            <gpxtpx:TrackPointExtension>
              <gpxtpx:hr>142</gpxtpx:hr>
              <gpxtpx:cad>90</gpxtpx:cad>
              <gpxtpx:speed>6.053</gpxtpx:speed>
            </gpxtpx:TrackPointExtension>
          </extensions>
        </trkpt>
        <trkpt lat="37.7744878" lon="-122.4474022">
          <ele>280.2</ele>
          <time>2024-06-15T08:13:15.000Z</time>
          <extensions>
            <gpxtpx:TrackPointExtension>
              <gpxtpx:hr>142</gpxtpx:hr>
              <gpxtpx:cad>90</gpxtpx:cad>
              <gpxtpx:speed>6.062</gpxtpx:speed>
            </gpxtpx:TrackPointExtension>
          </extensions>
        </trkpt>
        <trkpt lat="37.7741101" lon="-122.4473954">
          <ele>279.7</ele>
          <time>2024-06-15T08:13:20.000Z</time>
          <extensions>
            <gpxtpx:TrackPointExtension>
              <gpxtpx:hr>142</gpxtpx:hr>
              <gpxtpx:cad>90</gpxtpx:cad>
              <gpxtpx:speed>6.075</gpxtpx:speed>
            </gpxtpx:TrackPointExtension>
          </extensions>
        </trkpt>
        <trkpt lat="37.7737330" lon="-122.4473832">
          <ele>279.4</ele>
          <time>2024-06-15T08:13:25.000Z</time>
          <extensions>
            <gpxtpx:TrackPointExtension>
              <gpxtpx:hr>142</gpxtpx:hr>
              <gpxtpx:cad>90</gpxtpx:cad>
              <gpxtpx:speed>6.093</gpxtpx:speed>
            </gpxtpx:TrackPointExtension>
          </extensions>
        </trkpt>
        <trkpt lat="37.7733562" lon="-122.4473655">
          <ele>279.2</ele>
          <time>2024-06-15T08:13:30.000Z</time>
          <extensions>
            <gpxtpx:TrackPointExtension>
              <gpxtpx:hr>142</gpxtpx:hr>
              <gpxtpx:cad>90</gpxtpx:cad>
              <gpxtpx:speed>6.114</gpxtpx:speed>
            </gpxtpx:TrackPointExtension>
          </extensions>
        </trkpt>
        <trkpt lat="37.7729796" lon="-122.4473425">
          <ele>279.1</ele>
          <time>2024-06-15T08:13:35.000Z</time>
          <extensions>
            <gpxtpx:TrackPointExtension>
              <gpxtpx:hr>142</gpxtpx:hr>
              <gpxtpx:cad>90</gpxtpx:cad>
              <gpxtpx:speed>6.140</gpxtpx:speed>
            </gpxtpx:TrackPointExtension>
          </extensions>
        </trkpt>
        <trkpt lat="37.7726030" lon="-122.4473141">
          <ele>279.0</ele>
          <time>2024-06-15T08:13:40.000Z</time>
          <extensions>
            <gpxtpx:TrackPointExtension>
              <gpxtpx:hr>142</gpxtpx:hr>
              <gpxtpx:cad>90</gpxtpx:cad>
              <gpxtpx:speed>6.170</gpxtpx:speed>
            </gpxtpx:TrackPointExtension>
          </extensions>
        </trkpt>
        <trkpt lat="37.7722264" lon="-122.4472803">
          <ele>279.0</ele>
          <time>2024-06-15T08:13:45.000Z</time>
          <extensions>
            <gpxtpx:TrackPointExtension>
              <gpxtpx:hr>142</gpxtpx:hr>
              <gpxtpx:cad>90</gpxtpx:cad>
              <gpxtpx:speed>6.203</gpxtpx:speed>
            </gpxtpx:TrackPointExtension>
          </extensions>
        </trkpt>
        <trkpt lat="37.7718494" lon="-122.4472411">
          <ele>279.0</ele>
          <time>2024-06-15T08:13:50.000Z</time>
          <extensions>
            <gpxtpx:TrackPointExtension>
              <gpxtpx:hr>142</gpxtpx:hr>
              <gpxtpx:cad>91</gpxtpx:cad>
              <gpxtpx:speed>6.240</gpxtpx:speed>
            </gpxtpx:TrackPointExtension>
          </extensions>
        </trkpt>
        <trkpt lat="37.7714721" lon="-122.4471964">
          <ele>279.0</ele>
          <time>2024-06-15T08:13:55.000Z</time>
          <extensions>
            <gpxtpx:TrackPointExtension>
              <gpxtpx:hr>141</gpxtpx:hr>
              <gpxtpx:cad>91</gpxtpx:cad>
              <gpxtpx:speed>6.279</gpxtpx:speed>
            </gpxtpx:TrackPointExtension>
          </extensions>
        </trkpt>
        <trkpt lat="37.7710942" lon="-122.4471459">
          <ele>278.9</ele>
          <time>2024-06-15T08:14:00.000Z</time>
          <extensions>
            <gpxtpx:TrackPointExtension>
              <gpxtpx:hr>141</gpxtpx:hr>
              <gpxtpx:cad>91</gpxtpx:cad>
              <gpxtpx:speed>6.320</gpxtpx:speed>
            </gpxtpx:TrackPointExtension>
          </extensions>
        </trkpt>
        <trkpt lat="37.7707157" lon="-122.4470896">
          <ele>278.9</ele>
          <time>2024-06-15T08:14:05.000Z</time>
          <extensions>
            <gpxtpx:TrackPointExtension>
              <gpxtpx:hr>141</gpxtpx:hr>
              <gpxtpx:cad>91</gpxtpx:cad>
              <gpxtpx:speed>6.362</gpxtpx:speed>
            </gpxtpx:TrackPointExtension>
          </extensions>
        </trkpt>
        <trkpt lat="37.7703363" lon="-122.4470273">
          <ele>278.7</ele>
          <time>2024-06-15T08:14:10.000Z</time>
          <extensions>
            <gpxtpx:TrackPointExtension>
              <gpxtpx:hr>140</gpxtpx:hr>
              <gpxtpx:cad>91</gpxtpx:cad>
              <gpxtpx:speed>6.405</gpxtpx:speed>
            </gpxtpx:TrackPointExtension>
          </extensions>
        </trkpt>
        <trkpt lat="37.7699561" lon="-122.4469587">
          <ele>278.5</ele>
          <time>2024-06-15T08:14:15.000Z</time>
          <extensions>
            <gpxtpx:TrackPointExtension>
              <gpxtpx:hr>140</gpxtpx:hr>
              <gpxtpx:cad>92</gpxtpx:cad>
              <gpxtpx:speed>6.447</gpxtpx:speed>
            </gpxtpx:TrackPointExtension>
          </extensions>
        </trkpt>
        <trkpt lat="37.7695750" lon="-122.4468836">
          <ele>278.3</ele>
          <time>2024-06-15T08:14:20.000Z</time>
          <extensions>
            <gpxtpx:TrackPointExtension>
              <gpxtpx:hr>140</gpxtpx:hr>
              <gpxtpx:cad>92</gpxtpx:cad>
              <gpxtpx:speed>6.488</gpxtpx:speed>
            </gpxtpx:TrackPointExtension>
          </extensions>
        </trkpt>
        <trkpt lat="37.7691928" lon="-122.4468017">
          <ele>278.0</ele>
          <time>2024-06-15T08:14:25.000Z</time>
          <extensions>
            <gpxtpx:TrackPointExtension>
              <gpxtpx:hr>140</gpxtpx:hr>
              <gpxtpx:cad>92</gpxtpx:cad>
              <gpxtpx:speed>6.527</gpxtpx:speed>
            </gpxtpx:TrackPointExtension>
          </extensions>
        </trkpt>
        <trkpt lat="37.7688094" lon="-122.4467128">
          <ele>277.6</ele>
          <time>2024-06-15T08:14:30.000Z</time>
          <extensions>
            <gpxtpx:TrackPointExtension>
              <gpxtpx:hr>139</gpxtpx:hr>
              <gpxtpx:cad>92</gpxtpx:cad>
              <gpxtpx:speed>6.564</gpxtpx:speed>
            </gpxtpx:TrackPointExtension>
          </extensions>
        </trkpt>
        <trkpt lat="37.7684250" lon="-122.4466164">
          <ele>277.2</ele>
          <time>2024-06-15T08:14:35.000Z</time>
          <extensions>
            <gpxtpx:TrackPointExtension>
              <gpxtpx:hr>139</gpxtpx:hr>
              <gpxtpx:cad>92</gpxtpx:cad>
              <gpxtpx:speed>6.598</gpxtpx:speed>
            </gpxtpx:TrackPointExtension>
          </extensions>
        </trkpt>
        <trkpt lat="37.7680394" lon="-122.4465124">
          <ele>276.8</ele>
          <time>2024-06-15T08:14:40.000Z</time>
          <extensions>
            <gpxtpx:TrackPointExtension>
              <gpxtpx:hr>139</gpxtpx:hr>
              <gpxtpx:cad>93</gpxtpx:cad>
              <gpxtpx:speed>6.628</gpxtpx:speed>
            </gpxtpx:TrackPointExtension>
          </extensions>
        </trkpt>
        <trkpt lat="37.7676526" lon="-122.4464003">
          <ele>278.2</ele>
          <time>2024-06-15T08:14:45.000Z</time>
          <extensions>
            <gpxtpx:TrackPointExtension>
              <gpxtpx:hr>142</gpxtpx:hr>
              <gpxtpx:cad>91</gpxtpx:cad>
              <gpxtpx:speed>6.429</gpxtpx:speed>
            </gpxtpx:TrackPointExtension>
          </extensions>
        </trkpt>
        <trkpt lat="37.7672647" lon="-122.4462797">
          <ele>279.6</ele>
          <time>2024-06-15T08:14:50.000Z</time>
          <extensions>
            <gpxtpx:TrackPointExtension>
              <gpxtpx:hr>142</gpxtpx:hr>
              <gpxtpx:cad>91</gpxtpx:cad>
              <gpxtpx:speed>6.451</gpxtpx:speed>
            </gpxtpx:TrackPointExtension>
          </extensions>
        </trkpt>
        <trkpt lat="37.7668756" lon="-122.4461504">
          <ele>281.1</ele>
          <time>2024-06-15T08:14:55.000Z</time>
          <extensions>
            <gpxtpx:TrackPointExtension>
              <gpxtpx:hr>142</gpxtpx:hr>
              <gpxtpx:cad>91</gpxtpx:cad>
              <gpxtpx:speed>6.469</gpxtpx:speed>
            </gpxtpx:TrackPointExtension>
          </extensions>
        </trkpt>
        <trkpt lat="37.7664855" lon="-122.4460120">
          <ele>282.6</ele>
          <time>2024-06-15T08:15:00.000Z</time>
          <extensions>
            <gpxtpx:TrackPointExtension>
              <gpxtpx:hr>142</gpxtpx:hr>
              <gpxtpx:cad>91</gpxtpx:cad>
              <gpxtpx:speed>6.482</gpxtpx:speed>
            </gpxtpx:TrackPointExtension>
          </extensions>
        </trkpt>
        <trkpt lat="37.7660945" lon="-122.4458640">
          <ele>284.1</ele>
          <time>2024-06-15T08:15:05.000Z</time>
          <extensions>
            <gpxtpx:TrackPointExtension>
              <gpxtpx:hr>142</gpxtpx:hr>
              <gpxtpx:cad>91</gpxtpx:cad>
              <gpxtpx:speed>6.491</gpxtpx:speed>
            </gpxtpx:TrackPointExtension>
          </extensions>
        </trkpt>
        <trkpt lat="37.7657025" lon="-122.4457061">
          <ele>285.7</ele>
          <time>2024-06-15T08:15:10.000Z</time>
          <extensions>
            <gpxtpx:TrackPointExtension>
              <gpxtpx:hr>142</gpxtpx:hr>
              <gpxtpx:cad>91</gpxtpx:cad>
              <gpxtpx:speed>6.496</gpxtpx:speed>
            </gpxtpx:TrackPointExtension>
          </extensions>
        </trkpt>
        <trkpt lat="37.7653099" lon="-122.4455380">
          <ele>287.5</ele>
          <time>2024-06-15T08:15:15.000Z</time>
          <extensions>
            <gpxtpx:TrackPointExtension>
              <gpxtpx:hr>142</gpxtpx:hr>
              <gpxtpx:cad>91</gpxtpx:cad>
              <gpxtpx:speed>6.498</gpxtpx:speed>
            </gpxtpx:TrackPointExtension>
          </extensions>
        </trkpt>
        <trkpt lat="37.7649166" lon="-122.4453593">
          <ele>289.3</ele>
          <time>2024-06-15T08:15:20.000Z</time>
          <extensions>
            <gpxtpx:TrackPointExtension>
              <gpxtpx:hr>143</gpxtpx:hr>
              <gpxtpx:cad>91</gpxtpx:cad>
              <gpxtpx:speed>6.497</gpxtpx:speed>
            </gpxtpx:TrackPointExtension>
          </extensions>
        </trkpt>
        <trkpt lat="37.7645230" lon="-122.4451696">
          <ele>291.2</ele>
          <time>2024-06-15T08:15:25.000Z</time>
          <extensions>
            <gpxtpx:TrackPointExtension>
              <gpxtpx:hr>143</gpxtpx:hr>
              <gpxtpx:cad>90</gpxtpx:cad>
              <gpxtpx:speed>6.494</gpxtpx:speed>
            </gpxtpx:TrackPointExtension>
          </extensions>
        </trkpt>
        <trkpt lat="37.7641291" lon="-122.4449685">
          <ele>293.3</ele>
          <time>2024-06-15T08:15:30.000Z</time>
          <extensions>
            <gpxtpx:TrackPointExtension>
              <gpxtpx:hr>143</gpxtpx:hr>
              <gpxtpx:cad>90</gpxtpx:cad>
              <gpxtpx:speed>6.489</gpxtpx:speed>
            </gpxtpx:TrackPointExtension>
          </extensions>
        </trkpt>
        <trkpt lat="37.7637352" lon="-122.4447559">
          <ele>295.4</ele>
          <time>2024-06-15T08:15:35.000Z</time>
          <extensions>
            <gpxtpx:TrackPointExtension>
              <gpxtpx:hr>144</gpxtpx:hr>
              <gpxtpx:cad>90</gpxtpx:cad>
              <gpxtpx:speed>6.484</gpxtpx:speed>
            </gpxtpx:TrackPointExtension>
          </extensions>
        </trkpt>
        <trkpt lat="37.7633415" lon="-122.4445313">
          <ele>297.7</ele>
          <time>2024-06-15T08:15:40.000Z</time>
          <extensions>
            <gpxtpx:TrackPointExtension>
              <gpxtpx:hr>144</gpxtpx:hr>
              <gpxtpx:cad>89</gpxtpx:cad>
              <gpxtpx:speed>6.479</gpxtpx:speed>
            </gpxtpx:TrackPointExtension>
          </extensions>
        </trkpt>
        <trkpt lat="37.7629483" lon="-122.4442945">
          <ele>300.1</ele>
          <time>2024-06-15T08:15:45.000Z</time>
          <extensions>
            <gpxtpx:TrackPointExtension>
              <gpxtpx:hr>144</gpxtpx:hr>
              <gpxtpx:cad>89</gpxtpx:cad>
              <gpxtpx:speed>6.475</gpxtpx:speed>
            </gpxtpx:TrackPointExtension>
          </extensions>
        </trkpt>
        <trkpt lat="37.7625559" lon="-122.4440453">
          <ele>302.5</ele>
          <time>2024-06-15T08:15:50.000Z</time>
          <extensions>
            <gpxtpx:TrackPointExtension>
              <gpxtpx:hr>145</gpxtpx:hr>
              <gpxtpx:cad>89</gpxtpx:cad>
              <gpxtpx:speed>6.472</gpxtpx:speed>
            </gpxtpx:TrackPointExtension>
          </extensions>
        </trkpt>
        <trkpt lat="37.7621646" lon="-122.4437834">
          <ele>305.0</ele>
          <time>2024-06-15T08:15:55.000Z</time>
          <extensions>
            <gpxtpx:TrackPointExtension>
              <gpxtpx:hr>145</gpxtpx:hr>
              <gpxtpx:cad>88</gpxtpx:cad>
              <gpxtpx:speed>6.472</gpxtpx:speed>
            </gpxtpx:TrackPointExtension>
          </extensions>
        </trkpt>
        <trkpt lat="37.7617746" lon="-122.4435085">
          <ele>307.6</ele>
          <time>2024-06-15T08:16:00.000Z</time>
          <extensions>
            <gpxtpx:TrackPointExtension>
              <gpxtpx:hr>145</gpxtpx:hr>
              <gpxtpx:cad>88</gpxtpx:cad>
              <gpxtpx:speed>6.475</gpxtpx:speed>
            </gpxtpx:TrackPointExtension>
          </extensions>
        </trkpt>
        <trkpt lat="37.7613863" lon="-122.4432206">
          <ele>310.2</ele>
          <time>2024-06-15T08:16:05.000Z</time>
          <extensions>
            <gpxtpx:TrackPointExtension>
              <gpxtpx:hr>145</gpxtpx:hr>
              <gpxtpx:cad>88</gpxtpx:cad>
              <gpxtpx:speed>6.482</gpxtpx:speed>
            </gpxtpx:TrackPointExtension>
          </extensions>
        </trkpt>
        <trkpt lat="37.7610002" lon="-122.4429195">
          <ele>312.8</ele>
          <time>2024-06-15T08:16:10.000Z</time>
          <extensions>
            <gpxtpx:TrackPointExtension>
              <gpxtpx:hr>146</gpxtpx:hr>
              <gpxtpx:cad>87</gpxtpx:cad>
              <gpxtpx:speed>6.493</gpxtpx:speed>
            </gpxtpx:TrackPointExtension>
          </extensions>
        </trkpt>
        <trkpt lat="37.7606164" lon="-122.4426051">
          <ele>315.3</ele>
          <time>2024-06-15T08:16:15.000Z</time>
          <extensions>
            <gpxtpx:TrackPointExtension>
              <gpxtpx:hr>146</gpxtpx:hr>
              <gpxtpx:cad>87</gpxtpx:cad>
              <gpxtpx:speed>6.508</gpxtpx:speed>
            </gpxtpx:TrackPointExtension>
          </extensions>
        </trkpt>
        <trkpt lat="37.7602355" lon="-122.4422774">
          <ele>317.8</ele>
          <time>2024-06-15T08:16:20.000Z</time>
          <extensions>
            <gpxtpx:TrackPointExtension>
              <gpxtpx:hr>146</gpxtpx:hr>
              <gpxtpx:cad>87</gpxtpx:cad>
              <gpxtpx:speed>6.528</gpxtpx:speed>
            </gpxtpx:TrackPointExtension>
          </extensions>
        </trkpt>
        <trkpt lat="37.7598577" lon="-122.4419362">
          <ele>320.3</ele>
          <time>2024-06-15T08:16:25.000Z</time>
          <extensions>
            <gpxtpx:TrackPointExtension>
              <gpxtpx:hr>146</gpxtpx:hr>
              <gpxtpx:cad>86</gpxtpx:cad>
              <gpxtpx:speed>6.553</gpxtpx:speed>
            </gpxtpx:TrackPointExtension>
          </extensions>
        </trkpt>
        <trkpt lat="37.7594836" lon="-122.4415816">
          <ele>322.6</ele>
          <time>2024-06-15T08:16:30.000Z</time>
          <extensions>
            <gpxtpx:TrackPointExtension>
              <gpxtpx:hr>146</gpxtpx:hr>
              <gpxtpx:cad>86</gpxtpx:cad>
              <gpxtpx:speed>6.583</gpxtpx:speed>
            </gpxtpx:TrackPointExtension>
          </extensions>
        </trkpt>
        <trkpt lat="37.7591135" lon="-122.4412137">
          <ele>324.8</ele>
          <time>2024-06-15T08:16:35.000Z</time>
          <extensions>
            <gpxtpx:TrackPointExtension>
              <gpxtpx:hr>146</gpxtpx:hr>
              <gpxtpx:cad>86</gpxtpx:cad>
              <gpxtpx:speed>6.617</gpxtpx:speed>
            </gpxtpx:TrackPointExtension>
          </extensions>
        </trkpt>
        <trkpt lat="37.7587478" lon="-122.4408325">
          <ele>326.8</ele>
          <time>2024-06-15T08:16:40.000Z</time>
          <extensions>
            <gpxtpx:TrackPointExtension>
              <gpxtpx:hr>146</gpxtpx:hr>
              <gpxtpx:cad>85</gpxtpx:cad>
              <gpxtpx:speed>6.655</gpxtpx:speed>
            </gpxtpx:TrackPointExtension>
          </extensions>
        </trkpt>
        <trkpt lat="37.7583869" lon="-122.4404382">
          <ele>328.7</ele>
          <time>2024-06-15T08:16:45.000Z</time>
          <extensions>
            <gpxtpx:TrackPointExtension>
              <gpxtpx:hr>146</gpxtpx:hr>
              <gpxtpx:cad>85</gpxtpx:cad>
              <gpxtpx:speed>6.696</gpxtpx:speed>
            </gpxtpx:TrackPointExtension>
          </extensions>
        </trkpt>
        <trkpt lat="37.7580314" lon="-122.4400309">
          <ele>330.4</ele>
          <time>2024-06-15T08:16:50.000Z</time>
          <extensions>
            <gpxtpx:TrackPointExtension>
              <gpxtpx:hr>146</gpxtpx:hr>
              <gpxtpx:cad>85</gpxtpx:cad>
              <gpxtpx:speed>6.741</gpxtpx:speed>
            </gpxtpx:TrackPointExtension>
          </extensions>
        </trkpt>
        <trkpt lat="37.7576815" lon="-122.4396108">
          <ele>332.0</ele>
          <time>2024-06-15T08:16:55.000Z</time>
          <extensions>
            <gpxtpx:TrackPointExtension>
              <gpxtpx:hr>146</gpxtpx:hr>
              <gpxtpx:cad>85</gpxtpx:cad>
              <gpxtpx:speed>6.787</gpxtpx:speed>
            </gpxtpx:TrackPointExtension>
          </extensions>
        </trkpt>
        <trkpt lat="37.7573378" lon="-122.4391782">
          <ele>333.4</ele>
          <time>2024-06-15T08:17:00.000Z</time>
          <extensions>
            <gpxtpx:TrackPointExtension>
              <gpxtpx:hr>146</gpxtpx:hr>
              <gpxtpx:cad>85</gpxtpx:cad>
              <gpxtpx:speed>6.836</gpxtpx:speed>
            </gpxtpx:TrackPointExtension>
          </extensions>
        </trkpt>
        <trkpt lat="37.7570007" lon="-122.4387333">
          <ele>334.6</ele>
          <time>2024-06-15T08:17:05.000Z</time>
          <extensions>
            <gpxtpx:TrackPointExtension>
              <gpxtpx:hr>146</gpxtpx:hr>
              <gpxtpx:cad>85</gpxtpx:cad>
              <gpxtpx:speed>6.885</gpxtpx:speed>
            </gpxtpx:TrackPointExtension>
          </extensions>
        </trkpt>
        <trkpt lat="37.7566706" lon="-122.4382764">
          <ele>335.7</ele>
          <time>2024-06-15T08:17:10.000Z</time>
          <extensions>
            <gpxtpx:TrackPointExtension>
              <gpxtpx:hr>146</gpxtpx:hr>
              <gpxtpx:cad>85</gpxtpx:cad>
              <gpxtpx:speed>6.934</gpxtpx:speed>
            </gpxtpx:TrackPointExtension>
          </extensions>
        </trkpt>
        <trkpt lat="37.7563479" lon="-122.4378079">
          <ele>336.7</ele>
          <time>2024-06-15T08:17:15.000Z</time>
          <extensions>
            <gpxtpx:TrackPointExtension>
              <gpxtpx:hr>146</gpxtpx:hr>
              <gpxtpx:cad>84</gpxtpx:cad>
              <gpxtpx:speed>6.982</gpxtpx:speed>
            </gpxtpx:TrackPointExtension>
          </extensions>
        </trkpt>
        <trkpt lat="37.7560330" lon="-122.4373282">
          <ele>337.5</ele>
          <time>2024-06-15T08:17:20.000Z</time>
          <extensions>
            <gpxtpx:TrackPointExtension>
              <gpxtpx:hr>146</gpxtpx:hr>
              <gpxtpx:cad>84</gpxtpx:cad>
              <gpxtpx:speed>7.029</gpxtpx:speed>
            </gpxtpx:TrackPointExtension>
          </extensions>
        </trkpt>
        <trkpt lat="37.7557263" lon="-122.4368376">
          <ele>338.3</ele>
          <time>2024-06-15T08:17:25.000Z</time>
          <extensions>
            <gpxtpx:TrackPointExtension>
              <gpxtpx:hr>146</gpxtpx:hr>
              <gpxtpx:cad>84</gpxtpx:cad>
              <gpxtpx:speed>7.074</gpxtpx:speed>
            </gpxtpx:TrackPointExtension>
          </extensions>
        </trkpt>
        <trkpt lat="37.7554283" lon="-122.4363365">
          <ele>339.1</ele>
          <time>2024-06-15T08:17:30.000Z</time>
          <extensions>
            <gpxtpx:TrackPointExtension>
              <gpxtpx:hr>147</gpxtpx:hr>
              <gpxtpx:cad>84</gpxtpx:cad>
              <gpxtpx:speed>7.116</gpxtpx:speed>
            </gpxtpx:TrackPointExtension>
          </extensions>
        </trkpt>
        <trkpt lat="37.7551393" lon="-122.4358255">
          <ele>339.8</ele>
          <time>2024-06-15T08:17:35.000Z</time>
          <extensions>
            <gpxtpx:TrackPointExtension>
              <gpxtpx:hr>147</gpxtpx:hr>
              <gpxtpx:cad>84</gpxtpx:cad>
              <gpxtpx:speed>7.155</gpxtpx:speed>
            </gpxtpx:TrackPointExtension>
          </extensions>
        </trkpt>
        <trkpt lat="37.7548597" lon="-122.4353051">
          <ele>340.5</ele>
          <time>2024-06-15T08:17:40.000Z</time>
          <extensions>
            <gpxtpx:TrackPointExtension>
              <gpxtpx:hr>147</gpxtpx:hr>
              <gpxtpx:cad>84</gpxtpx:cad>
              <gpxtpx:speed>7.189</gpxtpx:speed>
            </gpxtpx:TrackPointExtension>
          </extensions>
        </trkpt>
        <trkpt lat="37.7545898" lon="-122.4347756">
          <ele>341.3</ele>
          <time>2024-06-15T08:17:45.000Z</time>
          <extensions>
            <gpxtpx:TrackPointExtension>
              <gpxtpx:hr>147</gpxtpx:hr>
              <gpxtpx:cad>84</gpxtpx:cad>
              <gpxtpx:speed>7.220</gpxtpx:speed>
            </gpxtpx:TrackPointExtension>
          </extensions>
        </trkpt>
        <trkpt lat="37.7543299" lon="-122.4342377">
          <ele>342.2</ele>
          <time>2024-06-15T08:17:50.000Z</time>
          <extensions>
            <gpxtpx:TrackPointExtension>
              <gpxtpx:hr>147</gpxtpx:hr>
              <gpxtpx:cad>84</gpxtpx:cad>
              <gpxtpx:speed>7.247</gpxtpx:speed>
            </gpxtpx:TrackPointExtension>
          </extensions>
        </trkpt>
        <trkpt lat="37.7540805" lon="-122.4336918">
          <ele>343.1</ele>
          <time>2024-06-15T08:17:55.000Z</time>
          <extensions>
            <gpxtpx:TrackPointExtension>
              <gpxtpx:hr>148</gpxtpx:hr>
              <gpxtpx:cad>84</gpxtpx:cad>
              <gpxtpx:speed>7.269</gpxtpx:speed>
            </gpxtpx:TrackPointExtension>
          </extensions>
        </trkpt>
        <trkpt lat="37.7538418" lon="-122.4331385">
          <ele>344.1</ele>
          <time>2024-06-15T08:18:00.000Z</time>
          <extensions>
            <gpxtpx:TrackPointExtension>
              <gpxtpx:hr>148</gpxtpx:hr>
              <gpxtpx:cad>84</gpxtpx:cad>
              <gpxtpx:speed>7.286</gpxtpx:speed>
            </gpxtpx:TrackPointExtension>
          </extensions>
        </trkpt>
        <trkpt lat="37.7536141" lon="-122.4325784">
          <ele>345.3</ele>
          <time>2024-06-15T08:18:05.000Z</time>
          <extensions>
            <gpxtpx:TrackPointExtension>
              <gpxtpx:hr>148</gpxtpx:hr>
              <gpxtpx:cad>84</gpxtpx:cad>
              <gpxtpx:speed>7.299</gpxtpx:speed>
            </gpxtpx:TrackPointExtension>
          </extensions>
        </trkpt>
        <trkpt lat="37.7533976" lon="-122.4320120">
          <ele>346.7</ele>
          <time>2024-06-15T08:18:10.000Z</time>
          <extensions>
            <gpxtpx:TrackPointExtension>
              <gpxtpx:hr>149</gpxtpx:hr>
              <gpxtpx:cad>84</gpxtpx:cad>
              <gpxtpx:speed>7.308</gpxtpx:speed>
            </gpxtpx:TrackPointExtension>
          </extensions>
        </trkpt>
        <trkpt lat="37.7531925" lon="-122.4314399">
          <ele>348.2</ele>
          <time>2024-06-15T08:18:15.000Z</time>
          <extensions>
            <gpxtpx:TrackPointExtension>
              <gpxtpx:hr>149</gpxtpx:hr>
              <gpxtpx:cad>84</gpxtpx:cad>
              <gpxtpx:speed>7.314</gpxtpx:speed>
            </gpxtpx:TrackPointExtension>
          </extensions>
        </trkpt>
        <trkpt lat="37.7529992" lon="-122.4308627">
          <ele>349.8</ele>
          <time>2024-06-15T08:18:20.000Z</time>
          <extensions>
            <gpxtpx:TrackPointExtension>
              <gpxtpx:hr>149</gpxtpx:hr>
              <gpxtpx:cad>84</gpxtpx:cad>
              <gpxtpx:speed>7.315</gpxtpx:speed>
            </gpxtpx:TrackPointExtension>
          </extensions>
        </trkpt>
        <trkpt lat="37.7528178" lon="-122.4302808">
          <ele>351.6</ele>
          <time>2024-06-15T08:18:25.000Z</time>
          <extensions>
            <gpxtpx:TrackPointExtension>
              <gpxtpx:hr>150</gpxtpx:hr>
              <gpxtpx:cad>84</gpxtpx:cad>
              <gpxtpx:speed>7.313</gpxtpx:speed>
            </gpxtpx:TrackPointExtension>
          </extensions>
        </trkpt>
        <trkpt lat="37.7526484" lon="-122.4296950">
          <ele>353.6</ele>
          <time>2024-06-15T08:18:30.000Z</time>
          <extensions>
            <gpxtpx:TrackPointExtension>
              <gpxtpx:hr>150</gpxtpx:hr>
              <gpxtpx:cad>84</gpxtpx:cad>
              <gpxtpx:speed>7.308</gpxtpx:speed>
            </gpxtpx:TrackPointExtension>
          </extensions>
        </trkpt>
        <trkpt lat="37.7524912" lon="-122.4291056">
          <ele>355.7</ele>
          <time>2024-06-15T08:18:35.000Z</time>
          <extensions>
            <gpxtpx:TrackPointExtension>
              <gpxtpx:hr>150</gpxtpx:hr>
              <gpxtpx:cad>84</gpxtpx:cad>
              <gpxtpx:speed>7.301</gpxtpx:speed>
            </gpxtpx:TrackPointExtension>
          </extensions>
        </trkpt>
        <trkpt lat="37.7523463" lon="-122.4285133">
          <ele>357.9</ele>
          <time>2024-06-15T08:18:40.000Z</time>
          <extensions>
            <gpxtpx:TrackPointExtension>
              <gpxtpx:hr>151</gpxtpx:hr>
              <gpxtpx:cad>84</gpxtpx:cad>
              <gpxtpx:speed>7.291</gpxtpx:speed>
            </gpxtpx:TrackPointExtension>
          </extensions>
        </trkpt>
        <trkpt lat="37.7522138" lon="-122.4279186">
          <ele>360.3</ele>
          <time>2024-06-15T08:18:45.000Z</time>
          <extensions>
            <gpxtpx:TrackPointExtension>
              <gpxtpx:hr>151</gpxtpx:hr>
              <gpxtpx:cad>84</gpxtpx:cad>
              <gpxtpx:speed>7.279</gpxtpx:speed>
            </gpxtpx:TrackPointExtension>
          </extensions>
        </trkpt>
        <trkpt lat="37.7520938" lon="-122.4273220">
          <ele>362.7</ele>
          <time>2024-06-15T08:18:50.000Z</time>
          <extensions>
            <gpxtpx:TrackPointExtension>
              <gpxtpx:hr>151</gpxtpx:hr>
              <gpxtpx:cad>84</gpxtpx:cad>
              <gpxtpx:speed>7.265</gpxtpx:speed>
            </gpxtpx:TrackPointExtension>
          </extensions>
        </trkpt>
        <trkpt lat="37.7519862" lon="-122.4267239">
          <ele>365.1</ele>
          <time>2024-06-15T08:18:55.000Z</time>
          <extensions>
            <gpxtpx:TrackPointExtension>
              <gpxtpx:hr>151</gpxtpx:hr>
              <gpxtpx:cad>84</gpxtpx:cad>
              <gpxtpx:speed>7.250</gpxtpx:speed>
            </gpxtpx:TrackPointExtension>
          </extensions>
        </trkpt>
        <trkpt lat="37.7518913" lon="-122.4261249">
          <ele>367.6</ele>
          <time>2024-06-15T08:19:00.000Z</time>
          <extensions>
            <gpxtpx:TrackPointExtension>
              <gpxtpx:hr>151</gpxtpx:hr>
              <gpxtpx:cad>84</gpxtpx:cad>
              <gpxtpx:speed>7.232</gpxtpx:speed>
            </gpxtpx:TrackPointExtension>
          </extensions>
        </trkpt>
        <trkpt lat="37.7518088" lon="-122.4255254">
          <ele>370.0</ele>
          <time>2024-06-15T08:19:05.000Z</time>
          <extensions>
            <gpxtpx:TrackPointExtension>
              <gpxtpx:hr>151</gpxtpx:hr>
              <gpxtpx:cad>84</gpxtpx:cad>
              <gpxtpx:speed>7.214</gpxtpx:speed>
            </gpxtpx:TrackPointExtension>
          </extensions>
        </trkpt>
        <trkpt lat="37.7517388" lon="-122.4249258">
          <ele>372.4</ele>
          <time>2024-06-15T08:19:10.000Z</time>
          <extensions>
            <gpxtpx:TrackPointExtension>
              <gpxtpx:hr>151</gpxtpx:hr>
              <gpxtpx:cad>84</gpxtpx:cad>
              <gpxtpx:speed>7.193</gpxtpx:speed>
            </gpxtpx:TrackPointExtension>
          </extensions>
        </trkpt>
        <trkpt lat="37.7516813" lon="-122.4243265">
          <ele>374.8</ele>
          <time>2024-06-15T08:19:15.000Z</time>
          <extensions>
            <gpxtpx:TrackPointExtension>
              <gpxtpx:hr>151</gpxtpx:hr>
              <gpxtpx:cad>84</gpxtpx:cad>
              <gpxtpx:speed>7.171</gpxtpx:speed>
            </gpxtpx:TrackPointExtension>
          </extensions>
        </trkpt>
        <trkpt lat="37.7516361" lon="-122.4237279">
          <ele>377.0</ele>
          <time>2024-06-15T08:19:20.000Z</time>
          <extensions>
            <gpxtpx:TrackPointExtension>
              <gpxtpx:hr>151</gpxtpx:hr>
              <gpxtpx:cad>84</gpxtpx:cad>
              <gpxtpx:speed>7.146</gpxtpx:speed>
            </gpxtpx:TrackPointExtension>
          </extensions>
        </trkpt>
        <trkpt lat="37.7516031" lon="-122.4231303">
          <ele>379.1</ele>
          <time>2024-06-15T08:19:25.000Z</time>
          <extensions>
            <gpxtpx:TrackPointExtension>
              <gpxtpx:hr>151</gpxtpx:hr>
              <gpxtpx:cad>84</gpxtpx:cad>
              <gpxtpx:speed>7.119</gpxtpx:speed>
            </gpxtpx:TrackPointExtension>
          </extensions>
        </trkpt>
        <trkpt lat="37.7515823" lon="-122.4225340">
          <ele>381.1</ele>
          <time>2024-06-15T08:19:30.000Z</time>
          <extensions>
            <gpxtpx:TrackPointExtension>
              <gpxtpx:hr>151</gpxtpx:hr>
              <gpxtpx:cad>84</gpxtpx:cad>
              <gpxtpx:speed>7.090</gpxtpx:speed>
            </gpxtpx:TrackPointExtension>
          </extensions>
        </trkpt>
        <trkpt lat="37.7515735" lon="-122.4219394">
          <ele>383.0</ele>
          <time>2024-06-15T08:19:35.000Z</time>
          <extensions>
            <gpxtpx:TrackPointExtension>
              <gpxtpx:hr>151</gpxtpx:hr>
              <gpxtpx:cad>84</gpxtpx:cad>
              <gpxtpx:speed>7.058</gpxtpx:speed>
            </gpxtpx:TrackPointExtension>
          </extensions>
        </trkpt>
        <trkpt lat="37.7515765" lon="-122.4213466">
          <ele>384.7</ele>
          <time>2024-06-15T08:19:40.000Z</time>
          <extensions>
            <gpxtpx:TrackPointExtension>
              <gpxtpx:hr>151</gpxtpx:hr>
              <gpxtpx:cad>84</gpxtpx:cad>
              <gpxtpx:speed>7.023</gpxtpx:speed>
            </gpxtpx:TrackPointExtension>
          </extensions>
        </trkpt>
        <trkpt lat="37.7515911" lon="-122.4207559">
          <ele>386.2</ele>
          <time>2024-06-15T08:19:45.000Z</time>
          <extensions>
            <gpxtpx:TrackPointExtension>
              <gpxtpx:hr>150</gpxtpx:hr>
              <gpxtpx:cad>84</gpxtpx:cad>
              <gpxtpx:speed>6.985</gpxtpx:speed>
            </gpxtpx:TrackPointExtension>
          </extensions>
        </trkpt>
        <trkpt lat="37.7516172" lon="-122.4201675">
          <ele>387.6</ele>
          <time>2024-06-15T08:19:50.000Z</time>
          <extensions>
            <gpxtpx:TrackPointExtension>
              <gpxtpx:hr>150</gpxtpx:hr>
              <gpxtpx:cad>85</gpxtpx:cad>
              <gpxtpx:speed>6.943</gpxtpx:speed>
            </gpxtpx:TrackPointExtension>
          </extensions>
        </trkpt>
        <trkpt lat="37.7516545" lon="-122.4195816">
          <ele>388.8</ele>
          <time>2024-06-15T08:19:55.000Z</time>
          <extensions>
            <gpxtpx:TrackPointExtension>
              <gpxtpx:hr>150</gpxtpx:hr>
              <gpxtpx:cad>85</gpxtpx:cad>
              <gpxtpx:speed>6.897</gpxtpx:speed>
            </gpxtpx:TrackPointExtension>
          </extensions>
        </trkpt>
        <trkpt lat="37.7517028" lon="-122.4189983">
          <ele>389.9</ele>
          <time>2024-06-15T08:20:00.000Z</time>
          <extensions>
            <gpxtpx:TrackPointExtension>
              <gpxtpx:hr>150</gpxtpx:hr>
              <gpxtpx:cad>85</gpxtpx:cad>
              <gpxtpx:speed>6.847</gpxtpx:speed>
            </gpxtpx:TrackPointExtension>
          </extensions>
        </trkpt>
        <trkpt lat="37.7517619" lon="-122.4184176">
          <ele>385.8</ele>
          <time>2024-06-15T08:20:05.000Z</time>
          <extensions>
            <gpxtpx:TrackPointExtension>
              <gpxtpx:hr>142</gpxtpx:hr>
              <gpxtpx:cad>89</gpxtpx:cad>
              <gpxtpx:speed>7.406</gpxtpx:speed>
            </gpxtpx:TrackPointExtension>
          </extensions>
        </trkpt>
        <trkpt lat="37.7518315" lon="-122.4178398">
          <ele>381.5</ele>
          <time>2024-06-15T08:20:10.000Z</time>
          <extensions>
            <gpxtpx:TrackPointExtension>
              <gpxtpx:hr>142</gpxtpx:hr>
              <gpxtpx:cad>89</gpxtpx:cad>
              <gpxtpx:speed>7.349</gpxtpx:speed>
            </gpxtpx:TrackPointExtension>
          </extensions>
        </trkpt>
        <trkpt lat="37.7519114" lon="-122.4172647">
          <ele>377.2</ele>
          <time>2024-06-15T08:20:15.000Z</time>
          <extensions>
            <gpxtpx:TrackPointExtension>
              <gpxtpx:hr>142</gpxtpx:hr>
              <gpxtpx:cad>89</gpxtpx:cad>
              <gpxtpx:speed>7.288</gpxtpx:speed>
            </gpxtpx:TrackPointExtension>
          </extensions>
        </trkpt>
        <trkpt lat="37.7520013" lon="-122.4166926">
          <ele>372.8</ele>
          <time>2024-06-15T08:20:20.000Z</time>
          <extensions>
            <gpxtpx:TrackPointExtension>
              <gpxtpx:hr>142</gpxtpx:hr>
              <gpxtpx:cad>89</gpxtpx:cad>
              <gpxtpx:speed>7.223</gpxtpx:speed>
            </gpxtpx:TrackPointExtension>
          </extensions>
        </trkpt>
        <trkpt lat="37.7521009" lon="-122.4161233">
          <ele>368.4</ele>
          <time>2024-06-15T08:20:25.000Z</time>
          <extensions>
            <gpxtpx:TrackPointExtension>
              <gpxtpx:hr>142</gpxtpx:hr>
              <gpxtpx:cad>89</gpxtpx:cad>
              <gpxtpx:speed>7.156</gpxtpx:speed>
            </gpxtpx:TrackPointExtension>
          </extensions>
        </trkpt>
        <trkpt lat="37.7522099" lon="-122.4155569">
          <ele>363.9</ele>
          <time>2024-06-15T08:20:30.000Z</time>
          <extensions>
            <gpxtpx:TrackPointExtension>
              <gpxtpx:hr>142</gpxtpx:hr>
              <gpxtpx:cad>90</gpxtpx:cad>
              <gpxtpx:speed>7.086</gpxtpx:speed>
            </gpxtpx:TrackPointExtension>
          </extensions>
        </trkpt>
        <trkpt lat="37.7523281" lon="-122.4149933">
          <ele>359.5</ele>
          <time>2024-06-15T08:20:35.000Z</time>
          <extensions>
            <gpxtpx:TrackPointExtension>
              <gpxtpx:hr>143</gpxtpx:hr>
              <gpxtpx:cad>90</gpxtpx:cad>
              <gpxtpx:speed>7.014</gpxtpx:speed>
            </gpxtpx:TrackPointExtension>
          </extensions>
        </trkpt>
        <trkpt lat="37.7524552" lon="-122.4144326">
          <ele>355.0</ele>
          <time>2024-06-15T08:20:40.000Z</time>
          <extensions>
            <gpxtpx:TrackPointExtension>
              <gpxtpx:hr>143</gpxtpx:hr>
              <gpxtpx:cad>90</gpxtpx:cad>
              <gpxtpx:speed>6.941</gpxtpx:speed>
            </gpxtpx:TrackPointExtension>
          </extensions>
        </trkpt>
        <trkpt lat="37.7525910" lon="-122.4138746">
          <ele>350.7</ele>
          <time>2024-06-15T08:20:45.000Z</time>
          <extensions>
            <gpxtpx:TrackPointExtension>
              <gpxtpx:hr>143</gpxtpx:hr>
              <gpxtpx:cad>90</gpxtpx:cad>
              <gpxtpx:speed>6.868</gpxtpx:speed>
            </gpxtpx:TrackPointExtension>
          </extensions>
        </trkpt>
        <trkpt lat="37.7527350" lon="-122.4133193">
          <ele>346.4</ele>
          <time>2024-06-15T08:20:50.000Z</time>
          <extensions>
            <gpxtpx:TrackPointExtension>
              <gpxtpx:hr>143</gpxtpx:hr>
              <gpxtpx:cad>90</gpxtpx:cad>
              <gpxtpx:speed>6.796</gpxtpx:speed>
            </gpxtpx:TrackPointExtension>
          </extensions>
        </trkpt>
        <trkpt lat="37.7528871" lon="-122.4127666">
          <ele>342.1</ele>
          <time>2024-06-15T08:20:55.000Z</time>
          <extensions>
            <gpxtpx:TrackPointExtension>
              <gpxtpx:hr>144</gpxtpx:hr>
              <gpxtpx:cad>90</gpxtpx:cad>
              <gpxtpx:speed>6.724</gpxtpx:speed>
            </gpxtpx:TrackPointExtension>
          </extensions>
        </trkpt>
        <trkpt lat="37.7530470" lon="-122.4122164">
          <ele>337.9</ele>
          <time>2024-06-15T08:21:00.000Z</time>
          <extensions>
            <gpxtpx:TrackPointExtension>
              <gpxtpx:hr>144</gpxtpx:hr>
              <gpxtpx:cad>90</gpxtpx:cad>
              <gpxtpx:speed>6.655</gpxtpx:speed>
            </gpxtpx:TrackPointExtension>
          </extensions>
        </trkpt>
        <trkpt lat="37.7532144" lon="-122.4116687">
          <ele>333.8</ele>
          <time>2024-06-15T08:21:05.000Z</time>
          <extensions>
            <gpxtpx:TrackPointExtension>
              <gpxtpx:hr>145</gpxtpx:hr>
              <gpxtpx:cad>90</gpxtpx:cad>
              <gpxtpx:speed>6.590</gpxtpx:speed>
            </gpxtpx:TrackPointExtension>
          </extensions>
        </trkpt>
        <trkpt lat="37.7533891" lon="-122.4111233">
          <ele>329.8</ele>
          <time>2024-06-15T08:21:10.000Z</time>
          <extensions>
            <gpxtpx:TrackPointExtension>
              <gpxtpx:hr>145</gpxtpx:hr>
              <gpxtpx:cad>90</gpxtpx:cad>
              <gpxtpx:speed>6.528</gpxtpx:speed>
            </gpxtpx:TrackPointExtension>
          </extensions>
        </trkpt>
        <trkpt lat="37.7535708" lon="-122.4105802">
          <ele>325.8</ele>
          <time>2024-06-15T08:21:15.000Z</time>
          <extensions>
            <gpxtpx:TrackPointExtension>
              <gpxtpx:hr>145</gpxtpx:hr>
              <gpxtpx:cad>91</gpxtpx:cad>
              <gpxtpx:speed>6.471</gpxtpx:speed>
            </gpxtpx:TrackPointExtension>
          </extensions>
        </trkpt>
        <trkpt lat="37.7537593" lon="-122.4100393">
          <ele>321.9</ele>
          <time>2024-06-15T08:21:20.000Z</time>
          <extensions>
            <gpxtpx:TrackPointExtension>
              <gpxtpx:hr>146</gpxtpx:hr>
              <gpxtpx:cad>91</gpxtpx:cad>
              <gpxtpx:speed>6.419</gpxtpx:speed>
            </gpxtpx:TrackPointExtension>
          </extensions>
        </trkpt>
        <trkpt lat="37.7539544" lon="-122.4095006">
          <ele>318.1</ele>
          <time>2024-06-15T08:21:25.000Z</time>
          <extensions>
            <gpxtpx:TrackPointExtension>
              <gpxtpx:hr>146</gpxtpx:hr>
              <gpxtpx:cad>91</gpxtpx:cad>
              <gpxtpx:speed>6.373</gpxtpx:speed>
            </gpxtpx:TrackPointExtension>
          </extensions>
        </trkpt>
        <trkpt lat="37.7541558" lon="-122.4089640">
          <ele>314.2</ele>
          <time>2024-06-15T08:21:30.000Z</time>
          <extensions>
            <gpxtpx:TrackPointExtension>
              <gpxtpx:hr>146</gpxtpx:hr>
              <gpxtpx:cad>91</gpxtpx:cad>
              <gpxtpx:speed>6.333</gpxtpx:speed>
            </gpxtpx:TrackPointExtension>
          </extensions>
        </trkpt>
        <trkpt lat="37.7543634" lon="-122.4084294">
          <ele>310.4</ele>
          <time>2024-06-15T08:21:35.000Z</time>
          <extensions>
            <gpxtpx:TrackPointExtension>
              <gpxtpx:hr>146</gpxtpx:hr>
              <gpxtpx:cad>91</gpxtpx:cad>
              <gpxtpx:speed>6.300</gpxtpx:speed>
            </gpxtpx:TrackPointExtension>
          </extensions>
        </trkpt>
        <trkpt lat="37.7545769" lon="-122.4078968">
          <ele>306.5</ele>
          <time>2024-06-15T08:21:40.000Z</time>
          <extensions>
            <gpxtpx:TrackPointExtension>
              <gpxtpx:hr>147</gpxtpx:hr>
              <gpxtpx:cad>92</gpxtpx:cad>
              <gpxtpx:speed>6.274</gpxtpx:speed>
            </gpxtpx:TrackPointExtension>
          </extensions>
        </trkpt>
        <trkpt lat="37.7547962" lon="-122.4073663">
          <ele>302.6</ele>
          <time>2024-06-15T08:21:45.000Z</time>
          <extensions>
            <gpxtpx:TrackPointExtension>
              <gpxtpx:hr>147</gpxtpx:hr>
              <gpxtpx:cad>92</gpxtpx:cad>
              <gpxtpx:speed>6.254</gpxtpx:speed>
            </gpxtpx:TrackPointExtension>
          </extensions>
        </trkpt>
        <trkpt lat="37.7550211" lon="-122.4068378">
          <ele>298.7</ele>
          <time>2024-06-15T08:21:50.000Z</time>
          <extensions>
            <gpxtpx:TrackPointExtension>
              <gpxtpx:hr>147</gpxtpx:hr>
              <gpxtpx:cad>92</gpxtpx:cad>
              <gpxtpx:speed>6.241</gpxtpx:speed>
            </gpxtpx:TrackPointExtension>
          </extensions>
        </trkpt>
        <trkpt lat="37.7552515" lon="-122.4063113">
          <ele>294.7</ele>
          <time>2024-06-15T08:21:55.000Z</time>
          <extensions>
            <gpxtpx:TrackPointExtension>
              <gpxtpx:hr>147</gpxtpx:hr>
              <gpxtpx:cad>92</gpxtpx:cad>
              <gpxtpx:speed>6.234</gpxtpx:speed>
            </gpxtpx:TrackPointExtension>
          </extensions>
        </trkpt>
        <trkpt lat="37.7554873" lon="-122.4057869">
          <ele>290.6</ele>
          <time>2024-06-15T08:22:00.000Z</time>
          <extensions>
            <gpxtpx:TrackPointExtension>
              <gpxtpx:hr>147</gpxtpx:hr>
              <gpxtpx:cad>93</gpxtpx:cad>
              <gpxtpx:speed>6.233</gpxtpx:speed>
            </gpxtpx:TrackPointExtension>
          </extensions>
        </trkpt>
        <trkpt lat="37.7557283" lon="-122.4052648">
          <ele>286.4</ele>
          <time>2024-06-15T08:22:05.000Z</time>
          <extensions>
            <gpxtpx:TrackPointExtension>
              <gpxtpx:hr>147</gpxtpx:hr>
              <gpxtpx:cad>93</gpxtpx:cad>
              <gpxtpx:speed>6.237</gpxtpx:speed>
            </gpxtpx:TrackPointExtension>
          </extensions>
        </trkpt>
        <trkpt lat="37.7559745" lon="-122.4047449">
          <ele>282.1</ele>
          <time>2024-06-15T08:22:10.000Z</time>
          <extensions>
            <gpxtpx:TrackPointExtension>
              <gpxtpx:hr>147</gpxtpx:hr>
              <gpxtpx:cad>93</gpxtpx:cad>
              <gpxtpx:speed>6.245</gpxtpx:speed>
            </gpxtpx:TrackPointExtension>
          </extensions>
        </trkpt>
        <trkpt lat="37.7562257" lon="-122.4042275">
          <ele>277.7</ele>
          <time>2024-06-15T08:22:15.000Z</time>
          <extensions>
            <gpxtpx:TrackPointExtension>
              <gpxtpx:hr>147</gpxtpx:hr>
              <gpxtpx:cad>93</gpxtpx:cad>
              <gpxtpx:speed>6.257</gpxtpx:speed>
            </gpxtpx:TrackPointExtension>
          </extensions>
        </trkpt>
        <trkpt lat="37.7564820" lon="-122.4037127">
          <ele>273.2</ele>
          <time>2024-06-15T08:22:20.000Z</time>
          <extensions>
            <gpxtpx:TrackPointExtension>
              <gpxtpx:hr>147</gpxtpx:hr>
              <gpxtpx:cad>93</gpxtpx:cad>
              <gpxtpx:speed>6.272</gpxtpx:speed>
            </gpxtpx:TrackPointExtension>
          </extensions>
        </trkpt>
        <trkpt lat="37.7567432" lon="-122.4032007">
          <ele>268.7</ele>
          <time>2024-06-15T08:22:25.000Z</time>
          <extensions>
            <gpxtpx:TrackPointExtension>
              <gpxtpx:hr>146</gpxtpx:hr>
              <gpxtpx:cad>94</gpxtpx:cad>
              <gpxtpx:speed>6.289</gpxtpx:speed>
            </gpxtpx:TrackPointExtension>
          </extensions>
        </trkpt>
        <trkpt lat="37.7570094" lon="-122.4026917">
          <ele>264.0</ele>
          <time>2024-06-15T08:22:30.000Z</time>
          <extensions>
            <gpxtpx:TrackPointExtension>
              <gpxtpx:hr>146</gpxtpx:hr>
              <gpxtpx:cad>94</gpxtpx:cad>
              <gpxtpx:speed>6.306</gpxtpx:speed>
            </gpxtpx:TrackPointExtension>
          </extensions>
        </trkpt>
        <trkpt lat="37.7572805" lon="-122.4021860">
          <ele>259.3</ele>
          <time>2024-06-15T08:22:35.000Z</time>
          <extensions>
            <gpxtpx:TrackPointExtension>
              <gpxtpx:hr>146</gpxtpx:hr>
              <gpxtpx:cad>94</gpxtpx:cad>
              <gpxtpx:speed>6.324</gpxtpx:speed>
            </gpxtpx:TrackPointExtension>
          </extensions>
        </trkpt>
        <trkpt lat="37.7575565" lon="-122.4016839">
          <ele>254.5</ele>
          <time>2024-06-15T08:22:40.000Z</time>
          <extensions>
            <gpxtpx:TrackPointExtension>
              <gpxtpx:hr>146</gpxtpx:hr>
              <gpxtpx:cad>94</gpxtpx:cad>
              <gpxtpx:speed>6.341</gpxtpx:speed>
            </gpxtpx:TrackPointExtension>
          </extensions>
        </trkpt>
        <trkpt lat="37.7578375" lon="-122.4011856">
          <ele>249.7</ele>
          <time>2024-06-15T08:22:45.000Z</time>
          <extensions>
            <gpxtpx:TrackPointExtension>
              <gpxtpx:hr>146</gpxtpx:hr>
              <gpxtpx:cad>94</gpxtpx:cad>
              <gpxtpx:speed>6.356</gpxtpx:speed>
            </gpxtpx:TrackPointExtension>
          </extensions>
        </trkpt>
        <trkpt lat="37.7581233" lon="-122.4006916">
          <ele>245.0</ele>
          <time>2024-06-15T08:22:50.000Z</time>
          <extensions>
            <gpxtpx:TrackPointExtension>
              <gpxtpx:hr>146</gpxtpx:hr>
              <gpxtpx:cad>94</gpxtpx:cad>
              <gpxtpx:speed>6.370</gpxtpx:speed>
            </gpxtpx:TrackPointExtension>
          </extensions>
        </trkpt>
        <trkpt lat="37.7584142" lon="-122.4002021">
          <ele>240.2</ele>
          <time>2024-06-15T08:22:55.000Z</time>
          <extensions>
            <gpxtpx:TrackPointExtension>
              <gpxtpx:hr>146</gpxtpx:hr>
              <gpxtpx:cad>93</gpxtpx:cad>
              <gpxtpx:speed>6.380</gpxtpx:speed>
            </gpxtpx:TrackPointExtension>
          </extensions>
        </trkpt>
        <trkpt lat="37.7587101" lon="-122.3997176">
          <ele>235.6</ele>
          <time>2024-06-15T08:23:00.000Z</time>
          <extensions>
            <gpxtpx:TrackPointExtension>
              <gpxtpx:hr>146</gpxtpx:hr>
              <gpxtpx:cad>93</gpxtpx:cad>
              <gpxtpx:speed>6.387</gpxtpx:speed>
            </gpxtpx:TrackPointExtension>
          </extensions>
        </trkpt>
        <trkpt lat="37.7590111" lon="-122.3992385">
          <ele>231.0</ele>
          <time>2024-06-15T08:23:05.000Z</time>
          <extensions>
            <gpxtpx:TrackPointExtension>
              <gpxtpx:hr>146</gpxtpx:hr>
              <gpxtpx:cad>93</gpxtpx:cad>
              <gpxtpx:speed>6.391</gpxtpx:speed>
            </gpxtpx:TrackPointExtension>
          </extensions>
        </trkpt>
        <trkpt lat="37.7593172" lon="-122.3987653">
          <ele>226.6</ele>
          <time>2024-06-15T08:23:10.000Z</time>
          <extensions>
            <gpxtpx:TrackPointExtension>
              <gpxtpx:hr>146</gpxtpx:hr>
              <gpxtpx:cad>93</gpxtpx:cad>
              <gpxtpx:speed>6.391</gpxtpx:speed>
            </gpxtpx:TrackPointExtension>
          </extensions>
        </trkpt>
        <trkpt lat="37.7596285" lon="-122.3982984">
          <ele>222.3</ele>
          <time>2024-06-15T08:23:15.000Z</time>
          <extensions>
            <gpxtpx:TrackPointExtension>
              <gpxtpx:hr>146</gpxtpx:hr>
              <gpxtpx:cad>93</gpxtpx:cad>
              <gpxtpx:speed>6.388</gpxtpx:speed>
            </gpxtpx:TrackPointExtension>
          </extensions>
        </trkpt>
        <trkpt lat="37.7599450" lon="-122.3978384">
          <ele>218.2</ele>
          <time>2024-06-15T08:23:20.000Z</time>
          <extensions>
            <gpxtpx:TrackPointExtension>
              <gpxtpx:hr>146</gpxtpx:hr>
              <gpxtpx:cad>92</gpxtpx:cad>
              <gpxtpx:speed>6.381</gpxtpx:speed>
            </gpxtpx:TrackPointExtension>
          </extensions>
        </trkpt>
        <trkpt lat="37.7602670" lon="-122.3973856">
          <ele>214.2</ele>
          <time>2024-06-15T08:23:25.000Z</time>
          <extensions>
            <gpxtpx:TrackPointExtension>
              <gpxtpx:hr>146</gpxtpx:hr>
              <gpxtpx:cad>92</gpxtpx:cad>
              <gpxtpx:speed>6.370</gpxtpx:speed>
            </gpxtpx:TrackPointExtension>
          </extensions>
        </trkpt>
        <trkpt lat="37.7605943" lon="-122.3969407">
          <ele>210.5</ele>
          <time>2024-06-15T08:23:30.000Z</time>
          <extensions>
            <gpxtpx:TrackPointExtension>
              <gpxtpx:hr>146</gpxtpx:hr>
              <gpxtpx:cad>92</gpxtpx:cad>
              <gpxtpx:speed>6.357</gpxtpx:speed>
            </gpxtpx:TrackPointExtension>
          </extensions>
        </trkpt>
        <trkpt lat="37.7609272" lon="-122.3965041">
          <ele>207.0</ele>
          <time>2024-06-15T08:23:35.000Z</time>
          <extensions>
            <gpxtpx:TrackPointExtension>
              <gpxtpx:hr>146</gpxtpx:hr>
              <gpxtpx:cad>91</gpxtpx:cad>
              <gpxtpx:speed>6.341</gpxtpx:speed>
            </gpxtpx:TrackPointExtension>
          </extensions>
        </trkpt>
        <trkpt lat="37.7612657" lon="-122.3960765">
          <ele>203.8</ele>
          <time>2024-06-15T08:23:40.000Z</time>
          <extensions>
            <gpxtpx:TrackPointExtension>
              <gpxtpx:hr>146</gpxtpx:hr>
              <gpxtpx:cad>91</gpxtpx:cad>
              <gpxtpx:speed>6.323</gpxtpx:speed>
            </gpxtpx:TrackPointExtension>
          </extensions>
        </trkpt>
        <trkpt lat="37.7616098" lon="-122.3956584">
          <ele>200.7</ele>
          <time>2024-06-15T08:23:45.000Z</time>
          <extensions>
            <gpxtpx:TrackPointExtension>
              <gpxtpx:hr>145</gpxtpx:hr>
              <gpxtpx:cad>91</gpxtpx:cad>
              <gpxtpx:speed>6.304</gpxtpx:speed>
            </gpxtpx:TrackPointExtension>
          </extensions>
        </trkpt>
        <trkpt lat="37.7619597" lon="-122.3952502">
          <ele>197.9</ele>
          <time>2024-06-15T08:23:50.000Z</time>
          <extensions>
            <gpxtpx:TrackPointExtension>
              <gpxtpx:hr>145</gpxtpx:hr>
              <gpxtpx:cad>90</gpxtpx:cad>
              <gpxtpx:speed>6.284</gpxtpx:speed>
            </gpxtpx:TrackPointExtension>
          </extensions>
        </trkpt>
        <trkpt lat="37.7623154" lon="-122.3948527">
          <ele>195.3</ele>
          <time>2024-06-15T08:23:55.000Z</time>
          <extensions>
            <gpxtpx:TrackPointExtension>
              <gpxtpx:hr>145</gpxtpx:hr>
              <gpxtpx:cad>90</gpxtpx:cad>
              <gpxtpx:speed>6.265</gpxtpx:speed>
            </gpxtpx:TrackPointExtension>
          </extensions>
        </trkpt>
        <trkpt lat="37.7626769" lon="-122.3944663">
          <ele>192.9</ele>
          <time>2024-06-15T08:24:00.000Z</time>
          <extensions>
            <gpxtpx:TrackPointExtension>
              <gpxtpx:hr>145</gpxtpx:hr>
              <gpxtpx:cad>90</gpxtpx:cad>
              <gpxtpx:speed>6.246</gpxtpx:speed>
            </gpxtpx:TrackPointExtension>
          </extensions>
        </trkpt>
        <trkpt lat="37.7630444" lon="-122.3940916">
          <ele>190.6</ele>
          <time>2024-06-15T08:24:05.000Z</time>
          <extensions>
            <gpxtpx:TrackPointExtension>
              <gpxtpx:hr>145</gpxtpx:hr>
              <gpxtpx:cad>90</gpxtpx:cad>
              <gpxtpx:speed>6.228</gpxtpx:speed>
            </gpxtpx:TrackPointExtension>
          </extensions>
        </trkpt>
        <trkpt lat="37.7634178" lon="-122.3937292">
          <ele>188.4</ele>
          <time>2024-06-15T08:24:10.000Z</time>
          <extensions>
            <gpxtpx:TrackPointExtension>
              <gpxtpx:hr>145</gpxtpx:hr>
              <gpxtpx:cad>90</gpxtpx:cad>
              <gpxtpx:speed>6.213</gpxtpx:speed>
            </gpxtpx:TrackPointExtension>
          </extensions>
        </trkpt>
        <trkpt lat="37.7637973" lon="-122.3933795">
          <ele>186.4</ele>
          <time>2024-06-15T08:24:15.000Z</time>
          <extensions>
            <gpxtpx:TrackPointExtension>
              <gpxtpx:hr>144</gpxtpx:hr>
              <gpxtpx:cad>89</gpxtpx:cad>
              <gpxtpx:speed>6.200</gpxtpx:speed>
            </gpxtpx:TrackPointExtension>
          </extensions>
        </trkpt>
        <trkpt lat="37.7641828" lon="-122.3930432">
          <ele>184.5</ele>
          <time>2024-06-15T08:24:20.000Z</time>
          <extensions>
            <gpxtpx:TrackPointExtension>
              <gpxtpx:hr>144</gpxtpx:hr>
              <gpxtpx:cad>89</gpxtpx:cad>
              <gpxtpx:speed>6.190</gpxtpx:speed>
            </gpxtpx:TrackPointExtension>
          </extensions>
        </trkpt>
        <trkpt lat="37.7645743" lon="-122.3927206">
          <ele>182.5</ele>
          <time>2024-06-15T08:24:25.000Z</time>
          <extensions>
            <gpxtpx:TrackPointExtension>
              <gpxtpx:hr>143</gpxtpx:hr>
              <gpxtpx:cad>89</gpxtpx:cad>
              <gpxtpx:speed>6.183</gpxtpx:speed>
            </gpxtpx:TrackPointExtension>
          </extensions>
        </trkpt>
        <trkpt lat="37.7649718" lon="-122.3924123">
          <ele>180.6</ele>
          <time>2024-06-15T08:24:30.000Z</time>
          <extensions>
            <gpxtpx:TrackPointExtension>
              <gpxtpx:hr>143</gpxtpx:hr>
              <gpxtpx:cad>89</gpxtpx:cad>
              <gpxtpx:speed>6.180</gpxtpx:speed>
            </gpxtpx:TrackPointExtension>
          </extensions>
        </trkpt>
        <trkpt lat="37.7653754" lon="-122.3921188">
          <ele>178.7</ele>
          <time>2024-06-15T08:24:35.000Z</time>
          <extensions>
            <gpxtpx:TrackPointExtension>
              <gpxtpx:hr>142</gpxtpx:hr>
              <gpxtpx:cad>90</gpxtpx:cad>
              <gpxtpx:speed>6.181</gpxtpx:speed>
            </gpxtpx:TrackPointExtension>
          </extensions>
        </trkpt>
        <trkpt lat="37.7657849" lon="-122.3918404">
          <ele>176.7</ele>
          <time>2024-06-15T08:24:40.000Z</time>
          <extensions>
            <gpxtpx:TrackPointExtension>
              <gpxtpx:hr>142</gpxtpx:hr>
              <gpxtpx:cad>90</gpxtpx:cad>
              <gpxtpx:speed>6.186</gpxtpx:speed>
            </gpxtpx:TrackPointExtension>
          </extensions>
        </trkpt>
        <trkpt lat="37.7662003" lon="-122.3915777">
          <ele>174.6</ele>
          <time>2024-06-15T08:24:45.000Z</time>
          <extensions>
            <gpxtpx:TrackPointExtension>
              <gpxtpx:hr>141</gpxtpx:hr>
              <gpxtpx:cad>90</gpxtpx:cad>
              <gpxtpx:speed>6.194</gpxtpx:speed>
            </gpxtpx:TrackPointExtension>
          </extensions>
        </trkpt>
        <trkpt lat="37.7666216" lon="-122.3913308">
          <ele>172.4</ele>
          <time>2024-06-15T08:24:50.000Z</time>
          <extensions>
            <gpxtpx:TrackPointExtension>
              <gpxtpx:hr>141</gpxtpx:hr>
              <gpxtpx:cad>90</gpxtpx:cad>
              <gpxtpx:speed>6.206</gpxtpx:speed>
            </gpxtpx:TrackPointExtension>
          </extensions>
        </trkpt>
        <trkpt lat="37.7670486" lon="-122.3911003">
          <ele>170.1</ele>
          <time>2024-06-15T08:24:55.000Z</time>
          <extensions>
            <gpxtpx:TrackPointExtension>
              <gpxtpx:hr>140</gpxtpx:hr>
              <gpxtpx:cad>90</gpxtpx:cad>
              <gpxtpx:speed>6.221</gpxtpx:speed>
            </gpxtpx:TrackPointExtension>
          </extensions>
        </trkpt>
        <trkpt lat="37.7674813" lon="-122.3908864">
          <ele>167.6</ele>
          <time>2024-06-15T08:25:00.000Z</time>
          <extensions>
            <gpxtpx:TrackPointExtension>
              <gpxtpx:hr>139</gpxtpx:hr>
              <gpxtpx:cad>91</gpxtpx:cad>
              <gpxtpx:speed>6.240</gpxtpx:speed>
            </gpxtpx:TrackPointExtension>
          </extensions>
        </trkpt>
        <trkpt lat="37.7679194" lon="-122.3906893">
          <ele>165.0</ele>
          <time>2024-06-15T08:25:05.000Z</time>
          <extensions>
            <gpxtpx:TrackPointExtension>
              <gpxtpx:hr>138</gpxtpx:hr>
              <gpxtpx:cad>91</gpxtpx:cad>
              <gpxtpx:speed>6.261</gpxtpx:speed>
            </gpxtpx:TrackPointExtension>
          </extensions>
        </trkpt>
        <trkpt lat="37.7683629" lon="-122.3905093">
          <ele>162.2</ele>
          <time>2024-06-15T08:25:10.000Z</time>
          <extensions>
            <gpxtpx:TrackPointExtension>
              <gpxtpx:hr>138</gpxtpx:hr>
              <gpxtpx:cad>91</gpxtpx:cad>
              <gpxtpx:speed>6.284</gpxtpx:speed>
            </gpxtpx:TrackPointExtension>
          </extensions>
        </trkpt>
        <trkpt lat="37.7688116" lon="-122.3903466">
          <ele>159.2</ele>
          <time>2024-06-15T08:25:15.000Z</time>
          <extensions>
            <gpxtpx:TrackPointExtension>
              <gpxtpx:hr>137</gpxtpx:hr>
              <gpxtpx:cad>92</gpxtpx:cad>
              <gpxtpx:speed>6.309</gpxtpx:speed>
            </gpxtpx:TrackPointExtension>
          </extensions>
        </trkpt>
        <trkpt lat="37.7692652" lon="-122.3902014">
          <ele>156.1</ele>
          <time>2024-06-15T08:25:20.000Z</time>
          <extensions>
            <gpxtpx:TrackPointExtension>
              <gpxtpx:hr>137</gpxtpx:hr>
              <gpxtpx:cad>92</gpxtpx:cad>
              <gpxtpx:speed>6.336</gpxtpx:speed>
            </gpxtpx:TrackPointExtension>
          </extensions>
        </trkpt>
        <trkpt lat="37.7697236" lon="-122.3900737">
          <ele>152.8</ele>
          <time>2024-06-15T08:25:25.000Z</time>
          <extensions>
            <gpxtpx:TrackPointExtension>
              <gpxtpx:hr>136</gpxtpx:hr>
              <gpxtpx:cad>92</gpxtpx:cad>
              <gpxtpx:speed>6.364</gpxtpx:speed>
            </gpxtpx:TrackPointExtension>
          </extensions>
        </trkpt>
        <trkpt lat="37.7701865" lon="-122.3899636">
          <ele>149.4</ele>
          <time>2024-06-15T08:25:30.000Z</time>
          <extensions>
            <gpxtpx:TrackPointExtension>
              <gpxtpx:hr>135</gpxtpx:hr>
              <gpxtpx:cad>93</gpxtpx:cad>
              <gpxtpx:speed>6.392</gpxtpx:speed>
            </gpxtpx:TrackPointExtension>
          </extensions>
        </trkpt>
        <trkpt lat="37.7706536" lon="-122.3898711">
          <ele>145.9</ele>
          <time>2024-06-15T08:25:35.000Z</time>
          <extensions>
            <gpxtpx:TrackPointExtension>
              <gpxtpx:hr>135</gpxtpx:hr>
              <gpxtpx:cad>93</gpxtpx:cad>
              <gpxtpx:speed>6.421</gpxtpx:speed>
            </gpxtpx:TrackPointExtension>
          </extensions>
        </trkpt>
        <trkpt lat="37.7711247" lon="-122.3897962">
          <ele>142.3</ele>
          <time>2024-06-15T08:25:40.000Z</time>
          <extensions>
            <gpxtpx:TrackPointExtension>
              <gpxtpx:hr>134</gpxtpx:hr>
              <gpxtpx:cad>93</gpxtpx:cad>
              <gpxtpx:speed>6.451</gpxtpx:speed>
            </gpxtpx:TrackPointExtension>
          </extensions>
        </trkpt>
        <trkpt lat="37.7715995" lon="-122.3897389">
          <ele>138.6</ele>
          <time>2024-06-15T08:25:45.000Z</time>
          <extensions>
            <gpxtpx:TrackPointExtension>
              <gpxtpx:hr>134</gpxtpx:hr>
              <gpxtpx:cad>93</gpxtpx:cad>
              <gpxtpx:speed>6.480</gpxtpx:speed>
            </gpxtpx:TrackPointExtension>
          </extensions>
        </trkpt>
        <trkpt lat="37.7720777" lon="-122.3896990">
          <ele>134.8</ele>
          <time>2024-06-15T08:25:50.000Z</time>
          <extensions>
            <gpxtpx:TrackPointExtension>
              <gpxtpx:hr>134</gpxtpx:hr>
              <gpxtpx:cad>94</gpxtpx:cad>
              <gpxtpx:speed>6.510</gpxtpx:speed>
            </gpxtpx:TrackPointExtension>
          </extensions>
        </trkpt>
        <trkpt lat="37.7725588" lon="-122.3896763">
          <ele>131.1</ele>
          <time>2024-06-15T08:25:55.000Z</time>
          <extensions>
            <gpxtpx:TrackPointExtension>
              <gpxtpx:hr>133</gpxtpx:hr>
              <gpxtpx:cad>94</gpxtpx:cad>
              <gpxtpx:speed>6.539</gpxtpx:speed>
            </gpxtpx:TrackPointExtension>
          </extensions>
        </trkpt>
        <trkpt lat="37.7730427" lon="-122.3896708">
          <ele>127.3</ele>
          <time>2024-06-15T08:26:00.000Z</time>
          <extensions>
            <gpxtpx:TrackPointExtension>
              <gpxtpx:hr>133</gpxtpx:hr>
              <gpxtpx:cad>94</gpxtpx:cad>
              <gpxtpx:speed>6.569</gpxtpx:speed>
            </gpxtpx:TrackPointExtension>
          </extensions>
        </trkpt>
        <trkpt lat="37.7735288" lon="-122.3896820">
          <ele>123.5</ele>
          <time>2024-06-15T08:26:05.000Z</time>
          <extensions>
            <gpxtpx:TrackPointExtension>
              <gpxtpx:hr>133</gpxtpx:hr>
              <gpxtpx:cad>94</gpxtpx:cad>
              <gpxtpx:speed>6.599</gpxtpx:speed>
            </gpxtpx:TrackPointExtension>
          </extensions>
        </trkpt>
        <trkpt lat="37.7740168" lon="-122.3897099">
          <ele>119.8</ele>
          <time>2024-06-15T08:26:10.000Z</time>
          <extensions>
            <gpxtpx:TrackPointExtension>
              <gpxtpx:hr>133</gpxtpx:hr>
              <gpxtpx:cad>94</gpxtpx:cad>
              <gpxtpx:speed>6.630</gpxtpx:speed>
            </gpxtpx:TrackPointExtension>
          </extensions>
        </trkpt>
        <trkpt lat="37.7745063" lon="-122.3897540">
          <ele>116.1</ele>
          <time>2024-06-15T08:26:15.000Z</time>
          <extensions>
            <gpxtpx:TrackPointExtension>
              <gpxtpx:hr>133</gpxtpx:hr>
              <gpxtpx:cad>94</gpxtpx:cad>
              <gpxtpx:speed>6.661</gpxtpx:speed>
            </gpxtpx:TrackPointExtension>
          </extensions>
        </trkpt>
        <trkpt lat="37.7749969" lon="-122.3898140">
          <ele>112.4</ele>
          <time>2024-06-15T08:26:20.000Z</time>
          <extensions>
            <gpxtpx:TrackPointExtension>
              <gpxtpx:hr>133</gpxtpx:hr>
              <gpxtpx:cad>94</gpxtpx:cad>
              <gpxtpx:speed>6.693</gpxtpx:speed>
            </gpxtpx:TrackPointExtension>
          </extensions>
        </trkpt>
        <trkpt lat="37.7754881" lon="-122.3898896">
          <ele>108.9</ele>
          <time>2024-06-15T08:26:25.000Z</time>
          <extensions>
            <gpxtpx:TrackPointExtension>
              <gpxtpx:hr>133</gpxtpx:hr>
              <gpxtpx:cad>94</gpxtpx:cad>
              <gpxtpx:speed>6.726</gpxtpx:speed>
            </gpxtpx:TrackPointExtension>
          </extensions>
        </trkpt>
        <trkpt lat="37.7759796" lon="-122.3899803">
          <ele>105.3</ele>
          <time>2024-06-15T08:26:30.000Z</time>
          <extensions>
            <gpxtpx:TrackPointExtension>
              <gpxtpx:hr>133</gpxtpx:hr>
              <gpxtpx:cad>94</gpxtpx:cad>
              <gpxtpx:speed>6.761</gpxtpx:speed>
            </gpxtpx:TrackPointExtension>
          </extensions>
        </trkpt>
        <trkpt lat="37.7764708" lon="-122.3900857">
          <ele>101.8</ele>
          <time>2024-06-15T08:26:35.000Z</time>
          <extensions>
            <gpxtpx:TrackPointExtension>
              <gpxtpx:hr>133</gpxtpx:hr>
              <gpxtpx:cad>94</gpxtpx:cad>
              <gpxtpx:speed>6.797</gpxtpx:speed>
            </gpxtpx:TrackPointExtension>
          </extensions>
        </trkpt>
      </trkseg>
    </trk>
  </gpx>